:020000040000fa
:080000000001040000000000f3
:020000040000fa
:04000800a004000050
:020000040000fa
:04000c00a00400004c
:020000040000fa
:04001000a004000048
:020000040000fa
:04001400a004000044
:020000040000fa
:04001800a004000040
:020000040000fa
:04001c00a00400003c
:020000040000fa
:04002000a004000038
:020000040000fa
:04002400a004000034
:020000040000fa
:0400280004020000ce
:020000040000fa
:04002c00a00400002c
:020000040000fa
:04003000a004000028
:020000040000fa
:040034006202000064
:020000040000fa
:04003800a004000020
:020000040000fa
:04003c00a00400001c
:020000040000fa
:04004000a004000018
:020000040000fa
:040044005202000064
:020000040000fa
:040048005a02000058
:020000040000fa
:04004c00a00400000c
:020000040000fa
:04005000a004000008
:020000040000fa
:04005400ae030000f7
:020000040000fa
:04005800a004000000
:020000040000fa
:04005c00a0040000fc
:020000040000fa
:04006000a0040000f8
:020000040000fa
:04006400a0040000f4
:020000040000fa
:04006800a0040000f0
:020000040000fa
:04006c00a0040000ec
:020000040000fa
:04007000a0040000e8
:020000040000fa
:04007400e4030000a1
:020000040000fa
:040078001e02000064
:020000040000fa
:04007c00a0040000dc
:020000040000fa
:04008000a0040000d8
:020000040000fa
:04008400a0040000d4
:020000040000fa
:04008800a0040000d0
:020000040000fa
:04008c00a0040000cc
:020000040000fa
:04009000a0040000c8
:020000040000fa
:04009400a0040000c4
:020000040000fa
:04009800a0040000c0
:020000040000fa
:04009c003802000026
:020000040000fa
:0400a00078030000e1
:020000040000fa
:0400a400a0040000b4
:020000040000fa
:0400a800a0040000b0
:020000040000fa
:0400ac00a0040000ac
:020000040000fa
:0400b000a0040000a8
:020000040000fa
:0400b400a0040000a4
:020000040000fa
:0400b800a0040000a0
:020000040000fa
:0400bc00a00400009c
:020000040000fa
:0400c000a004000098
:020000040000fa
:0400c400a004000094
:020000040000fa
:0400c800a004000090
:020000040000fa
:0400cc00a00400008c
:020000040000fa
:0400d000a004000088
:020000040000fa
:0400d400a004000084
:020000040000fa
:0400d800a004000080
:020000040000fa
:0400dc00a00400007c
:020000040000fa
:0400e000a004000078
:020000040000fa
:0400e400a004000074
:020000040000fa
:0400e800a004000070
:020000040000fa
:0400ec00a00400006c
:020000040000fa
:0400f000a004000068
:020000040000fa
:0400f400a004000064
:020000040000fa
:0400f800a004000060
:020000040000fa
:0400fc00a00400005c
:020000040000fa
:04010000a004000057
:020000040000fa
:04010400a004000053
:020000040000fa
:04010800a00400004f
:020000040000fa
:04010c00a00400004b
:020000040000fa
:04011000a004000047
:020000040000fa
:04011400a004000043
:020000040000fa
:04011800a00400003f
:020000040000fa
:04011c00a00400003b
:020000040000fa
:04012000a004000037
:020000040000fa
:04012400a004000033
:020000040000fa
:04012800a00400002f
:020000040000fa
:04012c00a00400002b
:020000040000fa
:04013000a004000027
:020000040000fa
:04013400a004000023
:020000040000fa
:04013800a00400001f
:020000040000fa
:04013c00a00400001b
:020000040000fa
:04014000a004000017
:020000040000fa
:04014400a004000013
:020000040000fa
:04014800a00400000f
:020000040000fa
:04014c00a00400000b
:020000040000fa
:04015000a004000007
:020000040000fa
:04015400a004000003
:020000040000fa
:04015800a0040000ff
:020000040000fa
:04015c00a0040000fb
:020000040000fa
:04016000a0040000f7
:020000040000fa
:04016400a0040000f3
:020000040000fa
:04016800a0040000ef
:020000040000fa
:04016c00a0040000eb
:020000040000fa
:040170004e0300003a
:020000040000fa
:04017400a0040000e3
:020000040000fa
:04017800a0040000df
:020000040000fa
:04017c00a0040000db
:020000040000fa
:04018000a0040000d7
:020000040000fa
:04018400a0040000d3
:020000040000fa
:04018800a0040000cf
:020000040000fa
:04018c00a0040000cb
:020000040000fa
:04019000a0040000c7
:020000040000fa
:04019400a0040000c3
:020000040000fa
:04019800a0040000bf
:020000040000fa
:04019c00a0040000bb
:020000040000fa
:0401a000a0040000b7
:020000040000fa
:0401a400a0040000b3
:020000040000fa
:0401a800a0040000af
:020000040000fa
:0401ac00a0040000ab
:020000040000fa
:0401b000a0040000a7
:020000040000fa
:0401b400a0040000a3
:020000040000fa
:0401b800a00400009f
:020000040000fa
:0401bc00a00400009b
:020000040000fa
:0401c000a004000097
:020000040000fa
:0401c400a004000093
:020000040000fa
:0401c800a00400008f
:020000040000fa
:0401cc00a00400008b
:020000040000fa
:0401d000a004000087
:020000040000fa
:0401d400a004000083
:020000040000fa
:0401d800a00400007f
:020000040000fa
:0401dc00a00400007b
:020000040000fa
:0401e000a004000077
:020000040000fa
:0401e400a004000073
:020000040000fa
:0401e800a00400006f
:020000040000fa
:0401ec00a00400006b
:020000040000fa
:0401f000a004000067
:020000040000fa
:0401f400a004000063
:020000040000fa
:0401f800a00400005f
:020000040000fa
:0401fc00a00400005b
:020000040000fa
:10020000ef6022000eff27000e01880000000000b2
:10021000000020000000e000020032000001200089
:100220002002880014000700c70107000000e0005a
:1002300003003a0060472e00110020000200370042
:100240000000200001002000810f7000010032003a
:1002500014000700000020000000e000020032004f
:100260000000020000000000546a020001000000cb
:100270000040da000000fe004440a900e0a6230090
:100280000000e00003003200002020009001880000
:100290004440a800000006008a1f78008b1f7800e9
:1002a00000000600a1028800800478000000eb0036
:1002b0001f003700e284440054a0b4009905ba003e
:1002c000e284440054a0b4009906ba00e2844400d9
:1002d00054a0b4000006eb00476fde00fd07b2003b
:1002e000ae018800636ce10003003a00eaff0700fa
:1002f0000000eb000e003700606ce10008003a00df
:10030000004deb000a05e800020039003420ec0043
:100310000af0a0008b05e900f9ff3e000400370059
:100320006168e100010032000086eb000b0007006d
:1003300019c7ba001905ba000e04e00003003a001c
:100340000a00e000dbff3a0000000600fe07b200f2
:10035000ae0288008a047800f5ff37000cd0a300b5
:10036000e20f4d001c00390089027800354dba00bb
:100370000a05e800020039003420ec000af0a00071
:100380008b05e9000f003200254dba000a05e80090
:10039000020039003420ec000af0a0008b05e900cf
:1003a000080032000c00e0000600320015cdba0053
:1003b0000a05e800020039003420ec000af0a00031
:1003c0008b05e9008984e80054a0b4000b00e0002c
:1003d000e2ff3a00000006009902ba00055d7800cd
:1003e0008b05e900f7ff3200c82ade00055d7800c2
:1003f0008b05e900f3ff32000c00e000f1ff320052
:1004000019ddba00eeff37003200f8003400f800c2
:10041000881f780018002000a8018800082020000c
:10042000980188004f0478000000fa000080fa006c
:100430003400f9003200f900004006003200f800f4
:100440003400f800881f780018002000a8018800f8
:1004500008202000980188004f0478000000fa006e
:100460000080fa003400f9003200f9000040060074
:100470003200f8003400f800881f780018002000cf
:10048000a801880008202000980188004f04780007
:100490000000fa000080fa003400f9003200f90090
:1004a000004006000000fa0088e0a9000080fa0081
:1004b000004006000000fa008900a9000080fa0050
:1004c00000400600809fbe00829fbe000200fa002e
:1004d000c0048000680060000000e0006a00320094
:1004e00040048000680060000000e0006600320008
:1004f000003d210011c0b30001487800d01e8100ea
:100500000000e00003003200d01e81000000e9007e
:10051000d01e8900d0422200104078000004e00084
:1005200005003200d0422200104078008040e900ef
:10053000d042220001487800705880000000e0009e
:1005400003003200705880000000e90070588800f5
:100550000040eb00004f7800480037001e80fb0091
:100560006a00b90080007800c02c210000804000a3
:1005700010407800e14f500027003a001e80fb0039
:100580006a00b900000078008080e800c02c2100db
:1005900000804000100078000000e0000e003200f3
:1005a0009e81fb001e80fb006a00b90000007800fd
:1005b0008080e800c02c21000080400010007800fe
:1005c0000001e9006a18b90080007800e02c2100e1
:1005d00000804000020878001e80fb006a00b9001d
:1005e000000078008080e800c02c210000804000de
:1005f000100078000000e00007003a001e80fb00b9
:100600006a00b90080007800c02c21000080400002
:100610008040eb00014878001e80fb006a00b900b2
:1006200000007800e6004000c02c2100008040005f
:100630001000be00e00f5000e08f58000e003200a6
:100640001e81fb006a10b90000007800e60040003f
:10065000c02c2100008040001000be00610050004e
:10066000e08058006a11b90082017800222d210033
:10067000028141000089be001e4fe8001e40780044
:10068000f94f5000b5ff36008860a9000080fa00dd
:100690004f01be004f00be00004006003600f800cb
:1006a000809fbe00829fbe00849fbe00869fbe00ca
:1006b0000000fa0002003700886502000100000017
:1006c000301e8000610060000000e000faff3a0088
:1006d0009240a9000080fa004f03be004f02be0006
:1006e0004f01be004f00be003600f900004006007a
:1006f0003600f800809fbe00829fbe00849fbe002f
:10070000869fbe000000fa0002003700a6650200c6
:1007100001000000801d8000610060000000e0001a
:10072000faff3a008bc0a900c026210010407800d3
:10073000804078000144a000c026210001487800d4
:100740000080fa004f03be004f02be004f01be0002
:100750004f00be003600f900004006003600f800e9
:10076000809fbe00829fbe00849fbe00869fbe0009
:100770000000fa00020037009e160200010000008f
:10078000d01c8000610060000000e000faff3a0029
:100790008960a900c02621001040780080407800c0
:1007a0000154a000c0262100014878000080fa0012
:1007b0004f03be004f02be004f01be004f00be00ff
:1007c0003600f900004006003600f800809fbe00a9
:1007d000829fbe00849fbe00869fbe000000fa007c
:1007e000d0048000680060000000e0004d0032008e
:1007f00050048000680060000000e0004900320002
:100800004137800000202000008060000000e000f0
:100810000c00320040b52c002ee402000100000064
:10082000007d2000d0738800e926a900c0262100a1
:1008300010407800804078000124a000c0262100ec
:1008400001487800a136800000042000008060008c
:100850000000e00011003200803d210010407800cf
:10086000e14f500006003a0020b62c002ee40200b2
:1008700001000000803d21008040eb00014878002d
:10088000d4c6a900c026210010407800804078001e
:100890000114a000c026210001487800a036800085
:1008a000640060000000e00007003200d446a900a8
:1008b000c026210010407800804078000104a0008c
:1008c000c026210001487800a03680006800600042
:1008d0000000e00001003200d466a900a1368000cb
:1008e00000022000008060000000e00001003200f3
:1008f000d4a6a900a0368000700060000000e000cf
:1009000001003200d486a9008a60a900c026210017
:1009100010407800804078000134a000c0262100fb
:10092000014878000080fa004f03be004f02be006d
:100930004f01be004f00be003600f9000040060027
:100940000040da000000fe00000005006022b80050
:10095000060220000000d0008180d2000482d20074
:100960008582d2000000a0000202520083825a0059
:10097000030031000202420083824a000000a1000d
:100980000603e900f3ff3a0000000600efff07004e
:100990000400be00000006000000fa00e8815700d5
:1009a0004fb99700cb0207000080fa000000060054
:1009b000ef000700470107007b010700f701070070
:1009c0001f02070040030700eb0237000000fa0097
:1009d000e88157004fb99700be0207000080fa0077
:1009e00000000600e20007003a010700eb010700e3
:1009f000130207006c01070033030700de02370013
:100a00000000fa0068815700cfb89700d6020700af
:100a10000080fa0000000600d50007002d01070045
:100a200061010700dd01070005020700260307003a
:100a3000d10237000000fa0068815700cfb8970054
:100a4000c90207000080fa0000000600c800070085
:100a500020010700d1010700f9010700520107003a
:100a600019030700c40237000000fa00688157002c
:100a7000cfb89700bc0207000080fa000000060013
:100a8000490137008001780002003700b159780031
:100a90000201e9000200e000fcff3a00000006004d
:100aa000889fbe008a9fbe00800478000200e0009c
:100ab0005b00320001407800814c78008281440064
:100ac000f1f99f00e20f5100550036009144980063
:100ad000a1449800e1f99f00d1f99f00e60f510071
:100ae0004f003600b1449800c1f99f00e80f510053
:100af0004b0036000905ea00630565000a844400de
:100b00000a055100c1ff2f00010565000080fb00b0
:100b10008000eb00121020001310200008060700d0
:100b2000008cbe000a01440060b99f0071b99f00ab
:100b3000e80f55003a003600200498003104980070
:100b4000400498005104980020b99f0031b99f00db
:100b500040b99f0051b99f00f80f55003000360092
:100b60006004980071049800000c9800110c980023
:100b7000200c9800310c9800400c9800510c980003
:100b800020b19f0031b19f0040b19f0051b19f0043
:100b900060b19f0071b19f0000b99f0011b99f0023
:100ba000640164007801410002044400020555001c
:100bb0006011b8000203be000002be000403be00c4
:100bc0006022b80000007200818072000201730090
:100bd0008381730010003700009cbe000294be00a9
:100be000400498005104980062049800730498002f
:100bf000000c9800110c9800220c9800330c9800ff
:100c0000400c9800510c9800620c9800730c9800ee
:100c10000a02b1000802b000ff0f5500eeff3e00cf
:100c2000090078004f05be004f04be00000006001a
:100c3000889fbe000004be0008007800180007006e
:100c400000004400890078000e00070008007800ca
:100c50004f04be0000000600810178000002780009
:100c600030417800b14f510002003a000204e00028
:100c7000f9ff3a009480fb001380fb0000805000d5
:100c800000000600881f7800000478000800780043
:100c9000e7040700080078004f0478000000060011
:100ca00080007800040037003104e00002003a00c0
:100cb0000000510000000600010178000108a300b7
:100cc000f9ff3a008101780031017800f4ef2f003c
:100cd000020242000281ea000201620004082800c8
:100ce00004016100f7ff3200830078000101780001
:100cf0003104e000fdff3a00000051000000060052
:100d00008001eb000200e0001000320000027800d9
:100d100001037800b44178000304e00008003200c9
:100d2000b14278000504e000050032008203400073
:100d3000848f53000200320085cf5100f4ff32004f
:100d40008381fb001680fb00808151000300780046
:100d500000000600881f7800000478000800780072
:100d6000d3040700080078004f0478000000060054
:100d7000ec874700889fbe008a9fbe008c9fbe0004
:100d80008e1f780000067800010478001807900094
:100d90002805900098067800cdb79f00b805900010
:100da0003202be002203be000400be000601be00e7
:100db0004f18de006011b8008000eb00d0b79f0034
:100dc000e1b79f00f2b79f0083bf9f0080047800c7
:100dd0000900e000060032006000b8006011b800b1
:100de0000402500085825800060359008783590089
:100df0000e00e000020035000d10a100cdb79f00ed
:100e00000900e00005003a004fb097000028a30059
:100e100002003a000038a300020032008a00e90014
:100e2000010037008a007800f8815700a2002000f6
:100e300008007800860007000900e00003003a007f
:100e4000cfb097000128a300080032000000e9009d
:100e500000814500b1c2b3000900e000010032008a
:100e6000d1c2b30001497800050037000138a30062
:100e7000030032000000e90001c2b3008175780070
:100e8000480190000201e900000151008080450006
:100e90004fb297008a0178000c00780055020700d5
:100ea0009c0090000188a30004003200980090008c
:100eb000810f500001003d00010078004f077800cd
:100ec0004f06be004f05be004f04be00cf00b1006c
:100ed000000006000200fa00889fbe008a9fbe0044
:100ee0008005780001047800020078001801900065
:100ef0002805900098007800b1bf9f00b8049000ca
:100f00000200e000020035000110a100b1bf9f0007
:100f1000ea815700820020008a0078003002be007b
:100f20002003be0008007800490007003fb9970081
:100f3000f0006100030032000000e90001c3b300cb
:100f4000817478003fb99700e80061000300320027
:100f50000000e90001c2b3008174780048019000ec
:100f60000201e90000015100808044003fba97006f
:100f70008a0178000b0078001e0207009b00900099
:100f80000188a3000400320098009000810f5000f7
:100f900001003d00010078004f05be004f04be0077
:100fa0000080fa0000000600ea874700889fbe0024
:100fb0008a9fbe008e1f780000047800030078002e
:100fc0007287570084e2260055c72600049fbe00a2
:100fd000c3962200030f78006c875700004feb0088
:100fe00011059000a1049000910578000200e00036
:100ff00002003200020778000100370072875700b4
:101000000000e00002003a000e00780024ff070014
:101010000a00e000030035008a0f5000010036008e
:101020000a0078000b02780089017800000178003e
:101030008e00780008007800ee0107004f07780066
:101040004f05be004f04be00af00b1000000060017
:10105000f4874700889fbe008a9fbe008c9fbe0019
:101060008e1f78000605be000404be0081bf9f00ed
:1010700082b79f00f3b79f00b0009000e1b79f00d8
:101080001301780092b79f009006900040009000f6
:101090000000e900000678000d00e00001003d00be
:1010a0001d0020008040eb00efb1970081717800b7
:1010b0001e0020001f0037000c06e9000fb097004b
:1010c000cf80de006109b900a0b79f00b1b79f00d3
:1010d000c2b79f00d3b79f000203be000002be004c
:1010e0000800be000a01be003b05070000077800ab
:1010f0000e4078000043b000efb0970080707e0093
:101100008d06e9000fb997000201e90082bf9f0038
:101110002fb29700bfb297004fb39700dfb397008d
:101120000800be000a01be00240507000205be003b
:101130000004be000c00e0000d003400e00f54007d
:10114000e08f5c00e00f5d00e08f5d00daff3a00a9
:101150000d00e000d8ff3c008fb997000300e000cd
:10116000030034001fb097000018a300d2ff3a001c
:101170000e00e00002003a00ffb097001140a1000d
:101180000c0078004f0778004f06be004f05be00e8
:101190004f04be004f01b100000006000200fa003b
:1011a000889fbe008a9fbe00000578000104780079
:1011b0000200780018019000a804900098007800c0
:1011c000b1bf9f00b80590000200e00002003500aa
:1011d0000110a100b1bf9f00ea815700a2002000ca
:1011e000890078003002be002003be0008007800ad
:1011f00097ff0700480190000201e900000151003b
:10120000808045003fba9700890178000a00780085
:10121000780107009a0090000188a30004003200c2
:1012200098009000810f500001003d0001007800ff
:101230004f05be004f04be000080fa00000006000b
:10124000fa874700889fbe008a9fbe008c9fbe0021
:101250008e1f7800800478000104780082057800f1
:10126000180190002805900018077800b800900039
:101270000200e000020035000e10a100010037005e
:101280001200200070006700e0b79f0009003200e4
:101290003b02be002b03be00e00f5200e08f5a005d
:1012a000e00f5b00e08f5b00020032008a86e900fd
:1012b000010037008a067800e8026700f5b79f0052
:1012c000010032008d06e9003b02be002b03be0088
:1012d000e4af9f00f5af9f0086b79f0097b79f00d0
:1012e000480690000c06e9000040eb0080707e008c
:1012f000efb297007fb297008903780081047800ed
:10130000d8af9f00020478008bbf9f008a05780049
:10131000034578002a0037000c06e9006fab970000
:101320006f006300e90f500002003c000003b000b2
:10133000010037007005b0000a03fb001604b1007d
:10134000f90f53000c003e00000378000650a00087
:101350001606b100f90f530007003e00b4b79f0016
:10136000a5b79f00c7b79f008d030700cfb39700b5
:10137000afb297003fb2970080747e000804e90086
:101380008d06e9006fa89700ffa897000fb197009e
:101390009fb19700460020008301d1000281d30055
:1013a0008180d3000080d3000603e900faff3a00f1
:1013b000e0af9f00f1af9f0082b79f0093b79f00ff
:1013c000e10f56000f0034006fa89700ffa89700a8
:1013d0000fb197009fb19700e00f5000e08f5800c9
:1013e000e00f5900e08f5900cbff3a000800e00001
:1013f000c9ff3c000d00e000020034000e18a300fd
:10140000c5ff3a0089007800f4b79f008704780090
:101410005fac97008a4178000b0578008fbd97007c
:101420000500e000100032003b02be002b03be00ae
:10143000e4af9f00f5af9f0086b79f0097b79f006e
:10144000e00f5200e08f5a00e00f5b00e08f5b007e
:10145000050032000c06e90083707e000c06e900ee
:1014600000c3b30080707e00ffb297000500e0006b
:10147000030032000c06e90000c2b30080707e0059
:10148000480190000201e9000c0151008c804000ed
:101490000e0278008a01780009007800d500070064
:1014a000990090000188a300040032009800900089
:1014b000810f500001003d00010078004f077800c7
:1014c0004f06be004f05be004f04be00af01b10085
:1014d00000000600f28747008e1f780002027800a5
:1014e000030178000000e0000200320000077800ed
:1014f00001003700728757008002eb000100e00016
:10150000010032008102e9007080570006000900e6
:101510000018eb000080eb0080bf9f00231020002c
:1015200093bf9f00aebf9f00b1bf9f00c5bf9f008c
:101530000100e00003003d00b1042000613089009b
:1015400006003700004feb00eebf9f00debf9f009c
:101550008400780070805700180307004f07780058
:101560002f01b1000000060082017800010178001f
:10157000f1ff2700d7ff370084082000848f500038
:101580001d0032000d003c0014082000848f500024
:101590002700320002003c0004082000040037004d
:1015a00024082000848f50003400320044082000ba
:1015b000848f500043003a0036003700040a2000b0
:1015c000848f50002700320004003c0004092000f2
:1015d000848f50003b003a0028003700020c2000a6
:1015e000828f50002f003200020f2000828f5000a7
:1015f00034003a002b0037009380e9000200e0003d
:1016000005003200810978001102fb00cfa2de0044
:10161000612bb90028003700810978001142780059
:101620000482fb008002eb006033b8002200370028
:1016300013027800e40052000200e00005003200ce
:10164000810978001102be004fabde0086037800ee
:1016500019003700810978001102be006033b8001c
:10166000150037009380e9008109780011027800a5
:10167000cfa2de00612bb9000f0037009302780083
:10168000e8805200810978003102be002103be00cb
:10169000090037009380e9000200e00002003200f8
:1016a000f1ff37009380e90081097800110278008a
:1016b0008002eb006033b8000498be000690be00c4
:1016c000100005000000050044082000848f500031
:1016d0002500320008003c0014082000848f5000d0
:1016e0001400320024082000848f500024003200af
:1016f000040820000c00370004092000848f5000eb
:101700001f00320004003c0084082000848f500039
:1017100024003a000e003700040a2000848f500095
:1017200011003200040c2000848f50001d003a008c
:101730000d0037009380e90081097800910078005e
:1017400001087800cf91de008288be0014003700c7
:101750009380e90081097800910078000108780001
:10176000824878000e0037009380e90081097800f4
:10177000910078000108780082087800080037009e
:101780009380e900810978009100780001087800d1
:101790006112b900612bb9008498be008690be002a
:1017a0001000050000000500889fbe0000047800be
:1017b0004800900082047800808f540001003600b9
:1017c000800478000901780058009000adfc070003
:1017d000580090000900400050049800c800900094
:1017e00089845000490498000048eb004f04be0073
:1017f00000000600f2874700889fbe008a9fbe0057
:101800008c9fbe008e1f7800800478000105780050
:1018100002047800830578006107620002003a0044
:101820008b0f540008003900080178008a00780006
:1018300009007800dcff07008b0f5400020039001c
:10184000880578001e003700088655000c017800d6
:10185000f00f5600010036000201200001022000b6
:101860007e8057008efc07008c067800050037004c
:1018700002012000fe80570009007800caff07001f
:10188000f0865600ef8f5600f9ff3e004461de00ff
:1018900000ff2f000091b90002014600fe805700b2
:1018a00009007800c0ff07000e00e00004003a00c5
:1018b000080178008a00780009007800baff070064
:1018c0000b0078004f0778004f06be004f05be00a2
:1018d0004f04be002f01b10000000600000005000b
:1018e0000000050000000500000178000040eb004a
:1018f0008080fb0081804000435a220063c2780050
:101900000404e00003003a00505a220060c078004e
:101910000000060092017800934f520004003a0044
:10192000505a220060c078000309e8000100370027
:101930000040e800ea4f5000edff360000000600ce
:10194000f6874700889fbe008a9fbe008c9fbe001e
:101950008e1f780000057800010478008305780068
:10196000040678000000eb00c0b79f008080eb0009
:10197000d1b79f00e0b79f00f2b79f00000820009a
:1019800080bf9f0098007800010078008004eb0081
:10199000010037008904e800304178000204e000cb
:1019a0000300320053c2b300834f5100f9ff3a00e5
:1019b0000900e00004003200090178000a00780004
:1019c00079ff0700188c44001807780050c2b30054
:1019d0009e4f10003f013a000e07e8000e0c780001
:1019e00010003700cfb097000100a0000b003700b7
:1019f000cfb097000110a00008003700cfb09700cb
:101a00000120a00005003700cfb097000130a000f2
:101a100002003700cfb097000140a000c1b79f007f
:101a2000000ce8001800780090407800b2c2b300c3
:101a300082cf5000f1ff320007003c0002c2b30029
:101a400082cf5000f0ff320032c2b30082cf50008c
:101a500007003a00efff3700d2c2b30082cf500038
:101a6000e0ff320002c3b30082cf5000e0ff32003b
:101a7000a2c2b30082cf50000d003a00000ce80073
:101a80001c80e900000e780010007800e0b79f008d
:101a90000000e0000f003d00cfb097000100a20061
:101aa000c1b79f000000ea00e0b79f0009003700bf
:101ab00039010700e0b79f0001003700000ce80083
:101ac000180078009000fb000103b100e98f50007e
:101ad000faff36004fb097000008a3000200320062
:101ae0000010a100c0b79f0018007800e1c2b30049
:101af00090cf100016003a008000eb00d1b79f0095
:101b00000000e800000c7800a1c2b30090cf1000e4
:101b100006003a00000ce8001c80e900000e780086
:101b200010007800d0b79f00090037001a010700a5
:101b3000d0b79f0001003700000ce80018007800c3
:101b40009000fb000103b100e98f5000faff36005e
:101b50000800780064ff07008046780018007800cd
:101b60001000fb008701070091062000810f500044
:101b70003800320012003c0041062000810f500066
:101b8000340032000a003c0011062000810f500092
:101b90002000320031062000810f5000a0003200ea
:101ba00051022000810f5000bc003a00b400370001
:101bb00071062000810f5000b8003c0088003700fb
:101bc00001072000810f50005c00320007003c003c
:101bd000e1062000810f50007a003200f10620005b
:101be000810f5000ad003a00390037005107200046
:101bf000810f50002700320081072000810f500024
:101c00004200320031072000810f5000a3003a004b
:101c10008f0037008d80fb000c01780000fe2f0044
:101c20000f004000730107000000e000a800320030
:101c300018007800000ce8009041780002fe2f00a8
:101c40000f014100f88057000a00780024ff0700c8
:101c50000e0037008d80fb008c0178001200200000
:101c600000fe2f000f00400043fe07000000e000d0
:101c700097003200180ce80002fe2f000f0141000f
:101c8000f88057000a00780039fc0700808444007f
:101c9000900037008d80fb008c0178000001eb0084
:101ca00000fe2f000f00400033fe07000000e000a0
:101cb00087003200180ce80002fe2f000f014100df
:101cc000f88057000a00780034fd0700efff370066
:101cd0008d80fb008c0178000001eb0000fe2f00de
:101ce0000f00400024fe07000000e00078003200f2
:101cf000180ce80002fe2f000f014100f880570089
:101d00000a00780073fc0700e0ff37008d80fb00bd
:101d10008c0178000001eb0000fe2f000f00400056
:101d200015fe07000000e00069003200180078008e
:101d3000000ce800904178001c0037008c0178000e
:101d40000001eb00010f200000fe2f000f004000fb
:101d500009fe07000000e0005d003200180ce800fa
:101d60000fb097009fb097002fb19700bfb19700b9
:101d7000e00f5000e08f5800e00f5900e08f59004d
:101d800009003a00cfb597006fb49700c059220000
:101d9000c3fb07000b02780088017800000178007f
:101da000c15922004700370083c7b30002fe2f004d
:101db0000f014100f88057000a00780020fd07005d
:101dc000b2ff37000b8144008d80fb008c0178004e
:101dd00000fe2f000f0040003bfe07003c003700d4
:101de0008d80fb000c01780000fe2f000f004000ea
:101df000000107000000e000350032001800780004
:101e0000000ce8009041780002fe2f000f01410015
:101e1000f88057000a007800b1fe07009bff3700ea
:101e200000c8b30080cf560029003a00180ce80023
:101e30001c80e900000e780010407800e0df9f0071
:101e400013002000e2fd2f000f01410008003700c1
:101e500000c8b30080cf56001d003a00180ce800ff
:101e60001c80e900000e78008001eb001001780072
:101e7000f88057000a0078004bfc070083ff37000a
:101e800000c8b30080cf560011003a00180ce800db
:101e90004fb29700efb19700080037000e0c7800a2
:101ea0000000eb00c0b79f00e0b79f000080eb0090
:101eb000d0b79f000002eb008401780012002000e0
:101ec000215a22000a0078004afe07006fff3700ff
:101ed000180ce800090078004f0778004f06be0094
:101ee0004f05be004f04be006f01b10000000600a8
:101ef0008200fa00889fbe008a1f780000057800e3
:101f000082047800c13f9f000004eb0010003700fe
:101f10000902780088017800a2f72f000f01410024
:101f200081f72f008f8040000a00780084fe0700b0
:101f300008004000880f500004003d00b00420005d
:101f4000603089000084eb00040037000004780052
:101f50004f3897001004e000edff3a0008007800c9
:101f60004f0578004f04be000080fa000000060014
:101f7000800078001000200002022000828f5000b4
:101f800004003200e9805000e48f50000100360068
:101f90000000eb0000000600889fbe008a1f78004a
:101fa000000578000a047800984478000805e800e5
:101fb0000900fb00eeff07000000e000f9ff3a0017
:101fc000b0c2b30080cf540005003200d0c2b300cd
:101fd0008000eb0080cf540005003a00020037007b
:101fe0008000eb0001003700110020000804e80029
:101ff0000000eb00030037006a02b9000200520043
:102000000003b0003801fb0003fd2f008281410076
:10201000e98f5100f8ff36000100e00001003a00ae
:102020000000ea004f0578004f04be0000000600e3
:102030000101780080017800008268000408a30094
:1020400005003200130037003240780080597800d4
:102050000004e00014003200030278000208a3002c
:10206000f9ff3a00030078000100370003187800f8
:1020700082007800b2017800f5ef2f0083824200e1
:102080000382ea000482620005082800050262005b
:10209000f6ff3200000278003141780002587800e3
:1020a0000204e000fbff3a00040078000000060094
:1020b000881f780081017800000278008082680023
:1020c0000508a30002003200210037000201e900e8
:1020d00003007800040478000308a300070032001e
:1020e0000200e00021003200b3407800015a78007d
:1020f0000104e000f5ff3a00020037000200e000b2
:102100001a0032001004e00003003a001700370004
:10211000031c78000281e90080007800e10f510083
:1021200008003600b0017800f5ef2f0083824200ee
:102130000382ea00048262000508280005026200aa
:10214000f3ff320008007800010037000201e900c7
:10215000000478000200e00004003200b141780081
:10216000035878000304e000f8ff3a008000eb0019
:10217000080078004afa0700080078004f04780049
:1021800000000600f1fb2f0080804000f98f500016
:1021900001003e000050a00000000600f9ff3700db
:1021a000f1f92f0080804000f98f500001003e00bf
:1021b000f005b20000000600f9ff37000200fa0047
:1021c000881f780000047800e2bf9f0064815700f8
:1021d0000800780046ff0700980090000148a3001f
:1021e000010032000080eb004f0478000080fa000c
:1021f00000000600881f7800000478000008200016
:10220000808f50001700350010082000808f50008c
:102210000b00340030082000808f500011003a007d
:102220009200780068805000000978003002be00fb
:102230002003be00049cbe000694be0007003700c9
:102240009202780064805200000978001000be00fd
:1022500007000700009cbe000294be001000200092
:10226000010037000000eb004f047800000006007a
:10227000810378001d0007000001be006000b80067
:102280000478a30013003a006220e10015003e002c
:102290000d0039008301d1000281d3008180d30079
:1022a0008301d1000281d3008180d3008301d1005a
:1022b0000281d3008180d3000538b000c42add003c
:1022c000f300b2008381720007f0a70003f0a000c2
:1022d0000000060083ff2700020020006110b90003
:1022e000f9ff370003ff2700f7ff3700c70ade00ba
:1022f000f107b200f50fb20008003200e1cf420052
:10230000020032000170a00024000500810f70005f
:10231000010032000408050044000500810f700030
:1023200002003a00140005008502e90000004000a8
:1023300081c04800fcff3b000170a00024000500a4
:10234000020ab900001bb9000200b8008100420077
:102350008100430000000600889fbe008a9fbe00e7
:1023600030044200b0844a0030054b0090854b0099
:102370006000b1000898be000a90be000440e10071
:1023800005c8e10006d0e10007d8e10002003100f5
:10239000680040001008e8004f05be004f04be0072
:1023a00000000600889fbe008a9fbe003004be0069
:1023b0002005be000418540005985c0006185d0056
:1023c00007985d00110020000440e10005c8e1000d
:1023d00006d0e10007d8e100010039008000eb00e1
:1023e000108810004f05be004f04be00000006001c
:1023f0001200fa00889fbe008a9fbe008c9fbe001c
:10240000e0b79f00f1b79f0082bf9f0093bf9f007e
:102410000605be000404be000000eb00d0b79f001c
:10242000c0b79f00b0b79f00a0b79f0090b79f00b4
:10243000000678005fb19700cfb09700820141009d
:102440003fb097000200e00004003d0037000700a5
:102450007e805700c0ff07000300370033000700ed
:102460007e805700cfff0700dfb697000d00e00029
:102470000c0035006fb29700ffb297000fbb9700ba
:102480009fbb970010002000010020006011b800e1
:102490000002720081827200020373008383730062
:1024a0001b0007000c06e80001042000810f560005
:1024b000e0ff3a000d00e00004003d000802be000d
:1024c0000a03be007e805700a3ff07005fa89700a5
:1024d0000000e00005003a001fb29700afb297007d
:1024e0003fb39700cfb39700090007006fb0970084
:1024f000ffb097000fb997009fb997004f06be0035
:102500004f05be004f04be000080fa000000060028
:102510000100070000000600a4b79f00b5b79f00a8
:10252000c6b79f00d7b79f00000006004f09de0026
:1025300082817100b3b79f004f01de0081804000af
:1025400082807000a1b79f008fb097004f09de0016
:10255000000040000200700090b79f007fa8970025
:102560004f01de00818040008280700081b79f00b3
:102570000d0007004f3ade0000004000040070002c
:10258000f0af9f00080007000402420085824a0065
:1025900006034b0087834b00dfff07000802be00e5
:1025a0000a03be00000006002fb29700bfb29700da
:1025b0004fb39700dfb3970000000600881f780034
:1025c00018002000881f780089ff07008f87e90026
:1025d0004f04780000000600801feb0084ff070016
:1025e0008f87e90000000600889fbe008a9fbe001a
:1025f000e00f5000e08f5800e00f5900e08f5900c5
:102600000c003d006044b8006055b8000000540064
:1026100081805c0002015d0083815d001800200064
:102620001500070008003d00180007000004eb003b
:10263000050037000004eb000f00070002003d001a
:102640001200070018002000dcff07000800e0006f
:10265000060032006022b8006033b800000052006b
:1026600081805a0002015b0083815b004f05be0040
:102670004f04be0000000600e00f5200e08f5a0039
:10268000e00f5b00e08f5b00000006006044b800d4
:102690006055b8000402540085825c0006035d00aa
:1026a00087835d0000000600889fbe008a9fbe00f1
:1026b0008c1f7800e00f5000e08f5800e00f5900a9
:1026c000e08f59000d003d006044b8006055b8002f
:1026d0000000540081805c0002015d0083815d0088
:1026e0001c0020000820e10009a8e1000ab0e10078
:1026f0000bb8e1000d003d00080037000006eb00bc
:10270000e00f5200e08f5a00e00f5b00e08f5b00ab
:1027100006003d006044b8006055b8000402540053
:1027200085825c0006035d0087835d00aaff0700c9
:102730000c00e000060032006022b8006033b800f0
:102740000000520081805a0002015b0083815b001f
:102750004f0678004f05be004f04be000000060083
:020000040000fa
:102760002573000020460000696300003d2500003d
:1027700073200000646500006d3d000025640000ca
:102780002065000074610000743d000025640000b5
:1027900020650000757200003d25000064200000e7
:1027a000256400000a000000453a00002f310000b7
:1027b0006b350000687a00002e770000617600001b
:1027c000004500003a2f0000313500006b68000022
:1027d0007a2e00007761000076000000446500005a
:1027e0006d6100006e640000650000004172000031
:1027f00072650000740000000d0a00005220000005
:10280000525800004d4f000044200000000d000011
:102810000a0000000d0a0000522000005458000079
:102820004d4f000044200000000a0000006300003b
:102830006d640000004300004f4e00004e45000054
:1028400043540000003c00003c3c00004563000095
:10285000686f00002064000065740000656300007c
:10286000746500003e3e00003e0a0000002b0000a0
:10287000434d0000474c00003a200000002b0000b0
:10288000434700004e530000534900004e460000ed
:102890004f3a00002000000045520000524f000057
:1028a000520000002b4300004d5300002045000063
:1028b000525200004f520000002b0000434d000018
:1028c0004520000045520000524f00005200000019
:1028d0002b570000415600005354000041540000a3
:1028e000453a00002077000061760000207000006b
:1028f0006c61000079200000737400006f700000ac
:1029000000520000445900000052000065630000be
:1029100065700000746900006f6e0000204d0000bb
:1029200065730000736100006765000020500000bf
:102930005245000054200000536900006d43000020
:102940006f6d00000a0000002b43000047440000a8
:10295000434f00004e5400003a2000000069000080
:102960006d730000002b000043470000415400003d
:10297000543a000020300000002b000043470000c4
:1029800041540000543a000020310000002b0000a8
:10299000434300004841000044440000523a000014
:1029a000200000002b48000054540000504100005b
:1029b00043540000494f00004e3a00002000000040
:1029c00048540000545000002053000055430000bc
:1029d00043450000535300000048000054540000d9
:1029e0005020000045520000524f0000520a0000e3
:1029f00000480000545400005020000053550000cf
:102a00004343000045530000530a0000002b000020
:102a1000485400005450000052450000414400005a
:102a2000464900004c4500003a200000002b000001
:102a300048540000545000005f500000454500001d
:102a4000525f0000434c00004f530000454400001b
:102a5000002b000048540000545000005f4e00005e
:102a60004f4e0000455400005f45000056450000f1
:102a70004e540000002b0000434300004853000068
:102a800054410000525400003a200000002b000086
:102a90004343000048530000544f0000503a0000e8
:102aa00020300000002b000043430000484f00008e
:102ab000504500004e3a0000200000002b4300006b
:102ac0004348000045560000454e000054000000f9
:102ad0002b430000434c00004b3a00002000000054
:102ae0002b430000434800005245000043560000bd
:102af0003a2000004441000054410000002b000037
:102b0000434300004852000045430000563a00008d
:102b1000203000002c300000002b00004343000058
:102b2000484300004c4f0000534500003a2000008d
:102b3000002b000043430000485f000052450000a6
:102b4000435600005f4300004c4f00005345000017
:102b5000443a0000002b000043430000485f00009f
:102b600050450000455200005f4300004c4f0000fc
:102b700053450000443a0000002b0000434600008b
:102b800054520000414e0000545800003a2000000a
:102b90003000000055700000672000005265000002
:102ba0007472000079200000436f00007272000010
:102bb00075700000746900006f6e00000a0000006c
:102bc000557000006720000052650000747200001c
:102bd00079200000496e0000766100006c690000f9
:102be000640a0000002b000043460000545200001d
:102bf000414e0000545800003a20000044410000bb
:102c0000544100002c0000004346000054520000d4
:102c1000414e000054580000204400004154000080
:102c200041200000555200004320000045520000a2
:102c3000524f0000520a0000007400006169000059
:102c40006c6c0000652000003d2000002564000041
:102c50000a0000002b4300004c430000433a0000f0
:102c60002000000041700000706500006c20000032
:102c7000656e000074720000616e00007420000038
:102c80003e200000494700004e4f00005245000022
:102c900020420000500a0000004100007070000057
:102ca000656c0000207300006f720000746100000a
:102cb0006e740000206500006e200000636f00004d
:102cc00075720000732c000020690000676e000020
:102cd0006f72000065200000656e000074720000d5
:102ce000616e0000740a000000520000494e0000ae
:102cf000472000006c750000205300007461000044
:102d000074750000733d0000415000005045000004
:102d10004c5f00005452000041490000544500003f
:102d20004d4500004e54000020200000437000007c
:102d30007453000065630000496700006e6f000077
:102d40007265000041700000706500006c3d00007d
:102d5000310a000000300000303000003030000048
:102d600030300000303000003030000030300000e3
:102d70003000000041700000706500006c20000011
:102d8000656e000074720000616e00007420000027
:102d90002d3e00002041000050500000454c000036
:102da0005f4100004c450000525400000a00000042
:102db000466900006e200000617000007065000030
:102dc0006c2000003f3f00000a000000507500002a
:102dd0007267000065200000436f00000a000000d9
:102de000564f0000494300004520000043410000c9
:102df0004c4c00003a200000454e0000440000000a
:102e0000524900004e47000000520000494e0000a9
:102e1000472000006c75000020690000676e00000c
:102e20006f72000065200000002000004154000087
:102e3000413d00000020000041530000533d0000d0
:102e4000002d00002d2d00002d2d00002d2d000047
:102e50002d2d00002d2d0000544900004d4500008f
:102e6000204f000055540000202d0000204300009a
:102e700041530000452000000025000064000000d0
:102e80002d2d00002d2d00002d2d00002d2d0000da
:102e90002d2d00000d0000005b470000313d0000bb
:102ea00025640000203c00003c2000002564000058
:102eb0005d0a000000470000312e0000256400007c
:102ec000207300007461000072740000200a00008a
:102ed000004900004e490000542000004731000026
:102ee00020310000203100002031000000410000ae
:102ef00054260000460d000000410000544500002b
:102f0000300d000000410000542b00004946000035
:102f1000433d0000302c0000300d0000002d00006b
:102f20002d2d00002d2d000061700000774b00005a
:102f30004f660000662d00002d2d00002d2d000095
:102f400000410000542b000049500000523d000099
:102f50003131000035320000303000000d0000003b
:102f6000415400002b430000475300004e0d000069
:102f7000004900004d450000492000004572000056
:102f8000726f0000720a0000004900004d45000009
:102f9000493a000020000000415400002b4300008b
:102fa000474d0000520d0000002b00004347000079
:102fb0004d5200003a20000000430000474d000041
:102fc0005220000045720000726f0000720a00007b
:102fd00000410000542b0000434700004d4d00000d
:102fe0000d000000415400002b4300005049000038
:102ff0004e3f00000d0000002b4300005049000030
:103000004e3a0000205200004541000044590000a3
:10301000002b000043500000494e00003a20000001
:10302000534900004d200000504900004e000000b0
:103030002b430000504900004e3a0000205300008e
:10304000494d000020500000554b00000041000099
:10305000542b000043500000494e00003d22000068
:10306000002200000d000000436f000064650000b6
:1030700020500000494e00002070000061730000e5
:103080002070000061720000616d00006574000036
:10309000726500002c200000766f0000697200004d
:1030a0002043000046500000494e00000a00000086
:1030b00057410000524e0000494e0000473a0000c0
:1030c000204f00004e4c0000592000004f4e0000e1
:1030d0004520000041540000544500004d500000c0
:1030e00054200000464f00005220000050490000cc
:1030f0004e2000004c450000465400002c200000eb
:1031000043480000454300004b20000052450000aa
:103110004749000053540000455200004544000058
:1031200020500000494e000000410000542b0000d8
:103130004349000043430000494400000d000000e3
:103140002b49000043430000494400003a2000009e
:103150000043000043490000442000004572000085
:10316000726f0000720a000000410000542b000042
:10317000435300004d5300003d3000000d0000009f
:10318000415400002b430000535100000d0000008b
:103190002b430000535100003a200000004700007c
:1031a000312e000025640000204500006368000007
:1031b0006f440000657400006563000074650000e2
:1031c0003e3e00002035000031300000200d0000a0
:1031d00000410000542b0000434d00004545000015
:1031e0003d3200000d000000415400002b43000060
:1031f0004d470000463d0000310d00000041000039
:1032000054530000303d0000303b000053370000b5
:103210003d320000353500000d0000004154000033
:103220002b43000043460000433d0000302c0000cb
:10323000300d000000410000542b000043520000fc
:103240003d3000000d0000004343000046430000f5
:1032500020450000525200004f5200000a000000ba
:10326000415400002b430000524300003d30000059
:103270000d000000415400002b43000046550000a3
:103280004e3d0000310d000000410000542b0000b5
:1032900043560000485500003d3000000d0000007e
:1032a000415400002b4300004c430000433d00000c
:1032b000310d000000410000542b0000434c000081
:1032c000495000003d3000000d0000004154000056
:1032d0002b4300004c490000523d0000300d00001f
:1032e00000410000542b0000434f00004c500000f0
:1032f0003d3000000d000000415400002b43000051
:103300004c5600004c3d0000313b00002b430000b8
:103310004f55000054470000414900004e3d000059
:10332000000d000000410000542b00004347000046
:10333000444300004f4e0000543f00000d000000c9
:10334000415400002b43000047440000434f00005d
:103350004e5400003d3100002c2200004950000076
:10336000222c000022000000222c0000223000004d
:103370002e3000002e3000002e300000222c0000e5
:103380002c2c00000d000000415400002b430000d5
:1033900047410000545400003f0d00000041000070
:1033a000542b00004347000041430000543d0000ff
:1033b000312c0000310d000000410000542b0000b2
:1033c00043530000534c000043460000473d0000bb
:1033d00022730000736c00007665000072730000b9
:1033e000696f00006e2200002c3000002c330000ba
:1033f0000d000000415400002b4300005353000017
:103400004c430000464700003d220000636100007d
:103410006365000072740000222c0000302c000054
:1034200022000000636100005f630000657200001d
:10343000742e0000706500006d0000004154000013
:103440002b430000535300004c430000464700004c
:103450003d220000636c0000696500006e7400008e
:103460006365000072740000222c0000302c000004
:1034700022000000636c00005f63000065720000c2
:10348000745f00006f6e0000652e00007065000024
:103490006d000000415400002b4300005353000016
:1034a0004c430000464700003d220000636c0000d2
:1034b000696500006e7400006b65000079220000f1
:1034c0002c3000002c220000006300006c5f000024
:1034d0006b650000795f00006f6e0000652e0000d4
:1034e000706500006d000000415400002b43000097
:1034f000535300004c430000464700003d220000ab
:1035000061750000746800006d6f00006465000064
:10351000222c0000302c0000300d00000041000083
:10352000542b000043530000534c0000434600005e
:10353000473d00002261000075740000686d0000c6
:103540006f640000652200002c3000002c31000068
:103550000d000000415400002b43000053530000b5
:103560004c430000464700003d220000617500000a
:10357000746800006d6f000064650000222c00007c
:10358000302c0000320d000000410000542b0000e0
:1035900043530000534c000043460000473d0000e9
:1035a000226500006e610000626c0000655300003f
:1035b0004e490000222c0000302c0000310d00008c
:1035c000004300006c69000067200000322000000a
:1035d000506900006e2000006f6b00000a000000c0
:1035e000556e0000204d00006573000073610000ff
:1035f00067650000204d00006f640000656d0000ed
:10360000204f00004b0a000000530000e963000057
:103610007520000041700000706500006c0a000019
:1036200000480000616e0000672000005570000037
:103630000a0000003f3f00003f000000526500000c
:10364000626f00006f7400002064000075200000ad
:103650006d6f0000646500006d2000004175000082
:10366000637500006e200000534d0000530a0000f7
:1036700000520000656200006f6f000074200000bf
:103680006d6f0000646500006d200000657400002f
:10369000617000006520000032300000302c000016
:1036a000206500007461000074200000696e000055
:1036b000636f00007272000065630000740a00000e
:1036c00000410000542b000043470000505300000d
:1036d0003d3000000d000000415400002b4300006d
:1036e0004544000052580000533d0000312c0000ba
:1036f000342c000022300000303100003022000065
:103700000d000000473100002e250000642000005d
:10371000544900004d450000204f00005554000062
:103720000d000000473100002e250000642000003d
:1037300045720000726f0000725200006563000065
:103740007520000045720000726f00007252000088
:103750006563000075200000200d0000003c0000a3
:103760003c3c00003c3c00003c3c00003c4700006e
:10377000312e000025640000204500006368000031
:103780006f4400006574000065630000746500000c
:10379000203e00002035000031300000203e0000b7
:1037a0003e3e00003e3e00003e3e00003e3e000029
:1037b0003e3e00003e200000353100003020000079
:1037c0000d00000052650000707200006973000077
:1037d00065200000473100002e2500006420000015
:1037e00047310000373d0000256400000041000023
:1037f000542b000043450000445200005853000081
:103800003d3000000d000000415400002b4300003b
:1038100053440000564300003d3300000d000000fb
:10382000415400002b5600004d5500005445000047
:103830003d3100000d000000415400002b4300000a
:10384000434d0000585000004c4100005957000003
:10385000415600003d220000002200002c320000f2
:103860000d000000473100002e3200003131000011
:10387000206c000069740000200000002a45000050
:1038800052520000455500005200000064650000df
:103890006d6100006e640000652000006669000034
:1038a000632000007465000073740000206f000046
:1038b0006c6400000a000000415400002b4300002b
:1038c000434d000058530000544f00005057000073
:1038d000415600000d00000045520000524f00000c
:1038e00052200000494e0000534500005254000091
:1038f00020500000494e00002057000048450000bd
:103900004e200000434100005244000020490000c6
:1039100053200000554e0000504f00005745000056
:10392000524500004420000054480000454e00006d
:10393000205400005259000020410000474100007f
:10394000494e00000a00000045520000524f00009e
:1039500052200000544f00004f2000004d41000055
:103960004e59000020540000524900004553000009
:103970003a200000534900004d200000424c000056
:103980004f4300004b45000044200000434f00001f
:103990004445000020500000554b0000204e000020
:1039a0004545000044450000440a00000041000075
:1039b000542b0000434e00004d4900003d320000f2
:1039c0002c3100002c3000002c3000002c30000086
:1039d0000d000000415400002b430000434800004c
:1039e00041440000445200000d000000415400001a
:1039f0002b4300004d4700004c3d000022410000d9
:103a00004c4c0000220d000000410000542b00002f
:103a1000434d0000474400003d0000002c300000f2
:103a20000d000000415400002b4300004d470000f2
:103a3000443d0000312c00003400000041540000df
:103a40002b43000052450000473f00000d000000de
:103a50002b43000052450000473a00002030000090
:103a60002c310000002b00004352000045470000ad
:103a70003a200000302c0000350000002b430000ed
:103a800052450000473a0000203000002c3300006f
:103a90000052000065670000697300007472000046
:103aa00061740000696f00006e2000006465000012
:103ab0006e69000065640000206f00006e20000049
:103ac00072650000636f00006d6d0000656e0000a0
:103ad000636500000a0000002b430000524500000f
:103ae000473a0000203000002c300000002b00007e
:103af00043520000454700003a200000302c0000ef
:103b00003400000053650000756900006c2000005f
:103b1000707200006563000065640000656e00005f
:103b20007420000064650000666100007574000088
:103b3000207200006573000065610000750a0000d6
:103b400000520000656c0000616e000063650000bb
:103b5000207400006163000068650000206d0000b3
:103b60006f640000656d000020630000617200005a
:103b7000206400006566000061750000742000008c
:103b8000696e0000736300007269000070740000c9
:103b9000696f00006e0a0000002b00004352000015
:103ba000454700003a200000310000002b43000090
:103bb00052450000473a000020320000004100005a
:103bc000542b000043520000454700003d300000e8
:103bd0000d0000004c650000637400007572000069
:103be0006520000043530000510a0000004100001e
:103bf000542b000043450000535100000d0000000d
:103c00002b43000045530000513a00002000000003
:103c10002b43000045530000513a000020390000ba
:103c2000392c0000393900002c0000002b43000023
:103c300045530000513a000020390000392c0000a3
:103c4000393900002c320000353500002c320000dc
:103c5000353500002c000000415400002b430000cb
:103c60004d470000533d0000220000005469000051
:103c70006d6500004f750000743100002065000084
:103c80006e7600006f690000205300004d53000065
:103c90000a0000002f200000002000002f0a000072
:103ca0000025000063000000534d00005345000054
:103cb0004e56000020000000546900006d650000b1
:103cc0004f75000074320000206500006e76000021
:103cd0006f690000205300004d5300000a000000ef
:103ce00045720000726500007572000020470000f8
:103cf000312e000036320000206500006e76000094
:103d00006f690000205300004d5300000a000000be
:103d1000534d0000534500005252000020000000a7
:103d2000415400002b4300004c430000430d0000b1
:103d300000410000544100000d000000415400000b
:103d40002b430000454300004d3d0000310d0000b5
:103d500000410000542b0000434f00005554000068
:103d600047410000494e00003d250000640d000061
:103d700000410000542b0000434d00004943000067
:103d800047410000494e00003d250000640d000041
:103d900000410000542b0000435000005349000034
:103da0003f0d00000041000054530000373d00006b
:103db000300d00000041000054440000003b0000b2
:103dc0000d000000453a00002f67000061720000fe
:103dd000646500002e77000061760000004100005d
:103de000542b0000564d000055540000453d000086
:103df000300d000000410000544800000d0000009c
:103e0000415400002b43000053440000564300007f
:103e10003d3000000d0000004e4f00004b2d000013
:103e20003e32000033320000204d00006c3d0000a7
:103e300000430000504900004e200000546900007b
:103e40006d6500004f550000542d00003e3200000b
:103e5000333200000a0000003f000000415400001f
:103e60002b4300004f500000533f00000d000000a6
:103e70002b4300004f500000533a00000041000067
:103e8000542b0000434f00005554000047410000f0
:103e9000494e00003d000000473100002e31000077
:103ea00031340000205000006f73000048500000c3
:103eb0003d000000256400000a00000047310000ba
:103ec0002e310000313500002047000061690000fc
:103ed0006e730000206f00006b0a000000410000bc
:103ee000542b000043520000585600004f4c000075
:103ef0003d3000007830000030300000300d000010
:103f000000410000542b00004352000058560000ae
:103f10004f4c00003d300000783000004646000065
:103f2000460d000000410000542b000043520000e9
:103f3000585600004f4c00003d3000007831000022
:103f400046460000460d000000410000542b0000d2
:103f500043520000585600004f4c00003d30000016
:103f60007832000046460000460d00000041000087
:103f7000542b000043520000585600004f4c0000e4
:103f80003d3000007833000046460000460d00003a
:103f900000410000542b000043520000585600001e
:103fa0004f4c00003d3000007834000046460000d1
:103fb000460d000000410000542b00004352000059
:103fc000585600004f4c00003d300000783500008e
:103fd00046460000460d000000410000542b000042
:103fe00043520000585600004f4c00003d30000086
:103ff0007836000046460000460d000000410000f3
:10400000542b000043520000585600004f4c000053
:104010003d3000007837000046460000460d0000a5
:1040200000470000656e000046710000742000002b
:10403000673100003d310000363000002070000084
:104040006f730000687000003d00000041540000e4
:104050002b4300004c5600004c3d0000300d00008a
:1040600000430000747200006c470000656e0000a1
:1040700046710000742e00004c6100006e63000069
:10408000656500003d3100000a0000004154000059
:104090002b560000544400003d0000004154000035
:1040a0002b560000545300003d00000073690000cf
:1040b0002070000061730000206d0000617200003c
:1040c00063680000652c0000207400006573000028
:1040d00074650000722000006176000065630000d6
:1040e000202c0000206500006e7400007265000046
:1040f000206300006172000020640000746d000005
:1041000066000000415400002b43000052450000af
:10411000473d0000320d000000410000542b00001c
:10412000435000004f4600000d00000052450000c3
:10413000424f00004f540000205300006f66000003
:10414000742000004d6f0000646500006d0a0000df
:10415000002d0000466900006e200000746500001c
:104160006d7000006f200000473100002e25000018
:10417000642d00000d00000052450000424f000079
:104180004f540000206500006c650000637400005f
:104190007269000071750000652000004d6f00001d
:1041a000646500006d0a00000057000061690000ae
:1041b000746900006e670000202500006420000084
:1041c0000d0000005220000000410000542b0000b0
:1041d000434e00004d5000003f0d0000002b00003a
:1041e000434e00004d5000003a2000000041000006
:1041f000542b0000434e00004d5000003d250000b0
:10420000640d00000023000023230000444500004b
:104210004255000047200000426100007363000027
:10422000756c000065200000766500007273000068
:1042300020330000470a0000002300002323000071
:104240004445000042550000472000004261000044
:1042500073630000756c0000652000007665000047
:104260007273000020340000470a00000041000083
:10427000542b000043470000505300003f0d000046
:10428000002b000043470000505300003a2000007c
:1042900000410000542b0000434700005053000031
:1042a0003d3100000d000000415400002b43000090
:1042b000474e000053530000494e0000464f000097
:1042c0000d0000002d2d00002d2d00002d2d0000d3
:1042d0002d2d00002d2d00002d540000494d000013
:1042e000452000004f550000542000002d20000004
:1042f0003330000031000000415400002b43000027
:1043000047500000534e00004d450000413f000063
:104310000d0000000a230000232300005452000077
:10432000414e00005350000041520000454e000035
:104330005420000043500000543d00003020000095
:1043400023230000230a000000410000545a00000b
:104350000d000000415400002b43000043480000c2
:10436000434c00004f530000453d0000300d00005d
:1043700000410000542b000048540000545000003d
:1043800054450000524d00003d3000000d0000007b
:10439000415400002b430000434800004d4f0000f3
:1043a000444500003d3000000d0000004154000075
:1043b0002b4300004348000053450000543d0000db
:1043c000302c0000310d000000410000542b000093
:1043d0004343000048530000544100005254000081
:1043e0000d000000415400002b4300004348000032
:1043f0004f500000454e00003d3000002c220000d0
:1044000025730000222c0000256400002c310000e0
:104410000d000000415400002b4300004348000001
:10442000534500004e4400003d3000002c250000a4
:10443000640d000000410000542b000043430000c5
:104440004c4b00003f0d000000410000542b0000c9
:10445000434300004852000045430000563d000021
:10446000302c0000256400000d00000041540000c5
:104470002b43000043480000535400004f500000fd
:104480000d000000415400002b4300005443000085
:10449000504b0000413d0000312c0000352c000045
:1044a000350d000000410000542b00004e45000077
:1044b000544300004c4f0000534500000d00000025
:1044c0004854000054500000204900006e6900006c
:1044d00074690000616c0000697300006174000081
:1044e000696f00006e0a000000410000542b0000bc
:1044f0004854000054500000494e00004954000048
:104500000d000000485400005450000020500000ee
:1045100061720000616d000020550000524c0000e7
:104520000a000000415400002b48000054540000d1
:104530005050000041520000413d00002255000053
:10454000524c0000222c000022680000747400000d
:10455000707300003a2f00002f250000732f000019
:10456000257300003a250000642200000d000000c1
:10457000415400002b4800005454000050500000eb
:1045800041520000413d000022550000524c000005
:10459000222c000022680000747400007073000078
:1045a0003a2f00002f250000732f00002573000014
:1045b000220d000000410000542b00004854000070
:1045c0005450000050410000524100003d220000c4
:1045d000535300004c43000046470000222c0000cb
:1045e000300d000000410000542b00004854000032
:1045f0005450000050410000524100003d22000094
:1046000055410000222c000022000000415400000f
:104610002b48000054540000504400004154000056
:10462000413d0000256400002c310000350d0000e4
:10463000004400004f5700004e4c00004f41000066
:10464000440000004854000054500000204700007f
:10465000455400000a000000415400002b460000b1
:1046600053430000443d0000463a00002f0d000077
:1046700000410000542b000046530000434400005a
:104680003d4500003a2f00000d000000415400009d
:104690002b430000434500005254000044450000f5
:1046a0004c4500003d22000025730000220d000053
:1046b0000053000075700000707200006573000008
:1046c000736900006f6e0000206e000065770000c7
:1046d000736f0000667400002e65000078650000ae
:1046e0000a000000415400002b4600005344000023
:1046f000454c00003d22000025730000220d000003
:1047000000530000757000007072000065730000b7
:10471000736900006f6e000020000000415400002b
:104720002b48000054540000504100004354000046
:10473000494f00004e3d0000310d000000410000d7
:10474000542b000048540000545000004143000026
:10475000544900004f4e00003d3000000d000000a5
:10476000415400002b4800005454000050520000f7
:104770004541000044460000494c0000453d000012
:1047800022250000732200002c3400000d000000e0
:10479000415400002b4800005454000050520000c7
:1047a0004541000044460000494c0000453d0000e2
:1047b00022250000732200002c3100000d000000b3
:1047c000415400002b480000545400005052000097
:1047d0004541000044460000494c0000453d0000b2
:1047e00022250000732200002c3300000d00000081
:1047f00045720000726f00007220000053740000c8
:104800006f700000204e00006f7700000a0000006b
:10481000415400002b480000545400005054000044
:10482000455200004d0d000000410000542b0000d7
:1048300046530000434400003d4600003a0d00008e
:1048400000410000542b000046530000415400007a
:1048500054520000493d00000075000070640000e3
:10486000745f0000736f00006674000077610000e1
:10487000726500002e68000065780000002b0000c3
:10488000465300004154000054520000493a0000d1
:10489000200000006c3100005f3100003a20000071
:1048a000256c0000750a0000002c0000256c00003b
:1048b000752c0000256400000d000000415400002c
:1048c0002b43000046540000524100004e540000ab
:1048d000583d0000224600003a2f00000022000050
:1048e0000045000072720000657500007220000033
:1048f0005570000067200000646f000069740000bc
:1049000020730000746f0000700a00000050000067
:10491000726f000067720000657300007369000029
:104920006f6e0000203a0000202500006c7500002a
:104930000a000000456e000064200000526500007f
:10494000616400000a0000005377000061700000fd
:10495000205000006172000074690000746900005a
:104960006f6e0000204f00004b0a00000053000053
:104970007761000070200000506100007274000038
:1049800069740000696f00006e200000466100003d
:10499000696c00000a0000004d61000078200000f2
:1049a000534d0000532000006a6f00007572000034
:1049b00020610000757400006f72000069730000d0
:1049c00065200000646500007061000073730000e2
:1049d000650a00000000000052200000434600006d
:1049e000412000004c3d000000200000453d00003b
:1049f00000200000443d000000200000433d000076
:104a000000200000583d000000200000563d00003e
:104a100000200000533d000000200000493d000040
:104a2000002000004d3d0000005a00000020000062
:104a3000543d000000200000483d0000003100000f
:104a40000030000000520000205300004d530000d1
:104a5000204e0000554d00003d00000020450000a4
:104a6000503d0000002000004c4e0000473d00007b
:104a70000020000043500000453d000000200000e1
:104a800043500000533d0000000a000000200000d9
:104a9000434f0000523d0000002000004e55000032
:104aa0004d3d00000020000044540000453d000042
:104ab0000020000044540000453d0000300000008c
:104ac00020480000524500003d0000002048000042
:104ad000524500003d3000000054000043500000eb
:104ae000533d000000200000545300004d530000cf
:104af0003d00000042550000473d0000005200000c
:104b0000204d000041500000504900004e47000079
:104b100000200000470000003d000000205300007e
:104b200000200000440000002f0000005f00000093
:104b30003a00000052200000494e0000464f00009d
:104b400020480000423d00000020000048430000d3
:104b50003d00000020480000524f00004b3d000087
:104b600000200000485200004b4f00003d000000b4
:104b7000204d0000453d0000002000004e54000084
:104b80004f3d000000200000444500004e49000059
:104b9000454400003d00000020540000523d00004c
:104ba00000200000484c0000453d0000004200008d
:104bb000434c00003d00000046490000433d00001a
:104bc000004500003a2f0000676100007264000099
:104bd000652e00007761000076000000453a000075
:104be0002f66000069700000686f00002e770000db
:104bf00061760000005500006e2000005465000042
:104c0000737400000a000000453a00002f70000095
:104c1000617500006f6b00002e7700006176000068
:104c2000004500003a2f0000697300006f6c00001f
:104c3000652e00007761000076000000453a000014
:104c40002f3100006b350000687a00002e770000dd
:104c500061760000004500003a2f00003135000069
:104c60006b6800007a2e000077610000760000007b
:104c7000453a00002f77000061690000742e0000a3
:104c80007761000076000000453a00002f6e0000ba
:104c90006f6e0000616200002e77000061760000f8
:104ca00000460000494e00003d0000005220000078
:104cb0004d530000475400004553000054200000ad
:104cc000444500004d3d000000200000424300002c
:104cd0004c3d0000005400004f3d00000049000022
:104ce00043520000413d0000004300004d440000dd
:104cf0003d000000436d0000642000006d6f000067
:104d0000646500006d2000003a000000464f00007e
:104d1000524300004547000052410000463d00005c
:104d200000470000312000003e3e00003e20000011
:104d3000256400000a00000052450000424f0000b8
:104d40004f5400003d00000052650000626f0000fb
:104d50006f740000207300006f6600007420000074
:104d6000696d00006d6500006469000061740000f9
:104d700020640000752000006d6f00006465000075
:104d80006d0a000000520000656200006f6f0000b5
:104d90007420000064750000206d00006f64000046
:104da000656d0000206100007072000065730000f6
:104db000205300004d5300002045000072610000a8
:104dc000736500000a00000052650000626f000079
:104dd0006f740000206500006c65000063740000c3
:104de000726900007175000065200000696d0000a7
:104df0006d650000646900006174000020640000bb
:104e0000752000006d6f0000646500006d0a0000f1
:104e100000520000656200006f6f00007420000007
:104e2000656c000065630000747200006971000029
:104e30007565000020640000752000006d6f0000a3
:104e4000646500006d200000617000007265000064
:104e500073200000534d00005320000045720000f5
:104e600061730000650a00000052000065620000e6
:104e70006f6f00007420000070610000722000005d
:104e8000415400005a200000696d00006d6500006b
:104e90006469000061740000206e00000052000090
:104ea000656200006f6f0000742000004154000034
:104eb0005a20000064750000206d00006f6400003f
:104ec000656d0000206100007072000065730000d5
:104ed000205300004d530000204500007261000087
:104ee000736500000a000000545300005450000095
:104ef000494e00003d00000044430000443d0000d6
:104f000000440000495400003d00000044540000eb
:104f10004d4600003d000000494e0000464f000095
:104f20003d000000522000004d4f000044450000ad
:104f30004d20000052650000717500004f660000b2
:104f4000663d000000200000526500007175000001
:104f5000536c000065650000703d000000200000fb
:104f6000475300004d5f000053740000653d000092
:104f700000500000575200005f4f000046460000fe
:104f800000500000575f00004f4e0000004300003b
:104f90004f4e0000464900004700000050520000fc
:104fa00045540000004e00004f5f000053490000d0
:104fb000474e0000414c0000005300004c450000eb
:104fc0004550000000450000525200004f520000c2
:104fd000003f00003f3f0000002000005428000078
:104fe00020700000696e00003d00000020200000dd
:104ff00072730000736900003d0000002020000073
:10500000636100006c6c00003d0000002020000087
:10501000736d0000733d0000002000002920000097
:1050200000200000204e0000627400006f3d000070
:105030000045000046460000414300004552000084
:10504000534d0000533d000000200000545200006a
:1050500041430000453d000000520000204d00008b
:105060004f440000454d0000205400005241000014
:10507000434500003d000000204400004344000080
:105080003d00000020440000495400003d000000a5
:105090005220000050430000205000005245000004
:1050a0003d000000522000004f500000455200001b
:1050b00041540000455500005220000052450000b8
:1050c000473d0000002000004e4f00004d3d000015
:1050d00022000000220000004f500000543d00005c
:1050e0000054000050460000453d00000052000002
:1050f000494e0000473d000000520000544f0000a0
:105100003d000000522000004f50000054490000b4
:105110004f4e0000002000004f500000543d0000a2
:105120000020000054500000464500003d000000f3
:1051300020520000494e0000473d000000200000c2
:10514000525400004f3d0000004100004354000055
:105150003d00000052200000414d0000504c000076
:105160004920000041430000543d0000004300007e
:105170004f550000525400003d3100000054000023
:10518000504100003d00000055520000473d000026
:10519000004e0000554d00003d0000005220000070
:1051a00041500000504500004c2000004e550000ca
:1051b0004d3d00000020000054500000413d000023
:1051c0000020000055520000473d00000020000074
:1051d000434f000055520000543d000000200000e5
:1051e000444500004d3d0000310000004c3d0000f2
:1051f000004e00003d000000522000004249000027
:10520000502000004e3d0000002000004c3d0000fa
:10521000004500004646000041430000453d0000b7
:10522000005200002043000046500000414d0000a5
:1052300044500000004d0000445000002043000096
:10524000616e0000616c0000205000006f72000071
:105250007420000073e9000072690000650a000014
:1052600000520000415a00003d000000454500008a
:10527000505200004f4d0000206500006d7000008e
:1052800074790000202d0000204d0000656d0000a5
:105290006f720000792000003d200000257300009f
:1052a0000a000000204d0000445000003d000000b6
:1052b000444d0000433d00000052000054520000e5
:1052c0003d00000054410000433d0000004d00003f
:1052d00044530000433d00000057000044530000c9
:1052e000563d00000057000044530000543d0000ac
:1052f0000057000044530000473d000000570000e5
:1053000044560000413d000000440000533d0000b1
:1053100000480000544a00003d000000484d0000d5
:10532000415800003d000000484d0000494e00007b
:105330003d0000004e4f00004d3d000000540000b5
:10534000454c00003d000000522000004346000094
:1053500050410000552000004e4f00004d3d000020
:1053600000200000445400004d4600003d000000b5
:1053700020480000544a00003d0000002044000086
:105380004d4300003d00000020540000454c00004b
:105390003d00000020440000533d000000200000bc
:1053a000565400003d000000204d00004453000012
:1053b000433d00000020000052540000523d000018
:1053c0000020000057440000535600003d0000003c
:1053d0002057000044530000543d0000002000000e
:1053e00057440000534700003d00000020570000d4
:1053f00044560000413d00000020000054410000e0
:10540000433d000000200000484d000041580000ce
:105410003d000000204800004d4900004e3d0000c6
:1054200000500000494e00003d00000050490000bf
:105430004e2000004c550000203d000020000000e0
:105440005220000043460000504900004e2000005a
:10545000504900004e3d000000200000435600006f
:105460003d00000052200000434600005320000091
:10547000533d000000200000463d0000004d0000ac
:105480004a4100003d00000052200000435000004f
:105490005420000043500000453d00000020000063
:1054a000454a00003d00000020450000483d000046
:1054b00000200000534a00003d000000205300007f
:1054c000483d000000200000534a0000413d00001c
:1054d0000020000053480000413d00000020000073
:1054e000534a0000453d00000020000053480000e2
:1054f000453d0000002000004d4a0000413d0000f5
:1055000000200000454100003d0000005220000046
:105510005354000041540000555300004f53000005
:10552000432000000053000051330000473d0000bd
:105530000053000051340000473d000000520000bd
:1055400053520000503d0000005200005352000032
:10555000513d000000450000434e00004f3d00005b
:105560000052000053430000503d00000052000074
:105570002052000045530000454100005520000026
:1055800057530000343600003d2500006420000021
:1055900054590000504500003d25000064200000e3
:1055a000535100003d250000642000002d2d000017
:1055b0002053000051340000473d000025640000e6
:1055c0002052000053520000513d000025640000ad
:1055d0002052000053520000503d0000256400009e
:1055e000202d00002d200000535100003347000003
:1055f0003d2500006420000052530000435000008d
:105600003d25000064200000454300004e4f00008f
:105610003d250000642000002d2d0000204c0000de
:1056200041530000545f0000344700005f53000006
:10563000513d000025640000204c00004153000053
:10564000545f0000344700005f52000053520000d6
:10565000513d000025640000204c00004153000033
:10566000545f0000344700005f52000053520000b6
:10567000503d00002564000000520000204400005e
:10568000555200004545000020000000204e00005b
:10569000535600004a3d0000002000005352000015
:1056a000454a00003d000000205300005048000023
:1056b000494a00003d00000020530000504800000f
:1056c0004f4a00003d000000204e000053560000ed
:1056d000483d0000002000005352000045480000f3
:1056e0003d000000205300005048000049480000e1
:1056f0003d00000020530000504800004f480000cb
:105700003d000000522000004445000042550000ca
:1057100047200000002000004d6f0000646500007d
:105720006d4f00006b3d000000200000546f000032
:10573000473100003d000000205300006d73000061
:10574000547000003d000000204c0000536f00002a
:105750006e2e0000446500006d3d0000002000003a
:105760004c5300006f6e00002e4500007461000075
:10577000743d0000002000002e4600006963000018
:10578000302100003d300000002000002e460000c7
:1057900069630000303d00003d3000000020000043
:1057a000414300002e410000547200006169000076
:1057b00074650000723d0000002000002e500000c3
:1057c0006f73000069740000696f00006e6e000066
:1057d000653d0000002000002e540000797000009c
:1057e000506f0000733d000000200000574400008f
:1057f0003d00000052200000445400002000000042
:10580000202800006d730000713d00000029000099
:1058100000520000204600005245000051200000c8
:1058200041430000543d0000005500005349000072
:105830004e4500003d000000505300003d000000b8
:10584000485000004e3d0000004d0000434e000057
:105850003d000000485000004d4500003d000000a4
:105860004d4300004d4500003d0000004850000041
:10587000443d000000480000505400003d0000007e
:105880004d430000505400003d000000474600001a
:10589000543d000000520000204700004149000034
:1058a0004e200000563d00005320000048500000ec
:1058b0004e3d0000002000004d4300004e3d000022
:1058c00000200000485000004d4500003d00000051
:1058d000204d0000434d0000453d00000020000029
:1058e00048500000443d00000020000048500000e7
:1058f000543d0000002000004d43000050540000c3
:105900003d00000020470000465400003d0000001c
:105910002000000047410000494e000020500000d8
:10592000533d000033200000485000004e3d000071
:10593000352000004d4300004e3d000036200000a1
:10594000485000004d4500003d340000204d00004f
:10595000434d0000453d0000342000004850000049
:10596000443d00003320000048500000543d00003a
:10597000332000004d490000505400003d3300002a
:1059800020470000465400003d320000353500003d
:105990002000000052200000475200004146000055
:1059a00000200000474300003d000000522000009e
:1059b00047530000494d0000434f00004d000000d8
:1059c000204c0000564c00003d0000004c560000ea
:1059d0004c3d0000002000004f550000543d0000e9
:1059e000004f0000555400003d000000204d000015
:1059f000494300003d0000004d490000433d0000c8
:105a000000460000545000002041000043540000b4
:105a10003d3000002054000059500000453d00007a
:105a20005041000055200000495000003d3000006a
:105a30002e3000002e3000002e30000020500000dc
:105a40004f520000543d0000323100002049000058
:105a5000443d00005a200000505700003d5a00000d
:105a6000004300004650000041550000204e000059
:105a70004f4d00003d550000534900004e450000c9
:105a800020540000454c00003d5a00002044000016
:105a9000544d0000463d000031320000332000002c
:105aa000485400004a3d0000323400003a30000003
:105ab00030200000444d0000433d00003130000024
:105ac000204800004d410000583d000031360000e4
:105ad000204800004d4900004e3d000031300000dc
:105ae00020440000533d00000043000046500000e9
:105af000415500002057000044530000563d00006f
:105b00003132000037200000574400005354000099
:105b10003d310000323700002057000044530000a0
:105b2000473d00003132000037200000574400009c
:105b3000564100003d31000032370000204d00008a
:105b400044530000433d000000470000414900006d
:105b50004e20000055530000494e0000453d000016
:105b60003100000043460000412000004c3d000091
:105b7000002000004546000046410000434500006b
:105b80003d31000000430000465300002053000058
:105b90003d310000204600003d330000342000006d
:105ba000433d000036350000204900003d30000034
:105bb000204400003d300000004300004653000038
:105bc000205300003d000000204600003d30000052
:105bd000204300003d300000204900003d3000001f
:105be000204400003d30000000520000204700002b
:105bf00055530000494e00004500000052200000af
:105c0000494d00004f440000205600003d000000b8
:105c100052440000523d000000440000454e000088
:105c200049450000443d0000005300004d53000072
:105c30003d000000522000004c4500005252000080
:105c40004f520000204800004c4500003d0000007d
:105c500020470000313d000000200000543d0000be
:105c6000270000002700000020450000313c000014
:105c7000204800004c4500003d000000273e000089
:105c800000520000204c0000434f00004e46000030
:105c9000204300004f4e0000533d00000020000054
:105ca000534d0000533100003d0000002053000020
:105cb0004d530000323d0000002000004944000028
:105cc000583d0000005200002052000041430000f7
:105cd000435200004f4300004845000020410000af
:105ce000435400003d0000005220000052450000d7
:105cf000424f00004f5400000052000020520000ac
:105d0000455000004f4e0000445200004520000066
:105d100041430000543d000000430000413d0000ad
:105d200000430000433d00000052000020530000eb
:105d3000534c0000434f00004e460000204300003b
:105d4000413d000000200000434300003d000000f2
:105d50004e4500003d000000522000005349000065
:105d60004d5500004c450000204e0000453d000010
:105d700000470000534d00003d000000522000008d
:105d8000534c0000454500005020000047530000e0
:105d90004d3d00005300000052200000534c000015
:105da0004545000050200000475300004d3d0000d5
:105db0004e000000574400003d0000005244000027
:105dc000503d000000520000444100003d00000032
:105dd00053520000563d0000004f000050450000a7
:105de0003d00000041550000545200003d000000fd
:105df00052200000534d000053460000414900006e
:105e00004c2000004e4200003d00000020530000e6
:105e10004d5300003d00000020480000523d0000ae
:105e20000020000041550000545200003d000000d9
:105e300020520000415a00003d31000000430000a4
:105e4000505400003d000000522000005452000059
:105e5000414e00005350000041520000454e0000ea
:105e60005420000043500000543d0000002000007a
:105e7000464900004e3d0000002000005045000053
:105e80003d31000000530000593d0000310000008a
:105e900052200000544500005354000041550000ba
:105ea000444900004f20000041430000543d0000e1
:105eb00000670000736d00007374000061740000df
:105ec000653d00002569000020410000535300009b
:105ed0003d2500006920000041450000533d0000c1
:105ee00025690000200a000000440000454300002e
:105ef0003d000000464f000052430000453d0000b9
:105f000000530000424300003d00000053480000e1
:105f1000433d00000044000050420000433d0000ab
:105f2000004d0000433d00000053000042410000ce
:105f30004c3d00000052000020470000505300007c
:105f4000524500004620000041430000543d00003f
:105f500000520000454600003d0000005450000083
:105f60003d0000004e4d0000493d00000041000092
:105f7000435100003d000000544c0000413d000032
:105f8000005400004c4f00003d0000005220000073
:105f9000475000005320000041430000543d0000e2
:105fa0000033000000200000545000003d000000bd
:105fb000204e00004d4900003d000000205400002c
:105fc0004c4100003d000000205400004c4f0000f8
:105fd0003d000000205200004c4100003d00000048
:105fe0002e000000204300004c4100003d5a0000fc
:105ff00000200000434c0000413d00000020000054
:10600000524c00004f3d000000200000434c0000b7
:106010004f3d00005a000000204300004c4f00009c
:106020003d000000204400004c4100003d5a0000ab
:10603000204400004c4f00003d5a00002044000066
:10604000413d00005a000000204400004c41000087
:106050003d000000204400004c4f00003d000000c7
:10606000204e0000533d000000200000414c000085
:106070003d00000020440000413d000000200000e1
:106080005452000041430000453d00003100000033
:106090002054000052410000434500003d30000004
:1060a000005200002047000050530000504f0000f5
:1060b000532000004c410000543d0000005a0000f5
:1060c000204c00004f4e00003d5a00000020000010
:1060d0004c4f00004e3d00000020000045540000e1
:1060e0003d000000205300005447000050530000c2
:1060f0003d000000522000004848000052200000ef
:10610000483d0000005200002048000054540000a8
:106110005053000047450000540000002055000087
:10612000524c00003d000000555200004c3d000064
:106130000068000074740000707300003a2f0000c3
:106140002f000000205000004f520000543d00007e
:10615000005000004f520000543d0000002000009d
:1061600054590000503d00000054000059500000f8
:106170003d000000636100005f6300006572000085
:10618000742e0000706500006d000000636c00005c
:106190005f63000065720000745f000074770000a8
:1061a0006f2e0000706500006d000000636c000041
:1061b0005f6b0000657900005f740000776f00007e
:1061c0002e700000656d0000007500007064000016
:1061d000745f0000736f0000667400007761000058
:1061e000726500002e680000657800000041000024
:1061f000554400003d000000453a00002f720000a9
:10620000696e0000672e00007761000076000000d4
:1062100020410000554400003d00000052450000b0
:10622000515500004554000045200000454e000037
:10623000204300004f55000052530000004300006f
:10624000553d0000004400005420000000520000b2
:106250002056000045520000494600004e550000ff
:106260004d540000454c00005041000055200000f6
:10627000564e0000503d0000005200002056000025
:1062800045520000534900004f4e000020470000d7
:10629000454e00003d0000004d5400005634000003
:1062a0004731000000200000554300003d00000081
:1062b000312e0000302e0000302d0000616c0000f7
:1062c0007068000061000000565500003d000000ad
:1062d00020560000553d0000002000004343000010
:1062e000494400003d0000002043000043490000f5
:1062f000443d00005a000000204900004d450000c8
:10630000493d000000200000494d000045490000c3
:106310003d5a0000002000004d4f0000443d0000a9
:1063200000410000524e0000533d0000004e0000ae
:10633000533d000000520000204600005450000071
:1063400020410000435400003d3000002044000084
:1063500045460000494e0000453d00003020000049
:10636000004d0000535100003d000000563d00006c
:10637000005200002044000045460000494e000045
:10638000452000000020000044550000414c000062
:106390005f450000544f00004e3d000030000000fb
:1063a000204c00004f520000413d00003000000032
:1063b000204c0000495400005f4100005252000090
:1063c0003d30000000200000434f00004e4600001a
:1063d0005f41000050500000454c00003d3000007f
:1063e0000020000047500000533d00003100000035
:1063f00020520000455000004f4e00005345000061
:106400005f410000555400004f3d00003000000087
:106410002041000055540000485f00004d4f00002f
:10642000444500003d30000000200000534f0000b4
:10643000465400005f41000056450000435f0000e5
:1064400046540000503d0000300000002053000082
:10645000493d00003100000041500000504500005f
:106460004c000000414d0000504c0000490000006d
:106470004249000050000000434600004100000077
:1064800043460000504100004d4400005000000011
:106490004346000050410000550000004346000004
:1064a000504900004e000000434600005300000029
:1064b000435000005400000043540000524c0000c0
:1064c00052450000534500004155000000440000c3
:1064d00045460000494e00004500000044540000bd
:1064e0000044000045420000554700000044000001
:1064f0005552000045450000004400004f44000094
:106500004f000000465200004551000000460000c8
:1065100054500000004600004354000000460000b4
:106520004f52000043450000455400004154000014
:1065300000470000414900004e00000047520000a3
:10654000414600000047000055530000494e00003e
:106550004500000047530000494d0000434f000034
:106560004d00000047500000534c00004f43000016
:106570000047000050530000524500004600000054
:10658000475000005300000048480000520000003f
:106590004854000054500000534700004554000088
:1065a000004900004d4f000044000000494e00002b
:1065b000464f0000004c0000434f00004e460000d4
:1065c000004c000045520000524f000052000000f5
:1065d0004c4500005252000045550000520000009a
:1065e0004d41000050500000494e0000470000009f
:1065f0004d4f0000444500004d0000004d53000089
:106600004754000045530000540000004f50000064
:106610004552000041540000455500005200000062
:106620004f500000544900004f4e00000050000041
:106630004300000050410000555300005441000049
:106640000050000041550000545300005400000069
:106650005241000043430000524f000043480000f5
:106660004500000052450000504f00004e4400001d
:106670005245000000520000454200004f4f00000c
:1066800054000000535300004c4300004f4e0000e4
:1066900046000000535400004154000055530000d0
:1066a0004f5300004300000053540000005300000b
:1066b0004d5300000053000020000000534900002b
:1066c0004d5500004c450000005300004d530000a4
:1066d00046410000494c000000530000594e0000a4
:1066e00000540000524100004345000000520000e9
:1066f00020540000524100004345000020430000a8
:10670000593d0000005400005744000047000000bd
:10671000544500005354000000540000455300004d
:106720005441000055440000494f0000005400004f
:10673000524100004e5300005041000052450000fd
:106740004e54000000560000414e00004100000081
:106750005645000052530000494f00004e00000013
:106760005645000052490000464e0000554d0000bd
:10677000544500004c5000004155000000520000fc
:1067800020460000414900004c200000005000005d
:106790006173000020640000652000007265000045
:1067a000706f00006e7300006520000066610000dd
:1067b000696c000020610000203a00002000000009
:1067c000534d0000534100005454000020000000cd
:1067d000534d0000534400004e54000020000000c0
:1067e00049500000415500004d5300004720000073
:1067f0004e4f00004d3d0000002000004d530000b2
:10680000473d000000200000494e00003d00000010
:106810005220000050410000554100005544000046
:10682000494f000020500000415500003d2200006b
:106830000049000050410000555200004145000051
:10684000204e00004f4d00003d00000022200000bf
:10685000544500004c3d000000200000535400004f
:1068600050410000553d000000200000434f000053
:106870004d3d00000049000050410000555200000d
:1068800041530000204e00004f4d00003d0000002d
:1068900049500000415500004141000053200000d4
:1068a0004e4f00004d3d000000520000204100000e
:1068b000505000004b4f0000205000004155000098
:1068c0003d220000004900005041000055450000f5
:1068d00041530000204e00004f4d00003d000000dd
:1068e000204e00004f3d00000020000045580000f1
:1068f0003d00000020450000525200003d00000015
:106900004950000041550000444d00005220000055
:106910004e4f00004d3d0000004900005041000076
:106920005545000045530000204e00004f4d00002b
:106930003d000000982f00008a42000091440000b2
:1069400037710000cffb0000c0b50000a5db0000e0
:10695000b5e900005bc2000056390000f1110000eb
:10696000f1590000a48200003f920000d55e0000b3
:106970001cab000098aa000007d80000015b0000d3
:1069800083120000be85000031240000c37d00009a
:106990000c550000745d0000be720000feb10000e6
:1069a000de800000a7060000dc9b000074f1000000
:1069b0009bc10000c16900009be400008647000005
:1069c000beef0000c69d0000c10f0000cca100007a
:1069d0000c2400006f2c0000e92d0000aa840000a8
:1069e000744a0000dca90000b05c0000da880000f6
:1069f000f9760000525100003e9800006dc600007c
:106a000031a80000c827000003b00000c77f0000c5
:106a100059bf0000f30b0000e0c6000047910000e2
:106a2000a7d5000051630000ca06000067290000d6
:106a300029140000850a0000b72700003821000053
:106a40001b2e0000fc6d00002c4d0000130d0000fb
:106a500038530000547300000a650000bb0a0000b0
:106a60006a7600002ec90000c2810000852c00005b
:106a700072920000a1e80000bfa200004b66000077
:106a80001aa80000708b00004bc20000a351000048
:106a90006cc7000019e8000092d100002406000035
:106aa00099d60000853500000ef4000070a00000ab
:106ab0006a10000016c10000a4190000086c000054
:106ac000371e00004c77000048270000b5bc0000ce
:106ad000b0340000b30c00001c3900004aaa0000ca
:106ae000d84e00004fca00009c5b0000f36f00000e
:106af0002e680000ee8200008f7400006f630000bb
:106b0000a578000014780000c88400000802000086
:106b1000c78c0000faff0000be900000eb6c000084
:106b200050a40000f7a30000f9be0000f2780000b6
:106b300071c6000063680000617200005b25000000
:106b4000645d0000203a000020250000630a000078
:106b50000053000070650000636b000020690000b6
:106b6000692000003a200000256400000a000000af
:106b7000637c0000777b0000f26b00006fc50000b3
:106b800030010000672b0000fed70000ab7600004c
:106b9000ca820000c97d0000fa59000047f00000d9
:106ba000add40000a2af00009ca4000072c00000a1
:106bb000b7fd000093260000363f0000f7cc000030
:106bc00034a50000e5f1000071d800003115000087
:106bd00004c7000023c3000018960000059a0000b7
:106be0000712000080e20000eb270000b2750000f1
:106bf000098300002c1a00001b6e00005aa0000040
:106c0000523b0000d6b3000029e300002f840000af
:106c100053d1000000ed000020fc0000b15b00003b
:106c20006acb0000be3900004a4c000058cf00007b
:106c3000d0ef0000aafb0000434d000033850000a8
:106c400045f90000027f0000503c00009fa80000b2
:106c500051a30000408f0000929d000038f5000015
:106c6000bcb60000da21000010ff0000f3d20000e3
:106c7000cd0c000013ec00005f97000044170000eb
:106c8000c4a700007e3d0000645d00001973000091
:106c9000608100004fdc0000222a00009088000084
:106ca00046ee0000b8140000de5e00000bdb0000c2
:106cb000e03200003a0a000049060000245c0000af
:106cc000c2d30000ac62000091950000e47900009e
:106cd000e7c80000376d00008dd500004ea9000008
:106ce0006c560000f4ea0000657a0000ae0800006f
:106cf000ba780000252e00001ca60000b4c60000d3
:106d0000e8dd0000741f00004bbd00008b8a00000e
:106d1000703e0000b566000048030000f60e00005b
:106d20006135000057b9000086c100001d9e0000bb
:106d3000e1f800009811000069d900008e9400006d
:106d40009b1e000087e90000ce55000028df0000f0
:106d50008ca10000890d0000bfe600004268000021
:106d6000419900002d0f0000b0540000bb16000038
:106d7000520900006ad5000030360000a538000036
:106d8000bf400000a39e000081f30000d7fb00007d
:106d90007ce30000398200009b2f0000ff87000089
:106da000348e000043440000c4de0000e9cb000044
:106db000547b000094320000a6c20000233d000076
:106dc000ee4c0000950b000042fa0000c34e00009c
:106dd000082e0000a166000028d9000024b200009f
:106de000765b0000a24900006d8b0000d1250000f9
:106df00072f80000f6640000866800009816000033
:106e0000d4a400005ccc00005d650000b6920000d8
:106e10006c70000048500000fded0000b9da000081
:106e20005e15000046570000a78d00009d840000fd
:106e300090d80000ab0000008cbc0000d30a00001a
:106e4000f7e4000058050000b8b300004506000054
:106e5000d02c00001e8f0000ca3f00000f0200006f
:106e6000c1af0000bd030000011300008a6b0000e9
:106e70003a910000114100004f670000dcea000079
:106e800097f20000cfce0000f0b40000e6730000df
:106e900096ac000074220000e7ad000035850000cc
:106ea000e2f9000037e800001c750000df6e00000a
:106eb00047f100001a7100001d290000c58900007b
:106ec0006fb70000620e0000aa180000be1b000091
:106ed000fc5600003e4b0000c6d2000079200000a6
:106ee0009adb0000c0fe000078cd00005af40000dc
:106ef0001fdd0000a833000088070000c731000034
:106f0000b11200001059000027800000ec5f000063
:106f1000605100007fa9000019b500004a0d000073
:106f20002de500007a9f000093c900009cef00004f
:106f3000a0e000003b4d0000ae2a0000f5b00000cc
:106f4000c8eb0000bb3c00008353000099610000c7
:106f5000172b0000047e0000ba770000d626000040
:106f6000e169000014630000552100000c7d000061
:106f70008d01000002040000081000002040000005
:106f8000801b0000364100004553000020420000f5
:106f90006c6f0000630a0000005000006164000094
:106fa0005f6c0000656e0000203a000020250000a4
:106fb000640a000000410000424300004445000014
:106fc00046470000484900004a4b00004c4d000075
:106fd0004e4f000050510000525300005455000025
:106fe00056570000585900005a61000062630000c3
:106ff0006465000066670000686900006a6b000055
:107000006c6d00006e6f0000707100007273000004
:107010007475000076770000787900007a300000ff
:1070200031320000333400003536000037380000bc
:10703000392b00002f0000004142000043440000b3
:107040004546000047480000494a00004b4c0000fc
:107050004d4e00004f5000005152000053540000ac
:107060005556000057580000595a00006162000050
:10707000636400006566000067680000696a0000dc
:107080006b6c00006d6e00006f700000717200008c
:10709000737400007576000077780000797a00003c
:1070a0003031000032330000343500003637000044
:1070b000383900002b2f00000044000065620000fa
:1070c0007574000020420000617300006536000006
:1070d0003420000044650000636f00006465000018
:1070e0000a000000206500006e6300006f6400006d
:1070f000656400005f6c0000656e0000203a0000cf
:1071000020250000640a00000045000072720000a3
:1071100065750000722000003a2000006c6f0000ce
:107120006e67000075650000757200002069000040
:107130006e760000616c000069640000650a000062
:10714000002000006f75000074700000757400006e
:107150005f6c0000656e000067740000682000002e
:107160003a200000256400000a00000061200000b1
:107170002d200000622000002d2000006320000070
:107180002d200000642000003a200000256400004b
:10719000202d000020250000642000002d2000008c
:1071a00025640000202d000020250000640a000056
:1071b00000500000726500006d69000065720000fb
:1071c000204f00006374000065740000203a000046
:1071d0002025000030320000580a000000000000a6
:1071e000522000005041000055530000544100005f
:1071f00020500000415500003d2200000022000008
:107200002053000054500000415500003d00000094
:107210002053000054470000505300003d00000080
:107220005220000053540000204d0000453d000056
:10723000002000004e3d0000002000004e3d0000f8
:107240005a000000204700004d3d000000200000d3
:10725000475300003d00000020470000453d00006e
:1072600000200000515300003d00000020510000ac
:10727000534d00003d000000204900004e3d00003d
:10728000002000004f550000543d00000020000089
:1072900047500000533d0000002000005352000002
:1072a000563d0000003000000031000000200000ca
:1072b0004f500000453d00000020000057440000f2
:1072c0003d00000020530000483d00000020000069
:1072d00053480000413d00000020000054520000cf
:1072e0003d00000020450000453d0000002000005a
:1072f000414700003d0000000a0000002048000057
:10730000583d000025630000256300002563000050
:107310002f250000632500006325000063000000a6
:107320005220000046430000542000004356000055
:107330003d780000257800002f250000782000000f
:1073400053520000453d0000782500006c78000095
:107350002f2500006c7800002053000050490000e9
:107360003d780000257800002f25000078200000df
:10737000535000004f3d000078250000782f00009a
:107380002578000020530000493d000078250000ca
:10739000782f000025780000205300004f3d0000aa
:1073a00078250000782f0000257800002053000089
:1073b000453d000078250000782f0000257800006a
:1073c00020560000433d000078250000782f000083
:1073d0002578000020520000425000003d78000057
:1073e000257800002f25000078200000524500007d
:1073f000413d000078250000782f0000257800002e
:1074000020560000583d000078250000783a000022
:10741000257800003a250000782f0000257800002c
:107420003a250000783a0000257800002048000046
:10743000425200003d25000030320000642500006b
:107440003032000064250000303200006425000066
:1074500030320000642000006a3d0000253000004a
:107460003264000025300000326400002f68000004
:107470000052000020560000414e00004120000054
:1074800056310000323d000000200000563400005c
:107490002e3200003d00000020560000332e000078
:1074a000333d00000020000056450000343d000040
:1074b0000020000056450000333d00000020000081
:1074c00056450000323d00000020000056450000f7
:1074d000313d0000300000002056000050560000f2
:1074e0003d00000020430000423d0000310000004c
:1074f00020430000423d0000300000002046000014
:107500004f520000434500003d000000256400008c
:107510000020000053420000433d00000020000016
:1075200053480000433d000000200000445000008c
:10753000424300003d000000204d0000433d00009c
:107540000020000053420000414c00003d000000bc
:1075500020280000204800004d410000583d000058
:1075600000200000484d0000494e00003d00000092
:107570002029000000520000204800005454000060
:107580005053000020000000504f000053540000f2
:107590002000000047450000542000000053000078
:1075a00055430000434500005353000000450000d0
:1075b000525200004f5200003d530000454e000063
:1075c000444900004e4700000045000052520000b0
:1075d0004f5200003d530000455200005645000048
:1075e0005200000045520000524f0000523d000082
:1075f0004558000054450000524e0000414c000028
:1076000000450000525200004f5200003d4900006a
:107610004e540000455200004e4100004c00000056
:1076200045520000524f0000523d0000464f0000fe
:10763000524d0000415400000020000000200000d6
:10764000555200004c3d00000068000074740000ba
:10765000707300003a2f00002f250000732f0000e8
:10766000257300000068000074740000707300004f
:107670003a2f00002f250000732f00002573000013
:107680003a2500006400000052200000534f000023
:10769000465400004d4100004a000000204e00000a
:1076a0004f4d00003d0000002053000055430000f6
:1076b00043450000535300000020000045520000e5
:1076c000524f00005200000053740000617400002b
:1076d000757300002052000053530000490a000057
:1076e0000052000053530000492000002d200000ec
:1076f0004e6200005f4d000065730000203d0000f9
:1077000020250000642000003b20000041630000b1
:10771000715f00004d6f0000792000003d200000e7
:1077200025640000004500007272000065750000cd
:10773000722000003a2000007061000073200000f9
:1077400064270000616e0000746500006e6e00002a
:107750006520000064e9000074e900006374000023
:10776000e9650000004300006c690000672000002c
:107770003320000052730000736900006f6b00003b
:107780000a000000232300002344000045420000bb
:107790005547000020510000756100006c69000031
:1077a00074e90000206400007520000053690000a7
:1077b000676e0000616c00002050000061730000e3
:1077c000204f00004b2000000042000061730000c9
:1077d000637500006c650000203d00002031000052
:1077e0000a0000004261000073630000756c000035
:1077f000652000003d200000300a0000002300004a
:1078000023230000444500004255000047200000ab
:1078100052530000525000002050000061730000dd
:10782000204f00004b0a000000230000232300002b
:10783000444500004255000047200000525300001c
:10784000525100002050000061730000204f0000e2
:107850004b0a0000002300002323000044450000e1
:107860004255000047200000454300004e4f0000f5
:107870002050000061730000204f00004b0a000000
:107880000052000020530000594e0000200000006c
:107890003a0000005a0000003a300000003a0000b0
:1078a00031000000457200007249000032630000a0
:1078b0002025000063200000653d000025640000d5
:1078c0002025000064200000256400002020000026
:1078d000200a000000450000525200004f520000f4
:1078e00020490000326300003a20000054490000a3
:1078f0004d450000204f0000555400002049000075
:10790000444c0000450a00000045000052520000af
:107910004f52000020490000324300003a2000008e
:10792000544900004d450000204f00005554000010
:107930002053000054410000525400000a0000008f
:1079400045520000524f0000522000004932000012
:10795000433a000020540000494d0000452000003b
:107960004f550000542000005245000053540000c1
:1079700041520000540a0000005300005749000023
:10798000544300004820000049320000432000001a
:107990004465000066610000756c00007420000002
:1079a0003a200000307800002530000032580000f6
:1079b00020280000256400002064000065630000aa
:1079c000696d0000616c0000290a0000004500009c
:1079d000525200004f520000204900003243000084
:1079e0003a200000544900004d450000204f00009f
:1079f000555400002041000044440000524500005e
:107a0000535300000a00000045520000524f00008e
:107a10005220000049320000433a00002054000088
:107a2000494d0000452000004f5500005420000043
:107a300044410000544100000a000000455200008b
:107a4000524f00005220000049320000433a00002b
:107a500020540000494d0000452000004f55000013
:107a600054200000535400004f5000000a00000052
:107a700045520000524f00005220000049320000e1
:107a8000433a000020540000494d0000452000000a
:107a90004f55000054200000414300004b200000df
:107aa0004e4f0000542000005245000043450000a6
:107ab00049560000454400000a00000045520000fd
:107ac000524f00005220000049320000433a0000ab
:107ad00020540000494d0000452000004f55000093
:107ae000542000004d410000535400004552000056
:107af000204e00004f54000020520000454100007d
:107b000044590000205400004f200000524500005e
:107b10004345000049560000450a000000450000aa
:107b2000525200004f5200003a200000425500001f
:107b3000532000004e4f000054200000524500002a
:107b4000414400005900000045520000524f00001f
:107b5000523a0000205300005441000052540000eb
:107b6000204e00004f54000020530000454e0000fe
:107b70004400000045520000524f0000523a0000fd
:107b800020410000444400005245000053530000cf
:107b9000205700005249000054450000204e0000cc
:107ba0004f54000020530000454e000044000000e8
:107bb00045520000524f0000523a0000205200008f
:107bc0004547000049530000544500005220000082
:107bd0004e4f000054200000534500004e4400006a
:107be00000450000525200004f5200003a200000b1
:107bf0004441000054410000204e00004f5400005a
:107c000020530000454e0000440000004552000093
:107c1000524f0000523a000020530000544f000021
:107c2000502000004e4f000054200000534500003b
:107c30004e44000000450000525200004f52000028
:107c40003a20000052450000535400004152000009
:107c5000542000004e4f0000542000005345000007
:107c60004e44000000450000525200004f520000f8
:107c70003a200000414400004452000045530000f7
:107c8000532000005245000041440000204e0000f7
:107c90004f54000020530000454e000044000000f7
:107ca00045520000524f0000523a000020440000ac
:107cb00041540000412000004e4f000054200000bd
:107cc000524500004345000049560000454400006d
:107cd0000052000054430000204900004e490000bb
:107ce000540a0000005200005443000020500000dd
:107cf00043460000383500003236000033410000b2
:107d0000202d0000204300006f6e00006669000017
:107d1000672000006e6f0000742000007365000093
:107d2000740a000000520000544300002043000089
:107d30006f6e00006669000067200000696e000039
:107d400069740000696100006c650000206e00002d
:107d50006f6e000020720000e96100006c69000095
:107d600073e900000a0000005254000043200000a4
:107d7000524100005a0a00000057000072690000da
:107d800074650000204900003243000020520000ca
:107d9000617a000020450000727200006f720000de
:107da0000a000000414c0000415200004d2000003c
:107db000322000004f4e00000a000000414c00003d
:107dc0005f4500004e2000005772000069740000fb
:107dd000652000004f4b00000a000000494e0000e3
:107de00054420000205700007269000074650000d2
:107df000204f00004b0a00000052000054430000d6
:107e00002047000045540000204600004c4100007f
:107e1000470a0000005200005443000020430000c5
:107e20004c45000041520000204600004c4100003b
:107e3000470a00000000000041700000706500006b
:107e40006c20000075720000676500006e74000011
:107e50000a000000686500006c6c00006f00000004
:107e600000440000454d0000414e00004445000024
:107e7000204400002741000050500000454c000005
:107e8000205300004f520000544100004e540000a7
:107e9000202d00003e200000004e0000b020000019
:107ea000544500004c2000003a200000000a000069
:107eb000004900004d5000004f530000534900009e
:107ec000424c0000452000004445000020500000c6
:107ed0004153000053450000522000004c27000091
:107ee00041500000504500004c0a000000490000cd
:107ef000735600006f690000636500004361000075
:107f00006c6c00005265000061640000793d000067
:107f10003d3000000a000000453a00002f670000d5
:107f200061720000646500002e7700006176000039
:107f300000460000696e00002061000070700000c3
:107f4000656c000020700000617200002054000089
:107f5000504100000a0000004c2700006170000042
:107f6000706500006c20000061200000e9630000e3
:107f7000686f000075e90000207300007461000064
:107f800074750000733d00000020000000730000c5
:107f9000656e000064440000544d0000462d000052
:107fa000702d0000200000000d0a0000007300008a
:107fb000656e000064440000544d0000463d000022
:107fc0003d3000000a000000736500006e64000090
:107fd000445400004d4600002d740000312d000077
:107fe000200000000d0a0000545200004143000030
:107ff000454900004e4600004f20000000250000cb
:108000007320000047310000334500003133000089
:10801000312000002d3e000020310000340a000015
:1080200000730000656e000064440000544d0000c1
:10803000462d0000743200002d2000004d45000048
:108040003d00000041500000504500004c20000061
:1080500054450000524d0000494e000045200000ec
:108060007061000072200000746500006d700000f7
:108070006f0a00000041000050500000454c000015
:1080800020540000455200004d4900004e450000bc
:10809000206300006175000073650000206100002e
:1080a00070700000656c00002075000072670000b1
:1080b000656e0000740a000000410000505000008e
:1080c000454c0000205300004f5200005441000076
:1080d0004e540000204e00004f4e00002041000092
:1080e000424f000055540000490a000000450000be
:1080f0003a2f00006e6f00006e610000622e0000db
:1081000077610000760000004150000050450000fb
:108110004c200000534f000052540000414e00001c
:108120005420000054450000524d0000494e00000c
:10813000452000002d2000006c6500002063000039
:108140006f72000065730000706f00006e640000c5
:10815000616e000074200000e0200000636f0000ea
:1081600075700000e92000006c61000020630000d1
:108170006f6e00006e65000063740000696f0000a0
:108180006e0a0000004500003a2f000066690000fa
:10819000706800006f2e000077610000760000001c
:1081a00041500000504500004c200000534f00009b
:1081b00052540000414e000054200000434f000084
:1081c000555200005420000054450000524d00005c
:1081d000494e000045200000706100007220000040
:1081e000706800006f6e0000696500000a00000002
:1081f00041700000706500006c2000007465000094
:10820000726d0000696e0000e920000061760000d8
:108210006563000020730000756300006365000063
:10822000730a00000041000070700000656c0000df
:10823000206500006e2000004563000068650000b6
:10824000632000006731000033200000323000005e
:108250003e200000363000000a000000536100009c
:10826000626f00007264000061670000652000001a
:10827000706100007220000057410000544300006c
:10828000484400004f47000020730000756900005b
:10829000746500002061000062730000656e0000dc
:1082a000636500002064000065200000726100002a
:1082b00063630000726f000063680000e90a000059
:1082c0000000000041500000504500004c2000001c
:1082d000454e000054520000414e00005420000062
:1082e0004445000054450000435400004520000070
:1082f0002d3e0000204d00004f44000045200000ae
:108300004445000020520000455000004f4e000040
:108310005345000020410000555400004f4d00001f
:10832000415400004951000055450000004e000036
:10833000b0200000544500004c2000003a2000000e
:10834000000a00000041000050500000454c0000b1
:10835000204500004e540000524100004e540000e1
:1083600020440000455400004543000054450000ef
:10837000202d00003e2000004d4f0000444500002d
:10838000204400004520000052450000504f0000ee
:108390004e530000452000004d4100004e550000a6
:1083a000454c0000004500003a2f000072690000b3
:1083b0006e6700002e77000061760000004100002b
:1083c00050500000454c0000204500004e54000075
:1083d000524100004e54000020540000455200005d
:1083e0004d4900004e45000020320000203d0000b5
:1083f0003e2000004c65000020500000412000009d
:10840000e02000007261000063630000726f0000f2
:1084100063680000e92000006170000072e800005d
:108420007320000065780000706900007261000030
:10843000746900006f6e0000206400007520000069
:1084400064e900006c6100006920000064650000c0
:1084500020730000e9630000757200006974000079
:10846000e90a0000004100006e740000692d000060
:108470004261000076610000726400002044000048
:108480004d4300003d250000640a0000004100004b
:1084900050500000454c0000204500004e540000a4
:1084a000524100004e54000020540000455200008c
:1084b0004d4900004e45000020320000203d0000e4
:1084c0003e2000004c650000206300006f72000039
:1084d00072650000737000006f6e00006461000040
:1084e0006e74000020e00000207200006163000054
:1084f000637200006f63000068e900000a0000007a
:1085000041500000504500004c200000454e000046
:1085100054520000414e0000542000005445000019
:10852000524d0000494e000045200000362000005a
:108530003d3e0000204100006e740000692d0000e7
:108540004261000076610000726400000a000000d1
:1085500041500000504500004c200000454e0000f6
:1085600054520000414e00005420000054450000c9
:10857000524d0000494e000045200000362000000a
:108580003d3e0000204c000065200000636f0000ad
:108590007272000065730000706f00006e6400006e
:1085a000616e000074200000e02000007261000095
:1085b00063630000726f000063680000e90a000056
:1085c000004500003a2f0000666900007068000056
:1085d0006f2e0000776100007600000050730000ed
:1085e00020640000652000007465000073740000c2
:1085f0002061000070700000656c000020650000c4
:108600006e740000726100006e740000205400005f
:10861000414300003d3000000a00000053610000ab
:10862000626f000072640000616700006520000056
:1086300070610000722000005741000054430000a8
:10864000484400004f470000207300007569000097
:10865000746500002061000062730000656e000018
:108660006365000020640000652000007261000066
:1086700063630000726f000063680000e90a000095
:10868000000000005b470000313700003d2500007e
:10869000642000003c200000256400000a00000067
:1086a000417200007265000074200000656e0000d9
:1086b000206300006f750000727300000a00000064
:1086c0004731000037200000646500006d20000085
:1086d000534c00004545000050200000727300001c
:1086e0003d250000642000000a000000202000005a
:1086f00041650000733d000025640000204100003a
:10870000737300003d2500006420000073650000c5
:1087100061740000723d000025640000202000000c
:108720007365000061650000666600003d2500007d
:10873000642000000a00000047520000414600008b
:108740000a0000000a00000041620000616e0000a3
:10875000646f00006e20000061720000726500000e
:1087600074200000313200000a0000004162000065
:10877000616e0000646f00006e20000061720000f6
:108780007265000074200000313300000a00000010
:1087900044730000205300006c6500006570000009
:1087a000203d000020250000640a000000000000b9
:1087b0000a0a0000476f0000205300006c650000ab
:1087c00065700000282900000a0000000a0a000065
:1087d000466900006e200000736c000065650000b3
:1087e00070280000293a000000540000524d00009b
:1087f000543100003d250000642000005452000068
:108800004d540000323d000025640000205500005a
:108810003152000058490000463d00002564000028
:10882000205500003252000058490000463d00002b
:1088300025640000204900004f4300004946000025
:108840003d25000064000000494f00004346000041
:10885000473900003d25000064200000494f00001a
:1088600043460000463600003d250000642000001d
:10887000494f000043460000463200003d250000fd
:108880006420000049740000526500007665000015
:10889000696c00003d78000025300000325800006f
:1088a0000a0000000a0a00004e4f0000207300007a
:1088b0006c6500006570000028290000203a000067
:1088c00000540000524d0000543100003d250000ce
:1088d00064200000545200004d540000323d00005e
:1088e0002564000020550000315200005849000066
:1088f000463d000025640000205500003252000073
:1089000058490000463d0000256400000049000071
:108910004f430000494600003d2500006420000050
:10892000494f000043460000473900003d25000044
:1089300064200000494f0000434600004636000016
:108940003d250000640a0000005300006f72000023
:108950007469000065200000646500002073000059
:108960006f6d00006d650000696c00002031000033
:1089700035200000473100003d250000640a00005a
:10898000005300007563000063650000737300000e
:108990002052000065730000657400000a000000aa
:1089a0004c6100006e630000652000006163000000
:1089b0007120000047500000532000004465000073
:1089c0006d3d0000000a0000004700005053000009
:1089d0003a200000706f000073200000636f0000f9
:1089e0007272000065630000746500000a000000f8
:1089f0004750000053200000437500007220000023
:108a00002d3e000052650000660a0000004c000088
:108a1000656700006572000020640000657000005a
:108a20006c200000726500006c6100006e63000045
:108a300065200000616300007120000047500000c5
:108a4000530a00000047000050530000204c000073
:108a5000415400003d2500006c6400002e250000fc
:108a60006c64000025630000207c000020000000f2
:108a70004c4f00004e3d0000256c0000642e0000ad
:108a8000256c000064250000632000007c200000ad
:108a9000004100004c5400003d250000642000000f
:108aa000207c0000200000004e42000053410000e6
:108ab000543d000025640000202000007c200000c0
:108ac00000550000544300003d25000073250000c0
:108ad000732000007c200000004d00004553000082
:108ae000204f00004b3d000025640000204e000098
:108af0004d6900003d2500006420000000200000ba
:108b00007c2000004d4500003d2500006420000051
:108b10002530000032580000200a00000043000009
:108b20006f7500007075000072650000204700003e
:108b300050530000006d0000616900006e74000079
:108b4000696500006e74000020470000505300006b
:108b500020500000415500002064000065700000b6
:108b60006c61000063650000006d00006169000039
:108b70006e740000696500006e74000020470000fc
:108b800050530000204100006c6900006d2000007f
:108b900070650000726d0000616e0000656e00007f
:108ba00074650000002000004d4500003d000000fd
:108bb000456e000076200000536d00007320000019
:108bc0006770000073200000617500002025000020
:108bd000732000004d65000067700000733d0000c9
:108be0005825000030320000780a000000470000dd
:108bf000505300004c4f000043000000475000005d
:108c000053000000456e000076200000536d000008
:108c10007320000067700000732000006175000081
:108c20002d20000025730000204d00006567000026
:108c3000707300003d5800002530000032780000bd
:108c40000a00000052200000535400002049000098
:108c50004e3d0000000a0000004900004e4900009f
:108c60005420000047390000204800004d54000007
:108c70003d0000003a0000000d0a000054520000c0
:108c800041430000454900004e4600004f200000cf
:108c90000025000073200000473900002e3100003d
:108ca0002025000030320000643a0000253000002a
:108cb00032640000205400003d25000030320000e6
:108cc000643a000025300000326400000a00000011
:108cd0004327000045530000542000004c270000ab
:108ce0004845000055520000452000005445000052
:108cf000535400000d0a00000044000065620000ab
:108d00007574000020740000657300007433000067
:108d10003e3400000a0000004155000044490000b4
:108d20004f2000004f4b00000a0000005245000099
:108d30004c4100004e430000452000005445000017
:108d4000535400000a000000464900004e20000075
:108d500054450000535400000a00000044e900009c
:108d6000666100007574000020500000686f00000c
:108d70006e690000650a0000007300006d7300005a
:108d800020530000590a0000007300006d730000ba
:108d9000205300005441000054550000530a0000c5
:108da000007300006d730000204600004354000073
:108db0000a000000736d000073200000535900008a
:108dc0004e0a0000007300006d7300002056000082
:108dd000414e0000410a0000004a00006f7500008b
:108de00072200000736100006e73000020560000c6
:108df00045520000494600004e5500004d0a000053
:108e000000470000505300004c4f0000430000009a
:108e100047500000530000004772000061660000e8
:108e200020390000202d000020640000656600004d
:108e3000617500006c7400000a000000416d0000c4
:108e4000702000004f660000660d00000041000029
:108e50006d700000204f00006e0d0000000000004b
:108e6000456e0000766f000069200000534d000041
:108e700053200000494e0000464f00000a00000049
:108e8000456e0000766f0000692000004854000025
:108e9000545000005320000053740000617400001f
:108ea00075730000204900006e6600006f0a000024
:108eb000004500006e7600006f690000205300003e
:108ec0006f660000742000004d6100006a20000001
:108ed00053740000617400007573000020490000a5
:108ee0006e6600006f0a000000460000494e000058
:108ef000204f00004b200000456e0000766f000000
:108f000069200000534d000053200000494e00002e
:108f1000464f00000a000000534d0000532000009f
:108f2000494e0000464f000020310000203e000066
:108f3000203200000a000000464900004e200000d8
:108f4000456e0000766f000069200000534d000060
:108f500053200000494e0000464f000020730000df
:108f6000757200002065000072720000207600001b
:108f7000616c000072650000670a00000053000089
:108f80004d530000204900004e4600004f200000d5
:108f9000322000003e330000203e00003e20000052
:108fa000000a0000004500006e7600006f690000b6
:108fb000204800005454000050200000535400008a
:108fc000415400005553000020500000415500005e
:108fd0000a000000456d0000657400002048000094
:108fe000545400005020000053540000415400002d
:108ff0005553000020500000415500000a000000b9
:10900000456e0000766f000069200000534f00009d
:1090100046540000204d0000414a0000205300004b
:1090200054410000545500005320000050410000fe
:10903000550a000000000000576f00007264000035
:10904000203d000020300000782500003036000070
:109050006c5800000a00000057720000697400009c
:109060006520000046610000696c00000a000000f5
:109070005365000074200000496e00006163000029
:1090800074690000766500002050000061720000e5
:1090900074690000746900006f6e00000a0000002f
:1090a00053770000617000002041000063740000ed
:1090b0006976000065200000320a000000530000bd
:1090c00077610000702000004163000074690000b7
:1090d00076650000203100000a00000046420000d2
:1090e00054530000455100002061000063740000eb
:1090f000203d0000203000007825000030360000c0
:109100006c5800000a000000464200005453000062
:1091100045510000206900006e610000637400008a
:10912000203d00002030000078250000303600008f
:109130006c5800000a00000045720000726f0000c9
:1091400072200000566100006c6900006469000034
:10915000747900000a0000004e6f000074200000c7
:10916000636f00006d7000006c65000074650000a6
:109170002048000065780000204c0000696e000067
:10918000650a0000004a0000756d000070200000b4
:10919000436f00006e660000696700007572000092
:1091a00061740000696f00006e200000576f0000be
:1091b00072640000730a0000006900006e61000024
:1091c000637400003d300000782500003038000056
:1091d0006c580000206c00006173000074410000b6
:1091e00064640000723d000030780000253000000b
:1091f000386c0000580a00000000000049670000b9
:109200006e6f000072650000204100007070000069
:10921000656c00000a000000536900006d700000da
:109220006c6500002041000070700000756900004e
:109230000a000000204900004d500000554c00007d
:109240005345000020310000202d00002052000076
:10925000e963000065700000746900006f6e000033
:109260002041000070700000656c00002045000087
:109270006e740000726100006e7400000a0000004d
:109280002d42000070200000726500006c6100003b
:1092900063680000652d00003e320000353000009c
:1092a0000a0000004c690000676e000065200000a5
:1092b000566100006c690000646500000a0000004f
:1092c00043610000736500002041000070700000e1
:1092d000656c0000205300006f7200007461000094
:1092e0006e7400000a000000415400005420000089
:1092f0005241000050500000454c0000200000008a
:109300000a000000504100005320000044450000c6
:109310002052000041500000504500004c20000049
:109320005245000043550000204f00004e20000031
:1093300041500000504500004c4c0000450a000020
:109340000041000050500000454c00002045000046
:109350004e540000524100004e5400000a0000002c
:10936000444500004d4100004e44000045200000ef
:1093700041500000504500004c200000564f0000b6
:10938000495800000a000000453a00002f6e000016
:109390006f6e0000616200002e77000061760000b1
:1093a00000000000545600003d3100000a0000009b
:1093b0005645000052490000464e0000554d000041
:1093c000544500004c5000004155000020000000b2
:1093d000204e0000554d00003d00000020430000dd
:1093e000553d0000004500006d69000073730000ea
:1093f000696f00006e2000006475000020530000bb
:109400004d530000206400006520000076650000d8
:109410007269000066690000636100007469000001
:109420006f6e00002000000064750000206e0000d8
:10943000756d0000657200006f0a00000064000096
:109440007520000072650000736500006175000002
:109450000a00000041750000637500006e200000e6
:10946000534d000053200000766500007269000033
:1094700066200000656d0000697300002c2000006c
:1094800043460000504100005520000054450000b4
:109490004c200000696e0000636f000072720000d3
:1094a00065630000740a00000031000000530000f2
:1094b0004d53000020640000652000007665000028
:1094c0007269000066690000636100007469000051
:1094d0006f6e00002072000065630000750a0000d6
:1094e00000300000005300004d53000020640000d5
:1094f0006520000076650000726900006669000062
:1095000063610000746900006f6e0000204e00006f
:109510004f4e00002072000065630000752c0000b3
:1095200020560000543d0000300a000000000000fa
:10953000456e0000766f000069200000534d00006a
:1095400053200000766100006e610000206400007e
:10955000656300000a000000564100004e41000013
:10956000000a000052200000434800004152000061
:109570004745000020730000746100007274000011
:1095800020620000617400003d250000642000009e
:10959000707300003d250000642000004d43000072
:1095a0003d250000640a0000000a0000522000006f
:1095b00043480000415200004745000020300000b1
:1095c000203e00003e2000004d6500007375000045
:1095d0007265000020560000505600000a0000008e
:1095e0000a5200002043000048410000524700009a
:1095f0004520000041520000524500005420000068
:1096000062610000743d00002564000020700000cd
:10961000733d0000256400002020000070760000eb
:109620003d250000642000004d4300003d25000062
:10963000640a0000000a00005220000043480000b5
:10964000415200004745000020310000203e00004c
:109650003e2000004d65000073750000726500003b
:1096600020560000505600000a0000000a52000078
:109670002043000048410000524700004520000000
:1096800052650000746f00007572000020610000d8
:10969000757400006f20000056500000563d000019
:1096a000256400000a000000414c00004152000007
:1096b0004d450000204d00004f440000454d000086
:1096c0000a000000416c0000617200006d6500003e
:1096d00020520000544300000a000000536f0000b5
:1096e0006674000020530000746100007274000072
:1096f0000a000000436c0000696700002031000090
:10970000207000006f77000065720000206f00007d
:109710006e0a000000520000656300006f6e0000da
:10972000666900006720000052540000430a0000f0
:1097300000550000706700002e540000656d0000a9
:10974000706f0000203d00003d200000300a000046
:1097500000520000207300006563000075200000c7
:1097600064650000636f00006e6e000065630000ba
:109770007465000072630000686100007267000099
:1097800065750000723d0000310a000000470000ce
:1097900052410000460a0000000a00000054000088
:1097a000705300006563000047500000535f0000e5
:1097b00032530000656300003d2500006420000076
:1097c0004d65000067700000733d000058250000e3
:1097d0003032000078200000536f000075680000f0
:1097e0003d250000642000006c7500003d25000050
:1097f000640a0000000000002d2d00002d2d000047
:109800002d2d000043410000534500002032000090
:10981000303000002041000050500000454c000056
:10982000205300004f520000544100004e540000ed
:109830002d2d00002d4d0000414b0000455600002d
:109840004f49000043450000434100004c4c0000dc
:109850002d2d00000a000000446500006d6100002d
:109860006e6400006520000050410000205200009e
:1098700061630000637200006f63000068650000b0
:109880000a000000446500006d6100006e64000085
:109890006520000067610000696e00002000000084
:1098a000446900006666000075730000696f00007f
:1098b0006e0a000000500000686f00000a000000ff
:1098c000506800006f2000004d4500000a000000b5
:1098d00054650000737400000a0000004d61000030
:1098e000757600006169000073200000506100007f
:1098f000726100006d200000436f00006e66000082
:10990000696700002041000075640000696f000075
:109910000a000000473100003d25000064200000df
:10992000534d0000535300006f720000742e00006e
:10993000415400003d2500006420000047730000f2
:109940006d53000074610000746500003d25000047
:1099500064200000534d0000534500006e74000069
:109960002e410000543d00002564000020530000fb
:109970004d530000456e0000742e0000416600004b
:10998000616300003d250000642000000a00000023
:1099900047660000303d00002564000020470000bd
:1099a000663100003d250000642000004270000088
:1099b000543d000025640000205300006563000052
:1099c00049670000417000003d2500006420000050
:1099d000453100003d2500006420000045320000b4
:1099e0003d25000064200000473900003d250000af
:1099f00064200000473100003d2500006420000085
:109a0000473300003d25000064200000446500004d
:109a100072560000616c000052650000673d000056
:109a2000256300000a00000052650000626f00001c
:109a30006f74000020640000656d0000616e00001e
:109a4000646500000a000000534d00005320000030
:109a50005245000043550000204e000054450000d0
:109a60003d0000002044000041540000453d00003e
:109a7000002000004845000055520000453d000010
:109a80000020000049440000583d0000002500006f
:109a900064000000205400004558000054450000b8
:109aa0003d0000000d0a00000044000054200000aa
:109ab00000200000004800005454000050530000f3
:109ac000474500005400000043460000504100009c
:109ad0004d44000050000000534d00005352000060
:109ae0004550000020000000534d0000534300008b
:109af0004d44000020000000434d000044200000c1
:109b00003a200000000a0000000000004346000068
:109b1000504100005500000043460000504900003d
:109b20004e00000047410000494e00000043000085
:109b300046410000204c00003d000000434600006c
:109b400053200000533d0000005600004552000025
:109b5000534900004f4e0000005300005400000025
:109b6000564100004e410000004900004d4f0000ea
:109b70004400000047500000530000004c43000028
:109b80006f6e0000660a00000000000043680000dd
:109b900067740000543100007c3d00004d5300000c
:109ba000515f00004348000047540000543100005a
:109bb0005f560000414e00004120000028310000a7
:109bc000290a0000004500006e7600006f69000061
:109bd000205300004d53000020560000414e00006d
:109be000410a000000470000505300004c4f0000a5
:109bf000430000004750000053000000564500009d
:109c000052530000494f00004e0000000d0a0000b2
:109c10005452000041430000454900004e460000f8
:109c20004f2000000000000025640000003000000c
:0c9c300078000000305800000000000028
:020000040000fa
:109c3c000400fa00204798003147980000c4200027
:109c4c00104f78003e4090000004e0000e003200ff
:109c5c0000c42000904078002e40900080c060002e
:109c6c002e40900080cf50001600320000c420001f
:109c7c00904078002e40900080c0700000c42000fe
:109c8c00014878000f00370000c420009040780095
:109c9c002e40900080c060002e40900080cf50007d
:109cac0008003a002e40900080c0ea0000c420005a
:109cbc001040780000c060008040780000c4200094
:109ccc000148780000c42000104078009e407800c5
:109cdc0080cf500010003200a53d2200c43d220070
:109cec0003c4200012c0b300a103200000c5b300c0
:109cfc008c58020001000000a53d2200c43d22004a
:109d0c0003c4200012c0b300a103200000c5b3009f
:109d1c00e05902000100000000c42000104078004f
:109d2c001e4068000080fa00000006002600fa00c1
:109d3c00406798000000eb00100798004e60900000
:109d4c00e94f5000ad013e004e6090000080fb00da
:109d5c00200798002e0090004600dd002007980098
:109d6c002e0090001004b00020079800c14e2a006d
:109d7c0010b120009cdf02000100000030079800a9
:109d8c00be00900010b12000008040000041eb00ac
:109d9c00800078004e60900008b8020001000000be
:109dac00be00900000804000300798002002200088
:109dbc000e004000a53d2200c43d22008001780029
:109dcc0012c0b300ae00900000c5b300e059020011
:109ddc0001000000be00900010b120000080400087
:109dec00514f2a009cdf020001000000be009000d1
:109dfc0000804000300798000000eb00000f780056
:109e0c00120037002e6090008080fb0022002000a2
:109e1c001e0078000010dd00008060000000e000f3
:109e2c0005003200680047001e00400011c3b3005b
:109e3c000148780004003700680047001e0040000d
:109e4c0001c3b300014878001e0fe8001e00780023
:109e5c00e30f5000ebff3400680047001e00400089
:109e6c008040eb0001487800be00900010b120004b
:109e7c0000804000e80047009cdf02000100000069
:109e8c00be0090000080400030079800be0090009b
:109e9c0010b1200000804000914f2a009cdf02008e
:109eac0001000000be0090000080400030079800c8
:109ebc002e6090008080fb0000022000008060007b
:109ecc000000e0000300320010c3b300004f980004
:109edc000200370000c3b300004f98000040eb00b5
:109eec00104f9800be00900010b120000080400080
:109efc00e80047009cdf020001000000be0090005b
:109f0c000080400030079800be00900010b1200087
:109f1c0000804000d14f2a009cdf020001000000ad
:109f2c00be00900000804000300798002e6090002a
:109f3c000080fb0061006000004078000004e0003d
:109f4c000300320010c3b300004f9800020037002a
:109f5c0000c3b300004f98000040eb00104f980076
:109f6c00be00900010b1200000804000e8004700c7
:109f7c009cdf020001000000be0090000080400049
:109f8c0030079800be00900010b120000080400007
:109f9c0011502a009cdf020001000000be0090005e
:109fac0000804000300798002e6090008080fb00fd
:109fbc0000042000008060000000e000030032007c
:109fcc0010c3b300004f98000200370000c3b30069
:109fdc00004f98000040eb00104f9800be0090001e
:109fec0010b1200000804000e80047009cdf020018
:109ffc0001000000be009000008040003007980077
:10a00c00be00900010b120000080400051502a008a
:10a01c009cdf020001000000be00900000804000a8
:10a02c0030079800020120008000eb00c01f2100c7
:10a03c005005020000000000c11f21002e009000fe
:10a04c0063004000a53d2200c43d22008101780040
:10a05c00f2c0b3008000780000c5b300e0590200e4
:10a06c00010000006800470080007800c01f21003c
:10a07c00f4dd020001000000be00900010b12000d1
:10a08c0000804000e80047009cdf02000100000057
:10a09c00be0090000080400030079800be00900089
:10a0ac0010b120000080400091502a009cdf02007b
:10a0bc0001000000be0090000080400030079800b6
:10a0cc00020120008000eb00c01f2100500502009f
:10a0dc0000000000c11f21002e0090007200400003
:10a0ec00a53d2200c43d220081017800f2c0b300de
:10a0fc008000780000c5b300e059020001000000a8
:10a10c006800470080007800c01f2100f4dd0200c9
:10a11c0001000000be00900010b120000080400043
:10a12c00e80047009cdf020001000000be00900028
:10a13c000080400030079800be00900010b1200055
:10a14c0000804000d1502a009cdf0200010000007a
:10a15c00be009000008040003007980020022000d4
:10a16c000e004000220020008000eb005005020091
:10a17c00000000002e0090000080e800210220006a
:10a18c008e804000a53d2200c43d22008101780054
:10a19c0012c0b3008000780000c5b300e059020083
:10a1ac00010000002e609000e80047000041eb0029
:10a1bc0008b8020001000000be00900010b12000a1
:10a1cc0000804000e80047009cdf02000100000016
:10a1dc00be0090000080400030079800be00900048
:10a1ec0010b120000080400011512a009cdf0200b9
:10a1fc0001000000be009000008040003007980075
:10a20c0068004700a20120008000eb00500502000e
:10a21c0000000000e80047002e0090001002b00083
:10a22c00a53d2200c43d220081017800c2c0b300cc
:10a23c008000780000c5b300e05902000100000066
:10a24c000040eb00405798000e4890000004e000de
:10a25c0004003a006800470051512a009cdf0200bc
:10a26c0001000000be00900010b1200000804000f2
:10a27c00e80047009cdf020001000000be009000d7
:10a28c000080400030079800be00900010b1200004
:10a29c000080400071512a009cdf02000100000088
:10a2ac00be00900000804000300798002002200083
:10a2bc000e004000220020008000eb005005020040
:10a2cc00000000002e0090000000e8002102200099
:10a2dc008e804000a53d2200c43d22008101780003
:10a2ec0012c0b3008000780000c5b300e059020032
:10a2fc00010000002e609000e80047000041eb00d8
:10a30c0008b8020001000000be00900010b120004f
:10a31c0000804000e80047009cdf020001000000c4
:10a32c00be0090000080400030079800be009000f6
:10a33c0010b1200000804000b1512a009cdf0200c7
:10a34c0001000000be009000008040003007980023
:10a35c00200220000e004000220020008000eb00b4
:10a36c0050050200000000001e009000a53d2200d8
:10a37c00c43d22008001780022c0b300514120006e
:10a38c0000c5b300e0590200010000004e609000cf
:10a39c000080fb00110020000008dd008000780028
:10a3ac001e009000008060000000e0000a003200f7
:10a3bc00be00900010b1200000804000f1512a0036
:10a3cc009cdf020001000000be00900000804000f5
:10a3dc003007980009003700be00900010b1200033
:10a3ec000080400011522a009cdf02000100000096
:10a3fc00be00900000804000300798000080fa00fa
:10a40c00000006000400fa001007980031522a00e0
:10a41c001e0090009cdf020001000000000f78007d
:10a42c00b0ae2000104078000004e00008003200bc
:10a43c001e0078009e00900000804000b1ae20000d
:10a44c009cdf0200010000001e0f400007003700d7
:10a45c001e0078009e0090000080400051512a00a0
:10a46c009cdf0200010000001e0f40001e0078005f
:10a47c009e00900000804000e1522a009cdf020008
:10a48c00010000001e0f4000c0c68000610060008b
:10a49c000000e0000b003a00f0a18000e30f500038
:10a4ac0008003a001e0078009e00900000804000da
:10a4bc00f1512a009cdf0200010000001e0f400039
:10a4cc00070037001e0078009e00900000804000be
:10a4dc0011522a009cdf0200010000001e0f4000f8
:10a4ec001e0078009e0090000080400031532a002e
:10a4fc009cdf0200010000001e0f40009e0078004f
:10a50c0010b12000008040000041eb00800078007a
:10a51c0000cab30008b80200010000001e0f400082
:10a52c001e0078009e0090000080400091532a008d
:10a53c009cdf0200010000001e0f40009e0078000e
:10a54c0010b120000081400080d3800091d38000a6
:10a55c00c3c0b300ccb80200010000001e0f4000c5
:10a56c001e0078009e00900000804000f1532a00ed
:10a57c009cdf0200010000001e0f40009e007800ce
:10a58c0010b1200000814000a0cc8000b1cc800034
:10a59c00c3c0b300ccb80200010000001e0f400085
:10a5ac000080fa00000006000c00fa00000f780092
:10a5bc001107980022079800330798004407980069
:10a5cc00254f980050542a002ee402000100000090
:10a5dc001e0078002ee40200010000002e489000be
:10a5ec000004e0000400320070542a002ee4020043
:10a5fc000100000003003700d0542a002ee40200b2
:10a60c00010000002e0090002ee40200010000006a
:10a61c003e0090000000e0000700320030552a0098
:10a62c002ee40200010000003e0090002ee4020027
:10a63c00010000000300370090552a002ee40200b0
:10a64c00010000004e0090000000e0000700320006
:10a65c0000562a002ee40200010000004e0090007b
:10a66c002ee40200010000000300370060562a00af
:10a67c002ee40200010000002e4890000004e000cf
:10a68c0004003200d0562a002ee402000100000023
:10a69c000300370030572a002ee4020001000000ae
:10a6ac001e0090002ee402000100000050542a000d
:10a6bc002ee40200010000000080fa0000000600f9
:10a6cc000e00fa00500798006107980064004700dc
:10a6dc003300200000017800a1572a005e00900092
:10a6ec00272e07000000e0000b003200ce40900047
:10a6fc0010c3b30080cf500004003a00402f21005b
:10a70c0051c0b3000148780003003700402f2100ee
:10a71c008040eb00014878000000eb001007980027
:10a72c008b003700f1572a0010b120009cdf02008b
:10a73c0001000000000f78009e00780010b120008e
:10a74c000080400091582a009cdf020001000000ac
:10a75c001e0f40009e00780010b120008080400049
:10a76c001e0090000040780022c0b30008b8020020
:10a77c00010000001e0f40009e00780010b1200068
:10a78c0000804000c1582a009cdf0200010000003c
:10a79c001e0f40009e00780010b120008081400008
:10a7ac001e0090006a00b90000007800e400400030
:10a7bc00c02c210000804000100078000040780080
:10a7cc0032c0b3008300780008b80200010000001a
:10a7dc001e0f40009e00780010b120000080400049
:10a7ec00e1582a009cdf0200010000001e0f40000f
:10a7fc009e00780010b12000808040001e00900068
:10a80c000040780022c0b30008b80200010000002c
:10a81c001e0f40009e00780010b120000080400008
:10a82c00c1582a009cdf0200010000001e0f4000ee
:10a83c009e00780010b12000808140001e00900026
:10a84c006a00b90080007800c02c21000080400014
:10a85c00104078000041eb008300780008b802003b
:10a86c00010000001e0f40001e0090006a00b9009d
:10a87c0080007800c02c210000804000104078003f
:10a88c00e14f500025003a009e00780010b12000e6
:10a89c000080400011592a009cdf020001000000da
:10a8ac001e0f40009e00780010b1200080804000f8
:10a8bc001e009000004078000041eb0008b8020038
:10a8cc00010000001e0f40009e00780010b1200017
:10a8dc0000804000c1582a009cdf020001000000eb
:10a8ec001e0f40009e00780010b120000081400037
:10a8fc001e0090006a00b900000078008080e8001b
:10a90c00c02c2100008040001000780082007800ec
:10a91c0016b60200010000001e0f40009e007800d9
:10a92c0010b120000080400051542a009cdf02002e
:10a93c00010000001e0f400010b120002ee40200a8
:10a94c00010000001e0090000000e80010079800b5
:10a95c001e009000f90f500072ff34000080fa00c6
:10a96c00000006000600fa00100798002107980066
:10a97c001e0090003040900022c0b300ae0090004a
:10a98c0008b8020001000000004f78001e80fb0098
:10a99c00ae0090000080400041592a009cdf02006c
:10a9ac0001000000004078001e4f40001e80fb009c
:10a9bc00ae009000808040001e009000404090004f
:10a9cc0022c0b30008b8020001000000004078006b
:10a9dc001e4f40001e80fb00ae0090000080400027
:10a9ec0041592a009cdf0200010000000040780061
:10a9fc001e4f40001e80fb00ae0090008080400087
:10aa0c001e0090006040900022c0b30008b8020005
:10aa1c0001000000004078001e4f40001e80fb002b
:10aa2c00ae0090000080400061592a009cdf0200bb
:10aa3c0001000000004078001e4f40001e80fb000b
:10aa4c00ae009000808040001e0090001040780006
:10aa5c0022c0b30008b802000100000000407800da
:10aa6c001e4f40001e80fb00ae0090000080400096
:10aa7c0081592a009cdf0200010000000040780090
:10aa8c001e4f40001e80fb00ae00900080804000f6
:10aa9c001e0090001040900022c0b30008b80200c5
:10aaac0001000000004078001e4f40001e80fb009b
:10aabc00ae0090000080400081592a009cdf02000b
:10aacc0001000000004078001e4f40001e80fb007b
:10aadc00ae009000808040001e009000204090004e
:10aaec0022c0b30008b8020001000000004078004a
:10aafc001e4f40001e4078000080fa000000060047
:10ab0c000400fa001007980000f020004e5e0200ce
:10ab1c0001000000a1592a001e0090009cdf0200d9
:10ab2c0001000000000f78001e0078009e009000cd
:10ab3c00008040008000780080f0200089ff070032
:10ab4c000080fb001e0f40001e0078009e0090004d
:10ab5c0000804000515a2a009cdf020001000000d6
:10ab6c001e0f40001e0078009e00900000804000e8
:10ab7c008000780000f020007aff07000080fb00c6
:10ab8c001e0f40001e0078009e00900000804000c8
:10ab9c00a15a2a009cdf0200010000001e0f400099
:10abac001e0078009e00900000804000800078001d
:10abbc0000f120006bff07000080fb001e0f40001f
:10abcc001e0078009e00900000804000115b2a005f
:10abdc009cdf0200010000001e0f40001e007800e8
:10abec009e009000008040008000780080f12000e2
:10abfc005cff07000080fb001e0f40001e00780069
:10ac0c009e00900000804000815b2a009cdf0200c7
:10ac1c00010000001e0f40001e0078009e009000f6
:10ac2c00808040009062800016b602000100000097
:10ac3c001e0f40001e0078009e0090000080400017
:10ac4c00d15b2a009cdf0200010000001e0f4000b7
:10ac5c001e0078009e00900080804000f0f12000e3
:10ac6c00104078000041eb0008b802000100000021
:10ac7c001e0f40001e0078009e00900000804000d7
:10ac8c00315c2a009cdf0200010000001e0f400016
:10ac9c001e0078009e009000808040007080200094
:10acac00104078000041eb0008b8020001000000e1
:10acbc001e0f40001e0078009e0090000080400097
:10accc00c15c2a009cdf0200010000001e0f400046
:10acdc001e0078009e0090008080400050c520002f
:10acec00104078000041eb0008b8020001000000a1
:10acfc001e0f40001e0078009e0090000080400057
:10ad0c00115d2a009cdf0200010000001e0f4000b4
:10ad1c001e0078009e0090000080400080007800ab
:10ad2c00200221000fff07000080fb001e0f4000d7
:10ad3c001e0090000080fa00000006001200fa00cd
:10ad4c0070079800010f980000c3b300004f780003
:10ad5c000040eb00104798006400470013002000ef
:10ad6c0000017800715d2a007e009000842c0700a1
:10ad7c000000e00006003200ce40900010c3b3008b
:10ad8c0080cf500002003a0010c0b300104798006a
:10ad9c00640047003300200000017800c15d2a00e8
:10adac007e009000762c07000000e0006c00320062
:10adbc004e4090000000fb006101b900f0fb2f0039
:10adcc00f1ff2f0002004000838048003201200078
:10addc0003002000820f5000838f580060003e005b
:10adec000060010013003700420037004a003700b2
:10adfc005b0037002d003700170037000d003700bf
:10ae0c005700370029003700550037005400370031
:10ae1c005300370052003700480037001700370046
:10ae2c00160037004e0037004d0037004c0037003d
:10ae3c0027003700d3312000320620009e409000be
:10ae4c00105e2a006ab8020000000000ce4090009c
:10ae5c00014f7800420037003332200032062000c8
:10ae6c009e409000e05e2a006ab8020000000000dc
:10ae7c00ce409000014f780039003700b05f2a00b7
:10ae8c002ee4020001000000a33220003206200054
:10ae9c009e40900040602a006ab80200000000004a
:10aeac00ce409000014f78002d0037000333200076
:10aebc00320620009e40900010612a006ab8020001
:10aecc0000000000ce409000014f780024003700b5
:10aedc0063332000320620009e409000e0612a007f
:10aeec006ab8020000000000ce409000014f7800cc
:10aefc001b003700b3332000320620009e40900028
:10af0c00b0622a006ab8020000000000ce40900037
:10af1c00014f780012003700033420003206200065
:10af2c009e40900080632a006ab802000000000076
:10af3c00ce409000014f78000900370053342000b8
:10af4c00320620009e40900040642a006ab802003d
:10af5c0000000000ce409000014f7800000000007f
:10af6c0064004700130020000001780011652a00de
:10af7c007e009000022c07000000e0000a00320066
:10af8c00ce40900010c3b30080cf500006003a00b2
:10af9c0000c3b300004f78000040eb00104798004e
:10afac00eab802000000000061652a0010b1200020
:10afbc009cdf0200010000001007980011b1200076
:10afcc001e009000008040001e4878001e0090007b
:10afdc000000e800100798009e00900010b12000bf
:10afec000080400051662a009cdf02000100000036
:10affc009e00900000804000100798001e409000ba
:10b00c000004e0000a0032009e00900010b1200005
:10b01c0000804000f1512a009cdf0200010000007a
:10b02c009e00900000804000100798000900370037
:10b03c009e00900010b120000080400011522a00a8
:10b04c009cdf0200010000009e0090000080400088
:10b05c00100798001e0090000000e80010079800f0
:10b06c0011b120001e009000008040008040eb00d9
:10b07c00014878000080fa00000006001e00fa006b
:10b08c00881f7800500f9800610f980064004700eb
:10b09c003300200000017800b1662a005e089000a1
:10b0ac00b72b07000000e0000600320064004700e8
:10b0bc0004b5020001000000e18a210080487800fc
:10b0cc0003003700e08a210021c0b300014878005a
:10b0dc00e08a210090407800c0c3b30080cf5000bc
:10b0ec0003003600e08a2100a1c0b30001487800bb
:10b0fc00640047003300200000017800f1662a004c
:10b10c005e0890009e2b07000000e0000500320056
:10b11c004e40900080407800f08a21000148780071
:10b12c0003003700f08a21008040eb0001487800d2
:10b13c00780047000001780051672a005e089000f3
:10b14c000ee10200010000000000e00049003200a6
:10b15c004e08900064004000400f98000000eb0087
:10b16c00100798000f0037004e089000de08900082
:10b17c000080400010407800804078005288210008
:10b18c001e00900000004100014878004e0890001d
:10b19c000000e800400f98001e0090000000e8003e
:10b1ac00100798009e00900070022000808f5000c5
:10b1bc0012003c004e089000de0890000080400019
:10b1cc0010407800ea4f50000c0032004e089000fe
:10b1dc00de0890000080400010407800ed4f5000d9
:10b1ec00060032004e089000de08900000804000ff
:10b1fc00104078000004e000dbff3a005188210089
:10b20c001e009000008040008040eb000148780058
:10b21c001e0090000000e0000b0032006ce4020005
:10b22c0001000000a0672a002ee4020001000000cb
:10b23c00508821003ae402000100000050542a001a
:10b24c002ee40200010000006e0890000000e000f7
:10b25c0004003a00008b21008040eb00014878008c
:10b26c0004003700ee089000008b2100420602001b
:10b27c00000000006400470043002000000178003b
:10b28c0061682a005e0890003d2b07000000e0007a
:10b29c00140032006e0890000000e00011003a002b
:10b2ac0064004700ceb9020001000000d09688006f
:10b2bc006ce4020001000000d1968000640047009d
:10b2cc00811f780011692a00811f78001a0502007d
:10b2dc0000000000e4875700640047002ee40200e1
:10b2ec0001000000640047003300200000017800da
:10b2fc00c1692a005e089000212b07000000e000c5
:10b30c0046003200ce40900010c3b30080cf5000f6
:10b31c0013003a006e0890000000e00008003a00ac
:10b32c006ce4020001000000406a2a002ee40200d6
:10b33c0001000000b00e2000d096880008003700f5
:10b34c00b03d210011c0b300014878006ce402004c
:10b35c0001000000306c2a002ee402000100000005
:10b36c00ce40900020c3b30080cf500013003a00b1
:10b37c006e0890000000e00008003a006ce4020047
:10b38c0001000000406e2a002ee4020001000000c3
:10b39c0080112000d096880008003700b03d2100b5
:10b3ac0021c0b300014878006ce4020001000000e9
:10b3bc0090702a002ee4020001000000ce409000a4
:10b3cc00a0c5b30080cf500014003a006e08900066
:10b3dc000000e00009003a006ce4020001000000eb
:10b3ec0050732a002ee4020001000000508020005f
:10b3fc0011c0b3000148780008003700b03d2100af
:10b40c00a1c5b300014878006ce402000100000003
:10b41c00f0742a002ee402000100000064004700d2
:10b42c00330020000001780041772a005e0890006c
:10b43c00d32a07000000e00009003200ce40900043
:10b44c0010c3b30080cf500005003a0060222100e9
:10b45c0011c0b3000148780030382100e073880037
:10b46c00640047003300200000017800c1772a00f7
:10b47c005e089000c22a07000000e00018003200ad
:10b48c006400470004b502000100000001f2200036
:10b49c008048780000f22000104078000004e000a2
:10b4ac000400320000f2200010407800f44f5000ed
:10b4bc000300360000f2200051c0b30001487800b0
:10b4cc00a53d2200c43d220003f2200012c0b300af
:10b4dc00c103200000c5b3008c580200010000001d
:10b4ec0064004700330020000001780011782a0026
:10b4fc005e089000a22a07000000e000180032004d
:10b50c006400470004b502000100000011f22000a5
:10b51c008048780010f22000104078000004e00011
:10b52c000400320010f2200010407800e64f40007a
:10b53c000300360010f2200001c5b300014878006a
:10b54c00a53d2200c43d220013f2200012c0b3001e
:10b55c00d103200000c5b3008c580200010000008c
:10b56c00a53d2200c43d220003f2200012c0b3000e
:10b57c00c103200000c5b300e05902000100000027
:10b58c00a53d2200c43d220013f2200012c0b300de
:10b59c00d103200000c5b300e059020001000000f7
:10b5ac0064004700930020000001780061782a00b5
:10b5bc005e089000722a07000000e0000a003200ca
:10b5cc0000f220001044780064004700c0b702006d
:10b5dc0001000000804078006400470008417800ba
:10b5ec00b8ca02000100000010b120008040eb003e
:10b5fc000148780064004700330020000001780007
:10b60c00c1782a005e0890005d2a07000000e00067
:10b61c00dd003200ce40900010c3b30080cf50004c
:10b62c00d9003a0021792a0010b120009cdf0200d9
:10b63c0001000000000f780040d68000610060001f
:10b64c000000e000080032009e00780010b12000dd
:10b65c0000804000f1512a009cdf02000100000034
:10b66c001e0f4000070037009e00780010b120002c
:10b67c000080400011522a009cdf020001000000f3
:10b68c001e0f40009e00780010b12000008040008a
:10b69c00317a2a009cdf0200010000001e0f4000de
:10b6ac0040d68000620060000000e000080032001c
:10b6bc009e00780010b1200000804000f1512a005b
:10b6cc009cdf0200010000001e0f40000700370045
:10b6dc009e00780010b120000080400011522a001a
:10b6ec009cdf0200010000001e0f40009e0078004d
:10b6fc0010b1200000804000f17a2a009cdf02008b
:10b70c00010000001e0f4000f0a18000e30f50006c
:10b71c0026003200e30f500005003e00e10f500000
:10b72c0012003200e10f500018003e0007003700f5
:10b73c00e50f50002d003200e50f500023003900ba
:10b74c00e60f500031003200380037009e007800c0
:10b75c0010b1200000804000917b2a009cdf020089
:10b76c00010000001e0f4000380037009e007800da
:10b77c0010b1200000804000117c2a009cdf0200e8
:10b78c00010000001e0f4000300037009e007800c2
:10b79c0010b1200000804000717c2a009cdf020068
:10b7ac00010000001e0f4000280037009e007800aa
:10b7bc0010b1200000804000e17c2a009cdf0200d8
:10b7cc00010000001e0f4000200037009e00780092
:10b7dc0010b1200000804000317d2a009cdf020067
:10b7ec00010000001e0f4000180037009e0078007a
:10b7fc0010b1200000804000d17d2a009cdf0200a7
:10b80c00010000001e0f4000100037009e00780061
:10b81c0010b1200000804000317e2a009cdf020025
:10b82c00010000001e0f4000080037009e00780049
:10b83c0010b1200000804000917e2a009cdf0200a5
:10b84c00010000001e0f4000000000009e00780068
:10b85c0010b1200000804000d17e2a009cdf020045
:10b86c00010000001e0f40009e00780010b1200067
:10b87c0080804000e073800016b6020001000000da
:10b88c001e0f40009e00780010b120000080400088
:10b89c00617f2a009cdf0200010000001e0f4000a7
:10b8ac009e00780010b1200080804000c0738000a2
:10b8bc0016b60200010000001e0f40009e0078002a
:10b8cc0010b1200000804000e17f2a009cdf0200c4
:10b8dc00010000001e0f40009e00780010b12000f7
:10b8ec0080804000d073800016b60200010000007a
:10b8fc001e0f40009e00780010b120000080400018
:10b90c0061802a009cdf0200010000001e0f400035
:10b91c009e00780010b1200080804000b073800041
:10b92c0016b60200010000001e0f40009e007800b9
:10b93c0010b1200000804000d1802a009cdf020062
:10b94c00010000001e0f40009e00780010b1200086
:10b95c000080400011812a009cdf020001000000e1
:10b96c001e0f40009e00780010b120008080400027
:10b97c0040e72000104078000041eb0008b80200be
:10b98c00010000001e0f400064004700330020003f
:10b99c000001780091812a005e0890007829070048
:10b9ac000000e00007003200ce40900010c3b3004e
:10b9bc0080cf500003003a00f0cc80000020a000a3
:10b9cc00f0cc8800640047003300200000017800b0
:10b9dc0051822a005e089000692907000000e000ef
:10b9ec0011003200ce40900010c3b30080cf500045
:10b9fc000a003a0011c0b30010c0b3008cf8070065
:10ba0c0090da20008040eb000148780030e72000fd
:10ba1c008040eb0001487800030037008040eb00c9
:10ba2c0010c0b30082f8070010b12000104078005d
:10ba3c000004e0003b003a00d1822a0010b1200043
:10ba4c009cdf020001000000000f780000c4200001
:10ba5c00104078000080fb0061006000004078001e
:10ba6c000004e000080032009e00780010b12000b5
:10ba7c0000804000f1512a009cdf02000100000010
:10ba8c001e0f4000070037009e00780010b1200008
:10ba9c000080400011522a009cdf020001000000cf
:10baac001e0f40009e00780010b120000080400066
:10babc00c1832a009cdf0200010000001e0f400021
:10bacc009e00780010b120008080400000f2200021
:10badc001040780012c0b30008b80200010000004a
:10baec001e0f40009e00780010b120000080400026
:10bafc0021842a009cdf0200010000001e0f400080
:10bb0c009e00780010b120008080400010f22000d0
:10bb1c001040780012c0b30008b802000100000009
:10bb2c001e0f40004f0478000080fa000000060051
:10bb3c000600fa00100798002107980081842a005b
:10bb4c0010b120009cdf020001000000000f780003
:10bb5c009e00780010b1200080804000a0ae200034
:10bb6c001040780012c0b30008b8020001000000b9
:10bb7c001e0f40000080fa00000006000600fa00cc
:10bb8c00100798002107980021852a0010b1200089
:10bb9c009cdf020001000000000f7800a08c210047
:10bbac00104078008040780010b120001e0040004a
:10bbbc00014878001e0fe8009e00780010b12000ac
:10bbcc000080400031862a009cdf0200010000004a
:10bbdc001e0f4000a1ac21001e01780010b1200006
:10bbec00000041009cdf0200010000001e0f40001d
:10bbfc009e00780010b1200000804000a1862a0031
:10bc0c009cdf0200010000001e0f40009e00780027
:10bc1c0010b1200000804000c15c2a009cdf0200b3
:10bc2c00010000001e0f40009e00780010b12000a3
:10bc3c008080400050c52000104078000041eb008f
:10bc4c0008b80200010000001e0f40000080fa003e
:10bc5c00000006000c00fa004007980051079800fd
:10bc6c00630047003300200000017800c1862a00e1
:10bc7c004e009000c22807000000e00033003200a4
:10bc8c006300470004b50200010000002047980043
:10bc9c009022210010407800ae40900080cf5000e0
:10bcac002a00320090222100104078000080fb0016
:10bcbc00700060000000e000040032002e40900094
:10bccc000044a00020479800030037002e4090004d
:10bcdc000044a1002047980090222100ae40900023
:10bcec0001487800a53d2200c43d2200932221008a
:10bcfc0012c0b300e103200000c5b3008c58020051
:10bd0c0001000000a53d2200c43d22009322210029
:10bd1c0012c0b300e103200000c5b300e0590200db
:10bd2c000100000090222100104078000080fb00f0
:10bd3c00610060000000e00004003a0011c0b30094
:10bd4c00000120003e3602000100000063004700a5
:10bd5c00330020000001780011872a004e0090006b
:10bd6c00872807000000e000240032006300470031
:10bd7c0004b502000100000020479800a022210019
:10bd8c0010407800ae40900080cf50001b00320075
:10bd9c00a0222100ae40900001487800a022210092
:10bdac009040780040c6b30080cf500003003600ae
:10bdbc00a0222100c1c3b30001487800a53d220098
:10bdcc00c43d2200a322210012c0b300f1032000c5
:10bddc0000c5b3008c58020001000000a53d2200f4
:10bdec00c43d2200a322210012c0b300f1032000a5
:10bdfc0000c5b300e05902000100000063004700d9
:10be0c00130020000001780071872a004e0090007a
:10be1c005b2807000000e00021003200be409000cb
:10be2c0010c3b30080cf500007003a0090222100cd
:10be3c0010407800804078000144a000902221003e
:10be4c00014878000600370090222100104078004d
:10be5c00804078000144a100902221000148780024
:10be6c00a53d2200c43d22009322210012c0b30044
:10be7c00e103200000c5b3008c5802000100000053
:10be8c00a53d2200c43d22009322210012c0b30024
:10be9c00e103200000c5b300e059020001000000de
:10beac00630047003300200000017800d1872a008e
:10bebc004e009000322807000000e000180032000d
:10becc006300470004b50200010000002047980001
:10bedc00ae4090007147980067004700a53d2200d6
:10beec00c43d22008001780012c0b300e12f200075
:10befc0000c5b3008c580200010000006700470029
:10bf0c00a53d2200c43d22008001780012c0b30080
:10bf1c00e12f200000c5b300e05902000100000031
:10bf2c0021882a0010b120009cdf020001000000d3
:10bf3c00000f78009e00780010b1200000804000b7
:10bf4c00b1882a009cdf0200010000001e0f400097
:10bf5c009e00780010b120008080400090222100cb
:10bf6c001040780012c0b30008b8020001000000b5
:10bf7c001e0f40009e00780010b120000080400091
:10bf8c0011892a009cdf0200010000001e0f4000f6
:10bf9c009e00780010b1200080804000a02221007b
:10bfac001040780012c0b30008b802000100000075
:10bfbc001e0f40000040eb00204798009e007800c8
:10bfcc0010b120000080400081892a009cdf020013
:10bfdc00010000001e0f400090222100104078004c
:10bfec000080fb00700060000000e00008003200e0
:10bffc009e00780010b1200000804000f1512a0012
:10c00c009cdf0200010000001e0f400007003700fb
:10c01c009e00780010b120000080400011522a00d0
:10c02c009cdf0200010000001e0f40009e00780003
:10c03c0010b1200000804000f1892a009cdf020032
:10c04c00010000001e0f40009e00780010b120007f
:10c05c00808040007e40900012c0b30008b80200ff
:10c06c00010000001e0f40001e0fe80010b1200060
:10c07c001e0040008040eb00014878000080fa0070
:10c08c00000006000800fa0020079800310798000d
:10c09c000e80e8001300200000017800518a2a006d
:10c0ac002e009000b62707000000e0000b003200c5
:10c0bc00ae40900000c3b30080cf500004003a00a3
:10c0cc0000c120008040eb000148780003003700dd
:10c0dc0000c12000e1c1b30001487800a18a2a0008
:10c0ec0010b120009cdf020001000000000f78005e
:10c0fc00a0358000620060000000e0000500320006
:10c10c0010b120001e00400011c3b300014878009c
:10c11c000400370010b120001e00400001c3b30022
:10c12c00014878001e0fe80010b120001e004000ee
:10c13c008040eb00014878000080fa000000060007
:10c14c002400fa0000179800111798000040eb002b
:10c15c00004f78007e00470000017800718b2a00a8
:10c16c000e1090000ee10200010000000000e00043
:10c17c000300320010c0b3002047980002003700c3
:10c18c000040eb002047980063004700330020007c
:10c19c0000017800f18b2a000e1090007827070020
:10c1ac000000e000050032006300470004b5020007
:10c1bc0001000000004f780002003700c0c3b3003c
:10c1cc00004f780063004700130020000001780046
:10c1dc00418c2a000e109000692707000000e00037
:10c1ec00050032006300470004b5020001000000a6
:10c1fc0010479800020037000040eb0010479800f1
:10c20c00630047009301200000017800918c2a0004
:10c21c000e1090005a2707000000e0006500320065
:10c22c0063004700ae43900026c0b3008042eb0091
:10c23c000042eb009e4190001e4178008040eb00d4
:10c24c003a84020001000000e18c2a0010b12000a9
:10c25c009cdf020001000000700f98007e08900027
:10c26c008000780010b1200000804000e3004700ff
:10c27c009cdf020001000000fe089000010040005d
:10c28c00700f98007e0890008000780010b120009c
:10c29c0000804000b18d2a009cdf020001000000ec
:10c2ac00fe08900001004000700f98007e0890007e
:10c2bc008000780010b120000080400012c0b30054
:10c2cc00800078001e40780008b8020001000000d1
:10c2dc00fe08900001004000700f98007e0890004e
:10c2ec008000780010b1200000804000118e2a00e0
:10c2fc009cdf020001000000fe08900001004000dd
:10c30c00700f98007e0890008000780010b120001b
:10c31c000080400012c0b300800078001e409000e6
:10c32c0008b8020001000000fe0890000100400067
:10c33c00700f98007e0890008000780010b12000eb
:10c34c0000804000718e2a009cdf0200010000007a
:10c35c00fe08900001004000700f98007e089000cd
:10c36c008000780010b120000080400012c0b300a3
:10c37c00800078002e40900008b8020001000000f8
:10c38c00fe08900001004000700f98007e0890009d
:10c39c008000780010b1200000804000f18e2a004f
:10c3ac009cdf020001000000fe089000010040002c
:10c3bc00700f98000080fa00000006000c00fa00d4
:10c3cc0040079800510798000040eb00004f7800a0
:10c3dc000040eb0010479800640047002300200049
:10c3ec0000017800618f2a004e009000e4260700bf
:10c3fc000000e00006003200ce40900010c3b300f5
:10c40c0080cf500002003a0010c0b30010479800d3
:10c41c00640047002300200000017800918f2a005f
:10c42c004e009000d62607000000e0000900320004
:10c43c006400470004b5020001000000004f7800c2
:10c44c009e4090001e407800cae5020001000000ea
:10c45c00004f7800c18f2a0010b120009cdf020031
:10c46c0001000000100798009e00900010b1200001
:10c47c00008040000041eb00800078001e407800f6
:10c48c0008b80200010000009e00900000804000ef
:10c49c00100798000080fa00000006004a00fa001d
:10c4ac0030279800412798000000eb0020079800e7
:10c4bc006a004700230020000001780051902a00f8
:10c4cc003e209000ae2607000000e000e3013200a1
:10c4dc006a00470004b502000100000060479800a4
:10c4ec006e409000e94f5000dc013e006e40900021
:10c4fc000080fb00400798004e0090004600dd00d5
:10c50c00400798004e0090001004b00040079800bf
:10c51c006a004700130020000001780091902a0067
:10c52c003e209000962607000000e00049003200f3
:10c53c00ae48900010c3b30080cf500045003a00c5
:10c54c006a004700020120008000eb005005020049
:10c55c0000000000ea0047004e009000630040001d
:10c56c00a53d2200c43d220081017800f2c0b30039
:10c57c008000780000c5b3008c5802000100000058
:10c58c00ea0047004e00900072004000a53d2200da
:10c59c00c43d220081017800f2c0b3008000780015
:10c5ac0000c5b3008c58020001000000ea004700ef
:10c5bc004e0090000000e800a53d2200c43d220082
:10c5cc008101780012c0b3008000780000c5b30070
:10c5dc008c58020001000000ea0047004e00900059
:10c5ec001002b000a53d2200c43d2200810178005c
:10c5fc00c2c0b3008000780000c5b3008c580200a4
:10c60c0001000000ea0047004e0090000080e800a6
:10c61c00a53d2200c43d22008101780012c0b30068
:10c62c008000780000c5b3008c58020001000000a7
:10c63c006a004700a53d2200c43d2200800178001d
:10c64c0012c0b300ce00900000c5b3008c5802009d
:10c65c00010000006a0047009301200000017800ef
:10c66c0051502a003e209000452607000000e000b3
:10c67c0026003200ae489000a0c5b30080cf500019
:10c68c0011003a006a004700020120008000eb0014
:10c69c005005020000000000ea0047004e00900028
:10c6ac0063004000a53d2200c43d220081017800ba
:10c6bc00f2c0b3008000780000c5b3008c580200b3
:10c6cc000100000011003700610220008e80400044
:10c6dc006a004700e6dc0200010000006102200055
:10c6ec008e8040004e00900063004000a53d22006b
:10c6fc00c43d220081017800f2c0b30080007800b4
:10c70c0000c5b3008c580200010000006a0047000d
:10c71c00930120000001780091502a003e209000e7
:10c72c00172607000000e00026003200ae489000fb
:10c73c00a0c5b30080cf500011003a006a0047003a
:10c74c00a20120008000eb00500502000000000058
:10c75c00ea0047004e00900072004000a53d220008
:10c76c00c43d220081017800f2c0b3008000780043
:10c77c0000c5b3008c580200010000001100370006
:10c78c00610320008e8040006a004700e6dc020056
:10c79c0001000000610320008e8040004e009000dc
:10c7ac0072004000a53d2200c43d220081017800aa
:10c7bc00f2c0b3008000780000c5b3008c580200b2
:10c7cc00010000006a0047003300200000017800df
:10c7dc0071512a003e209000e92507000000e0007e
:10c7ec00100032006a00470004b50200010000008e
:10c7fc00406798004e0090000000e80041022000c5
:10c80c008e804000a53d2200c43d220081017800ad
:10c81c0012c0b3008000780000c5b3008c58020031
:10c82c00010000006a004700c300200000017800ee
:10c83c0011512a003e209000d12507000000e00095
:10c84c0014003200ae489000a0c5b30080cf500059
:10c85c0005003a006a004700a20120008000eb00ae
:10c86c005005020000000000ea0047004e00900056
:10c87c001002b000a53d2200c43d220081017800c9
:10c88c00c2c0b3008000780000c5b3008c58020011
:10c89c00010000006a00470033002000000178000e
:10c8ac00d1502a003e209000b52507000000e00082
:10c8bc00100032006a00470004b5020001000000bd
:10c8cc00406798004e0090000080e8004102200074
:10c8dc008e804000a53d2200c43d220081017800dd
:10c8ec0012c0b3008000780000c5b3008c58020061
:10c8fc00010000000040eb00004f78000040eb000e
:10c90c00104798006a00470043002000000178009f
:10c91c00514f2a003e209000992507000000e000ae
:10c92c002c0032000040eb00204798002600370016
:10c93c002e4090000080fb00000047002048900033
:10c94c000000fb0001032000810f500006003200a4
:10c95c0011032000810f50000c0032000000e00099
:10c96c0013003200150037002e4090000080fb00b1
:10c97c00210020000008dd00804078001e4090005f
:10c98c0000c07000104798000c0037002e4090003b
:10c99c000080fb00210020000008dd0080407800b2
:10c9ac001e40780000c07000004f78000300370074
:10c9bc0040c0b30020479800000000002e409000bb
:10c9cc000040e800204798002e409000e34f5000b4
:10c9dc00d7ff36006a0047001300200000017800e2
:10c9ec00914f2a003e209000652507000000e000d2
:10c9fc000f0032002e4890000000fb0001032000c5
:10ca0c00810f50000400320011032000810f5000f0
:10ca1c0005003200060037001e4090000054a000b4
:10ca2c0010479800020037001e54a00000000000c0
:10ca3c006a0047001300200000017800d14f2a0043
:10ca4c003e2090004e2507000000e0000f00320051
:10ca5c002e4890000000fb0001032000810f5000c5
:10ca6c000400320011032000810f50000500320039
:10ca7c00060037001e4090000004a00010479800ec
:10ca8c00020037001e04a000000000006a004700ee
:10ca9c00130020000001780011502a003e20900065
:10caac00372507000000e0000f0032002e489000f0
:10cabc000000fb0001032000810f50000400320035
:10cacc0011032000810f50000500320006003700d2
:10cadc001e4090000064a000104798000200370030
:10caec001e64a000000000001e4078000004e0005e
:10cafc0003003a001e4090000004e00021003200c8
:10cb0c006a004700a53d2200c43d22008001780048
:10cb1c0012c0b300ce00900000c5b300e059020073
:10cb2c00010000002e489000304f9800ae48900055
:10cb3c001e40780000c07000204f9800ae48900056
:10cb4c001e40900000c0ea0000c06000204f98001a
:10cb5c00be4890002e48900080cf50000900320053
:10cb6c006a004700a53d2200c43d220080017800e8
:10cb7c0012c0b300ce00900000c5b3008c58020068
:10cb8c00010000006a00470013002000000178003b
:10cb9c00b1512a003e209000f92407000000e0006b
:10cbac002c0032002e009000a53d2200c43d220036
:10cbbc008001780022c0b3005141200000c5b300b1
:10cbcc00e0590200010000002e4890000000fb001c
:10cbdc0001032000810f50000400320011032000db
:10cbec00810f50000a003200110037006e40900097
:10cbfc000080fb00110020000008dd000080ea002e
:10cc0c00ae009000008060002007980008003700fc
:10cc1c006e4090000080fb00110020000008dd0039
:10cc2c00ae0090000100700020079800000000008a
:10cc3c002e009000a53d2200c43d2200800178000a
:10cc4c0022c0b3005141200000c5b3008c58020033
:10cc5c00010000006e40900034f407000080fa00e0
:10cc6c00000006007200fa0070379800013f98002f
:10cc7c0011912a0010b120009cdf0200010000007d
:10cc8c00000f78000e3890000000e00042003a00df
:10cc9c00b0912a002ee4020001000000d004200014
:10ccac000e004000130020000001780011932a00b0
:10ccbc007e309000b22407000000e0003600320005
:10cccc00dec8900010c3b30080cf500032003a0091
:10ccdc000040eb0050ef9800d00420000e00400004
:10ccec0002022000f10f200050050200000000009d
:10ccfc00d00420000e004000a53d2200c43d2200bf
:10cd0c008001780002c2b3002148200000c5b300a6
:10cd1c008c58020001000000d00420000e004000de
:10cd2c00a53d2200c43d22008001780022c0b30042
:10cd3c000148200000c5b3008c580200010000001f
:10cd4c00d00420000e004000a53d2200c43d22006e
:10cd5c008001780002c2b3002148200000c5b30056
:10cd6c00e0590200010000000e80e800d104200010
:10cd7c008e804000811f780061932a00811f78000b
:10cd8c000005020000000000e48757000e80e80058
:10cd9c002ee40200010000000e3890000000e000bc
:10cdac0019003a00d00420000e004000a53d2200de
:10cdbc00c43d22008001780002c2b300214820004b
:10cdcc0000c5b300e0590200010000009e0078008d
:10cddc0010b120000080400021952a009cdf020049
:10cdec00010000001e0f4000d10420008e80400086
:10cdfc001e01780010b12000000041009cdf0200f1
:10ce0c00010000001e0f400010b120001e00400069
:10ce1c008040eb00014878000080fa00000006001a
:10ce2c007000fa00603798007137980043002000ba
:10ce3c0022e9200081952a006e30900050240700d2
:10ce4c000000e0000e00320020e9200004b50200d2
:10ce5c000100000020ef9800a00620000e0040000a
:10ce6c00a53d2200c43d22008001780012c0b30011
:10ce7c00d101200000c5b3008c5802000100000055
:10ce8c00a00620000e004000a53d2200c43d22005b
:10ce9c008001780012c0b300d101200000c5b3009e
:10ceac00e0590200010000002ee890000080fb0019
:10cebc006060880061608000c00320000088b900b9
:10cecc0000007800606088003300200022e9200018
:10cedc00d1952a006e309000292407000000e00054
:10ceec000b00320020e920009040780010c3b30002
:10cefc0000c068000080fb000000e9004f00de006d
:10cf0c00004078008040780000c8b30048f3070068
:10cf1c003300200022e9200021962a006e30900078
:10cf2c00172407000000e0000b00320020e920006d
:10cf3c009040780010c3b30000c068000080fb0074
:10cf4c000000e9004f00de000040780080407800cf
:10cf5c0000c2b30036f307005300200022e9200082
:10cf6c0071962a006e309000052407000000e00046
:10cf7c001b00320020e92000ceb9020001000000a5
:10cf8c0040379800ce309000c0188100808f500040
:10cf9c0013003200800620000e004000a53d220048
:10cfac00c43d22008001780022c0b300512f200024
:10cfbc0000c5b3008c580200010000008031220033
:10cfcc00a53d2200c43d22008001780022c0b300a0
:10cfdc00512f200000c5b300e059020001000000f1
:10cfec003300200022e92000d1962a006e309000f8
:10cffc00e32307000000e0001500320020e92000c8
:10d00c0004b5020001000000a13122008048780024
:10d01c00a53d2200c43d2200a331220012c0b30062
:10d02c00712f200000c5b3008c58020001000000d5
:10d03c00a53d2200c43d2200a331220012c0b30042
:10d04c00712f200000c5b300e05902000100000060
:10d05c003300200022e9200031972a006e30900026
:10d06c00c72307000000e0001500320020e9200073
:10d07c0004b5020001000000b131220080487800a4
:10d08c00a53d2200c43d2200b331220012c0b300e2
:10d09c00812f200000c5b3008c5802000100000055
:10d0ac00a53d2200c43d2200b331220012c0b300c2
:10d0bc00812f200000c5b300e059020001000000e0
:10d0cc003300200022e9200091972a006e30900056
:10d0dc00ab2307000000e0001500320020e920001f
:10d0ec0004b5020001000000c13122008048780024
:10d0fc00a53d2200c43d2200c331220012c0b30062
:10d10c00912f200000c5b3008c58020001000000d4
:10d11c00a53d2200c43d2200c331220012c0b30041
:10d12c00912f200000c5b300e0590200010000005f
:10d13c003300200022e92000f1972a006e30900085
:10d14c008f2307000000e0001500320020e92000ca
:10d15c0004b5020001000000d131220080487800a3
:10d16c00a53d2200c43d2200d331220012c0b300e1
:10d17c00a12f200000c5b3008c5802000100000054
:10d18c00a53d2200c43d2200d331220012c0b300c1
:10d19c00a12f200000c5b300e059020001000000df
:10d1ac003300200022e9200051982a006e309000b4
:10d1bc00732307000000e0001300320020e9200078
:10d1cc0004b502000100000070e798007ee09000ba
:10d1dc00e44f500002003e00e0c1b30070e798003d
:10d1ec00700620000e004000a53d2200c43d220028
:10d1fc008001780012c0b3006103200000c5b300a9
:10d20c008c58020001000000e00520000e004000d8
:10d21c00530020000001780091982a006e30900095
:10d22c00572307000000e00028003200e005200032
:10d23c000e004000100798000040eb0060e79800db
:10d24c00600620000e00400080017800a2c720007c
:10d25c00a1c3b3001e009000c8e102000100000051
:10d26c000000e000190032006ee090000000fb00ae
:10d27c000000e8009e00900000804000100798001d
:10d28c00600620000e00400080017800b2c720002c
:10d29c0001c2b3001e009000c8e1020001000000b2
:10d2ac000000e00009003200a0c72000a53d2200cc
:10d2bc00c43d22008001780022c0b300b1012000df
:10d2cc0000c5b3008c580200010000000000eb0008
:10d2dc00200798003300200022e92000e1982a0062
:10d2ec006e309000262307000000e000160032008c
:10d2fc0020e9200004b502000100000051c220000a
:10d30c008048780050c220009040780040c2200035
:10d31c001040780080cf50000300310050c2200034
:10d32c0001c1b30001487800a53d2200c43d220094
:10d33c0053c2200012c0b3004141200000c5b3000d
:10d34c008c58020001000000a53d2200c43d2200c3
:10d35c0053c2200012c0b3004141200000c5b300ed
:10d36c00e0590200010000003300200022e92000f7
:10d37c0041992a006e309000012307000000e00064
:10d38c001600320020e9200004b502000100000064
:10d39c0041c220008048780040c2200090407800b4
:10d3ac0050c220001040780080cf5000030036009f
:10d3bc0040c22000a1c0b30001487800a53d220066
:10d3cc00c43d220043c2200012c0b30031412000f2
:10d3dc0000c5b3008c58020001000000a53d2200de
:10d3ec00c43d220043c2200012c0b30031412000d2
:10d3fc0000c5b300e059020001000000a0c72000e6
:10d40c00a53d2200c43d22008001780022c0b3005b
:10d41c00b101200000c5b300e0590200010000007a
:10d42c004301200022e92000a1992a006e309000cf
:10d43c00d32207000000e0000900320020e92000a0
:10d44c00a53d2200c43d22008001780042c1b300fa
:10d45c004100200000c5b3008c5802000100000000
:10d46c00420120008000eb0020e920005005020062
:10d47c000000000020e92000a53d2200c43d220050
:10d48c008001780042c1b3004100200000c5b30008
:10d49c00e05902000100000060ea20008040eb002f
:10d4ac0001487800a00520000e0040003300200049
:10d4bc000001780061782a006e309000b0220700dd
:10d4cc000000e0000a003200a00520000e00400021
:10d4dc00a53d2200c43d22008001780032c0b3007b
:10d4ec008101200000c5b3008c580200010000002f
:10d4fc00a00520000e004000320020008000eb0050
:10d50c005005020000000000a00520000e004000a5
:10d51c00a53d2200c43d22008001780032c0b3003a
:10d52c008101200000c5b300e05902000100000099
:10d53c000040eb0050df980066004700930120008c
:10d54c0000017800f1992a006e3090008c220700bf
:10d55c000000e0003e003200000320000e004000fe
:10d56c00020120008000eb005005020000000000ca
:10d57c00000320000e004000a53d2200c43d220007
:10d58c0080017800f2c0b3006102200000c5b30036
:10d59c00e059020001000000010420008e804000d0
:10d5ac00000320000e004000f4dd0200010000002a
:10d5bc00e6004700000420000e0040002c0602008c
:10d5cc00000000000000e0002100320001022000f9
:10d5dc008e80400066004700e6dc0200010000007f
:10d5ec00000220000e004000a53d2200c43d220098
:10d5fc0080017800f2c0b3006102200000c5b300c6
:10d60c008c5802000100000050b0200011c0b30083
:10d61c0001487800400620000e00400011522a00fc
:10d62c009cdf020001000000400620000e004000bc
:10d63c00a53d2200c43d22008001780012c0b30039
:10d64c005103200000c5b3008c58020001000000fb
:10d65c00000220000e004000020120008000eb00c0
:10d66c005005020000000000000220000e004000e7
:10d67c00a53d2200c43d220080017800f2c0b30019
:10d68c006102200000c5b300e05902000100000057
:10d69c00e6004700000220000e004000f4dd02000e
:10d6ac0001000000400620000e0040002200200077
:10d6bc008000eb0050050200000000004006200036
:10d6cc000e004000a53d2200c43d220080017800e0
:10d6dc0012c0b3005103200000c5b300e059020092
:10d6ec0001000000cee0900010c3b30080cf5000ca
:10d6fc0006003200cee0900000c3b30080cf500093
:10d70c0002003200a0c5b30040e798000040eb00d7
:10d71c0050e79800700620000e004000a53d220046
:10d72c00c43d22008001780012c0b30061032000c8
:10d73c0000c5b300e059020001000000a53d220025
:10d74c00c43d220053c2200012c0b300414120004e
:10d75c0000c5b300e059020001000000a53d220005
:10d76c00c43d220043c2200012c0b300314120004e
:10d77c0000c5b300e059020001000000419a2a00e4
:10d78c0010b120009cdf020001000000000f7800a7
:10d79c009e00780010b120000080400021e920009c
:10d7ac009cdf0200010000001e0f40009e0078006c
:10d7bc0010b1200000804000119b2a009cdf020069
:10d7cc00010000001e0f40009e00780010b12000e8
:10d7dc0000804000a10520008e8040009cdf0200ec
:10d7ec00010000001e0f40009e00780010b12000c8
:10d7fc0000804000819b2a009cdf02000100000099
:10d80c001e0f40009e00780010b120008080400068
:10d81c00a0c720001040780022c0b30008b8020056
:10d82c00010000001e0f40009e00780010b1200087
:10d83c000080400081592a009cdf0200010000009a
:10d84c001e0f40009e00780010b120008080400028
:10d85c00b0c720001040780022c0b30008b8020006
:10d86c00010000001e0f40009e00780010b1200047
:10d87c0000804000e19b2a009cdf020001000000b8
:10d88c001e0f40009e00780010b1200080804000e8
:10d89c002ee8900022c0b30008b80200010000007e
:10d8ac001e0f40009e00780010b120000080400048
:10d8bc00419c2a009cdf0200010000001e0f40006a
:10d8cc009e00780010b1200000804000e600470068
:10d8dc009cdf0200010000001e0f40009e0078003b
:10d8ec0010b1200000804000a19c2a009cdf0200a7
:10d8fc00010000001e0f40009e00780010b12000b7
:10d90c00808040007ee090000041eb0008b80200ef
:10d91c00010000001e0f40009e00780010b1200096
:10d92c0000804000f19c2a009cdf020001000000f6
:10d93c001e0f40009e00780010b1200000804000b7
:10d94c00410620008e8040009cdf02000100000098
:10d95c001e0f40009e00780010b120000080400097
:10d96c00419d2a009cdf0200010000001e0f4000b8
:10d97c009e00780010b1200080804000c01881000b
:10d98c0016b60200010000001e0f40009e00780039
:10d99c0010b1200000804000b19d2a009cdf0200e5
:10d9ac00010000001e0f400000c420001040780051
:10d9bc000004e00008003d009e00780010b120003b
:10d9cc0000804000f1512a009cdf020001000000a1
:10d9dc001e0f4000070037009e00780010b1200099
:10d9ec000080400011522a009cdf02000100000060
:10d9fc001e0f40009e00780010b1200000804000f7
:10da0c00119e2a009cdf0200010000001e0f400046
:10da1c009e00780010b1200080804000a0312200d0
:10da2c00104078000041eb0008b802000100000033
:10da3c001e0f40009e00780010b1200000804000b6
:10da4c00819e2a009cdf0200010000001e0f400096
:10da5c009e00780010b1200080804000b031220080
:10da6c00104078000041eb0008b8020001000000f3
:10da7c001e0f40009e00780010b120000080400076
:10da8c00f19e2a009cdf0200010000001e0f4000e6
:10da9c009e00780010b1200080804000c031220030
:10daac00104078000041eb0008b8020001000000b3
:10dabc001e0f40009e00780010b120000080400036
:10dacc00619f2a009cdf0200010000001e0f400035
:10dadc009e00780010b1200080804000d0312200e0
:10daec00104078000041eb0008b802000100000073
:10dafc001e0f40009e00780010b1200000804000f6
:10db0c00d19f2a009cdf0200010000001e0f400084
:10db1c0000c42000104078008080fb000002200030
:10db2c00008060000000e000080032009e007800d9
:10db3c0010b1200000804000f1512a009cdf02004f
:10db4c00010000001e0f4000070037009e00780007
:10db5c0010b120000080400011522a009cdf02000e
:10db6c00010000001e0f40009e00780010b1200044
:10db7c000080400031a02a009cdf02000100000060
:10db8c001e0f40009e00780010b1200080804000e5
:10db9c0050c220001040780022c0b30008b8020028
:10dbac00010000001e0f40009e00780010b1200004
:10dbbc0000804000a1a02a009cdf020001000000b0
:10dbcc001e0f40009e00780010b1200080804000a5
:10dbdc0040c220001040780022c0b30008b80200f8
:10dbec00010000001e0f40001e0fe80010b12000c5
:10dbfc001e0040008040eb00014878000080fa00d5
:10dc0c00000006000e00fa0050079800610798000b
:10dc1c006e0090000000e0001c003a006400470019
:10dc2c00430020000001780011a12a005e00900042
:10dc3c00d32007000000e0001400320060a12a008d
:10dc4c002ee4020001000000640047002ee40200f4
:10dc5c000100000050542a002ee4020001000000d4
:10dc6c000040eb00004f980064004700a53d2200e7
:10dc7c00c43d22008001780042c0b3008000eb005c
:10dc8c0000c5b3008c58020001000000640047007e
:10dc9c00420020008000eb00500502000000000054
:10dcac0064004700a53d2200c43d2200800178009d
:10dcbc0042c0b3008000eb0000c5b300e059020085
:10dccc00010000000040eb00004f9800640047008a
:10dcdc004b210700004f780001a22a0010b1200050
:10dcec009cdf020001000000100798009e009000cd
:10dcfc0010b1200000804000e40047009cdf0200cf
:10dd0c00010000009e009000008040001007980069
:10dd1c009e00900010b1200000804000d1a22a008b
:10dd2c009cdf0200010000009e009000008040007b
:10dd3c00100798009e00900010b120000080400059
:10dd4c000041eb00800078001e40780008b802000b
:10dd5c00010000009e009000008040001007980019
:10dd6c000080fa00000006000a00fa00004f98003c
:10dd7c000e489000e34f500030003e000e489000db
:10dd8c000080fb00000f78001e0078006500b900d1
:10dd9c0000007800000f7800c04220001e0f4000e9
:10ddac000e80e800a53d2200c43d220080017800d1
:10ddbc0052c0b3009e00780000c5b300e0590200c9
:10ddcc00010000000e4890000080fb00ae40900067
:10dddc00a2c620004200dd0000004100014878008e
:10ddec000e4890000080fb00be409000b2c62000a0
:10ddfc004200dd0000004100014878000e48900010
:10de0c000080fb00ce409000a2c620004200dd0046
:10de1c00000041000080e800014878000e489000a6
:10de2c000080fb00de409000b2c620004200dd0006
:10de3c00000041000080e800014878000080fa00f2
:10de4c00000006000400fa00204798002e409000c5
:10de5c00e34f50005e003e002e409000c2ff0700d2
:10de6c0021a32a0010b120009cdf02000100000059
:10de7c00000f78009e00780010b1200080804000d8
:10de8c002e4090000040e8000041eb0008b8020072
:10de9c00010000001e0f40009e00780010b1200011
:10deac0000804000b1a32a009cdf020001000000aa
:10debc001e0f40009e00780010b1200080804000b2
:10decc002e4090000080fb004200dd00a2c6200026
:10dedc00624078000041eb0008b80200010000002d
:10deec001e0f40009e00780010b120000080400002
:10defc00d14f2a009cdf0200010000001e0f4000e1
:10df0c009e00780010b12000808040002e409000d0
:10df1c000080fb004200dd00b2c6200062407800a9
:10df2c000041eb0008b80200010000001e0f400089
:10df3c009e00780010b1200000804000d1502a00d3
:10df4c009cdf0200010000001e0f40009e007800c4
:10df5c0010b12000808040002e4090000080fb001b
:10df6c004200dd000080e800a2c62000624078007c
:10df7c000041eb0008b80200010000001e0f400039
:10df8c009e00780010b1200000804000914f2a00c4
:10df9c009cdf0200010000001e0f40009e00780074
:10dfac0010b12000808040002e4090000080fb00cb
:10dfbc004200dd000080e800b2c62000624078001c
:10dfcc000041eb0008b80200010000001e0f4000e9
:10dfdc000080fa00000006000e00fa0050079800be
:10dfec0061079800640047002300200000017800be
:10dffc0091502a005e009000e11f07000000e00035
:10e00c008b0032006400470004b5020001000000e0
:10e01c00004f78001e4078000004e00084003200bd
:10e02c001e407800e44f500081003e001e4fe90076
:10e03c001e80fb00100798001e0090006500b900c0
:10e04c0000007800100798009e009000c04220004d
:10e05c000080400010079800640047003300200047
:10e06c0000017800b1a32a005e009000c41f0700d5
:10e07c000000e0000d0032006400470004b502000f
:10e08c0001000000004f980068004700a53d2200e9
:10e09c00c43d22008001780012c0b3009e009000a5
:10e0ac0000c5b3008c58020001000000640047005a
:10e0bc003300200000017800d14f2a005e00900050
:10e0cc00af1f07000000e0000f00320064004700a3
:10e0dc0004b5020001000000004f98001e009000e3
:10e0ec000000e800e8004700a53d2200c43d2200e6
:10e0fc008101780012c0b3008000780000c5b30025
:10e10c008c5802000100000064004700330020001e
:10e11c0000017800d1502a005e009000981f070083
:10e12c000000e0000f0032006400470004b502005c
:10e13c0001000000004f98001e0090000080e800d5
:10e14c00e8004700a53d2200c43d22008101780073
:10e15c0012c0b3008000780000c5b3008c580200d8
:10e16c00010000006400470033002000000178002b
:10e17c00914f2a005e009000811f07000000e00014
:10e18c00290032006400470004b5020001000000c1
:10e19c00004f98000e489000e14f500010003a00dc
:10e1ac006400470004b5020001000000004f980015
:10e1bc001e00900063004000e8004700a53d2200cf
:10e1cc00c43d22008101780012c0b30080007800a9
:10e1dc0000c5b3008c58020001000000120037008b
:10e1ec000e4890000004e0000f003a006400470065
:10e1fc0004b5020001000000004f98001e009000c2
:10e20c0063004000e8004700a53d2200c43d220009
:10e21c008101780012c0b3008000780000c5b30003
:10e22c008c580200010000001e40780005ff07001a
:10e23c000080fa00000006000c00fa00400798006d
:10e24c00510798000e80e8001300200000017800b0
:10e25c0011932a004e009000491f07000000e000b7
:10e26c00140032000e80e80004b50200010000002a
:10e27c000080fb00000f78009e0078006180600039
:10e28c00004078000004e000030032006000b80099
:10e29c0080d3880091d388009e0078006280600053
:10e2ac000000e000030032006000b800a0cc880041
:10e2bc00b1cc88000e80e80033002000000178000b
:10e2cc00f1a32a004e0090002d1f07000000e00073
:10e2dc001a0032000e80e80004b5020001000000b4
:10e2ec0060479800ee409000e0312200104078002a
:10e2fc0080cf50001100320066004700a53d22007f
:10e30c00c43d22008001780012c0b300b12f200060
:10e31c0000c5b3008c58020001000000a53d22008e
:10e32c00c43d2200e331220012c0b300b12f200003
:10e33c0000c5b300e05902000100000041a42a000e
:10e34c0010b120009cdf020001000000000f7800db
:10e35c009e00780010b120000081400080d3800026
:10e36c0091d38000c3c0b300ccb802000100000000
:10e37c001e0f40009e00780010b12000008040006d
:10e38c00f1532a009cdf0200010000001e0f400028
:10e39c009e00780010b1200000814000a0cc8000cd
:10e3ac00b1cc8000c3c0b300ccb8020001000000a7
:10e3bc001e0f40009e00780010b12000008040002d
:10e3cc00f1a42a009cdf0200010000001e0f400097
:10e3dc009e00780010b120008080400040a72100f2
:10e3ec00104078000041eb0008b80200010000006a
:10e3fc001e0f40009e00780010b1200000804000ed
:10e40c0041a52a009cdf0200010000001e0f400005
:10e41c009e00780010b120008080400050a72100a1
:10e42c00104078000041eb0008b802000100000029
:10e43c001e0f40009e00780010b1200000804000ac
:10e44c0091a52a009cdf0200010000001e0f400075
:10e45c009e00780010b1200080804000809921003f
:10e46c00104078000041eb0008b8020001000000e9
:10e47c001e0f40009e00780010b12000008040006c
:10e48c00e1a52a009cdf0200010000001e0f4000e5
:10e49c009e00780010b120008080400090992100ef
:10e4ac00104078000041eb0008b8020001000000a9
:10e4bc001e0f40009e00780010b12000008040002c
:10e4cc0031a62a009cdf0200010000001e0f400054
:10e4dc009e00780010b1200080804000a09921009f
:10e4ec00104078000041eb0008b802000100000069
:10e4fc001e0f40009e00780010b1200000804000ec
:10e50c0091a62a009cdf0200010000001e0f4000b3
:10e51c009e00780010b1200080804000b09921004e
:10e52c00104078000041eb0008b802000100000028
:10e53c001e0f40009e00780010b1200000804000ab
:10e54c00f1a62a009cdf0200010000001e0f400013
:10e55c009e00780010b1200080804000c0992100fe
:10e56c00104078000041eb0008b8020001000000e8
:10e57c001e0f40009e00780010b12000008040006b
:10e58c0051a72a009cdf0200010000001e0f400072
:10e59c009e00780010b1200080804000d0992100ae
:10e5ac00104078000041eb0008b8020001000000a8
:10e5bc001e0f40009e00780010b12000008040002b
:10e5cc00b1a72a009cdf0200010000001e0f4000d2
:10e5dc009e00780010b1200080804000e0312200c5
:10e5ec00104078000041eb0008b802000100000068
:10e5fc001e0f40000040eb005e17020001000000ff
:10e60c00204798009e00780010b120000080400048
:10e61c0011a82a009cdf0200010000001e0f400020
:10e62c009e00780010b12000808040002e409000a9
:10e63c000041eb0008b80200010000001e0f400072
:10e64c000080fa00000006000800fa00200798007d
:10e65c00310798000e80e800a53d2200c43d220041
:10e66c008001780012c0b300014c200000c5b3003b
:10e67c00e05902000100000061a82a0010b120003e
:10e68c009cdf020001000000000f78009e00780063
:10e69c0010b12000808040002e4090000080fb00d4
:10e6ac0016b60200010000001e0f40001e0fe8000d
:10e6bc0010b120001e0040008040eb0001487800a3
:10e6cc000080fa00000006009e00fa00889fbe0041
:10e6dc008a9fbe008c1f7800508f9800618f980025
:10e6ec000e80e800330020000001780031a92a00d8
:10e6fc005e889000221e07000000e0000e00320031
:10e70c000e80e800ceb902000100000080407800c5
:10e71c004026210001487800a53d2200c43d22007e
:10e72c004326210012c0b300e141200000c5b30014
:10e73c008c58020001000000a53d2200c43d2200bf
:10e74c004326210012c0b300e141200000c5b300f4
:10e75c00e0590200010000000e80e80033002000a8
:10e76c000001780091a92a005e889000041e070021
:10e77c000000e0000e0032000e80e800ceb902006e
:10e78c00010000008040780010262100014878002c
:10e79c00a53d2200c43d22001326210012c0b30067
:10e7ac00b141200000c5b3008c58020001000000ec
:10e7bc00a53d2200c43d22001326210012c0b30047
:10e7cc00b141200000c5b300e05902000100000077
:10e7dc000e80e8004300200000017800f1a92a0017
:10e7ec005e889000e61d07000000e0000e0032007d
:10e7fc000e80e800ceb902000100000080407800d5
:10e80c003026210001487800a53d2200c43d22009d
:10e81c003326210012c0b300d141200000c5b30043
:10e82c008c58020001000000a53d2200c43d2200ce
:10e83c003326210012c0b300d141200000c5b30023
:10e84c00e0590200010000000e80e80043002000a7
:10e85c000001780051aa2a005e889000c81d0700ac
:10e86c000000e0000e0032000e80e800ceb902007d
:10e87c00010000008040780020262100014878002b
:10e88c00a53d2200c43d22002326210012c0b30066
:10e89c00c141200000c5b3008c58020001000000eb
:10e8ac00a53d2200c43d22002326210012c0b30046
:10e8bc00c141200000c5b300e05902000100000076
:10e8cc000e80e8004300200000017800b1aa2a0065
:10e8dc005e889000aa1d07000000e0000e003200c8
:10e8ec000e80e800ceb902000100000080407800e4
:10e8fc006026210001487800a53d2200c43d22007d
:10e90c006326210012c0b3000142200000c5b300f1
:10e91c008c58020001000000a53d2200c43d2200dd
:10e92c006326210012c0b3000142200000c5b300d1
:10e93c00e0590200010000000e80e80043002000b6
:10e94c000001780011ab2a005e8890008c1d070036
:10e95c000000e0000e0032000e80e800ceb902008c
:10e96c00010000008040780050262100014878000a
:10e97c00a53d2200c43d22005326210012c0b30045
:10e98c00f141200000c5b3008c58020001000000ca
:10e99c00a53d2200c43d22005326210012c0b30025
:10e9ac00f141200000c5b300e05902000100000055
:10e9bc0080262100104078000086fb009026210064
:10e9cc00104078008085fb007026210010407800f4
:10e9dc000085fb0060262100104078008084fb003d
:10e9ec0050262100104078000084fb0040262100b6
:10e9fc00104078008083fb00302621001040780006
:10ea0c000083fb0020262100104078008082fb0050
:10ea1c0010262100104078000082fb0000c6200068
:10ea2c00104078008081fb0050c520001040780019
:10ea3c000001fb0000262100104078008080fb00c4
:10ea4c000e80e8008c1f78008b1f78008a1f7800de
:10ea5c00891f7800881f7800871f7800861f780030
:10ea6c00851f7800841f7800831f7800821f780030
:10ea7c00811f780071ab2a00811f7800000502000d
:10ea8c0000000000fa8757000e80e8008000780034
:10ea9c0010b120009cdf020001000000000f780084
:10eaac0010b120001e0040008040eb0001487800af
:10eabc004f0678004f05be004f04be000080fa00e0
:10eacc00000006000600fa001007980021079800c5
:10eadc00d1b32a0010b120009cdf0200010000001d
:10eaec00000f78009e00780010b1200000804000dc
:10eafc0061b42a009cdf0200010000001e0f4000e0
:10eb0c009e00780010b1200080804000a091800011
:10eb1c0016b60200010000001e0f40009e00780097
:10eb2c0010b1200000804000d1b42a009cdf02000c
:10eb3c00010000001e0f40009e00780010b1200064
:10eb4c00008140006091800071918000000078008d
:10eb5c008200780016b60200010000001e0f400073
:10eb6c009e00780010b120000080400041b52a00c2
:10eb7c009cdf0200010000001e0f40009e00780088
:10eb8c0010b12000808040008091800016b60200f9
:10eb9c00010000001e0f40009e00780010b1200004
:10ebac0000804000c1b52a009cdf0200010000007b
:10ebbc001e0f40009e00780010b1200080804000a5
:10ebcc009091800016b60200010000001e0f40005c
:10ebdc009e00780010b120000080400041b62a0051
:10ebec009cdf0200010000001e0f40009e00780018
:10ebfc0010b12000808040007092800016b6020098
:10ec0c00010000001e0f40009e00780010b1200093
:10ec1c0000804000b1b62a009cdf02000100000019
:10ec2c001e0f40009e00780010b1200000814000b3
:10ec3c0030928000419280000000780082007800c1
:10ec4c0016b60200010000001e0f40009e00780066
:10ec5c0010b120000080400021b72a009cdf020088
:10ec6c00010000001e0f40009e00780010b1200033
:10ec7c00808040005092800016b602000100000017
:10ec8c001e0f40009e00780010b120000080400054
:10ec9c00a1b72a009cdf0200010000001e0f4000fb
:10ecac009e00780010b120008080400060928000af
:10ecbc0016b60200010000001e0f40000080fa0092
:10eccc00000006000400fa00000f780011079800fd
:10ecdc0010b12000a2360200010000000080fa00f2
:10ecec00000006000600fa001007980021079800a3
:10ecfc0021b82a0010b120009cdf020001000000a6
:10ed0c00000f78009e00780010b1200000804000b9
:10ed1c00b1b82a009cdf0200010000001e0f400069
:10ed2c009e00780010b1200080804000a03d2100a2
:10ed3c001040780012c0b30008b8020001000000b7
:10ed4c001e0f40009e00780010b120000080400093
:10ed5c0051b92a009cdf0200010000001e0f400088
:10ed6c009e00780010b1200000814000e0968000e9
:10ed7c00f1968000000078008200780016b6020040
:10ed8c00010000001e0f40009e00780010b1200012
:10ed9c0000804000c1b92a009cdf02000100000085
:10edac001e0f40009e00780010b1200080804000b3
:10edbc00c0c680004500de006740600012c0b30092
:10edcc0008b80200010000001e0f40009e007800f1
:10eddc0010b120000080400041ba2a009cdf0200e4
:10edec00010000001e0f40009e00780010b12000b2
:10edfc008080400060c220001040780012c0b30038
:10ee0c0008b80200010000001e0f40009e007800b0
:10ee1c0010b1200000804000f1ba2a009cdf0200f3
:10ee2c00010000001e0f40009e00780010b1200071
:10ee3c008080400070c320001040780012c0b300e6
:10ee4c0008b80200010000001e0f400070c2200034
:10ee5c00104078000004e000080032009e007800aa
:10ee6c0010b1200000804000b1bb2a009cdf0200e2
:10ee7c00010000001e0f4000070037009e007800c4
:10ee8c0010b120000080400051bc2a009cdf020021
:10ee9c00010000001e0f40009e00780010b1200001
:10eeac0000804000f1bc2a009cdf02000100000041
:10eebc001e0f40009e00780010b1200080804000a2
:10eecc0020ab2100100078006140600012c0b3003c
:10eedc0008b80200010000001e0f40009e007800e0
:10eeec0010b1200000804000d1bd2a009cdf020040
:10eefc00010000001e0f40009e00780010b12000a1
:10ef0c008080400020ab2100100078000000d10070
:10ef1c006140600012c0b30008b80200010000009c
:10ef2c001e0f40009e00780010b1200000804000b1
:10ef3c00b1be2a009cdf0200010000001e0f400041
:10ef4c0020ab2100304090000004e00007003200ac
:10ef5c0020ab2100304090008040780010b12000a0
:10ef6c001e004000014878000400370010b120005a
:10ef7c001e004000a1c7b300014878001e0fe80036
:10ef8c0010b120001e0040008040eb0001487800ca
:10ef9c000080fa00000006001400fa0070079800c8
:10efac00010f980022579800030037007e00900054
:10efbc000000e800700798007e0090001040780078
:10efcc000004e0000a0032007e00900090407800bf
:10efdc0000c2b30080cf5000f4ff3a0005003700a8
:10efec007e0090000000e8007007980001003700d8
:10effc00000000007e0090009040780000c2b3003a
:10f00c0080cf5000f6ff32007e0090001040780058
:10f01c000004e000990032000e80e800720020002d
:10f02c008000eb0050050200000000000040eb00e7
:10f03c00104f9800e90047000e80e8006300400084
:10f04c008101780000017800f1c2b3007e009000cd
:10f05c00c8e10200010000000000e000870032005f
:10f06c001e4890000000fb000000e800fe0090002d
:10f07c000080400070079800e90047006a004700d4
:10f08c008101780000017800f1c2b3007e0090008d
:10f09c00c8e10200010000000000e000770032002f
:10f0ac002e489000604798001e4890000000fb001e
:10f0bc000000e800fe0090000080400070079800ff
:10f0cc00e90047000e80e8006600400081017800ee
:10f0dc000001780001c2b3007e009000c8e102007c
:10f0ec00010000000000e000640032001e489000a7
:10f0fc000000fb00fe0090000080400070079800ac
:10f10c00030037007e0090000000e80070079800b4
:10f11c007e0090009040780000c2b30080cf500079
:10f12c00f8ff3200e90047000e80e800810178000a
:10f13c0000017800a1c3b3007e009000c8e102007a
:10f14c00010000000000e0004c0032001e4890005e
:10f15c000000fb000000e800fe0090000080400072
:10f16c0070079800e90047000e80e8000000e800f6
:10f17c008101780000017800a1c3b3007e009000eb
:10f18c00c8e10200010000000000e0003b0032007a
:10f19c001e4890000000fb000000e800fe009000fc
:10f1ac000080400070079800e90047000e80e800de
:10f1bc000080e800810178000001780001c2b300f2
:10f1cc007e009000c8e10200010000000000e00099
:10f1dc002a0032002e5090000004e000060032009d
:10f1ec005e409000204f98000e48900050479800c9
:10f1fc002e489000004f98006b0047001300200031
:10f20c000001780051bf2a007e0090005c1b0700b3
:10f21c000000e000060032003e489000804078007c
:10f22c0000cdb30000c04000204f98000200370012
:10f23c0000c0eb00204f98002e48900070479800bb
:10f24c000e80e800ea5e02000100000000f02000e1
:10f25c004e5e020001000000a2c0b3008040eb0033
:10f26c0000f02000885f020001000000f1c0b30034
:10f27c0000f0200048620200010000002e509000b7
:10f28c000004e0003f003a00402f220010407800bc
:10f29c000004e0003b003a0000f020004e5e02004b
:10f2ac0001000000a1bf2a0010b120009cdf020069
:10f2bc0001000000000f78009e00780010b12000c3
:10f2cc00008040008000780000f02000a5ed0700d1
:10f2dc000080fb001e0f40009e00780010b1200043
:10f2ec000080400051bf2a009cdf0200010000009a
:10f2fc001e0f40009e00780010b12000808040005e
:10f30c0050f020001040780012c0b30008b8020082
:10f31c00010000001e0f40009e00780010b120007c
:10f32c000080400001c02a009cdf020001000000a8
:10f33c001e0f40009e00780010b12000808040001d
:10f34c0050f02000104078000000fb00120020005c
:10f35c000010dd000040780012c0b30008b80200b5
:10f36c00010000001e0f40009e00780010b120002c
:10f37c000080400071c02a009cdf020001000000e8
:10f38c001e0f40000080fa00000006001000fa007a
:10f39c006007980071079800640047001300200074
:10f3ac0000017800518a2a006e009000f41a0700c0
:10f3bc000000e000050032006400470004b50200c4
:10f3cc0001000000004f7800020037000040eb0005
:10f3dc00004f780091c02a0010b120009cdf020081
:10f3ec0001000000100798009e00900010b1200052
:10f3fc00008040000041eb00800078001e40780047
:10f40c0008b80200010000009e009000008040003f
:10f41c00100798001e4078000004e000070032003e
:10f42c0000c12000e1c1b3000148780000c5b30061
:10f43c0022c90200010000000300370000c12000b7
:10f44c008040eb00014878000080fa0000000600c4
:10f45c00c200fa00709f980001a798006400470052
:10f46c00330020000001780051c12a007e989000e2
:10f47c00c31a07000000e00008003200ce409000e4
:10f48c0010c3b30080cf500004003a006a0047005c
:10f49c008ea0900093050700900537000040eb000c
:10f4ac00004f780064004700330020000001780012
:10f4bc00c1c12a007e989000b11a07000000e0003c
:10f4cc009a0132006400470004b5020001000000fc
:10f4dc00104798009e40900010c3b30080cf50009e
:10f4ec004d003a0010c1200031c0b3000148780033
:10f4fc00a53d2200c43d220013c1200012c0b30060
:10f50c00f101200000c5b3008c580200010000007e
:10f51c00a53d2200c43d220013c1200012c0b3003f
:10f52c00f101200000c5b300e05902000100000009
:10f53c0020c1200051c0b30001487800a53d220035
:10f54c00c43d220023c1200012c0b30001022000e0
:10f55c0000c5b3008c58020001000000a53d22003c
:10f56c00c43d220023c1200012c0b30001022000c0
:10f57c0000c5b300e059020001000000f0c12000fa
:10f58c0011c0b30001487800a53d2200c43d220003
:10f59c00f3c1200012c0b3009141200000c5b3009c
:10f5ac008c58020001000000a53d2200c43d220041
:10f5bc00f3c1200012c0b3009141200000c5b3007c
:10f5cc00e05902000100000000c220008040eb0066
:10f5dc0001487800a53d2200c43d220003c2200052
:10f5ec0012c0b300a141200000c5b3008c5802002a
:10f5fc0001000000a53d2200c43d220003c22000f2
:10f60c0012c0b300a141200000c5b300e0590200b4
:10f61c0001000000430137009e40900020c3b3005e
:10f62c0080cf50004d003a0010c1200041c0b30003
:10f63c0001487800a53d2200c43d220013c12000e2
:10f64c0012c0b300f101200000c5b3008c580200b9
:10f65c0001000000a53d2200c43d220013c1200082
:10f66c0012c0b300f101200000c5b300e059020044
:10f67c000100000020c1200051c0b30001487800f7
:10f68c00a53d2200c43d220023c1200012c0b300be
:10f69c000102200000c5b3008c58020001000000dc
:10f6ac00a53d2200c43d220023c1200012c0b3009e
:10f6bc000102200000c5b300e05902000100000067
:10f6cc00f0c1200011c0b30001487800a53d220014
:10f6dc00c43d2200f3c1200012c0b30091412000b0
:10f6ec0000c5b3008c58020001000000a53d2200ab
:10f6fc00c43d2200f3c1200012c0b3009141200090
:10f70c0000c5b300e05902000100000000c2200057
:10f71c008040eb0001487800a53d2200c43d22004a
:10f72c0003c2200012c0b300a141200000c5b300e9
:10f73c008c58020001000000a53d2200c43d2200af
:10f74c0003c2200012c0b300a141200000c5b300c9
:10f75c00e059020001000000f20037009e409000ca
:10f76c0030c3b30080cf50004d003a0010c12000d0
:10f77c0051c0b30001487800a53d2200c43d2200d1
:10f78c0013c1200012c0b300f101200000c5b3006a
:10f79c008c58020001000000a53d2200c43d22004f
:10f7ac0013c1200012c0b300f101200000c5b3004a
:10f7bc00e05902000100000020c1200061c0b3002c
:10f7cc0001487800a53d2200c43d220023c1200041
:10f7dc0012c0b3000102200000c5b3008c58020017
:10f7ec0001000000a53d2200c43d220023c12000e1
:10f7fc0012c0b3000102200000c5b300e0590200a2
:10f80c0001000000f0c1200011c0b30001487800d5
:10f81c00a53d2200c43d2200f3c1200012c0b3005c
:10f82c009141200000c5b3008c580200010000007b
:10f83c00a53d2200c43d2200f3c1200012c0b3003c
:10f84c009141200000c5b300e05902000100000006
:10f85c0000c220008040eb0001487800a53d22004a
:10f86c00c43d220003c2200012c0b300a1412000fd
:10f87c0000c5b3008c58020001000000a53d220019
:10f88c00c43d220003c2200012c0b300a1412000dd
:10f89c0000c5b300e059020001000000a1003700d0
:10f8ac009e40900040c3b30080cf50004d003a0002
:10f8bc0010c1200051c0b30001487800a53d2200c2
:10f8cc00c43d220013c1200012c0b300f10120007e
:10f8dc0000c5b3008c58020001000000a53d2200b9
:10f8ec00c43d220013c1200012c0b300f10120005e
:10f8fc0000c5b300e05902000100000020c1200047
:10f90c0061c0b30001487800a53d2200c43d22002f
:10f91c0023c1200012c0b3000102200000c5b300b7
:10f92c008c58020001000000a53d2200c43d2200bd
:10f93c0023c1200012c0b3000102200000c5b30097
:10f94c00e059020001000000f0c1200011c0b3001a
:10f95c0001487800a53d2200c43d2200f3c12000df
:10f96c0012c0b3009141200000c5b3008c580200b6
:10f97c0001000000a53d2200c43d2200f3c120007f
:10f98c0012c0b3009141200000c5b300e059020041
:10f99c000100000000c2200011c0b3000148780033
:10f9ac00a53d2200c43d220003c2200012c0b300ba
:10f9bc00a141200000c5b3008c58020001000000da
:10f9cc00a53d2200c43d220003c2200012c0b3009a
:10f9dc00a141200000c5b300e05902000100000065
:10f9ec00500037009e40900050c3b30080cf5000b1
:10f9fc004c003a0010c1200061c0b30001487800ef
:10fa0c00a53d2200c43d220013c1200012c0b3004a
:10fa1c00f101200000c5b3008c5802000100000069
:10fa2c00a53d2200c43d220013c1200012c0b3002a
:10fa3c00f101200000c5b300e059020001000000f4
:10fa4c0020c1200061c0b30001487800a53d220010
:10fa5c00c43d220023c1200012c0b30001022000cb
:10fa6c0000c5b3008c58020001000000a53d220027
:10fa7c00c43d220023c1200012c0b30001022000ab
:10fa8c0000c5b300e059020001000000f0c12000e5
:10fa9c0011c0b30001487800a53d2200c43d2200ee
:10faac00f3c1200012c0b3009141200000c5b30087
:10fabc008c58020001000000a53d2200c43d22002c
:10facc00f3c1200012c0b3009141200000c5b30067
:10fadc00e05902000100000000c220008040eb0051
:10faec0001487800a53d2200c43d220003c220003d
:10fafc0012c0b300a141200000c5b3008c58020015
:10fb0c0001000000a53d2200c43d220003c22000dc
:10fb1c0012c0b300a141200000c5b300e05902009f
:10fb2c000100000010c0b300004f7800a53d22007a
:10fb3c00c43d2200f3c1200012c0b300914120004b
:10fb4c0000c5b300e059020001000000a53d2200f1
:10fb5c00c43d220003c2200012c0b300a14120000a
:10fb6c0000c5b300e059020001000000640047002a
:10fb7c00330020000001780001c22a007e9890001a
:10fb8c00ff1807000000e0005c0032006400470032
:10fb9c0004b50200010000001047980010c12000bd
:10fbac00104078000080fb000000e8000000e0003e
:10fbbc001900350010c12000104078000080fb00b7
:10fbcc000000e800e80f500013003c00ce4090000d
:10fbdc00b0c2b30080cf50000f003a0010c120001b
:10fbec00104078008040e80010c1200001487800e7
:10fbfc00a53d2200c43d220013c1200012c0b30059
:10fc0c00f101200000c5b3008c5802000100000077
:10fc1c0010c0b300004f780010c1200010407800d5
:10fc2c000080fb000000e9000000e0001900350036
:10fc3c0010c12000104078000080fb000000e9009b
:10fc4c00e80f500013003c00ce409000d0c2b3002f
:10fc5c0080cf50000f003a0010c1200010407800f7
:10fc6c008040e90010c1200001487800a53d220029
:10fc7c00c43d220013c1200012c0b300f1012000ca
:10fc8c0000c5b3008c5802000100000010c0b30086
:10fc9c00004f780010c12000904078001e4090006a
:10fcac0080cf500015003200ce409000b0c2b3009f
:10fcbc0080cf500011003200ce409000d0c2b30073
:10fccc0080cf50000d00320010c120009e409000eb
:10fcdc0001487800a53d2200c43d220013c120003c
:10fcec0012c0b300f101200000c5b3008c58020013
:10fcfc000100000010c0b300004f7800a53d2200a9
:10fd0c00c43d220013c1200012c0b300f101200039
:10fd1c0000c5b300e0590200010000006400470078
:10fd2c00330020000001780051c22a007e98900018
:10fd3c00931807000000e0005c00320064004700ec
:10fd4c0004b50200010000001047980020c12000fb
:10fd5c00104078000080fb000000e8000000e0008c
:10fd6c001900350020c12000104078000080fb00f5
:10fd7c000000e800e80f500013003c00ce4090005b
:10fd8c00b0c2b30080cf50000f003a0020c1200059
:10fd9c00104078008040e80020c120000148780025
:10fdac00a53d2200c43d220023c1200012c0b30097
:10fdbc000102200000c5b3008c58020001000000b5
:10fdcc0010c0b300004f780020c120001040780014
:10fddc000080fb000000e9000000e0001900350085
:10fdec0020c12000104078000080fb000000e900da
:10fdfc00e80f500013003c00ce409000d0c2b3007e
:10fe0c0080cf50000f003a0020c120001040780035
:10fe1c008040e90020c1200001487800a53d220067
:10fe2c00c43d220013c1200012c0b3000102200007
:10fe3c0000c5b3008c5802000100000010c0b300d4
:10fe4c00004f780020c12000904078001e409000a8
:10fe5c0080cf500015003200ce409000b0c2b300ed
:10fe6c0080cf500011003200ce409000d0c2b300c1
:10fe7c0080cf50000d00320020c120009e40900029
:10fe8c0001487800a53d2200c43d220023c120007a
:10fe9c0012c0b3000102200000c5b3008c58020050
:10feac000100000010c0b300004f7800a53d2200f7
:10febc00c43d220023c1200012c0b3000102200067
:10fecc0000c5b300e05902000100000064004700c7
:10fedc003300200000017800a1c22a007e98900017
:10feec00271807000000e0005c00320064004700a7
:10fefc0004b50200010000001047980030c120003a
:10ff0c00104078000080fb000000e8000000e000da
:10ff1c001900350030c12000104078000080fb0033
:10ff2c000000e800e80f500013003c00ce409000a9
:10ff3c00b0c2b30080cf50000f003a0030c1200097
:10ff4c00104078008040e80030c120000148780063
:10ff5c00a53d2200c43d220033c1200012c0b300d5
:10ff6c001102200000c5b3008c58020001000000f3
:10ff7c0010c0b300004f780030c120001040780052
:10ff8c000080fb000000e9000000e00019003500d3
:10ff9c0030c12000104078000080fb000000e90018
:10ffac00e80f500013003c00ce409000d0c2b300cc
:10ffbc0080cf50000f003a0030c120001040780074
:10ffcc008040e90030c1200001487800a53d2200a6
:10ffdc00c43d220033c1200012c0b3001102200026
:10ffec0000c5b3008c5802000100000010c0b30023
:10fffc00004f780030c12000904078001e409000e7
:020000040001f9
:10000c0080cf500015003200ce409000b0c2b3003b
:10001c0080cf500011003200ce409000d0c2b3000f
:10002c0080cf50000d00320030c120009e40900067
:10003c0001487800a53d2200c43d220033c12000b8
:10004c0012c0b3001102200000c5b3008c5802008e
:10005c000100000010c0b300004f7800a53d220045
:10006c00c43d220033c1200012c0b3001102200095
:10007c0000c5b300e0590200010000006400470015
:10008c00330020000001780001c32a007e98900004
:10009c00bb1707000000e0005c0032006400470062
:1000ac0004b50200010000001047980040c1200078
:1000bc00104078000080fb000000e8000000e00029
:1000cc001900350040c12000104078000080fb0072
:1000dc000000e800e80f500013003c00ce409000f8
:1000ec00b0c2b30080cf50000f003a0040c12000d6
:1000fc00104078008040e80040c1200001487800a2
:10010c00a53d2200c43d220043c1200012c0b30013
:10011c002102200000c5b3008c5802000100000031
:10012c0010c0b300004f780040c120001040780090
:10013c000080fb000000e9000000e0001900350021
:10014c0040c12000104078000080fb000000e90056
:10015c00e80f500013003c00ce409000d0c2b3001a
:10016c0080cf50000f003a0040c1200010407800b2
:10017c008040e90040c1200001487800a53d2200e4
:10018c00c43d220043c1200012c0b3002102200054
:10019c0000c5b3008c5802000100000010c0b30071
:1001ac00004f780040c12000904078001e40900025
:1001bc0080cf500015003200ce409000b0c2b3008a
:1001cc0080cf500011003200ce409000d0c2b3005e
:1001dc0080cf50000d00320040c120009e409000a6
:1001ec0001487800a53d2200c43d220043c12000f7
:1001fc0012c0b3002102200000c5b3008c580200cd
:10020c000100000010c0b300004f7800a53d220093
:10021c00c43d220043c1200012c0b30021022000c3
:10022c0000c5b300e0590200010000006400470063
:10023c00330020000001780061c32a007e989000f2
:10024c004f1707000000e0005c003200640047001c
:10025c0004b50200010000001047980050c12000b6
:10026c00104078000080fb000000e8000000e00077
:10027c001900350050c12000104078000080fb00b0
:10028c000000e800e80f500013003c00ce40900046
:10029c00b0c2b30080cf50000f003a0050c1200014
:1002ac00104078008040e80050c1200001487800e0
:1002bc00a53d2200c43d220053c1200012c0b30052
:1002cc003102200000c5b3008c5802000100000070
:1002dc0010c0b300004f780050c1200010407800cf
:1002ec000080fb000000e9000000e0001900350070
:1002fc0050c12000104078000080fb000000e90095
:10030c00e80f500013003c00ce409000d0c2b30068
:10031c0080cf50000f003a0050c1200010407800f0
:10032c008040e90050c1200001487800a53d220022
:10033c00c43d220053c1200012c0b3003102200082
:10034c0000c5b3008c5802000100000010c0b300bf
:10035c00004f780050c12000904078001e40900063
:10036c0080cf500015003200ce409000b0c2b300d8
:10037c0080cf500011003200ce409000d0c2b300ac
:10038c0080cf50000d00320050c120009e409000e4
:10039c0001487800a53d2200c43d220053c1200035
:1003ac0012c0b3003102200000c5b3008c5802000b
:1003bc000100000010c0b300004f7800a53d2200e2
:1003cc00c43d220053c1200012c0b30031022000f2
:1003dc0000c5b300e05902000100000064004700b2
:1003ec003300200000017800b1c32a007e989000f1
:1003fc00e31607000000e0005c00320064004700d8
:10040c0004b50200010000001047980070c12000e4
:10041c00104078000080fb000000e8000000e000c5
:10042c001900350070c12000104078000080fb00de
:10043c000000e800e80f500013003c00ce40900094
:10044c00b0c2b30080cf50000f003a0070c1200042
:10045c00104078008040e80070c12000014878000e
:10046c00a53d2200c43d220073c1200012c0b30080
:10047c008140200000c5b3008c5802000100000030
:10048c0010c0b300004f780070c1200010407800fd
:10049c000080fb000000e9000000e00019003500be
:1004ac0070c12000104078000080fb000000e900c3
:1004bc00e80f500013003c00ce409000d0c2b300b7
:1004cc0080cf50000f003a0070c12000104078001f
:1004dc008040e90070c1200001487800a53d220051
:1004ec00c43d220073c1200012c0b3008140200023
:1004fc0000c5b3008c5802000100000010c0b3000e
:10050c00004f780070c12000904078001e40900091
:10051c0080cf500015003200ce409000b0c2b30026
:10052c0080cf500011003200ce409000d0c2b300fa
:10053c0080cf50000d00320070c120009e40900012
:10054c0001487800a53d2200c43d220073c1200063
:10055c0012c0b3008140200000c5b3008c580200cb
:10056c000100000010c0b300004f7800a53d220030
:10057c00c43d220073c1200012c0b3008140200092
:10058c0000c5b300e0590200010000006400470000
:10059c00330020000001780001c42a007e989000ee
:1005ac00771607000000e0005c0032006400470092
:1005bc0004b50200010000001047980080c1200023
:1005cc00104078000080fb000000e8000000e00014
:1005dc001900350080c12000104078000080fb001d
:1005ec000000e800e80f500013003c00ce409000e3
:1005fc00b0c2b30080cf50000f003a0080c1200081
:10060c00104078008040e80080c12000014878004c
:10061c00a53d2200c43d220083c1200012c0b300be
:10062c001141200000c5b3008c58020001000000ed
:10063c0010c0b300004f780080c12000104078003b
:10064c000080fb000000e9000000e000190035000c
:10065c0080c12000104078000080fb000000e90001
:10066c00e80f500013003c00ce409000d0c2b30005
:10067c0080cf50000f003a0080c12000104078005d
:10068c008040e90080c1200001487800a53d22008f
:10069c00c43d220083c1200012c0b30011412000d0
:1006ac0000c5b3008c5802000100000010c0b3005c
:1006bc00004f780080c12000904078001e409000d0
:1006cc0080cf500015003200ce409000b0c2b30075
:1006dc0080cf500011003200ce409000d0c2b30049
:1006ec0080cf50000d00320080c120009e40900051
:1006fc0001487800a53d2200c43d220083c12000a2
:10070c0012c0b3001141200000c5b3008c58020088
:10071c000100000010c0b300004f7800a53d22007e
:10072c00c43d220083c1200012c0b300114120003f
:10073c0000c5b300e059020001000000640047004e
:10074c00330020000001780061c42a007e989000dc
:10075c000b1607000000e0001e003200640047008a
:10076c0004b5020001000000104798001e409000e4
:10077c000004e000170032001e409000ee4f5000c5
:10078c0014003e0060c12000904078001e40900094
:10079c0080cf50000f0032006400470004b5020007
:1007ac000100000061c1200080487800a53d2200b6
:1007bc00c43d220063c1200012c0b30051022000ce
:1007cc0000c5b3008c5802000100000010c0b3003b
:1007dc00004f7800a53d2200c43d220063c12000db
:1007ec0012c0b3005102200000c5b300e059020052
:1007fc0001000000b1c42a0010b120009cdf0200ef
:10080c0001000000100798009e00900010b120001d
:10081c008080400010c12000104078000041eb00a7
:10082c0008b80200010000009e009000008040000b
:10083c00100798009e00900010b12000008040002e
:10084c00b1c52a009cdf0200010000009e00900050
:10085c0000804000100798009e00900010b120000e
:10086c008080400020c12000104078000041eb0047
:10087c0008b80200010000009e00900000804000bb
:10088c00100798009e00900010b1200000804000de
:10089c0011c62a009cdf0200010000009e0090009f
:1008ac0000804000100798009e00900010b12000be
:1008bc008080400030c12000104078000041eb00e7
:1008cc0008b80200010000009e009000008040006b
:1008dc00100798009e00900010b12000008040008e
:1008ec0081c62a009cdf0200010000009e009000df
:1008fc0000804000100798009e00900010b120006e
:10090c008080400040c12000104078000041eb0086
:10091c0008b80200010000009e009000008040001a
:10092c00100798009e00900010b12000008040003d
:10093c00f1c62a009cdf0200010000009e0090001e
:10094c0000804000100798009e00900010b120001d
:10095c008080400050c12000104078000041eb0026
:10096c0008b80200010000009e00900000804000ca
:10097c00100798009e00900010b1200000804000ed
:10098c0051c72a009cdf0200010000009e0090006d
:10099c0000804000100798009e00900010b12000cd
:1009ac008080400070c12000104078000041eb00b6
:1009bc0008b80200010000009e009000008040007a
:1009cc00100798009e00900010b12000008040009d
:1009dc00b1c72a009cdf0200010000009e009000bd
:1009ec0000804000100798009e00900010b120007d
:1009fc008080400080c12000104078000041eb0056
:100a0c0008b80200010000009e0090000080400029
:100a1c00100798009e00900010b12000008040004c
:100a2c0021c82a009cdf0200010000009e009000fb
:100a3c0000804000100798009e00900010b120002c
:100a4c008080400060c12000104078000041eb0025
:100a5c0008b80200010000009e00900000804000d9
:100a6c00100798009e00900010b1200000804000fc
:100a7c0081c82a009cdf0200010000009e0090004b
:100a8c00008040001007980011b120001e0090005b
:100a9c00008040008040eb00014878001e40780048
:100aac00e14f50000d003a0020ab21003040900087
:100abc000004e0000900320020ab21001000780097
:100acc00610060000000e00004003a0020ab21004f
:100adc003040900022c90200010000000080fa00a2
:100aec00000006005000fa0060279800712798005b
:100afc00a1c82a000e0078009cdf02000100000053
:100b0c00fe2090000e00780051fa07000080fa00d9
:100b1c00000006000800fa00200798003107980032
:100b2c00a1cc2a0010b120009cdf020001000000c3
:100b3c00000f78000000eb00100798003a00370017
:100b4c001e009000f50f5000340032001e00900083
:100b5c00e40f5000310032001e009000e50f5000f1
:100b6c002e0032001e009000e60f50002b003200c9
:100b7c001e009000e70f5000280032001e0090006d
:100b8c00f00f5000250032009e00780010b12000bc
:100b9c000080400091582a009cdf020001000000f8
:100bac001e0f40009e00780010b120008080400095
:100bbc001e009000004078000041eb0008b80200d5
:100bcc00010000001e0f40009e00780010b12000b4
:100bdc0000804000c1582a009cdf02000100000088
:100bec001e0f40009e00780010b1200000814000d4
:100bfc001e0090006a00b90000007800e40040007c
:100c0c00c02c210000804000100078008200780089
:100c1c0016b60200010000001e0f40001e009000de
:100c2c000000e800100798001e009000f90f50001b
:100c3c00c3ff34009e00780010b1200000804000fb
:100c4c0011cd2a009cdf0200010000001e0f4000a5
:100c5c009e00780010b120008080400020cc200045
:100c6c00104078000041eb0008b8020001000000c1
:100c7c001e0f40000080fa00000006000c00fa0075
:100c8c0040079800510798000040eb00004f780097
:100c9c0061cd2a0010b120009cdf02000100000091
:100cac00100798009e00900010b1200000804000ba
:100cbc0001ce2a009cdf0200010000009e00900083
:100ccc0000804000100798006500470023002000ba
:100cdc000001780061ce2a004e009000a814070095
:100cec000000e000150032006500470004b502006a
:100cfc0001000000404798004e409000e54f500026
:100d0c000e003e0064004700a53d2200c43d2200b9
:100d1c008001780012c0b3008141200000c5b300ef
:100d2c008c58020001000000ce409000a0c12000b1
:100d3c000148780010c0b300004f780064004700f1
:100d4c00120020008000eb005005020000000000a3
:100d5c0064004700a53d2200c43d220080017800bc
:100d6c0012c0b3008141200000c5b300e05902005d
:100d7c00010000009e00900010b120008080400017
:100d8c004e4090000041eb0008b80200010000004a
:100d9c009e00900000804000100798009e0090007c
:100dac0010b1200000804000b1ce2a009cdf020070
:100dbc00010000009e009000008040001007980089
:100dcc0065004700230020000001780011cf2a00a5
:100ddc004e0090006a1407000000e000150032007d
:100dec006500470004b50200010000004047980070
:100dfc004e409000e84f50000e003e00640047004b
:100e0c00a53d2200c43d22008001780012c0b30031
:100e1c006141200000c5b3008c58020001000000a5
:100e2c00ce409000d0c120000148780010c0b30023
:100e3c00004f780064004700120020008000eb0097
:100e4c00500502000000000064004700a53d220090
:100e5c00c43d22008001780012c0b3006141200023
:100e6c0000c5b300e0590200010000009e00900094
:100e7c0010b12000808040004e4090000041eb00fb
:100e8c0008b80200010000009e00900000804000a5
:100e9c00100798009e00900010b1200000804000c8
:100eac0061cf2a009cdf0200010000009e00900030
:100ebc0000804000100798006500470023002000c8
:100ecc0000017800c1cf2a004e0090002c140700be
:100edc000000e000150032006500470004b5020078
:100eec0001000000404798004e409000e84f500031
:100efc000e003e0064004700a53d2200c43d2200c8
:100f0c008001780012c0b3007141200000c5b3000d
:100f1c008c58020001000000ce409000e0c120007f
:100f2c000148780010c0b300004f780064004700ff
:100f3c00120020008000eb005005020000000000b1
:100f4c0064004700a53d2200c43d220080017800ca
:100f5c0012c0b3007141200000c5b300e05902007b
:100f6c00010000009e00900010b120008080400025
:100f7c004e4090000041eb0008b802000100000058
:100f8c009e00900000804000100798001e0090000a
:100f9c000000e8001007980011b120001e0090001e
:100fac00008040008040eb00014878001e40780033
:100fbc000004e0000400320020ab21009000780017
:100fcc000120a000010878000080fa000000060053
:100fdc00ac00fa0040979800519798000040eb0045
:100fec00404798006600470011d02a009cdf0200a1
:100ffc00010000001007980066004700fc0f070076
:10100c000060fe006600470011d32a009cdf02003e
:10101c0001000000100798001e009000e600470039
:10102c00008040000041eb0080007800e0c1b3007c
:10103c0008b80200010000009e00900000804000f3
:10104c0010079800e40047006600470074ef0700a3
:10105c000060fe006600470051d72a009cdf0200aa
:10106c0001000000100798001e009000e6004700e9
:10107c000080400080007800e07f200016b602005f
:10108c00010000009e0090000080400010079800b6
:10109c00e40047006600470061ef07000060fe00b7
:1010ac006600470051da2a009cdf020001000000b4
:1010bc0010079800e40047006600470089fe07000f
:1010cc000060fe000000eb00000f78001e003700ef
:1010dc006600470021db2a009cdf020001000000b3
:1010ec00100798001e009000e6004700808040002a
:1010fc001e007800004078000041eb0008b80200a8
:10110c00010000009e009000008040001007980035
:10111c001e009000e60047000080400091db2a0092
:10112c009cdf0200010000009e0090000080400047
:10113c0010079800e400470066004700d7ec070052
:10114c000060fe001e0fe8001e007800e90f500042
:10115c00dfff36006600470031dc2a009cdf02000e
:10116c000100000010079800e400470066004700eb
:10117c0099f3070020002000000f78001e003700b4
:10118c0066004700d1dd2a009cdf02000100000050
:10119c00100798001e009000e60047008080400079
:1011ac001e007800004078000041eb0008b80200f7
:1011bc00010000009e009000008040001007980085
:1011cc001e009000e60047000080400041de2a002f
:1011dc009cdf0200010000009e0090000080400097
:1011ec0010079800e4004700660047007af30700f8
:1011fc000060fe001e0fe8001e007800e40f500097
:10120c00dfff340000c4200001cab300014878009d
:10121c00a53d2200c43d220003c4200012c0b3002f
:10122c00a103200000c5b3008c580200010000008f
:10123c00a53d2200c43d220003c4200012c0b3000f
:10124c00a103200000c5b300e0590200010000001a
:10125c0000f2200051c0b30001487800a53d2200e7
:10126c00c43d220003f2200012c0b300c1032000d1
:10127c0000c5b3008c5802000100000010f22000e1
:10128c0001c5b30001487800a53d2200c43d2200f1
:10129c0013f2200012c0b300d103200000c5b3002c
:1012ac008c58020001000000c05d200001002000ed
:1012bc00801d8900911d8900c05d20000100200067
:1012cc00a01d8900b11d8900003b2200a53d220014
:1012dc00c43d22008001780042c0b300112d2000d3
:1012ec0000c5b3008c58020001000000403b2200f6
:1012fc00a53d2200c43d22008001780042c0b3000d
:10130c00512d200000c5b3008c58020001000000d4
:10131c00403b2200a53d2200c43d22008001780004
:10132c0042c0b300512d200000c5b300e0590200ab
:10133c0001000000003b2200a53d2200c43d22001c
:10134c008001780042c0b300112d200000c5b3000d
:10135c00e059020001000000c03c220041c6b3006d
:10136c0001487800a53d2200c43d2200c33c220068
:10137c0012c0b300c12e200000c5b3008c5802006f
:10138c0001000000a53d2200c43d2200c33c220008
:10139c0012c0b300c12e200000c5b300e0590200fa
:1013ac0001000000d03c220051c0b300014878007d
:1013bc00a53d2200c43d2200d33c220012c0b30044
:1013cc00d12e200000c5b3008c5802000100000093
:1013dc00a53d2200c43d2200d33c220012c0b30024
:1013ec00d12e200000c5b300e0590200010000001e
:1013fc0010c4200051cab30001487800a53d22005a
:10140c00c43d220013c4200012c0b300b12e200032
:10141c0000c5b3008c58020001000000a53d22005d
:10142c00c43d220013c4200012c0b300b12e200012
:10143c0000c5b300e059020001000000400d23007c
:10144c00602f8900c05e2200a53d2200c43d220011
:10145c008001780022c0b300f12e200000c5b3003b
:10146c008c580200010000000000eb00602f890086
:10147c00c05e2200a53d2200c43d22008001780000
:10148c0022c0b300f12e200000c5b300e0590200c9
:10149c0001000000006b2300702f8900e05e220029
:1014ac00a53d2200c43d22008001780022c0b3007b
:1014bc00112f200000c5b3008c5802000100000061
:1014cc000000eb00702f8900e05e2200a53d220099
:1014dc00c43d22008001780022c0b300112f2000ef
:1014ec0000c5b300e059020001000000401f2000bd
:1014fc00802f8900005f2200a53d2200c43d220000
:10150c008001780022c0b300312f200000c5b30049
:10151c008c580200010000000000eb00802f8900b5
:10152c00005f2200a53d2200c43d2200800178000e
:10153c0022c0b300312f200000c5b300e0590200d7
:10154c000100000000712200902f8900205f220012
:10155c00a53d2200c43d22008001780022c0b300ca
:10156c00312f200000c5b3008c5802000100000090
:10157c000000eb00902f8900205f2200a53d220087
:10158c00c43d22008001780022c0b300312f20001e
:10159c0000c5b300e059020001000000405f2200ca
:1015ac0011c0b30001487800a53d2200c43d2200c3
:1015bc00435f220012c0b3004102200000c5b300fb
:1015cc008c58020001000000a53d2200c43d220001
:1015dc00435f220012c0b3004102200000c5b300db
:1015ec00e059020001000000e031220021c3b300e9
:1015fc0001487800a53d2200c43d2200e3312200c1
:10160c0012c0b300b12f200000c5b3008c580200eb
:10161c0001000000a53d2200c43d2200e331220060
:10162c0012c0b300b12f200000c5b300e059020076
:10163c0001000000400120001061880020c2200041
:10164c00a53d2200c43d22008001780022c0b300d9
:10165c000144200000c5b3008c58020001000000ba
:10166c0020c22000a53d2200c43d2200800178004c
:10167c0022c0b3000144200000c5b300e0590200b1
:10168c000100000090222100d1c1b3000148780074
:10169c00a53d2200c43d22009322210012c0b300bc
:1016ac00e103200000c5b3008c58020001000000cb
:1016bc00a53d2200c43d22009322210012c0b3009c
:1016cc00e103200000c5b300e05902000100000056
:1016dc0020c0b30060679900600a20000e00400033
:1016ec00a53d2200c43d22008001780012c0b30049
:1016fc00e12f200000c5b3008c580200010000004f
:10170c00a0222100c1c3b30001487800a53d2200ee
:10171c00c43d2200a322210012c0b300f10320001b
:10172c0000c5b3008c58020001000000a53d22004a
:10173c00c43d2200a322210012c0b300f1032000fb
:10174c0000c5b300e05902000100000051df2a007f
:10175c0010b120009cdf020001000000100798006f
:10176c000080fa00000006000800fa00200798002c
:10177c0031079800e1df2a0010b120009cdf020045
:10178c0001000000000f78000000eb00100798002b
:10179c00180037001e0090000000e0000700340025
:1017ac009e00780010b120000080400041592a00b2
:1017bc009cdf0200010000001e0f4000123f2100c0
:1017cc001e0090007f00b9000000780080004100ee
:1017dc001e01780010b12000000041009cdf0200c7
:1017ec00010000001e0f40001e0090000000e800e9
:1017fc00100798001e0090000000e000e5ff340088
:10180c009e00780010b120000080400081c82a00a2
:10181c009cdf0200010000001e0f4000014121006e
:10182c001e01780010b12000000041009cdf020076
:10183c00010000001e0f40000080fa0000000600ae
:10184c000600fa00100798002107980013002000ea
:10185c000e01780081e02a001e009000c8110700dc
:10186c000000e0000f0032009e40780010c3b3006f
:10187c0080cf500004003a0011c0b30000012000da
:10188c003e360200010000009e40780020c3b300e9
:10189c0080cf500003003a00f0f120008040eb00b4
:1018ac0001487800130020000e017800d1e02a00d6
:1018bc001e009000b21107000000e000070032008b
:1018cc009e40780010c3b30080cf500003003a0054
:1018dc00708020008040eb0001487800130020004d
:1018ec000e01780051e12a001e009000a41107009f
:1018fc000000e000070032009e40780010c3b300e7
:10190c0080cf500003003a007022210011c0b300b8
:10191c000148780010b1200079e407000080fa003b
:10192c00000006000a00fa003007980041079800f2
:10193c00a1e12a0010b120009cdf02000100000090
:10194c00000f78009e00780010b12000008040004d
:10195c00800078002002210002e407000080fb00d8
:10196c001e0f40009e00780010b120000080400047
:10197c0081e22a009cdf0200010000001e0f4000e3
:10198c009e00780010b120008080400050818000c3
:10199c0016b60200010000001e0f40009e007800e9
:1019ac0010b1200000804000c15c2a009cdf0200c6
:1019bc00010000001e0f40009e00780010b12000b6
:1019cc0080804000c0022100104078000041eb00f4
:1019dc0008b80200010000001e0f40009e007800b5
:1019ec0010b1200000804000d1e22a009cdf0200f0
:1019fc00010000001e0f4000e00920001e005000f6
:101a0c00100798001e0090000000e0001500340044
:101a1c009e009000f0092000808f500011003c00c7
:101a2c009e00900020f22000008040009040780042
:101a3c004147980021f220001e01780010b12000cf
:101a4c00000041009cdf0200010000001e0f40005e
:101a5c009e00900020f2200000804000ce409000bc
:101a6c00014878009e00780010b1200000804000f2
:101a7c0021e32a009cdf0200010000001e0f400041
:101a8c00f00420009e007800808f500058003c002d
:101a9c009e00780010b120000080400041e32a0035
:101aac009cdf0200010000001e0f40009e00780029
:101abc0010b120000080400080007800e01221006e
:101acc00a8e307000080fb001e0f40009e0078007a
:101adc0010b120000080400081e22a009cdf02004f
:101aec00010000001e0f40009e00780010b1200085
:101afc0080804000b089800016b602000100000012
:101b0c001e0f40009e00780010b1200000804000a5
:101b1c00c15c2a009cdf0200010000001e0f400087
:101b2c009e00780010b120008080400080132100be
:101b3c00104078000041eb0008b8020001000000e2
:101b4c001e0f40009e00780010b120000080400065
:101b5c00d1e22a009cdf0200010000001e0f4000b1
:101b6c00e00920001e005000100798001e00900095
:101b7c000000e000170034009e009000f0092000e7
:101b8c00808f500013003c001e009000c1102000fc
:101b9c008080400020f220000080400090407800bf
:101bac0041479800e10221001e01780010b120008d
:101bbc00000041009cdf0200010000001e0f4000ed
:101bcc009e009000e002210000804000ce4090007a
:101bdc00014878009e00780010b120000080400081
:101bec00e1e32a009cdf0200010000001e0f400010
:101bfc000080fa00000006000800fa002007980098
:101c0c00310798000e80e8001300200000017800d6
:101c1c00518a2a002e009000d91007000000e00025
:101c2c003a003200ae40900010c3b30080cf500099
:101c3c0004003200ae40900020c3b30080cf5000af
:101c4c0032003a003e0090000000e00007003a002d
:101c5c002e4090008040780000cdb30080c0400042
:101c6c00c0cb200001487800280037003e009000cf
:101c7c008ee00200010000000000e00023003200b2
:101c8c0080c82000104078000004e0000e003a00ec
:101c9c00be00900080c820009cdf02000100000004
:101cac002e4090008040780000cdb30080c04000f2
:101cbc00e0cb200001487800402f220011c0b30077
:101ccc00014878001100370020ca2000104078002d
:101cdc000004e0000d003a00be00900020ca200075
:101cec009cdf0200010000002e4090008040780034
:101cfc0000cdb30080c04000f0cb2000014878003c
:101d0c00402f220011c0b30001487800402f220060
:101d1c00104078000004e00052003a0011e42a0060
:101d2c0010b120009cdf020001000000000f7800c1
:101d3c009e00780010b1200080804000c0cb2000b5
:101d4c00104078000041eb0008b8020001000000d0
:101d5c001e0f40009e00780010b120000080400053
:101d6c00f1e42a009cdf0200010000001e0f40007d
:101d7c0080c82000104078000004e0000800320009
:101d8c009e00780010b120000080400081c8200027
:101d9c009cdf0200010000001e0f4000070037000e
:101dac009e00780010b120000080400051512a00a4
:101dbc009cdf0200010000001e0f40009e00780016
:101dcc0010b120000080400061e52a009cdf020079
:101ddc00010000001e0f400020ca200010407800b7
:101dec000004e000080032009e00780010b12000d2
:101dfc000080400021ca20009cdf0200010000008e
:101e0c001e0f4000070037009e00780010b1200024
:101e1c000080400051512a009cdf020001000000ac
:101e2c001e0f40009e00780010b120000080400082
:101e3c00d1e52a009cdf0200010000001e0f4000cb
:101e4c009e00780010b1200080804000d0cb200094
:101e5c00104078000041eb0008b8020001000000bf
:101e6c001e0f40000080fa00000006000800fa0077
:101e7c00200798003107980031e62a0010b12000a5
:101e8c009cdf020001000000000f78000e80e800cb
:101e9c001300200000017800518a2a002e009000c7
:101eac00371007000000e0000a003200ae4090003e
:101ebc0010c3b30080cf500003003a00fac80200f0
:101ecc00010000000500370000c3b3002047980054
:101edc000200370000c3b30020479800ae409000ca
:101eec0010b120001e004000014878001e0fe800d1
:101efc0010b120001e0040008040eb00014878002b
:101f0c000080fa00000006000600fa001007980096
:101f1c0021079800130020000e017800518a2a0036
:101f2c001e009000161007000000e0000e003200aa
:101f3c009e407800d0c4b30080cf500003003a001c
:101f4c00f031220021c0b300014878009e40780097
:101f5c0000c5b30080cf500003003a00f0312200de
:101f6c0011c0b30001487800f03122001040780015
:101f7c000004e0000400320041e72a0010b1200008
:101f8c009cdf0200010000000080fa000000060047
:101f9c000800fa0020079800310798000e80e8002e
:101fac001300200000017800518a2a002e009000b6
:101fbc00f30f07000000e0001c003200ae40900060
:101fcc0010c3b30080cf500007003a00e09a8000a5
:101fdc00e20f500004003a0060c8200011c0b300aa
:101fec00014878000300370060c820008040eb00f7
:101ffc0001487800d1e72a0010b120009cdf0200d4
:10200c0001000000000f78009e00780010b1200045
:10201c008080400060c82000104078000041eb0038
:10202c0008b80200010000001e0f40000080fa00fa
:10203c00000006000800fa002007980031079800fd
:10204c000e80e8001300200000017800d1e82a007f
:10205c002e009000ca0f07000000e00023003200a1
:10206c00ae40900010c3b30080cf50000e003a0079
:10207c00d0af8000680060000000e0000a003a0069
:10208c00d0af80000030a000d0af8800d0af80006f
:10209c000000a100d0af8800d0af80000020a000cd
:1020ac00d0af880011003700ae40900010c3b300d1
:1020bc0080cf50000d003200d0af8000680060006f
:1020cc000000e00009003200d0af80000030a10019
:1020dc00d0af8800d0af80000000a100d0af880046
:1020ec00d0af80000020a000d0af88000e80e800a8
:1020fc00130020000001780011e92a002e00900046
:10210c009f0f07000000e00023003200ae4090005b
:10211c0010c3b30080cf50000e003a00d0af800047
:10212c00700060000000e0000a003a00d0af8000b0
:10213c000040a000d0af8800d0af80000000a1000c
:10214c00d0af8800d0af80000020a000d0af8800b6
:10215c0011003700ae40900010c3b30080cf500088
:10216c000d003200d0af8000700060000000e00075
:10217c0009003200d0af80000040a100d0af880031
:10218c00d0af80000000a100d0af8800d0af80009d
:10219c000020a000d0af880051e92a0010b1200027
:1021ac009cdf020001000000000f78009e00780008
:1021bc0010b1200080804000d0af80004300de00d2
:1021cc00614060000041eb0008b802000100000013
:1021dc001e0f400031ea2a0010b120009cdf0200e3
:1021ec0001000000000f78009e00780010b1200064
:1021fc0080804000d0af80004400de006140600071
:10220c000041eb0008b80200010000001e0f400066
:10221c001e0fe80010b120001e0040008040eb00b3
:10222c00014878000080fa00000006000200fa0065
:10223c00000f7800b0ae2000104078000004e000e1
:10224c001c003200010037001e0fe8001e00780051
:10225c009040780000c2b30080cf500007003200dd
:10226c001e007800104078000004e000f6ff3a00f1
:10227c00030037001e0fe8000100370000000000cb
:10228c001e0078009040780000c2b30080cf500050
:10229c00f8ff32001e007800104078000004e000c7
:1022ac00040032000041eb009e007800b0ae20002c
:1022bc00ed0f070010b1200052e007000080fa007b
:1022cc00000006001c00fa00500f9800930120003b
:1022dc000e017800918c2a005e089000280f0700f0
:1022ec000000e0000c0032009e407800a0c5b30056
:1022fc0080cf500004003a00b0ae20008040eb00cc
:10230c0001487800040037008e007800b0ae200041
:10231c009cdf02000100000010b1200039e0070032
:10232c000080fa00000006000a00fa00300798004e
:10233c00410798000e80e80023002000000178007f
:10234c0081ea2a003e0090000d0f07000000e0001b
:10235c00200032002e4090008040780000cdb30069
:10236c0080c0400000c520000148780000c5200056
:10237c00104078000004e0001300320000c520007b
:10238c0010407800e44f50000f003e00c1ea2a00d4
:10239c0010b120009cdf020001000000000f78004b
:1023ac009e00780010b120008080400000c5200005
:1023bc00104078000041eb0008b80200010000005a
:1023cc001e0f40000300370000c520008040eb00ca
:1023dc00014878000080fa00000006001200fa00a4
:1023ec0070079800010f98000e80e8001300200081
:1023fc000001780091eb2a007e009000e00e0700af
:10240c000000e00018003200ae40900030c5b30070
:10241c0080cf500008003a0010c0b3009ac70200e9
:10242c0001000000e1eb2a0010b120009cdf02004b
:10243c0001000000000f7800ae409000e0c4b30033
:10244c0080cf500008003a00c1ec2a0010b12000e7
:10245c009cdf020001000000000f78000040eb0040
:10246c009ac70200010000000080fa00000006007c
:10247c000400fa00000f78001107980090628000a9
:10248c00520a20008000780010b12000763f020034
:10249c00010000000080fa00000006000c00fa00a9
:1024ac003007980041079800224f98000e00e80072
:1024bc001300200000017800a1ed2a003e009000de
:1024cc00af0e07000000e000110032001e4090002b
:1024dc008040780000cdb30000c040001047980049
:1024ec001e409000e64f500009003c009e409000ba
:1024fc0050f020000148780000f02000ea5e020055
:10250c000100000000f020004e5e020001000000ff
:10251c000e00e8003300200000017800e1ed2a00f5
:10252c003e009000960e07000000e000080032000c
:10253c009e40900010c3b30080cf500004003a00be
:10254c0011c0b300000220003e3602000100000062
:10255c000e00e800330020000001780031ee2a0064
:10256c003e009000860e07000000e00008003200dc
:10257c009e40900010c3b30080cf500004003a007e
:10258c0011c0b300000420003e3602000100000020
:10259c000e00e800330020000001780081ee2a00d4
:1025ac003e009000760e07000000e0003100320083
:1025bc009e40900010c3b30080cf500011003a0031
:1025cc0010c4200090407800a0c5b30080cf50000c
:1025dc000c003a0010c4200051cab3000148780026
:1025ec00a53d2200c43d220013c4200012c0b3003c
:1025fc00b12e200000c5b3008c5802000100000071
:10260c00140037009e40900000c3b30080cf5000f0
:10261c0010003a0010c4200090407800a0c5b30010
:10262c0080cf50000b00320010c42000a1c5b300b5
:10263c0001487800a53d2200c43d220013c42000af
:10264c0012c0b300b12e200000c5b3008c5802009c
:10265c0001000000a53d2200c43d220013c420004f
:10266c0012c0b300b12e200000c5b300e059020027
:10267c00010000000e00e80033002000000178008b
:10268c00d1ee2a003e0090003d0e07000000e00055
:10269c001a0032000e00e80004b502000100000030
:1026ac00004f780020c42000104078009e4f50004e
:1026bc000a00320020c420001e487800a53d2200ec
:1026cc00c43d220023c4200012c0b300e12e200020
:1026dc0000c5b3008c58020001000000a53d22008b
:1026ec00c43d220023c4200012c0b300e12e200000
:1026fc0000c5b300e05902000100000090628000a8
:10270c00530a20002e4990008000780010b1200060
:10271c002a320200010000000080fa0000000600ce
:10272c000a00fa0030079800410798000e80e80074
:10273c00130020000001780021ef2a003e009000d9
:10274c000f0e07000000e0000b003200ae409000be
:10275c0010c3b30080cf500004003a0011c0b30086
:10276c0020c0b30032dd0700030037008040eb00cf
:10277c0020c0b3002edd070081ef2a0010b120002d
:10278c009cdf020001000000000f78009e00780022
:10279c0010b12000808040000031220010407800f1
:1027ac0012c0b30008b80200010000001e0f400068
:1027bc009e00780010b120000080400061f02a00db
:1027cc009cdf0200010000001e0f4000602f220061
:1027dc00104078000004e000080032009e007800f1
:1027ec0010b1200000804000612f22009cdf02000d
:1027fc00010000001e0f4000070037009e0078000b
:10280c0010b120000080400051512a009cdf0200d2
:10281c00010000001e0f40009e00780010b1200047
:10282c0000804000c1f02a009cdf02000100000083
:10283c001e0f40009e00780010b120000080400068
:10284c00800078001031220046e007000080fb0079
:10285c001e0f40009e00780010b120000080400048
:10286c0011f12a009cdf0200010000001e0f400045
:10287c0000c42000104078000080fb006200600063
:10288c000000e000080032009e00780010b120002b
:10289c0000804000f1512a009cdf02000100000082
:1028ac001e0f4000070037009e00780010b120007a
:1028bc000080400011522a009cdf02000100000041
:1028cc001e0f40000e80e80013002000000178006d
:1028dc0011932a003e009000a90d07000000e000b3
:1028ec000e003200ae40900010c3b30080cf5000f9
:1028fc000a003a00003122008040eb0001487800c9
:10290c009e00780010b120000080400081f12a0068
:10291c009cdf0200010000001e0f40000080fa0046
:10292c00000006000800fa00300798000e80e8004e
:10293c003300200000017800f1f12a003e009000e5
:10294c008f0d07000000e0000a0032000e80e80046
:10295c0004b502000100000031802000804878009e
:10296c00408020008040eb0001487800401f200090
:10297c00d096880041f22a0010b120009cdf0200a2
:10298c0001000000000f78009e00780010b12000bc
:10299c0080804000308020001040780032c0b300ae
:1029ac0008b80200010000001e0f40009e007800d5
:1029bc0010b120000080400071f32a009cdf02005f
:1029cc00010000001e0f4000e15722001e0178009c
:1029dc0010b12000000041009cdf0200010000004b
:1029ec001e0f40000080fa00000006000a00fa00ea
:1029fc003007980041079800130020000e01780062
:102a0c00518a2a003e0090005d0d07000000e00096
:102a1c003b0032009e40780010c3b30080cf5000c2
:102a2c00040032009e40780020c3b30080cf5000d9
:102a3c0015003a001e4078008040780000cdb300ad
:102a4c0080c04000c0c720000148780064004700e7
:102a5c0000017800d1f32a003e0090000ee1020044
:102a6c00010000000000e0000a003200c0c7200096
:102a7c0010407800804078000134a000c0c72000ce
:102a8c000148780003003700c0c720008040eb00ed
:102a9c00014878004e0090000000e0001800320061
:102aac0000322200104078000004e00014003a00cc
:102abc00c20120008000eb00003222005005020011
:102acc0000000000ce009000003222009cdf0200cb
:102adc0001000000640047000001780031f42a0076
:102aec003e0090000ee10200010000000000e0003a
:102afc0003003200b033220011c0b300014878004b
:102b0c00c0c72000104078000004e000070032002d
:102b1c0010b120008040eb0001487800402f2200cb
:102b2c0011c0b300014878001100370081f42a006d
:102b3c0010b120009cdf020001000000200798006b
:102b4c002e0090008000780010b1200080804000a2
:102b5c00c0c720001040780012c0b30008b80200b3
:102b6c0001000000ae00900001004000200798001a
:102b7c000080fa00000006000200fa00000f780046
:102b8c0010a92100104078000081fb00f0aa210060
:102b9c00104078008080fb00f0a18000821f78003c
:102bac00811f7800801f780090f52a00801f780024
:102bbc0010b120000005020000000000e88757005b
:102bcc000080fa00000006000400fa00000f7800f4
:102bdc0011079800c0c7200011c0b300014878004d
:102bec00402f220011c0b300014878001e00900055
:102bfc000000e0000e00320000322200104078008d
:102c0c000004e0000a003a009e009000003222000e
:102c1c009cdf020001000000a033220011c0b300b1
:102c2c0001487800b03322008040eb000148780066
:102c3c000080fa00000006000e00fa005007980011
:102c4c00610798000e80e800130020000001780056
:102c5c0051f72a005e009000c90c07000000e0004c
:102c6c001c003200ae40900010c3b30080cf500067
:102c7c0018003a0030cc200011c0b3000148780095
:102c8c006e0090000000e000120032006e00900018
:102c9c00104078000004e0000e003200ee009000be
:102cac0060cc20009cdf0200010000006e00900050
:102cbc008040eb0001487800a0ae20001040780066
:102ccc00e94f500003003e00a0ae2000a1c0b300ad
:102cdc00014878000e80e8003300200000017800e5
:102cec00a1f72a005e009000a50c07000000e00090
:102cfc000b0032000e80e80046b502000100000017
:102d0c000000fb0020668800206680000000e000c8
:102d1c000300320030cc20008040eb0001487800ea
:102d2c000e80e800530020000001780011f82a0002
:102d3c005e009000920c07000000e00022003200c0
:102d4c000e80e800ceb9020001000000000f7800f0
:102d5c00602f81009e007800808f50001a00320096
:102d6c00f07022009e007800808f50001600360014
:102d7c009e007800612f8900c05e2200a53d2200d4
:102d8c00c43d22008001780022c0b300f12e200047
:102d9c0000c5b3008c580200010000000000eb00dd
:102dac00602f8900c05e2200a53d2200c43d220098
:102dbc008001780022c0b300f12e200000c5b300c2
:102dcc00e0590200010000000e80e80053002000d2
:102ddc000001780061f82a005e009000680c070082
:102dec000000e000220032000e80e800ceb90200a4
:102dfc0001000000000f7800702f81009e00780009
:102e0c00808f50001a003200400125009e0078008f
:102e1c00808f500016003e009e007800712f8900b4
:102e2c00e05e2200a53d2200c43d22008001780016
:102e3c0022c0b300112f200000c5b3008c58020033
:102e4c00010000000000eb00702f8900e05e220002
:102e5c00a53d2200c43d22008001780022c0b300b1
:102e6c00112f200000c5b300e05902000100000042
:102e7c000e80e8005300200000017800b1f82a0011
:102e8c005e0090003e0c07000000e00022003200c3
:102e9c000e80e800ceb9020001000000000f78009f
:102eac00802f81009e007800808f50001a00320025
:102ebc00007721009e007800808f500016003e00a5
:102ecc009e007800812f8900005f2200a53d220022
:102edc00c43d22008001780022c0b300312f2000b5
:102eec0000c5b3008c580200010000000000eb008c
:102efc00802f8900005f2200a53d2200c43d2200e6
:102f0c008001780022c0b300312f200000c5b3002f
:102f1c00e0590200010000000e80e80033002000a0
:102f2c000001780011f92a005e009000140c0700d3
:102f3c000000e0001a0032000e80e80004b5020028
:102f4c0001000000004f98008e489000405f220066
:102f5c001040780080cf500011003200680047000c
:102f6c00a53d2200c43d22008001780012c0b300b0
:102f7c004102200000c5b3008c5802000100000083
:102f8c00a53d2200c43d2200435f220012c0b300c5
:102f9c004102200000c5b300e0590200010000000e
:102fac000e80e800530020000001780051f92a003f
:102fbc005e009000f20b07000000e0001e003200e3
:102fcc000e80e800ceb9020001000000000f78006e
:102fdc00902f81009e007800808f500016003200e8
:102fec009e007800912f8900205f2200a53d2200d1
:102ffc00c43d22008001780022c0b300c12f200004
:10300c0000c5b3008c580200010000009e0078003f
:10301c00912f8900205f2200a53d2200c43d220093
:10302c008001780022c0b300c12f200000c5b3007e
:10303c00e05902000100000010b120002838020005
:10304c00010000000080fa00000006000a00fa00ef
:10305c0030079800410798000e80e80033002000ec
:10306c0000017800518a2a003e009000c40b070032
:10307c000000e00025003200ae40900010c3b30009
:10308c0080cf500021003a004039220011c0b3001b
:10309c000148780060c9b3008646020001000000b8
:1030ac000004e000190032004e0090000000e00027
:1030bc0013003200c0332200104078000004e000fe
:1030cc0008003a00ce009000c03322009cdf0200c2
:1030dc00010000006035220011c0b30001487800e7
:1030ec0007003700ce009000703522009cdf0200f4
:1030fc00010000001037220011c0b3000148780015
:10310c004e0090008040eb0001487800b1f92a0095
:10311c0010b120009cdf020001000000000f7800bd
:10312c009e00780010b120008080400040392200c1
:10313c00104078000041eb0008b8020001000000cc
:10314c001e0f40000080fa00000006001a00fa0072
:10315c00889fbe00300f9800410f98006300470015
:10316c003300200000017800518a2a003e089000ac
:10317c00830b07000000e0004d00320000c420006b
:10318c009040780021479800be40900000c3b300e7
:10319c0080cf50001800320000c42000104078008e
:1031ac00804078000124a00000c420000148780071
:1031bc00be40900030c3b30080cf500007003a00ef
:1031cc0000c4200010407800804078000144a0002a
:1031dc0000c42000014878000d00370000c4200016
:1031ec0010407800804078000144a10000c4200009
:1031fc00014878000600370000c420009040780099
:10320c00b0ceb30080c0600000c42000014878003c
:10321c0000c4200010407800ae40900080cf5000d9
:10322c0023003200a53d2200c43d220003c420002f
:10323c0012c0b300a103200000c5b3008c580200db
:10324c0001000000a53d2200c43d220003c4200063
:10325c0012c0b300a103200000c5b300e059020066
:10326c000100000000c42000104078000080fb002a
:10327c00640060000000e00007003200805e220065
:10328c0010407800804078000174a100805e22001c
:10329c000148780006003700805e2200104078005c
:1032ac00804078000174a000805e22000148780004
:1032bc0063004700330020000001780091fa2a00d7
:1032cc003e0890002e0b07000000e0000e003200bc
:1032dc00be40900010c3b30080cf500003003a00f2
:1032ec004039220011c0b30001487800be40900064
:1032fc0020c4b30080cf500003003a0040392200b4
:10330c0021c0b3000148780063004700330020005f
:10331c0000017800e1fa2a003e089000180b070023
:10332c000000e0001a0032006300470004b5020000
:10333c000100000040579800ce509000c03c220085
:10334c001040780080cf500011003200740047000c
:10335c00a53d2200c43d22008001780012c0b300bc
:10336c00c12e200000c5b3008c58020001000000e3
:10337c00a53d2200c43d2200c33c220012c0b30074
:10338c00c12e200000c5b300e0590200010000006e
:10339c0063004700330020000001780021fb2a0065
:1033ac003e089000f60a07000000e0001a00320008
:1033bc006300470004b5020001000000405798006c
:1033cc00ce509000d03c22001040780080cf5000ae
:1033dc001100320074004700a53d2200c43d2200bc
:1033ec008001780012c0b300d12e200000c5b300bc
:1033fc008c58020001000000a53d2200c43d2200b3
:10340c00d33c220012c0b300d12e200000c5b30063
:10341c00e059020001000000630047003300200067
:10342c000001780071fb2a003e089000d40a0700c6
:10343c000000e00022003200be40900010c3b30038
:10344c0080cf50001e003a0070c9b30086460200bf
:10345c00010000000004e000190032004e0890004a
:10346c000000e00013003200c0332200104078004e
:10347c000004e00008003a00ce089000c03322009f
:10348c009cdf020001000000603522008040eb0050
:10349c000148780007003700ce08900070352200f4
:1034ac009cdf020001000000103722008040eb007e
:1034bc00014878004e0890008040eb0001487800ed
:1034cc0063004700b300200000017800c1fb2a0014
:1034dc003e089000aa0a07000000e000210032001c
:1034ec00f0004700630047008041eb0082c0b3004e
:1034fc00e2460200010000000004e0001900320066
:10350c000e0990009e099000801d8100911d810084
:10351c00800f5100818f590012003200700047005b
:10352c00a53d2200c43d22008001780042c0b300ba
:10353c00112d200000c5b3008c58020001000000c2
:10354c00003b2200a53d2200c43d220080017800f2
:10355c0042c0b300112d200000c5b300e059020099
:10356c000100000063004700b30020000001780058
:10357c0011fc2a003e089000810a07000000e000c0
:10358c0021003200f0004700630047008041eb004f
:10359c0082c0b300e2460200010000000004e0001b
:1035ac00190032000e0990009e099000a01d8100a8
:1035bc00b11d8100800f5100818f59001200320023
:1035cc0070004700a53d2200c43d22008001780018
:1035dc0042c0b300512d200000c5b3008c5802002e
:1035ec0001000000403b2200a53d2200c43d22000a
:1035fc008001780042c0b300512d200000c5b300fb
:10360c00e059020001000000630047003300200075
:10361c000001780051822a003e089000580a0700e9
:10362c000000e0000b003200be40900010c3b3005d
:10363c0080cf500004003a0011c0b30080c0b3002a
:10364c007bd90700030037008040eb0080c0b3003b
:10365c0077d9070061fc2a0010b120009cdf020022
:10366c0001000000000f780000c42000104078001a
:10367c000080fb00640060000000e00016003200d7
:10368c0000c42000104078000080fb007000600037
:10369c000000e000080032009e00780010b120000d
:1036ac000080400011fd2a009cdf02000100000098
:1036bc001e0f40000f0037009e00780010b1200054
:1036cc0000804000f1512a009cdf02000100000044
:1036dc001e0f4000070037009e00780010b120003c
:1036ec000080400011522a009cdf02000100000003
:1036fc001e0f40009e00780010b12000008040009a
:10370c00815b2a009cdf0200010000001e0f4000bc
:10371c009e00780010b1200080804000805e220066
:10372c00104078000041eb0008b8020001000000d6
:10373c001e0f40009e00780010b120000080400059
:10374c0031fd2a009cdf0200010000001e0f40002a
:10375c009e00780010b1200080804000c03c220008
:10376c00104078000041eb0008b802000100000096
:10377c001e0f40009e00780010b120000080400019
:10378c0081fd2a009cdf0200010000001e0f40009a
:10379c009e00780010b1200080804000d03c2200b8
:1037ac00104078000041eb0008b802000100000056
:1037bc001e0f40009e00780010b1200000804000d9
:1037cc00e1fd2a009cdf0200010000001e0f4000fa
:1037dc009e00780010b1200000814000801d810007
:1037ec00911d8100c3c0b300ccb8020001000000e1
:1037fc001e0f40009e00780010b120000080400099
:10380c0041fe2a009cdf0200010000001e0f400058
:10381c009e00780010b1200000814000a01d8100a6
:10382c00b11d8100c3c0b300ccb802000100000080
:10383c001e0f400000c42000104078000080fb00e8
:10384c00640060000000e0009c0132009e007800e3
:10385c0010b1200000804000a1fe2a009cdf020075
:10386c00010000001e0f40009e00780010b12000e7
:10387c0000814000b01c8100c11c8100c3c0b3009a
:10388c00ccb80200010000001e0f40009e00780022
:10389c0010b120000080400001ff2a009cdf0200d4
:1038ac00010000001e0f40009e00780010b12000a7
:1038bc0000814000f01c8100011d8100c3c0b300d9
:1038cc00ccb80200010000001e0f4000703a22002c
:1038dc00104078008040780010b120001e0040009d
:1038ec00014878001e0fe800805e2200104078002e
:1038fc000080fb00700060000000e0000800320057
:10390c009e00780010b120000080400021ff2a00aa
:10391c009cdf0200010000001e0f40002700370052
:10392c009e00780010b120000080400091ff2a001a
:10393c009cdf0200010000001e0f40009e0078007a
:10394c0010b1200000814000c01d8100d11d8100fc
:10395c00c3c0b300ccb80200010000001e0f400031
:10396c009e00780010b120000080400001ff2a006a
:10397c009cdf0200010000001e0f40009e0078003a
:10398c0010b1200000814000001e8100111e81003a
:10399c00c3c0b300ccb80200010000001e0f4000f1
:1039ac00e0262100104078008040780010b1200003
:1039bc001e004000014878001e0fe8009e007800b1
:1039cc0010b1200000804000f1ff2a009cdf0200b3
:1039dc00010000001e0f40009e00780010b1200076
:1039ec0000814000d01c8100e11c8100c3c0b300e9
:1039fc00ccb80200010000001e0f40009e007800b1
:103a0c0010b120000080400001ff2a009cdf020062
:103a1c00010000001e0f40009e00780010b1200035
:103a2c0000814000101d8100211d8100c3c0b30026
:103a3c00ccb80200010000001e0f4000603a2200ca
:103a4c00104078008040780010b120001e0040002b
:103a5c00014878001e0fe800805e220010407800bc
:103a6c000080fb00700060000000e00008003200e5
:103a7c009e00780010b120000080400051002b0007
:103a8c009cdf0200010000001e0f400027003700e1
:103a9c009e00780010b1200000804000c1002b0077
:103aac009cdf0200010000001e0f40009e00780009
:103abc0010b1200000814000e01d8100f11d81004b
:103acc00c3c0b300ccb80200010000001e0f4000c0
:103adc009e00780010b120000080400001ff2a00f9
:103aec009cdf0200010000001e0f40009e007800c9
:103afc0010b1200000814000201e8100311e810089
:103b0c00c3c0b300ccb80200010000001e0f40007f
:103b1c00d0262100104078008040780010b12000a1
:103b2c001e004000014878001e0fe800805e220055
:103b3c00104078000080fb00700060000000e00086
:103b4c00080032009e00780010b120000080400078
:103b5c0021012b009cdf0200010000001e0f400021
:103b6c00bd003700f00820009e007800808f5000c8
:103b7c0027003c00f81c8100091d8100061e8100f5
:103b8c00171e8100b41c8100c51c8100c21d810060
:103b9c00d31d8100e026210090407800703a22006d
:103bac001040780000c068000080fb000000e900b5
:103bbc004f00de0000407800889fbe00f8470200ee
:103bcc0001000000e4875700401d8900511d890049
:103bdc009e00780010b120000080400041022b00b4
:103bec009cdf0200010000001e0f40009e007800c8
:103bfc0010b1200000814000401d8100511d81004a
:103c0c00c3c0b300ccb80200010000001e0f40007e
:103c1c00f00820009e007800808f500027003c00a8
:103c2c00181d8100291d8100261e8100371e810070
:103c3c00d41c8100e51c8100e21d8100f31d810074
:103c4c00d026210090407800603a22001040780085
:103c5c0000c068000080fb000000e9004f00de009f
:103c6c0000407800889fbe00f84702000100000069
:103c7c00e4875700401d8900511d89009e00780083
:103c8c0010b1200000804000a1022b009cdf02003c
:103c9c00010000001e0f40009e00780010b12000b3
:103cac0000814000401d8100511d8100c3c0b30044
:103cbc00ccb80200010000001e0f4000f0082000ec
:103ccc009e007800808f500010003c009e00780011
:103cdc0010b120000080400001032b009cdf02008b
:103cec00010000001e0f40009e00780010b1200063
:103cfc0080804000803c2200104078000041eb00a6
:103d0c0008b80200010000001e0f4000f00820005f
:103d1c009e007800808f50000e003c009e007800c2
:103d2c0010b120000080400051032b009cdf0200ea
:103d3c00010000001e0f40009e00780010b1200012
:103d4c0080804000501e810016b602000100000069
:103d5c001e0f4000f00820009e007800808f50005d
:103d6c003d003c009e00780010b120000080400017
:103d7c00a1032b009cdf0200010000001e0f40007d
:103d8c009e00780010b1200080804000603d220031
:103d9c001040780022c0b30008b8020001000000f7
:103dac001e0f40009e00780010b120008080400063
:103dbc00403d22001040780022c0b30008b8020039
:103dcc00010000001e0f40009e00780010b1200082
:103ddc0080804000303d22001040780022c0b300ab
:103dec0008b80200010000001e0f40009e00780081
:103dfc0010b1200080804000003d2200104078006f
:103e0c0022c0b30008b80200010000001e0f4000e1
:103e1c009e00780010b1200080804000103d2200f0
:103e2c001040780022c0b30008b802000100000066
:103e3c001e0f40009e00780010b1200080804000d2
:103e4c00203d22001040780022c0b30008b80200c8
:103e5c00010000001e0f4000700920009e00780039
:103e6c00808f500015003c0000c4200010407800ea
:103e7c000080fb00680060000000e00008003200d9
:103e8c009e00780010b1200000804000f1032b0050
:103e9c009cdf0200010000001e0f400007003700ed
:103eac009e00780010b120000080400081042b009f
:103ebc009cdf0200010000001e0f400010b120002a
:103ecc001e0040008040eb00014878004f04be000b
:103edc000080fa00000006000600fa0010079800a7
:103eec002107980011052b0010b120009cdf020067
:103efc0001000000000f7800805e22001040780066
:103f0c000080fb00700060000000e0000800320040
:103f1c009e00780010b1200000804000f1052b00bd
:103f2c009cdf0200010000001e0f4000470037001c
:103f3c009e00780010b1200000814000c01d81005f
:103f4c00d11d8100c3c0b300ccb802000100000039
:103f5c001e0f40009e00780010b120000080400031
:103f6c0001ff2a009cdf0200010000001e0f400030
:103f7c009e00780010b1200000814000001e8100de
:103f8c00111e8100c3c0b300ccb8020001000000b8
:103f9c001e0f4000e0262100104078008040780081
:103fac0010b120001e004000014878001e0fe800f0
:103fbc009e00780010b120000080400071062b009c
:103fcc009cdf0200010000001e0f40009e007800e4
:103fdc0010b1200000814000e01d8100f11d810026
:103fec00c3c0b300ccb80200010000001e0f40009b
:103ffc009e00780010b120000080400001ff2a00d4
:10400c009cdf0200010000001e0f40009e007800a3
:10401c0010b1200000814000201e8100311e810063
:10402c00c3c0b300ccb80200010000001e0f40005a
:10403c00d0262100104078008040780010b120007c
:10404c001e004000014878001e0fe8009e0078001a
:10405c0010b1200000804000d1062b009cdf020034
:10406c00010000001e0f4000805e2200104078000e
:10407c008080fb0010082000008060000000e00041
:10408c000500320010b120001e00400011c3b30027
:10409c00014878000400370010b120001e004000d9
:1040ac0001c3b300014878001e0fe8009e007800a1
:1040bc0010b120000080400021072b009cdf020083
:1040cc00010000001e0f40009e00780010b120007f
:1040dc0080804000805e2200104078000041eb00a0
:1040ec0008b80200010000001e0f400010b12000b3
:1040fc001e0040008040eb00014878000080fa0070
:10410c00000006000800fa0020079800310798000c
:10411c00a1072b0010b120009cdf02000100000061
:10412c00000f78000000eb00100798009e0078004c
:10413c0010b12000808040001e0090004200dd0085
:10414c000080e80092ea20006240780022c0b300b0
:10415c0008b80200010000001e0f40009e0078000d
:10416c0010b12000808040001e0090004200dd0055
:10417c0082ea20006240780022c0b30008b8020036
:10418c00010000001e0f40009e00780010b12000be
:10419c00808040001e0090004200dd0092ea20006a
:1041ac006240780022c0b30008b802000100000091
:1041bc001e0f40009e00780010b12000808040004f
:1041cc001e0090004200dd000080e80082ea200022
:1041dc006240780022c0b30008b802000100000061
:1041ec001e0f40009e00780010b12000008040009f
:1041fc0081592a009cdf0200010000001e0f4000c4
:10420c001e0090000000e800100798001e009000af
:10421c00f30f500004003c00500920009e00780071
:10422c00808f5000c1ff34000080fa0000000600af
:10423c008400fa00008798001187980031082b0041
:10424c0010b120009cdf020001000000000f78007c
:10425c00e1b3800000202000008060000000e0003e
:10426c0023013a009e00780010b12000008040002d
:10427c00e1082b009cdf0200010000001e0f400033
:10428c0066004700530620000001780041092b000e
:10429c000e8090003a0707000000e0002500320075
:1042ac000000eb0020079800915d2100660047009c
:1042bc00030220000101780091092b003007070050
:1042cc00030037002e0090000000e8002007980043
:1042dc002e009000ff0f500009003c002e009000b3
:1042ec0081192000808040000044210000804000a3
:1042fc0090409000f0c2b30080cf5000f1ff3a0024
:10430c00ae009000805d2100008040008040eb00fa
:10431c00114098002e00900069004000e600470014
:10432c000080400080007800506021009cdf02007b
:10433c00010000009e00780010b1200000804000b9
:10434c0091092b009cdf0200010000001e0f4000b1
:10435c00915d21001e01780010b120000000410089
:10436c009cdf0200010000001e0f40009e00780040
:10437c0010b120000080400041592a009cdf02004f
:10438c00010000001e0f40009e00780010b12000bc
:10439c0000804000516021009cdf02000100000001
:1043ac001e0f40009e00780010b1200000804000dd
:1043bc00210a2b009cdf0200010000001e0f4000b0
:1043cc00660047005300200000017800910a2b0082
:1043dc000e809000ea0607000000e00005003200a5
:1043ec0066004700ceb902000100000010b0880042
:1043fc00020037000000eb0010b088009e0078002f
:10440c0010b120008080400010b0800016b6020071
:10441c00010000001e0f40009e00780010b120002b
:10442c0000804000f10a2b009cdf0200010000001c
:10443c001e0f4000660047001300200000017800aa
:10444c00510b2b000e809000cd0607000000e00001
:10445c007f0032006600470004b502000100000036
:10446c0041602100804878004060210010407800b5
:10447c000004e00005003a00a10b2b00906621001f
:10448c009cdf0200010000006d003700406021003d
:10449c0010407800e14f500005003a00610c2b00f1
:1044ac00906621009cdf02000100000064003700d0
:1044bc004060210010407800e24f500005003a00a7
:1044cc00610d2b00906621009cdf020001000000b2
:1044dc005b0037004060210010407800e34f500033
:1044ec0009003a00510e2b00906621009cdf02005f
:1044fc00010000009e809000b02a21009cdf020089
:10450c00010000004e003700406021001040780090
:10451c00e44f50004a003a006600470013002000a8
:10452c0000017800710f2b000e809000940607009c
:10453c000000e000420032006600470004b50200b3
:10454c0001000000204798002e4090000080fb00e6
:10455c00e30f500021003200e30f500007003c0035
:10456c00e10f500013003200e10f500016003c0028
:10457c000000e0000a00320031003700e50f500067
:10458c0020003200e50f500019003500e60f5000f6
:10459c0021003200e70f50002400320028003700c1
:1045ac00115e2a00906621009cdf020001000000d1
:1045bc0023003700e15e2a00906621009cdf020098
:1045cc00010000001e00370041642a0090662100a3
:1045dc009cdf02000100000019003700c10f2b0006
:1045ec00906621009cdf02000100000014003700df
:1045fc0081632a00906621009cdf0200010000000c
:10460c000f00370041602a00906621009cdf0200f9
:10461c00010000000a00370011612a009066210099
:10462c009cdf02000100000005003700e1612a0058
:10463c00906621009cdf02000100000000000000d9
:10464c009e809000102921009cdf020001000000d8
:10465c009e00780010b12000808040004060210056
:10466c001040780012c0b30008b80200010000002e
:10467c001e0f40004060210010407800e44f5000b5
:10468c0010003a009e00780010b12000008040001d
:10469c0081102b009cdf0200010000001e0f400067
:1046ac009e00780010b120000080400012c0b300c2
:1046bc00800078002e40900008b802000100000035
:1046cc001e0f400050602100104078000004e000f4
:1046dc000e003200e0b380000090a000e0b3880030
:1046ec00e0b3800000b0a100e0b388000700370001
:1046fc009e00780010b1200000804000e1102b00db
:10470c009cdf0200010000001e0f40001e0fe8009d
:10471c0010b120001e0040008040eb0001487800e2
:10472c000080fa00000006006e00fa003037980096
:10473c004137980052379800633798000e80e80094
:10474c009301200000017800918c2a003e309000eb
:10475c000b0607000000e000630032007c004700fd
:10476c006300200000017800f1112b003e30900016
:10477c00030607000000e000710032007c004700d7
:10478c008000780060b020002c06020000000000c1
:10479c000000e0006a003a00300220000e004000e9
:1047ac00020120008000eb00500502000000000018
:1047bc00300220000e004000a53d2200c43d220026
:1047cc0080017800f2c0b3006102200000c5b30084
:1047dc00e059020001000000310320008e804000ef
:1047ec00300220000e004000f4dd02000100000049
:1047fc008e80e800300320000e00400064e10200cf
:10480c0001000000e54f50004d00360050b0200074
:10481c0010407800e34f500049003a0050b020009f
:10482c0041c0b300014878004e3090000000e00019
:10483c00290032005e3090000000e00026003200bb
:10484c006e3090000000e00023003200d004200005
:10485c000e00400031122b009cdf02000100000012
:10486c00000f78001e007800d10420008e804000dc
:10487c0000804000de3090009cdf02000100000050
:10488c001e0f40001e007800d10420008e804000d6
:10489c000080400081c82a009cdf0200010000005b
:1048ac001e0f40001e007800d10420008e804000b6
:1048bc0000804000ee3090009cdf02000100000000
:1048cc001e0f4000d00420000e00400012c0b300a8
:1048dc008000eb00b0e90700402f220011c0b300ac
:1048ec0001487800160037000e80e8009301200084
:1048fc000001780091eb2a003e309000a0050700e3
:10490c000000e00007003200ae40900010c3b3007e
:10491c0080cf500003003a0050b0200021c0b300fb
:10492c000148780050b02000104078000004e000ee
:10493c0003003a0050b0200011c0b30001487800c9
:10494c0071122b0010b120009cdf0200010000004e
:10495c00000f78009e00780010b12000808040008d
:10496c0050b02000104078000041eb0008b8020065
:10497c00010000001e0f40000080fa00000006003d
:10498c001a00fa00889fbe00300f9800410f980063
:10499c00d1132b0010b120009cdf0200010000009d
:1049ac00100798009e00900010b12000008040007d
:1049bc00c1142b009cdf0200010000009e0090003f
:1049cc0000804000100798009e00900010b120005d
:1049dc000080400031152b009cdf0200010000001c
:1049ec009e00900000804000100798009e009000f0
:1049fc0010b120000080400081152b009cdf0200cc
:104a0c00010000009e0090000080400010079800fc
:104a1c0065004700a53d2200c43d220080017800be
:104a2c0032c0b3007103200000c5b300e05902008e
:104a3c00010000009e00900010b12000008040009a
:104a4c0001032b009cdf0200010000009e0090007f
:104a5c0000804000100798005e409000e14f40003d
:104a6c0003003a0010c0b300004f7800020037007a
:104a7c000040eb00004f78009e00900010b1200029
:104a8c00808040005e4090008eb902000100000062
:104a9c009e009000008040001007980010c0b300ea
:104aac0040479800200037009e00900010b1200075
:104abc000080400081592a009cdf020001000000a8
:104acc009e00900000804000100798009e0090000f
:104adc0010b12000808040004e4090000080fb0010
:104aec0000004700504090008eb902000100000009
:104afc009e00900000804000100798004e409000ef
:104b0c000080fb000000470050409000e14f400047
:104b1c00020032000040eb00004f78004e40900045
:104b2c000040e800404798004e409000e24f500093
:104b3c00ddff3600730047001300200000017800f1
:104b4c0041162b003e0890000d0507000000e00008
:104b5c00180032000040eb0040579800be50900007
:104b6c00f0c2b30080cf500007003600be5090005a
:104b7c0090c3b30080cf500003003e001e4078006d
:104b8c00e14f500002003a0000c3b30030579800c8
:104b9c0073004700a53d2200c43d2200800178002f
:104bac0012c0b300e101200000c5b3008c58020014
:104bbc00010000009e00900010b120000080400019
:104bcc0081162b009cdf0200010000009e0090006b
:104bdc00008040001007980073004700a53d22009c
:104bec00c43d22008001780012c0b300e101200016
:104bfc0000c5b300e0590200010000000040eb00ca
:104c0c0040579800be509000f0c2b30080cf5000c7
:104c1c000b003600be50900090c3b30080cf500004
:104c2c0007003e00be50900000c3b30080cf500080
:104c3c00100032001e407800e14f50000d003a0089
:104c4c0000c3b300305798000040eb004057980069
:104c5c0073004700a53d2200c43d2200800178006e
:104c6c0012c0b300e101200000c5b3008c58020053
:104c7c0001000000f30047001e01900010b120005d
:104c8c00000041009cdf0200010000009e0090002b
:104c9c00008040001007980050422100104078001e
:104cac000004e000130032009e00900010b12000c0
:104cbc0000804000d1162b009cdf02000100000098
:104ccc009e00900000804000100798005142210087
:104cdc001e01900010b12000000041009cdf02007a
:104cec00010000009e00900000804000100798001a
:104cfc00090037009e00900010b120000080400099
:104d0c0041172b009cdf0200010000009e00900068
:104d1c000080400010079800c03d21001040780032
:104d2c000004e000130032009e00900010b120003f
:104d3c0000804000c1172b009cdf02000100000026
:104d4c009e0090000080400010079800c13d21009b
:104d5c001e01900010b12000000041009cdf0200f9
:104d6c00010000009e009000008040001007980099
:104d7c00090037009e00900010b120000080400018
:104d8c0031182b009cdf0200010000009e009000f7
:104d9c0000804000100798009e00900010b1200089
:104dac0000804000b1182b009cdf020001000000c5
:104dbc009e0090000080400010079800113f2100d9
:104dcc001e01900010b12000000041009cdf020089
:104ddc00010000009e009000008040001007980029
:104dec0069004700930020000001780011192b0086
:104dfc003e089000620407000000e000060032004c
:104e0c009e48900010c3b30080cf500002003a00bf
:104e1c0010c0b300004f78001e407800e14f5000e6
:104e2c0068003a00690047009300200000017800f8
:104e3c0071192b003e089000510407000000e0009f
:104e4c00600032000040eb0040479800080037003b
:104e5c004e4090000080fb00000047008040eb00bb
:104e6c00514098004e4090000040e80040479800a8
:104e7c004e409000e24f5000f5ff36000040eb0032
:104e8c00404798000000eb00100798002600370000
:104e9c00e90047001e009000008040009040780020
:104eac00a0c3b30080cf500004003a004e409000e5
:104ebc000040e80040479800180037004e40900032
:104ecc000080fb00ce4090008180fb0081004700f9
:104edc00d1409000c408dd0000004700514098000c
:104eec004e4090000084fb004e4090000080fb0080
:104efc0000004700d0449000e90047001e009000dd
:104f0c00008040001040780058b7020001000000fb
:104f1c0080c0740008004700514098001e009000ab
:104f2c000000e80010079800e90047001e00900000
:104f3c0000804000104078000004e00003003200c4
:104f4c004e409000e24f5000d1ff36004e40900092
:104f5c00e24f50001b003a0065004700a53d2200bf
:104f6c00c43d22008001780032c0b30071032000e0
:104f7c0000c5b3008c5802000100000000c3b30050
:104f8c00305798000040eb004057980073004700e2
:104f9c00a53d2200c43d22008001780012c0b30060
:104fac00e101200000c5b3008c5802000100000094
:104fbc000040eb003057980073004700ce0890007b
:104fcc006ffe07001e0090000000e800100798001c
:104fdc0011b120001e009000008040008040eb00ca
:104fec00014878004f04be000080fa000000060063
:104ffc000200fa00000f7800b1192b0010b120004c
:10500c009cdf0200010000000080fa000000060096
:10501c000c00fa0040079800510798000e80e80039
:10502c004300200000017800111b2b004e00900063
:10503c00d30307000000e0001d0032000e80e800e2
:10504c00ceb9020001000000000f78000e80e800cd
:10505c001300200000017800611b2b004e00900013
:10506c00c70307000000e00011003200ae409000c2
:10507c0000c3b30080cf500005003a001e0078003a
:10508c0011c0b3003e3602000100000008003700da
:10509c00ae40900010c3b30080cf500004003a0023
:1050ac001e00780011c0b300703602000100000031
:1050bc000080fa00000006000600fa0010079800b5
:1050cc0021079800911b2b0010b120009cdf0200df
:1050dc0001000000000f78009e00780010b1200045
:1050ec0000804000311c2b009cdf020001000000fe
:1050fc001e0f40009e00780010b120000080400080
:10510c00011d2b009cdf0200010000001e0f40005f
:10511c009e00780010b1200000804000811d2b0003
:10512c009cdf0200010000001e0f40009e00780072
:10513c0010b1200000804000311e2b009cdf0200cb
:10514c00010000001e0f40009e00780010b12000ee
:10515c0000804000111f2b009cdf020001000000aa
:10516c001e0f40009e00780010b12000008040000f
:10517c00811f2b009cdf0200010000001e0f40006d
:10518c009e00780010b120000080400081202b0090
:10519c009cdf0200010000001e0f40009e00780002
:1051ac0010b120000080400051212b009cdf020038
:1051bc00010000001e0f40000080fa0000000600f5
:1051cc000400fa00100798000040eb00004f780034
:1051dc001e0090000000e00003003a0010c0b30075
:1051ec00004f78002400370000c4200010407800e5
:1051fc000080fb00620060000000e000170032003d
:10520c001e00900090407800b0c2b30080cf5000d8
:10521c0012003a000031220010407800e14f50009b
:10522c0007003e0000312200104078008040e8006a
:10523c00003122000148780010c0b300004f780004
:10524c009e009000602f22009cdf020001000000f5
:10525c00103122004e5e0200010000009e00900002
:10526c00602f22009cdf02000100000010312200a0
:10527c004e5e0200010000001e4078000080fa0023
:10528c00000006000e00fa00300798004107980055
:10529c00520798006307980010b120008040eb0083
:1052ac0001487800640047000001780061222b005f
:1052bc003e0090000ee10200010000000000e00042
:1052cc0004003200402f220011c0b30001487800c6
:1052dc0003003700402f22008040eb00014878008b
:1052ec003e009000104078000000fb006101b90006
:1052fc00f0fb2f00f1ff2f000200400083804800dc
:10530c005201200003002000820f5000838f5800b0
:10531c00b7023e000060010015003700270037007f
:10532c00300037006f003700b10237009c003700a7
:10533c00c20037000c0137001e013700ac023700e9
:10534c00ab0237002e01370046013700a8023700a8
:10535c006301370075013700a50237009001370053
:10536c00b101370008023700a10237005f02370095
:10537c00c1222b003e009000dcde02000100000088
:10538c000000e00003003200ce0090003e009000d0
:10539c006bdb070021232b003e009000dcde0200bb
:1053ac00010000000000e0006e023200ce00900010
:1053bc003e00900033db07008d02370081232b0069
:1053cc003e009000dcde0200010000000000e00066
:1053dc0066023200ce0090003e009000f7db070022
:1053ec0083023700c1232b003e009000dcde02005c
:1053fc00010000000000e00003003200ce0090002d
:10540c003e00900025dc070001242b003e0090009c
:10541c00dcde0200010000000000e00003003200ae
:10542c00ce0090003e0090000ede070081242b0081
:10543c003e009000dcde0200010000000000e000f5
:10544c0003003200ce0090003e00900074de070096
:10545c00e1242b003e009000dcde02000100000085
:10546c000000e00003003200ce0090003e009000ef
:10547c00e4e1070041252b003e009000dcde020039
:10548c00010000000000e00003003200ce0090009c
:10549c003e009000d0e2070081252b003e009000da
:1054ac00dcde0200010000000000e000030032001e
:1054bc00ce0090003e0090005fe30700c1252b005a
:1054cc003e009000dcde0200010000000000e00065
:1054dc0028023200ce0090003e0090007ae40700d3
:1054ec004302370071262b003e009000dcde0200e8
:1054fc00010000000000e00003003200ce0090002c
:10550c003e009000ecfe0700e1262b003e009000d0
:10551c00dcde0200010000000000e00004003200ac
:10552c000041eb00ce0090003e0090009ae6070090
:10553c0011272b003e009000dcde02000100000071
:10554c000000e00003003200ce0090003e0090000e
:10555c00e4e5070071272b003e009000dcde020022
:10556c00010000000000e00003003200ce009000bb
:10557c003e00900053e50700d1272b003e00900021
:10558c00dcde0200010000000000e000fb01320044
:10559c0080a4200011c0b300014878001402370029
:1055ac0021282b003e009000dcde020001000000f0
:1055bc000000e000060032004e0090000000e00009
:1055cc0003003a00ce0090003e0090006fe7070009
:1055dc0071282b003e009000dcde02000100000070
:1055ec000000e000020032003e00900080fe070048
:1055fc00b1282b003e009000dcde02000100000010
:10560c000000e00003003200ce0090003e0090004d
:10561c00ace50700f1282b003e009000dcde020018
:10562c00010000000000e000d6013200ce00900026
:10563c003e00900076fe0700ed01370091292b000b
:10564c003e009000dcde0200010000000000e000e3
:10565c0003003200ce0090003e0090007ce7070073
:10566c00e1292b003e009000dcde0200010000006e
:10567c000000e00003003200ce0090003e009000dd
:10568c0024ed0700312a2b003e009000dcde0200e6
:10569c00010000000000e00003003200ce0090008a
:1056ac003e0090004aee0700a12a2b003e0090001d
:1056bc00dcde0200010000000000e000030032000c
:1056cc00ce0090003e0090006ced0700212b2b00cb
:1056dc003e009000dcde0200010000000000e00053
:1056ec0003003200ce0090003e009000faf9070053
:1056fc00912b2b003e009000dcde0200010000002c
:10570c000000e00003003200ce0090003e0090004c
:10571c004ef60700012c2b003e009000dcde020050
:10572c00010000000000e000980132003e009000f3
:10573c0063004000104078000004e00006003200d6
:10574c003e009000630040009040780000c2b3001f
:10575c0080cf50008f013a00ce0090003e009000a8
:10576c007af60700a2013700412c2b003e00900076
:10577c00dcde0200010000000000e000030032004b
:10578c00ce0090003e0090005efa0700812c2b00aa
:10579c003e009000dcde0200010000000000e00092
:1057ac007e013200ce0090003e009000a0fa07006f
:1057bc008f013700112d2b003e009000dcde020023
:1057cc00010000000000e00003003200ce00900059
:1057dc003e009000e4ef0700612d2b003e0090008e
:1057ec00dcde0200010000000000e0006d01320070
:1057fc00ce0090003e00900011f007007c013700b5
:10580c00b12d2b003e009000dcde020001000000f8
:10581c000000e00003003200ce0090003e0090003b
:10582c00f5f00700112e2b003e009000dcde02008c
:10583c00010000000000e00006003a00812e2b0061
:10584c003e009000dcde0200010000000000e000e1
:10585c0056013200ce0090003e00900031f007005f
:10586c0063013700012f2b003e009000dcde0200ac
:10587c00010000000000e000060032004e00900025
:10588c000000e00003003a00ce0090003e009000c3
:10589c008bd30700812f2b003e009000dcde020032
:1058ac00010000000000e00003003200ce00900078
:1058bc003e009000f1d50700e12f2b003e00900038
:1058cc00dcde0200010000000000e00039013200c3
:1058dc00ce0090003e00900018d507004401370020
:1058ec0061302b003e009000dcde02000100000065
:1058fc000000e00003003200ce0090003e0090005b
:10590c009ed8070001312b003e009000dcde020027
:10591c00010000000000e00028013200ce009000e1
:10592c003e009000cbd807003101370071312b00bd
:10593c003e009000dcde0200010000000000e000f0
:10594c0003003200ce0090003e00900078d8070093
:10595c00a1312b003e009000dcde020001000000b3
:10596c000000e0000400320012c0b300ce00900032
:10597c003e009000c9f2070011322b003e0090004f
:10598c00dcde0200010000000000e0000d0132002e
:10599c00ce0090003e0090008bf4070014013700fd
:1059ac0081322b003e009000dcde02000100000082
:1059bc000000e000060032004e0090000000e00005
:1059cc0003003a00ce0090003e00900027f1070043
:1059dc0021332b003e009000dcde020001000000b1
:1059ec000000e000060032004e0090000000e000d5
:1059fc0003003a00ce0090003e00900064f10700d6
:105a0c00b1332b003e009000dcde020001000000f0
:105a1c000000e000ed003200ce0090003e0090004f
:105a2c0039f10700f200370021342b003e009000c2
:105a3c00dcde0200010000000000e0000300320088
:105a4c00ce0090003e0090007af10700a1342b00ac
:105a5c003e009000dcde0200010000000000e000cf
:105a6c0003003200ce0090003e009000f6e20700ea
:105a7c0041352b003e009000dcde020001000000ee
:105a8c000000e000050032000041eb00ce00900069
:105a9c003e00900081f20700d500370071352b00d5
:105aac003e009000dcde0200010000000000e0007f
:105abc00050032004e0090000000e00002003a00a9
:105acc003e009000fff10700b1352b003e00900026
:105adc00dcde0200010000000000e00005003200e6
:105aec004e0090000000e00002003a003e009000e2
:105afc00cef10700e1352b003e009000dcde020009
:105b0c00010000000000e00003003200ce00900015
:105b1c003e00900004f20700d17d2a003e00900068
:105b2c00dcde0200010000000000e0000300320097
:105b3c00ce0090003e00900028f2070051362b005a
:105b4c003e009000dcde0200010000000000e000de
:105b5c0003003200ce0090003e009000f0f20700ef
:105b6c00d1362b003e009000dcde0200010000006c
:105b7c000000e00097003200ce0090003e00900044
:105b8c003bf207009a00370011372b003e009000c3
:105b9c00dcde0200010000000000e0002900320001
:105bac004e0090000000e00026003a0060802000cb
:105bbc00104078000004e0000400320060802000f7
:105bcc008040eb0001487800030037006080200023
:105bdc0011c0b3000148780071372b0010b12000c0
:105bec009cdf020001000000200798002e009000ae
:105bfc008000780010b12000808040006080200080
:105c0c00104078000041eb0008b8020001000000d1
:105c1c00ae00900001004000200798002e0090007c
:105c2c008000780010b120000080400051542a0000
:105c3c009cdf020001000000ae009000010040005b
:105c4c002007980031382b003e009000dcde02006b
:105c5c00010000000000e000040032004e00900043
:105c6c000000e00001003a00ffff370081382b00f4
:105c7c003e009000dcde0200010000000000e000ad
:105c8c00050032004e0090000000e00002003a00d7
:105c9c003e009000b8f30700d1382b003e00900076
:105cac00dcde0200010000000000e0000300320016
:105cbc00ce0090003e0090004cf3070071392b0091
:105ccc003e009000dcde0200010000000000e0005d
:105cdc00420032004e0090000000e00041003a000b
:105cec003e0090000ff3070041003700313a2b00c3
:105cfc003e009000dcde0200010000000000e0002d
:105d0c0003003200ce0090003e009000caf3070062
:105d1c00813a2b003e009000dcde02000100000006
:105d2c000000e00003003200ce0090003e00900026
:105d3c0013fb0700013b2b003e009000dcde020051
:105d4c00010000000000e00028003200ee0190008d
:105d5c005e019000ce0090003e00900072fa0700a9
:105d6c002300370000000000210037000000000075
:105d7c001f003700000000001d003700000000006d
:105d8c001b00370000000000190037000000000065
:105d9c00170037000000000015003700000000005d
:105dac001300370000000000110037000000000055
:105dbc000f003700000000000d003700000000004d
:105dcc000b00370000000000090037000000000045
:105ddc00070037000000000005003700000000003d
:105dec000300370000000000010037000000000035
:105dfc00402f2200104078000004e0000700320021
:105e0c0010b120008040eb0001487800a0ae2000cb
:105e1c00a1c0b300014878005700370010b1200032
:105e2c00104078000004e00034003a004e0090006e
:105e3c00e3fc0700204798002e4090000004e0008f
:105e4c0022003200f13b2b0010b120009cdf02003d
:105e5c0001000000200798000000eb00000f780004
:105e6c000b0037002e0090009e0078003e01900041
:105e7c00810041001141780011b12000827078003e
:105e8c002e0090000000e800200798001e0fe8008c
:105e9c00ae009000400a2000808f500006003c00ad
:105eac001e007800be00900000804000104078007a
:105ebc000004e000ebff3a002e00900011b120002e
:105ecc000041eb00827078001b0037006ce402008c
:105edc0001000000703c2b002ee4020001000000c9
:105eec004e0090002ee402000100000050542a00e5
:105efc002ee40200010000000f0037004e0090005d
:105f0c000000e00009003200ce009000602f22005b
:105f1c002c060200000000000000e00003003a0024
:105f2c00003122008040eb0001487800a0ae200038
:105f3c00e1c1b300014878004e0090000000e00081
:105f4c000d003a0010b12000104078000004e00071
:105f5c000900320010b120002ee402000100000004
:105f6c0050542a002ee402000100000010b1200061
:105f7c008040eb00014878000080fa000000060029
:105f8c000e00fa003007980041079800520798005d
:105f9c00630798000000eb00000f78003e009000b3
:105fac000000e0004300320064004700000178006c
:105fbc00ce0090003e0090000ee1020001000000b7
:105fcc000000e0003b0032004e009000c0b7020021
:105fdc0001000000ae009000010040002007980076
:105fec000000eb00100798000e0037001e00900018
:105ffc00de00900000804000ae0090003e0190005a
:10600c008100410091407800014878002e009000fa
:10601c000000e800200798001e0090000000e80037
:10602c00100798009e0090006e009000808f50002a
:10603c0019003d002e009000be0090000080400032
:10604c009040780000c2b30080cf500012003200a4
:10605c002e009000be0090000080400010407800a0
:10606c00ea4f50000c0032002e009000be00900051
:10607c000080400010407800ed4f500006003200c8
:10608c002e009000be009000008040001040780070
:10609c000004e000d5ff3a001e009000de009000e6
:1060ac00008040008040eb00014878001000200088
:1060bc00000f78001e0078000080fa000000060037
:1060cc000e00fa003007980041079800520798001c
:1060dc00630798000000eb00000f78003e00900072
:1060ec000000e0004300320064004700000178002b
:1060fc00ce0090003e0090000ee102000100000076
:10610c000000e0003b0032004e009000c0b70200df
:10611c0001000000ae009000010040002007980034
:10612c000000eb00100798000e0037001e009000d6
:10613c00de00900000804000ae0090003e01900018
:10614c008100410091407800014878002e009000b9
:10615c000000e800200798001e0090000000e800f6
:10616c00100798009e0090006e009000808f5000e9
:10617c0019003d002e009000be00900000804000f1
:10618c009040780000c2b30080cf50001200320063
:10619c002e009000be00900000804000104078005f
:1061ac00ea4f50000c0032002e009000be00900010
:1061bc000080400010407800ed4f50000600320087
:1061cc002e009000be00900000804000104078002f
:1061dc000004e000d5ff3a001e009000de009000a5
:1061ec00008040008040eb00014878001000200047
:1061fc00000f78001e0078000080fa0000000600f6
:10620c000400fa00100798000040eb00004f7800e3
:10621c00040037001e0090000000e80010079800f2
:10622c001e4fe8001e0090001040780070e0020045
:10623c00010000000000e000f6ff3a001e4078006c
:10624c00e44f500003003a0010c0b300004f780038
:10625c00020037000040eb00004f78001e40780031
:10626c000080fa00000006000800fa0010079800f1
:10627c0021079800624798006e4090000080fb0058
:10628c0061006000004078000004e000070032006c
:10629c0012c0b300ae0090001e0090008ac602002f
:1062ac0001000000004f7800060037000041eb00b1
:1062bc00ae0090001e0090008ac602000100000093
:1062cc00004f78001e407800e14f500008003a0063
:1062dc008042eb000002eb008001eb00a297210052
:1062ec00918d2100003e2b00afd007000700370036
:1062fc008042eb000002eb008001eb001e019000dd
:10630c00ae009000803e2b00a7d007001e40780006
:10631c000080fa00000006000600fa001007980042
:10632c0021079800ae0090001e00900038c70200b4
:10633c0001000000004f78001e407800e14f500033
:10634c0008003a0015c0b3000002eb008001eb001e
:10635c001e01900081502100003e2b0092d00700be
:10636c000700370015c0b3000002eb008001eb0002
:10637c001e019000ae009000803e2b008ad00700da
:10638c001e4078000080fa00000006000800fa00a9
:10639c00204798002107980032079800013f2b00f6
:1063ac0090a420009cdf020001000000000f780088
:1063bc00420120008000eb0020e920005005020083
:1063cc000000000020e92000a53d2200c43d220071
:1063dc008001780042c1b3004100200000c5b30029
:1063ec00e05902000100000060ea20008040eb0050
:1063fc00014878009e00780090a4200000804000a6
:10640c0021e920009cdf0200010000001e0f40006b
:10641c009e00780090a4200000804000d13f2b000b
:10642c009cdf0200010000001e0f40009e0078005f
:10643c0090a4200000804000be0090009cdf020071
:10644c00010000001e0f40009e00780090a4200068
:10645c000080400051902a009cdf020001000000e7
:10646c001e0f40009e00780090a420000080400089
:10647c000041eb00800078002e40900008b802002c
:10648c00010000001e0f40009e00780090a4200028
:10649c0000804000815b2a009cdf020001000000ac
:1064ac001e0f40009e00780090a4200080804000c9
:1064bc009062800016b60200010000001e0f400022
:1064cc009e00780090a420000080400031402b00fa
:1064dc009cdf0200010000001e0f40009e007800af
:1064ec0090a42000008040002a310200010000002e
:1064fc000080fb001e0f400012c0b30091a42000ce
:10650c002e00900058ff07000080fa0000000600e3
:10651c000c00fa00204798002107980032079800d9
:10652c0043079800244f9800354f98002e48900050
:10653c000004e0000600320081402b0090a42000f3
:10654c009cdf020001000000000f780005003700fe
:10655c0091412b0090a420009cdf02000100000060
:10656c00000f7800420120008000eb0020e92000a1
:10657c00500502000000000020e92000a53d22008b
:10658c00c43d22008001780042c1b30041002000cc
:10659c0000c5b300e05902000100000060ea2000d1
:1065ac008040eb00014878009e00780090a4200009
:1065bc000080400021e920009cdf02000100000067
:1065cc001e0f40002e4890000004e000080032002e
:1065dc009e00780090a420000080400061422b00b7
:1065ec009cdf0200010000001e0f40000700370076
:1065fc009e00780090a420000080400051502a009a
:10660c009cdf0200010000001e0f40009e0078007d
:10661c0090a4200000804000be0090009cdf02008f
:10662c00010000001e0f40002e4890000004e00006
:10663c0022003a003e4890000004e00010003a00ae
:10664c009e00780090a420000080400051902a0009
:10665c009cdf0200010000001e0f40009e0078002d
:10666c0090a42000008040000041eb0080007800e6
:10667c002e40900008b80200010000001e0f4000e0
:10668c009e00780090a4200000804000815b2a00ce
:10669c009cdf0200010000001e0f40009e007800ed
:1066ac0090a42000808040009062800016b602000a
:1066bc00010000001e0f40000e0037009e00780005
:1066cc0090a4200000804000d1422b009cdf0200ef
:1066dc00010000001e0f40009e00780090a42000d6
:1066ec00808040009062800016b60200010000001d
:1066fc001e0f40002e4890000004e00008003200fd
:10670c009e00780090a420000080400051432b0094
:10671c009cdf0200010000001e0f40000700370044
:10672c009e00780090a4200000804000914f2a0029
:10673c009cdf0200010000001e0f40009e0078004c
:10674c0090a4200000804000800078004e00900053
:10675c0016b60200010000001e0f40003e489000db
:10676c000004e0000400320091a420002e009000f0
:10677c00e9fe07000400370012c0b30091a420000a
:10678c002e009000b8fe07000080fa000000060002
:10679c000c00fa0020479800210798003207980057
:1067ac0043079800244f9800b1432b0090a420007d
:1067bc009cdf020001000000000f78004201200065
:1067cc008000eb0020e920005005020000000000d2
:1067dc0020e92000a53d2200c43d22008001780064
:1067ec0042c1b3004100200000c5b300e0590200d3
:1067fc000100000060ea20008040eb0001487800b6
:10680c009e00780090a420000080400021e9200028
:10681c009cdf0200010000001e0f40009e0078006b
:10682c0090a420000080400051502a009cdf020000
:10683c00010000001e0f40009e00780090a4200074
:10684c0000804000be0090009cdf020001000000b0
:10685c001e0f40009e00780090a420000080400095
:10686c0051902a009cdf0200010000001e0f400026
:10687c009e00780090a42000008040000041eb00b6
:10688c00800078002e40900008b802000100000043
:10689c001e0f40009e00780090a420000080400055
:1068ac00914f2a009cdf0200010000001e0f4000e7
:1068bc009e00780090a420000080400080007800aa
:1068cc004e00900016b60200010000001e0f4000a2
:1068dc009e00780090a4200000804000815b2a007c
:1068ec009cdf0200010000001e0f40009e0078009b
:1068fc0090a42000808040009062800016b60200b8
:10690c00010000002e4890000004e000040032005a
:10691c0091a420002e0090007ffe07000400370099
:10692c0012c0b30091a420002e0090004efe070070
:10693c000080fa00000006000a00fa0020479800c8
:10694c002107980032079800034f980081442b00d0
:10695c0090a420009cdf020001000000000f7800d2
:10696c00420120008000eb0020e9200050050200cd
:10697c000000000020e92000a53d2200c43d2200bb
:10698c008001780042c1b3004100200000c5b30073
:10699c00e05902000100000060ea20008040eb009a
:1069ac00014878009e00780090a4200000804000f0
:1069bc0021e920009cdf0200010000001e0f4000b6
:1069cc009e00780090a420000080400051502a00c6
:1069dc009cdf0200010000001e0f40009e007800aa
:1069ec0090a4200000804000be0090009cdf0200bc
:1069fc00010000001e0f40009e00780090a42000b3
:106a0c000080400051902a009cdf02000100000031
:106a1c001e0f40009e00780090a4200000804000d3
:106a2c000041eb00800078002e40900008b8020076
:106a3c00010000001e0f40009e00780090a4200072
:106a4c0000804000815b2a009cdf020001000000f6
:106a5c001e0f40009e00780090a420008080400013
:106a6c009062800016b60200010000000e489000f3
:106a7c000004e0000400320091a420002e009000dd
:106a8c0025fe07000400370012c0b30091a42000bb
:106a9c002e009000f4fd07000080fa0000000600b4
:106aac000e00fa0020479800210798003207980042
:106abc00034f9800144f9800254f9800364f9800bc
:106acc00474f98004e4890000004e000060032004a
:106adc0051452b0090a420009cdf02000100000017
:106aec00000f78000500370031462b0090a42000e1
:106afc009cdf020001000000000f78004201200022
:106b0c008000eb0020e9200050050200000000008e
:106b1c0020e92000a53d2200c43d22008001780020
:106b2c0042c1b3004100200000c5b300e05902008f
:106b3c000100000060ea20008040eb000148780072
:106b4c009e00780090a420000080400021e92000e5
:106b5c009cdf0200010000001e0f40004e48900018
:106b6c000004e000080032009e00780090a4200091
:106b7c000080400061422b009cdf020001000000fd
:106b8c001e0f4000070037009e00780090a42000e4
:106b9c000080400051502a009cdf020001000000e0
:106bac001e0f40009e00780090a420000080400042
:106bbc00be0090009cdf0200010000001e0f400090
:106bcc004e4890000004e0004f0032009e00780018
:106bdc0090a4200000804000d1422b009cdf0200da
:106bec00010000001e0f40009e00780090a42000c1
:106bfc00808040009062800016b602000100000008
:106c0c001e0f40009e00780090a4200000804000e1
:106c1c0001472b009cdf0200010000001e0f40000a
:106c2c009e00780090a42000008040000041eb0002
:106c3c00800078000e48900008b8020001000000a7
:106c4c001e0f40009e00780090a4200000804000a1
:106c5c0041592a009cdf0200010000001e0f400079
:106c6c009e00780090a42000008040000041eb00c2
:106c7c00800078001e48900008b802000100000057
:106c8c001e0f40009e00780090a420000080400061
:106c9c0051472b009cdf0200010000001e0f40003a
:106cac009e00780090a42000008040000041eb0082
:106cbc00800078003e48900008b8020001000000f7
:106ccc001e0f40009e00780090a420000080400021
:106cdc00a1472b009cdf0200010000001e0f4000aa
:106cec009e00780090a42000008040000041eb0042
:106cfc00800078002e48900008b8020001000000c7
:106d0c001e0f40001e0037009e00780090a420004b
:106d1c000080400051902a009cdf0200010000001e
:106d2c001e0f40009e00780090a4200000804000c0
:106d3c000041eb00800078002e40900008b8020063
:106d4c00010000001e0f40009e00780090a420005f
:106d5c0000804000815b2a009cdf020001000000e3
:106d6c001e0f40009e00780090a420008080400000
:106d7c009062800016b60200010000001e0f400059
:106d8c000ef897000004e0000400320091a42000eb
:106d9c002e00900060fd07000400370012c0b30005
:106dac0091a420002e0090002ffd07000080fa0017
:106dbc00000006000600fa00204798002107980002
:106dcc0001482b0090a420009cdf02000100000071
:106ddc00000f7800420120008000eb0020e9200029
:106dec00500502000000000020e92000a53d220013
:106dfc00c43d22008001780042c1b3004100200054
:106e0c0000c5b300e05902000100000060ea200058
:106e1c008040eb00014878009e00780090a4200090
:106e2c000080400021e920009cdf020001000000ee
:106e3c001e0f40009e00780090a4200000804000af
:106e4c0051902a009cdf0200010000001e0f400040
:106e5c009e00780090a42000008040000041eb00d0
:106e6c00800078002e40900008b80200010000005d
:106e7c001e0f40009e00780090a42000008040006f
:106e8c00815b2a009cdf0200010000001e0f400005
:106e9c009e00780090a420008080400090628000ca
:106eac0016b602000100000022c0b30091a420001d
:106ebc002e009000ecfc07000080fa000000060099
:106ecc000a00fa00204798002107980062479800b2
:106edc0043079800d1482b0090a420009cdf0200af
:106eec0001000000000f7800420120008000eb0040
:106efc0020e92000500502000000000020e92000dd
:106f0c00a53d2200c43d22008001780042c1b3009f
:106f1c004100200000c5b300e05902000100000050
:106f2c0060ea20008040eb00014878009e00780069
:106f3c0090a420000080400021e920009cdf02008a
:106f4c00010000001e0f40009e00780090a420005d
:106f5c000080400051502a009cdf0200010000001c
:106f6c001e0f40009e00780090a42000008040007e
:106f7c00ce0090009cdf0200010000001e0f4000bc
:106f8c009e00780090a420000080400001472b0058
:106f9c009cdf0200010000001e0f40009e007800e4
:106fac0090a42000008040000041eb00800078009d
:106fbc006e40900008b80200010000001e0f400057
:106fcc009e00780090a420000080400051902a0080
:106fdc009cdf0200010000001e0f40009e007800a4
:106fec0090a42000008040000041eb00800078005d
:106ffc002e40900008b80200010000001e0f400057
:10700c009e00780090a4200000804000815b2a0044
:10701c009cdf0200010000001e0f40009e00780063
:10702c0090a42000808040009062800016b6020080
:10703c000100000012c0b30091a420002e009000ab
:10704c0089fc07000080fa00000006009a00fa0094
:10705c00408f9800e3618000d261800070c32000f3
:10706c00104078008080fb0060c220001040780047
:10707c000080fb00831f7800821f7800811f78003e
:10708c00801f780070c22000801f7800ce8890008e
:10709c00811f7800003b2900801f78000e007800cb
:1070ac000005020000000000ee8757000040eb00d6
:1070bc00605799000e0078002ee4020001000000d9
:1070cc000080fa00000006000800fa00000f7800ab
:1070dc0021479800220798003307980060c22000cf
:1070ec0011c0b300014878002e4090000004e0006d
:1070fc000700320060c22000104078008040780009
:10710c000114a00060c2200001487800060037007e
:10711c0060c2200010407800804078000114a1006b
:10712c0060c2200001487800f20020009e00780028
:10713c0070c22000aa0602000000000060c32000fc
:10714c008040eb000148780080c32000e1c1b3000f
:10715c0001487800ae009000d1618800be0090001c
:10716c00e1618800c20020009e007800403d2900ab
:10717c0080060200000000000000e0000700320062
:10718c00c20020009e007800103e290080060200fc
:10719c00000000000000e00004003a0040c5b3000d
:1071ac0022c90200010000000300370040c4b300f4
:1071bc0022c9020001000000e03e2900a3ff0700e5
:1071cc000080fa00000006000000fa0070c32000e6
:1071dc00104078000080fb006100600000407800e7
:1071ec000004e00009003200a20120008000eb0046
:1071fc0060c22000500502000000000080c3200087
:10720c0031c0b3000148780005003700a20120000e
:10721c008000eb0060c2200050050200000000005e
:10722c00603f290089ff07000080fa00000006007b
:10723c000400fa00204798000040eb00004f780053
:10724c002e4090000004e0001300320040e72000c4
:10725c00104078008040e80040e7200001487800aa
:10726c0040e7200010407800ea4f50000d00360037
:10727c00800e2000d0968800f0f12000104078009d
:10728c008040e800f0f120000148780010c0b30005
:10729c00004f78000300370040e720008040eb00ef
:1072ac00014878001e4078000080fa0000000600bb
:1072bc000200fa00004f780000c420001040780053
:1072cc000080fb0061006000004078000004e000da
:1072dc003d0032001e407800ed4f5000030032009c
:1072ec001e407800ea4f50001c003a0030e72000a6
:1072fc00104078000004e0001400320030e7200059
:10730c009040780070ccb30080cf50000f003e004e
:10731c0030e72000104078000080fb00a1da20004c
:10732c000041eb0082707800c03f29002ee402007f
:10733c0001000000a0da20002ee402000100000091
:10734c00704029002ee402000100000030e720000c
:10735c008040eb00014878001b00370030e720002c
:10736c009040780070ccb30080cf500016003e00e7
:10737c0030e72000104078000080fb001e417800b0
:10738c00a1da20008270780030e7200010407800ed
:10739c008040e80030e7200001487800f08a2100a6
:1073ac00104078009e40780080cf500006003a00d4
:1073bc00f08a2100104078000004e0000200320046
:1073cc00a0c0b300baff07000080fa00000006005e
:1073dc000200fa00004f780000c420001040780032
:1073ec000080fb0061006000004078000004e000b9
:1073fc00390032001e407800ed4f5000030032007f
:10740c001e407800ea4f500021003a0090da20002c
:10741c00104078000004e0002f00320090da2000c9
:10742c009040780080ccb30080cf500029003e0003
:10743c0090da2000104078000080fb0001ce200084
:10744c000041eb0082707800a04029002ee402007d
:10745c000100000000ce20002ee40200010000001c
:10746c00504129002ee402000100000090da2000b7
:10747c008040eb0001487800820c20008000eb007b
:10748c0000ce200050050200000000001200370062
:10749c0090da20009040780070ccb30080cf500080
:1074ac000d003e0090da2000104078000080fb00b8
:1074bc001e41780001ce20008270780090da200006
:1074cc00104078008040e80090da200001487800f5
:1074dc0001003700000000000080fa0000000600e8
:1074ec004800fa00881f780060c798000040eb0045
:1074fc00104798000000eb00300f98000040eb00a4
:10750c00405798006ec0900069ff0700e08c210086
:10751c00904078006ec0900080cf50000b003a0075
:10752c0070c680000090a00070c6880080c2b300b6
:10753c005fff070010c3b3005dff070090c2b300ec
:10754c005bff0700d0c0b30059ff0700008d21007e
:10755c00904078006ec0900080cf500013003a002d
:10756c0071c6800000202000008060000000e00058
:10757c000e003200008d21008040eb0001487800a5
:10758c0080c680000090a00080c6880080c2b30036
:10759c0047ff070020c3b30045ff070090c2b300ac
:1075ac0043ff0700d0c0b30041ff0700a1c6800015
:1075bc0000102000008060000000e000100032008d
:1075cc0076004700000178007141290040682100d5
:1075dc000ee1020001000000405798004e50900050
:1075ec000004e00006003200a0c680000090a0005d
:1075fc00a0c68800a0c680000080a100a0c688009c
:10760c00b1c6800000102000008060000000e00087
:10761c00100032007600470000017800b1412900cb
:10762c00406821000ee10200010000004057980064
:10763c004e5090000004e00006003200b0c68000fe
:10764c000090a000b0c68800b0c680000080a100e9
:10765c00b0c6880091c68000001020000080600039
:10766c000000e000580032006ec090000080fb006b
:10767c00ed0f500023003200ed0f500003003c00d2
:10768c00ea0f5000310032004f003700b1042000e7
:10769c00810f50000f003200f1042000810f5000c8
:1076ac0049003a00208d210010407800e24f500034
:1076bc0004003a00208d210031c0b300014878004d
:1076cc0041003700208d21008040eb0001487800fc
:1076dc003d003700208d210010407800e34f500012
:1076ec0004003a00208d210041c0b300014878000d
:1076fc0035003700208d21008040eb0001487800d8
:10770c0031003700208d2100104078000004e0008b
:10771c0004003200208d210010407800e44f50000e
:10772c0006003a00208d2100104078008040e800cf
:10773c00208d21000148780023003700208d210086
:10774c0011c0b300014878001f003700208d2100c4
:10775c0010407800e14f500004003200208d2100d1
:10776c0010407800e54f500013003a00208d2100a6
:10777c00104078008040e800208d210001487800fe
:10778c00208d210010407800e64f500008003a0090
:10779c0090c680000090a00090c6880090c6800023
:1077ac000080a10090c688000040eb00a0fe0700fe
:1077bc000000000004003700208d21008040eb0009
:1077cc0001487800000000006ec09000ea4f5000a5
:1077dc006a083a0010ae210010407800e14f5000ca
:1077ec003a003a0091c68000002020000080600022
:1077fc000000e00035003200f0cc80000000a0005a
:10780c00f0cc8800f0cc80000010a000f0cc8800f8
:10781c0080d3800091d3800061004000e08048005c
:10782c0080d3880091d3880040a7210010407800b5
:10783c00e14f40000500320040a7210010407800c5
:10784c008040e80040a721000148780010ae2100dc
:10785c008040eb0001487800f0cc80000030a100a3
:10786c00f0cc8800e0a6210010407800e14f5000d9
:10787c0016003600e0a62100104078000080fb00c6
:10788c008000e900e09921000080400090409000c9
:10789c00c0c7b30080cf50000c003a00e0a6210016
:1078ac00104078008040e900e0a6210001487800f3
:1078bc00e0a62100104078008080fb00e0992100b8
:1078cc00008040008040eb001140980010b4800014
:1078dc000000e0003708320010b48000416821003d
:1078ec000041eb008270780010ae2100104078004f
:1078fc00e14f50000f003a0010b4800041682100a5
:10790c00c2c7b3008270780011b48000d00f200081
:10791c00808f500003003e0010b480000000e8008f
:10792c0010b4880010b48000416821000041eb00c5
:10793c00827078000000eb0020079800208d210059
:10794c0010407800e54f500025003200208d2100ba
:10795c0010407800e64f50002100320041682100b1
:10796c00407821009cdf020001000000a0ae210045
:10797c00104078000004e00019003200407821002b
:10798c005006020000000000004078000041780022
:10799c00a1ae21004078210066df0200010000004a
:1079ac000000e0000e0032004201200031422900ac
:1079bc00e0bc20004205020000000000e0bc2000fa
:1079cc002ee402000100000090ae210011c0b300b3
:1079dc0001487800a0ae21008040eb0001487800ff
:1079ec00605e80000000e00011003500605e8000e9
:1079fc000000e0000e003c00207a21008040eb00eb
:107a0c0001487800123f2100605e80007f00b900c1
:107a1c00000078000000410041782100dadf02000c
:107a2c0001000000605e80000000e800605e8800dd
:107a3c00f0cc8000610060000000e000ff013a0023
:107a4c00f0cc8000620060000000e000fb013a0016
:107a5c0010b48000e70f50007f01360072c0b300f5
:107a6c00714329004068210066df0200010000001c
:107a7c000000e0007801320010c0b300004f780025
:107a8c00ff2c070010ae2100104078000004e0002d
:107a9c00a2013a0010ae210011c0b30001487800d9
:107aac00f0cc80000020a000f0cc880070c0b300a7
:107abc00104798000000eb0060d388001f003700cf
:107acc001e4090000080fb0041682100e1407800de
:107adc00f0c2b30080cf5000150034001e4090005f
:107aec000080fb0041682100e140780090c3b300a6
:107afc0080cf50000e003c0060d380006a00b900bb
:107b0c000000780060d3880068d380001e4090008d
:107b1c000080fb00416821006140780058b70200ea
:107b2c00010000000080fb000000440060d38800ce
:107b3c001e4090000040e800104798001e40900046
:107b4c008080fb0010b48000808f50000d0031004d
:107b5c001e4090000080fb004168210061407800cd
:107b6c000004e000070032001e4090000080fb0083
:107b7c0041682100e1407800c0c2b30080cf5000c2
:107b8c00cfff3a001e4090008080fb0010b48000b4
:107b9c00808f5000270131001e4090000080fb00b8
:107bac0041682100e1407800c0c2b30080cf500092
:107bbc0020013a001e4090000040e8001047980059
:107bcc001e4090000080fb0041682100614078005d
:107bdc000004e000070032001e4090000080fb0013
:107bec0041682100e1407800c0c2b30080cf500052
:107bfc00f0ff3a001e4090000080fb00416821001d
:107c0c00e1407800c0c2b30080cf500009013a00b7
:107c1c001e4090000040e800104798001e40900065
:107c2c000080fb0041682100e140780020c2b300d5
:107c3c0080cf5000ff003a000000eb0010079800c6
:107c4c001e4090000040e800104798000e003700de
:107c5c001e4090000080fb0041682100e14078004c
:107c6c001e01900000a42100000041000148780092
:107c7c001e4090000040e800104798001e00900045
:107c8c000000e800100798001e4090008080fb0068
:107c9c0010b48000808f5000100031001e40900006
:107cac000080fb0041682100614078000004e00086
:107cbc000a0032001e4090000080fb004168210049
:107ccc00e140780020c2b30080cf500003003200a6
:107cdc001e009000f80f5000ddff34009e00900055
:107cec0000a42100008040008040eb000148780097
:107cfc001e4090008080fb0010b48000808f5000ec
:107d0c00cc0031001e4090000080fb004168210037
:107d1c00614078000004e000c60032001e40900074
:107d2c000040e800104798001e4090000080fb00c7
:107d3c0041682100614078000004e0000700320037
:107d4c001e4090000080fb0041682100e14078005b
:107d5c00c0c2b30080cf5000f0ff3a001e4090002c
:107d6c000080fb0041682100e1407800c0c2b300f4
:107d7c0080cf5000af003a001e4090000040e80059
:107d8c00104798001e4090000080fb0041682100c5
:107d9c00614078000004e000070032001e409000b3
:107dac000080fb0041682100e1407800c0c2b300b4
:107dbc0080cf5000f0ff3a001e4090000080fb0086
:107dcc0041682100e1407800c0c2b30080cf500070
:107ddc0098003a001e4090000040e80010479800c0
:107dec001e4090000080fb0041682100e1407800bb
:107dfc0020c2b30080cf50008e003a001e4090008d
:107e0c000040e80010479800e0a621008040eb00fd
:107e1c000148780015003700e0a6210010407800da
:107e2c000081fb001e4090000080fb004168210097
:107e3c00e1407800a0a52100000041000148780035
:107e4c001e4090000040e80010479800e0a621007a
:107e5c00104078008040e800e0a62100014878003e
:107e6c002e0090000000e800200798001e409000b3
:107e7c008080fb0010b48000808f50001100310016
:107e8c001e4090000080fb0041682100614078009a
:107e9c000004e0000b0032001e4090000080fb004c
:107eac0041682100e1407800c0c2b30080cf50008f
:107ebc0004003200e0a6210010407800e74f50008b
:107ecc00d5ff3600ae009000f0092000808f5000e6
:107edc0058003c00e0a62100104078008080fb0098
:107eec00a0a52100008040008040eb0001487800f4
:107efc00030037001e4090000040e8001047980037
:107f0c001e4090000080fb00416821006140780019
:107f1c000004e000070032001e4090000080fb00cf
:107f2c0041682100e1407800c0c2b30080cf50000e
:107f3c00f0ff3a001e4090000080fb0041682100d9
:107f4c00e1407800c0c2b30080cf500039003a0045
:107f5c001e4090000040e80010479800e0a6210069
:107f6c008040eb000148780012003700e0a62100a9
:107f7c00104078000081fb001e4090000080fb0048
:107f8c0041682100e140780020a62100000041005a
:107f9c00114098001e4090000040e80010479800e7
:107fac00e0a62100104078008040e800e0a6210007
:107fbc00014878001e4090008080fb0010b48000c7
:107fcc00808f5000110031001e4090000080fb009b
:107fdc0041682100614078000004e0000b00320091
:107fec001e4090000080fb0041682100e1407800b9
:107ffc00b0c2b30080cf500004003200e0a62100d4
:10800c0010407800e74f5000d8ff3600e0a6210062
:10801c00104078008080fb0020a6210000804000ea
:10802c008040eb0011409800f0cc80000020a100b3
:10803c00f0cc8800e0a621008040eb0001487800dd
:10804c00f09921008040eb000148780020c0b3007b
:10805c00004f7800310037000040eb00004f7800f3
:10806c0091c6800000202000008060000000e0002d
:10807c002a003a0010ae210010407800e14f500069
:10808c0026003a000040eb00104798001200370021
:10809c00e0a62100104078000081fb001e409000fb
:1080ac000080fb0041682100e1407800e09921004c
:1080bc0000004100114098001e4090000040e80074
:1080cc0010479800e0a62100104078008040e8009e
:1080dc00e0a62100014878001e4090008080fb0043
:1080ec0010b48000808f500005003100e0a6210004
:1080fc0090407800f0c9b30080cf5000e4ff360008
:10810c00e0a62100104078008080fb00e09921005f
:10811c00008040008040eb001140980010ae210020
:10812c0010407800e14f500044003a001e407800a7
:10813c00e14f50000500320091c680000020200065
:10814c00008060000000e0003c003200f0cc8000b9
:10815c000000a000f0cc8800f0cc80000010a00043
:10816c00f0cc880080d3800091d380006100400067
:10817c00e080480080d3880091d3880010ae2100a5
:10818c008040eb000148780040a7210010407800a7
:10819c00e14f40000500320040a72100104078005c
:1081ac008040e80040a72100014878001e4078007c
:1081bc000004e00004003200f0cc80000030a0008d
:1081cc00f0cc880003003700f0cc80000030a10018
:1081dc00f0cc8800e0a6210010407800e14f500060
:1081ec0016003600e0a62100104078000080fb004d
:1081fc008000e900e0992100008040009040900050
:10820c00c0c7b30080cf50000c003a00e0a621009c
:10821c00104078008040e900e0a621000148780079
:10822c00e0a62100104078008080fb00e09921003e
:10823c00008040008040eb001140980010ae2100ff
:10824c00104078000004e000c9053a00c2c0b30039
:10825c00f14329004068210066df020001000000a4
:10826c000000e0000600320080e820008040eb00b7
:10827c0001487800406821002649020001000000f6
:10828c0052c0b300c14429004068210066df0200df
:10829c00010000000000e0000e003a00a2c0b30094
:1082ac00214529004068210066df02000100000022
:1082bc000000e00007003a00a2c0b300d14529003d
:1082cc004068210066df0200010000000000e000b1
:1082dc001a003200e0022100c210200021f220001e
:1082ec00420502000000000000f020004e5e02007b
:1082fc00010000007200200001f02000200221008b
:10830c0042050200000000004168210020f220001c
:10831c00dadf020001000000d09680005081880056
:10832c0050c5200090407800c00221000148780020
:10833c0080ae210011c0b3000148780082c1b300a7
:10834c00814629004068210066df02000100000020
:10835c000000e0002c00320070c3200010407800b8
:10836c000080fb00680060000000e0001600320096
:10837c0060c22000104078000080fb0064006000a8
:10838c000000e00010003a0070c320008040eb00b9
:10839c000148780060c2200021c0b3000148780079
:1083ac0060c2200010407800804078000104a000da
:1083bc0060c2200001487800e0c3200031c0b30047
:1083cc00014878001000370060c22000104078008f
:1083dc000080fb0061006000004078000004e000b9
:1083ec000400320070c320008040eb00014878008c
:1083fc0005003700a20120008000eb0060c22000c5
:10840c00500502000000000032c0b30011482900e2
:10841c004068210066df0200010000000000e0005f
:10842c0005003200504829002ee402000100000033
:10843c0010002000d0968800a2c0b300414a290049
:10844c004068210066df0200010000000000e0002f
:10845c0094003200905a210090407800a0c5b300df
:10846c0080cf50008f003a00c0c0b3001047980076
:10847c001e4090000080fb0063004000416821001a
:10848c00e140780020c2b30080cf500012003a00c7
:10849c001e40900063404000104798001e40900022
:1084ac000080fb006300400041682100e14078003f
:1084bc0020c2b30080cf5000040032001e40900058
:1084cc00634040001047980050003700c0c0b30014
:1084dc00104798004d0037001e4090000080fb00b4
:1084ec006400400041682100e140780020c2b300e4
:1084fc0080cf500012003a001e40900064404000b3
:10850c00104798001e4090000080fb006300400064
:10851c0041682100e140780020c2b30080cf5000b8
:10852c00040032001e409000634040001047980049
:10853c0036003700c0c0b300104798003300370036
:10854c001e4090000080fb00650040004168210047
:10855c00e140780020c2b30080cf500012003a00f6
:10856c001e40900065404000104798001e4090004f
:10857c000080fb006300400041682100e14078006e
:10858c0020c2b30080cf5000040032001e40900087
:10859c0063404000104798001c003700c0c0b30077
:1085ac0010479800190037001e4090000080fb0017
:1085bc006700400041682100e140780020c2b30010
:1085cc0080cf500011003a001e40900067404000e0
:1085dc00104798001e4090000080fb006300400094
:1085ec0041682100e140780020c2b30080cf5000e8
:1085fc00040032001e409000634040001047980079
:10860c0002003700c0c0b300104798001e40900015
:10861c00ec4f5000230036000000eb0030079800b0
:10862c000f0037001e4090000080fb0041682100c5
:10863c0061407800804078003e019000805a210013
:10864c0000004100114098003e0090000000e8003e
:10865c00300798001e4090000040e800104798003a
:10866c001e4090000080fb0041682100e140780032
:10867c0020c2b30080cf5000eaff3a00905a21008c
:10868c0032c0b300f14a290066df0200010000008d
:10869c000000e00003003200905a2100a1c5b30095
:1086ac000148780092c0b300314b2900406821008a
:1086bc0066df0200010000000000e0000400320050
:1086cc00d0af80000000a100d0af88000a003700b6
:1086dc0092c0b300d14b29004068210066df020034
:1086ec00010000000000e00003003200d0af800069
:1086fc000000a000d0af8800a2c0b300714c2900cc
:10870c004068210066df0200010000000000e0006c
:10871c0007003200e1682100905c21009cdf020020
:10872c00010000008022210011c0b3000148780034
:10873c00d2c0b300214d29004068210066df020041
:10874c00010000000000e0005e00320030692100f2
:10875c009040780000c3b30080cf500009003a006d
:10876c00004e29002ee4020001000000e1b380005d
:10877c00f0ff28000080600000c0a000e0b388007b
:10878c004c003700306921009040780070c3b30072
:10879c0080cf50000a003a00d04e29002ee402008f
:1087ac0001000000e1b38000f0ff28008080600031
:1087bc000000250001007000e0b388003d00370088
:1087cc00306921009040780010c3b30080cf500076
:1087dc0038003200306921009040780020c3b3008b
:1087ec0080cf500009003a00904f29002ee402007f
:1087fc0001000000e1b38000f0ff28000080600061
:10880c0000c0a000e0b388002a00370030692100c6
:10881c009040780030c3b30080cf500009003a007c
:10882c00d04e29002ee4020001000000e1b38000cc
:10883c00f0ff28000080600000e0a000e0b388009a
:10884c001c003700306921009040780040c3b30011
:10885c0080cf500009003a00d04e29002ee40200cf
:10886c0001000000e1b38000f0ff280000806000f0
:10887c0000d0a000e0b388000e0037003069210062
:10888c009040780050c3b30080cf500009003a00ec
:10889c00d04e29002ee4020001000000e1b380005c
:1088ac00f0ff2800808060000000230001007000b1
:1088bc00e0b3880030692100ceb90200010000004d
:1088cc00f0b38800f2c0b300715029004068210059
:1088dc0066df0200010000000000e000180032001a
:1088ec00306921009040780000c3b30080cf500065
:1088fc0006003a00e1b38000f0ff28000080600021
:10890c0000c0a000e0b388000a003700e1b380008b
:10891c00f0ff28008080600000002500010070003e
:10892c00e0b3880040692100ceb9020001000000cc
:10893c00f0b38800e0b3800000f0a000e0b3880042
:10894c0012c1b300715129004068210066df02009a
:10895c00010000000000e00003003200e0b38000e2
:10896c000080a100e0b3880012c1b300915229002d
:10897c004068210066df0200010000000000e000fa
:10898c0003003200e0b380000080a100e0b3880057
:10899c00b2c0b300b15329004068210066df020069
:1089ac00010000000000e0000c003200f068210023
:1089bc009040780000c3b30080cf50000400320018
:1089cc0000b080000080a10000b0880003003700d8
:1089dc0000b080000080a00000b08800b2c0b300de
:1089ec00715429004068210066df0200010000007c
:1089fc000000e0000300320000b080000080a10005
:108a0c0000b08800a2c0b300315529004068210095
:108a1c0066df0200010000000000e0000c003200e4
:108a2c00006921009040780000c3b30080cf500053
:108a3c0004003a0000b080000090a00000b0880054
:108a4c000300370000b080000090a10000b0880047
:108a5c0092c0b300e15529004068210066df020096
:108a6c00010000000000e0000300320000b08000b4
:108a7c0000d0a00000b0880072c0b300815629005d
:108a8c004068210066df0200010000000000e000e9
:108a9c004d00320070c0b300004f98000040eb0056
:108aac00104f98000f0037001e4890000081fb000b
:108abc000e4890000080fb0041682100e1407800e6
:108acc00604f210000004100014878000e489000e2
:108adc000040e800004f98001e4890000040e8005d
:108aec00104f98000e4890000080fb004168210058
:108afc00614078000004e000070032000e4890004e
:108b0c000080fb0041682100e1407800c0c2b30046
:108b1c0080cf5000e4ff3a001e4890008080fb009c
:108b2c00604f2100008040008040eb00014878003d
:108b3c000e4890000040e800004f98000040eb0009
:108b4c00104f98000f0037001e4890000081fb006a
:108b5c001e4090000080fb0041682100e14078003d
:108b6c00e04f210000004100114098000e48900099
:108b7c000040e800004f98001e4890000040e800bc
:108b8c00104f98001e4090008080fb0010b48000b5
:108b9c00808f5000060031000e4890000080fb00d2
:108bac0041682100614078000004e000e6ff3a00d3
:108bbc001e4890008080fb00e04f210000804000a8
:108bcc008040eb001140980080b0210010407800ec
:108bdc00e14f50007a003a0000602100104078000c
:108bec000000fb00500798000040eb001047980075
:108bfc0001b0800000002800008060000000e00050
:108c0c001300320000b0800000f0a10000b088001a
:108c1c005a0037001e4090000080fb004168210084
:108c2c00e14078005e019000004e21000000410000
:108c3c00114098001e4090000040e800104798003a
:108c4c005e0090000000e80050079800010037001b
:108c5c00000000001e4090008080fb0010b48000db
:108c6c00808f5000100031001e4090000080fb00ef
:108c7c0041682100614078000004e0000a003200e5
:108c8c001e4090000080fb0041682100e14078000c
:108c9c00c0c2b30080cf5000030032005e009000d1
:108cac00f30f5000dbff3400de009000004e21007b
:108cbc00008040008040eb00114098001e40900066
:108ccc000040e800104798000000eb0050079800a7
:108cdc002a0037001e4090000080fb0041682100f4
:108cec00e14078005e01900000442100000041004a
:108cfc0001487800de009000004421000080400014
:108d0c0010407800ea4f500016003a001e409000c8
:108d1c000080fb0041682100614078000080fb006e
:108d2c000000ea004f00de00004078009e409000fa
:108d3c008140e800114798000004e000090032006f
:108d4c005e009000804078000060210001487800af
:108d5c00de00900000442100008040008040eb00c9
:108d6c00014878001e4090000040e8001047980031
:108d7c005e0090000000e800500798001e40900034
:108d8c008080fb0010b48000808f50000400310004
:108d9c00de009000f0092000808f5000cdff3400e1
:108dac00de00900000442100008040008040eb0079
:108dbc000148780080b021008040eb000148780029
:108dcc00e2c0b300015729004068210066df0200b1
:108ddc00010000000000e0002100320000b0800023
:108dec0000d0a10000b0880010c1b300104798005b
:108dfc000000eb0060079800100037006e00900038
:108e0c006a00b90000007800600798001e409000ce
:108e1c008080fb004068210000804000ceb9020039
:108e2c0001000000ee009000010040006007980077
:108e3c001e4090000040e800104798001e40900033
:108e4c000080fb0041682100614078000004e000d4
:108e5c00eaff3a0080b0210011c0b300014878004d
:108e6c00d2c0b300f15729004068210066df020030
:108e7c00010000000000e0000300320000b08000a0
:108e8c0000e0a00000b08800b2c0b300d1582900a7
:108e9c004068210066df0200010000000000e000d5
:108eac000300320000b080000090a10000b08800e8
:108ebc00b2c0b300715429004068210066df020083
:108ecc00010000000000e0000300320000b0800050
:108edc000080a10000b0880012c1b3009159290094
:108eec004068210066df0200010000000000e00085
:108efc000300320000b080000090a10000b0880098
:108f0c0012c1b300b15a29004068210066df02008b
:108f1c00010000000000e0000300320000b08000ff
:108f2c000090a10000b08800c2c0b300d15b290042
:108f3c004068210066df0200010000000000e00034
:108f4c000800320000b1210011c0b30001487800c4
:108f5c00a0fc80000040a100a0fc8800a00f200015
:108f6c0040f08800a0fc8000700060000000e00071
:108f7c006800320040682100c0b702000100000008
:108f8c0050579800b0f92100c0b702000100000052
:108f9c00604f9800de5090006e48900080cf5000db
:108fac0002003600de509000614f980040682100ae
:108fbc00e0a10200010000000004e00017003200f4
:108fcc00a05c29002ee4020001000000a0fc80003f
:108fdc000040a100a0fc8800b0f921006e4990006f
:108fec00800078004068210066df0200010000006c
:108ffc000000e00003003200a0fc80000060a00034
:10900c00a0fc880022c3b30041682100b0f9210004
:10901c0018e00200010000003e003700406821000b
:10902c00de5090005ea30200010000000004e0008e
:10903c0017003200005e29002ee40200010000003f
:10904c00a0fc80000040a100a0fc8800b0f9210029
:10905c006e499000800078004068210066df0200b5
:10906c00010000000000e00003003200a0fc8000c2
:10907c000060a000a0fc880022c3b300416821005e
:10908c00b0f9210018e002000100000021003700b7
:10909c0022f0800033f080005e5090000080fb00d6
:1090ac008000eb00020040008380480020f0880024
:1090bc0031f0880020f0800031f080006200400028
:1090cc00e080480020f0880031f0880022f0800019
:1090dc0033f0800060d8800071d88000000cb000a4
:1090ec000180b000800f5100818f590006003600be
:1090fc0060d8800071d88000000cb0000180b000f6
:10910c0020f0880031f08800b0f921008040eb009d
:10911c000148780002c1b300315f2900406821008a
:10912c0066df0200010000000000e0005100320088
:10913c0040692100000f98000000eb00100f980010
:10914c000c0037001e0890006a00b90080007800ff
:10915c000e089000104078000000fb000003b100e6
:10916c0000804000100f98000e0890000000e800ee
:10917c00000f98000e08900090407800f0c2b300e9
:10918c0080cf50000a0034000e0890009040780008
:10919c0090c3b30080cf5000eaff340005003700c5
:1091ac000e0890000000e800000f98000100370046
:1091bc00000000000e0890009040780000c2b30040
:1091cc0080cf5000f6ff32009e089000000c20006b
:1091dc00808f500010003c000e089000104078006a
:1091ec00ed4f5000080032000e089000104078003f
:1091fc00ea4f5000040032000e0890001040780036
:10920c000004e00004003a00a0fc80000040a00034
:10921c00a0fc880011003700406029002ee40200f9
:10922c0001000000780047009e089000811f780024
:10923c00d1612900811f78000005020000000000a8
:10924c00e4875700780047002ee40200010000007c
:10925c00a0fc80000040a100a0fc880060d8800029
:10926c0071d8800020f0880031f088000071220055
:10927c0040f0880072c0b300a16229004068210050
:10928c0066df0200010000000000e0005501320022
:10929c00406821005006020000000000eb0f500057
:1092ac005001360040882100104078008040e800d2
:1092bc004088210001487800d06821009040780057
:1092cc0010c3b30080cf5000f3003a0010a9210066
:1092dc00104078000080fb00e10f50003400320099
:1092ec00e10f500003003c000000e00006003200db
:1092fc00e3003700e20f500031013200e30f500061
:10930c007f003200de003700a08020001040780083
:10931c000004e00008003a00a080200021c0b30047
:10932c00014878006ce40200010000002063290071
:10933c002ee4020001000000f0aa21001040780089
:10934c000004e000060032006ce4020001000000a2
:10935c00d06429002ee40200010000002101370036
:10936c00f0a18000e50f500005003a000040eb0032
:10937c009ac702000100000030002000f0a1880014
:10938c0010a9210011c0b300014878006ce4020060
:10939c0001000000506729002ee4020001000000cb
:1093ac00a080200011c0b300014878000d013700e7
:1093bc0090c0b300104798000000eb001007980015
:1093cc00030037001e4090000040e8001047980052
:1093dc001e4090008080fb0010b48000808f5000f5
:1093ec00070031001e4090000080fb004168210006
:1093fc00e140780020c2b30080cf5000f1ff3a006a
:10940c001e4090000080fb0041682100e140780084
:10941c0020c2b30080cf500023003a001e409000c1
:10942c000040e800104798000000eb00100798007f
:10943c000e0037001e4090000080fb0041682100a8
:10944c00e14078001e01900060a72100000041005f
:10945c00114098001e0090000000e80010079800d2
:10946c001e4090000040e800104798001e409000fd
:10947c008080fb0010b48000808f50000a00310007
:10948c001e4090000080fb0041682100e140780004
:10949c0020c2b30080cf5000030032001e009000a9
:1094ac00f80f5000e3ff34001e0090000000e000b5
:1094bc0005003a00b16a290070a721009cdf020068
:1094cc0001000000100798009e00900060a721008a
:1094dc00008040008040eb001140980010a9210052
:1094ec0021c0b300014878006ce4020001000000c8
:1094fc00a06b29002ee4020001000000b900370027
:10950c00f06821009040780000c3b30080cf500079
:10951c00ad00320090c0b300104798000000eb0083
:10952c0010079800030037001e4090000040e80030
:10953c00104798001e4090008080fb0010b4800003
:10954c00808f5000070031001e4090000080fb000f
:10955c0041682100e140780020c2b30080cf500068
:10956c00f1ff3a001e4090000080fb004168210092
:10957c00e140780020c2b30080cf500024003a00b4
:10958c001e4090000040e800104798000000eb00df
:10959c00100798000f0037001e4090000080fb0061
:1095ac0041682100e1407800c20220000e01410018
:1095bc001e00900000004100014878001e00900041
:1095cc000000e800100798001e4090000040e800e2
:1095dc00104798001e4090008080fb0010b4800063
:1095ec00808f50000a0031001e4090000080fb006c
:1095fc0041682100e140780020c2b30080cf5000c8
:10960c00030032001e009000f80f5000e2ff3400ff
:10961c001e0090000000e00006003a00c00220008e
:10962c000e004000b16a29009cdf0200010000001e
:10963c0010079800c10220008e8040001e00900090
:10964c00008040008040eb0001487800c002200000
:10965c000e00400071a72100dcde020001000000ba
:10966c000000e0005a003200806d29002ee4020058
:10967c000100000040062000d096880059003700f9
:10968c00606e29002ee4020001000000400620005c
:10969c00d096880053003700d068210090407800a5
:1096ac0000c3b30080cf50004e003a00f0aa210056
:1096bc00104078000080fb00e10f50003d003500a9
:1096cc00e20f500003003400e30f50003100320071
:1096dc0038003700f06821009040780020c3b300b8
:1096ec0080cf500005003200f068210090407800d7
:1096fc0030c3b30080cf500003003a00f0aa210021
:10970c0021c0b30001487800f06821009040780037
:10971c0000c3b30080cf500015003a00f0aa21001e
:10972c0031c0b3000148780020ab2100b04090005c
:10973c0000c5b30080cf50000d00320020ab2100db
:10974c0010007800610060000000e00005003200ad
:10975c0020ab2100a040900000c5b30080cf50008a
:10976c000300320000c5b30022c902000100000052
:10977c00f06821009040780060c3b30080cf5000a7
:10978c0015003a00f0aa210061c0b300014878002e
:10979c0014003700f06821009040780000c3b3003b
:1097ac0080cf50000e00320040062000d09688007a
:1097bc000c00370040062000d096880009003700c6
:1097cc000000000007003700000000000500370013
:1097dc00000000000300370000000000010037000b
:1097ec0000000000f2c0b300016f290040682100a6
:1097fc0066df0200010000000000e0000200320001
:10980c0040062000d096880042c0b30001702900a9
:10981c004068210066df0200010000000000e0004b
:10982c005300320010a92100104078000004e00021
:10983c0021003a00f0aa2100104078000004e0005a
:10984c001d003a00f0a18000e50f500005003a0021
:10985c000040eb009ac7020001000000300020001d
:10986c00f0a1880010a9210011c0b30001487800b4
:10987c006ce4020001000000506729002ee4020095
:10988c0001000000a080200011c0b3000148780046
:10989c000000eb00e0738800007d2000d07388008e
:1098ac000000eb00b0738800602221008040eb00c8
:1098bc00014878002e0037006ce402000100000023
:1098cc00507029002ee402000100000051712900a3
:1098dc00e0bc20009cdf0200010000001007980093
:1098ec009e009000e0bc20008080400010a9210068
:1098fc00104078000041eb0008b8020001000000a5
:10990c009e0090000080400010079800e0bc2000f2
:10991c002ee4020001000000b1712900e0bc20001f
:10992c009cdf020001000000100798009e009000d0
:10993c00e0bc200080804000f0aa2100104078009c
:10994c000041eb0008b80200010000009e009000ee
:10995c000080400010079800e0bc20002ee40200bc
:10996c0001000000504129002ee40200010000001b
:10997c000000eb0010b488000e0037006ec09000a1
:10998c00ed4f50000b00320011b48000f0092000a4
:10999c00808f500007003e0010b480006ec1900014
:1099ac00416821008270780010b480000000e8004b
:1099bc0010b488004f0478000080fa000000060004
:1099cc001600fa00200f9800107229002ee40200f5
:1099dc0001000000d0968000801f7800d073290011
:1099ec00801f78000e0078000005020000000000c7
:1099fc00e48757000e0078002ee4020001000000fe
:109a0c00007429002ee40200010000002e089000d2
:109a1c00d096880090c680000090a00090c6880068
:109a2c0060002000f0a1880010c0b30000f6070011
:109a3c000080fa0000000600bc02fa0000c42000fe
:109a4c00104078000080fb0061006000004078004e
:109a5c000004e00004003a00608020001040780010
:109a6c000004e00013003200d196800050308100d9
:109a7c00808f50000f00320051308100d096800052
:109a8c00811f7800801f7800c0742900801f780027
:109a9c00e0bc20000005020000000000e687570033
:109aac00e0bc20002ee4020001000000d0968000f3
:109abc0050308900d0968000910d2000810f50000d
:109acc00f00e3200910d2000810f500073013e000a
:109adc0041032000810f500051113200410320003e
:109aec00810f5000a0003e00f70f5000f806320026
:109afc00f70f500044003e00eb0f5000f80432000a
:109b0c00eb0f500020003e00e50f5000ff03320029
:109b1c00e50f50000e003e00e20f5000a70332008c
:109b2c00e20f500005003e000000e000f802320099
:109b3c00e10f5000910332006e243700e30f500008
:109b4c00bb033200e40f5000d60332006924370007
:109b5c00e80f500066043200e80f500005003e008c
:109b6c00e60f500009043200e70f50003b043200ae
:109b7c0060243700e90f500093043200ea0f5000c4
:109b8c00b10432005b243700f10f5000fa053200ab
:109b9c00f10f50000e003e00ee0f50008205320017
:109bac00ee0f500005003e00ec0f5000ec043200ac
:109bbc00ed0f5000360532004e243700ef0f5000e9
:109bcc0099053200f00f5000d105320049243700be
:109bdc00f40f500070063200f40f500005003e00e8
:109bec00f20f500001063200f30f50005006320005
:109bfc0040243700f50f500081063200f60f50005c
:109c0c00990632003b24370031022000810f5000ae
:109c1c000b08320031022000810f500024003e005e
:109c2c00fd0f500055073200fd0f50000e003e0096
:109c3c00fa0f500003073200fa0f500005003e00e7
:109c4c00f80f5000bc063200f90f5000e30632004a
:109c5c0028243700fb0f500014073200fc0f500073
:109c6c002c0732002324370001022000810f500002
:109c7c009007320001022000810f500005003e00c9
:109c8c00fe0f500057073200ff0f50006f073200d5
:109c9c001824370011022000810f5000b007320049
:109cac0021022000810f5000c70732001124370019
:109cbc00b1022000810f5000510f3200b102200080
:109ccc00810f500014003e0071022000810f5000e3
:109cdc004b09320071022000810f500007003e003a
:109cec0041022000810f5000ef073200510220008a
:109cfc00810f500002083200fe2337008102200041
:109d0c00810f5000e80e320091022000810f5000ac
:109d1c000d0f3200f7233700e1022000810f5000b5
:109d2c00990f3200e1022000810f500007003e0025
:109d3c00c1022000810f5000440f3200d1022000dc
:109d4c00810f5000750f3200ea23370021032000e9
:109d5c00810f50009b0f320031032000810f500007
:109d6c00a50f3200e323370071062000810f50004d
:109d7c00af16320071062000810f500062003e00c9
:109d8c0011052000810f5000bd1332001105200079
:109d9c00810f50002e003e00e1032000810f500087
:109dac00d7123200e1032000810f500014003e0056
:109dbc0071032000810f50005911320071032000f3
:109dcc00810f500007003e0051032000810f50000e
:109ddc00a010320061032000810f500043113200ab
:109dec00c4233700c1032000810f50007f123200c2
:109dfc00d1032000810f500099123200bd2337008f
:109e0c0011042000810f50005b133200110420005c
:109e1c00810f500007003e00f1032000810f50001d
:109e2c00d812320001042000810f5000e8123200d9
:109e3c00b023370021042000810f50005b13320047
:109e4c0001052000810f500079133200a92337003f
:109e5c00b1052000810f50000e153200b105200015
:109e6c00810f500014003e0051052000810f50005e
:109e7c00d614320051052000810f500007003e001f
:109e8c0021052000810f5000de1332003105200027
:109e9c00810f5000fc13320096233700610520001f
:109eac00810f5000d7143200a1052000810f500003
:109ebc00e31432008f233700e1052000810f50009e
:109ecc00cd153200e1052000810f500007003e0047
:109edc00c1052000810f500015153200d10520005e
:109eec00810f50002d1532008223370041062000cf
:109efc00810f5000e715320061062000810f5000e1
:109f0c003e1632007b233700810c2000810f50005d
:109f1c00e9083200810c2000810f50002e003e0019
:109f2c00010a2000810f500035183200010a200070
:109f3c00810f500014003e0041072000810f50009b
:109f4c008117320041072000810f500007003e00ae
:109f5c0021072000810f5000f2163200310720003b
:109f6c00810f50004017320062233700a1072000f8
:109f7c00810f50006f163200b1072000810f500086
:109f8c007e1632005b233700a10a2000810f50009f
:109f9c0089183200a10a2000810f500007003e00f2
:109fac00110a2000810f50003c183200210a2000b9
:109fbc00810f5000731832004e233700b10a200075
:109fcc00810f50009d183200c10a2000810f5000f3
:109fdc00d218320047233700e10c2000810f5000cb
:109fec00940c3200e10c2000810f500014003e0054
:109ffc00b10c2000810f50002c0c3200b10c200051
:10a00c00810f500007003e00910c2000810f500082
:10a01c00b50b3200a10c2000810f5000d60b320082
:10a02c0034233700c10c2000810f5000690c320022
:10a03c00d10c2000810f50006f0c32002d23370003
:10a04c00410d2000810f5000020d3200410d200007
:10a05c00810f500007003e00210d2000810f5000a1
:10a06c00810c3200310d2000810f5000b30c3200f6
:10a07c0020233700610d2000810f50005a0d320053
:10a08c00610d2000810f50004d0d3900810d200015
:10a09c00810f5000750d320016233700111c200063
:10a0ac00810f5000981c3200111c2000810f5000b1
:10a0bc00ca003e00b1112000810f500083193200fc
:10a0cc00b1112000810f500062003e00b10f200042
:10a0dc00810f5000820d3200b10f2000810f500013
:10a0ec002e003e00d10e2000810f50001e193200b0
:10a0fc00d10e2000810f500014003e00a10e200054
:10a10c00810f5000e3183200a10e2000810f500087
:10a11c0007003e00810e2000810f5000b91832005c
:10a12c00910e2000810f5000c3183200f12237002d
:10a13c00b10e2000810f5000e3183200c10e200038
:10a14c00810f5000ed183200ea223700010f200079
:10a15c00810f500069193200010f2000810f50004f
:10a16c0007003e00e10e2000810f50001319320051
:10a17c00f10e2000810f500018193200dd2237003b
:10a18c00110f2000810f500077193200a10f200011
:10a19c00810f5000410d3200d622370051102000a3
:10a1ac00810f5000b819320051102000810f50005f
:10a1bc0014003e00e10f2000810f50008d0d320085
:10a1cc00e10f2000810f500007003e00c10f20005e
:10a1dc00810f5000630d3200d10f2000810f500011
:10a1ec006e0d3200c3223700f10f2000810f50009a
:10a1fc008a19320041102000810f50009119320051
:10a20c00bc22370081112000810f5000f71832005a
:10a21c0081112000810f500007003e0061102000ca
:10a22c00810f5000e119320071102000810f500095
:10a23c00111a3200af22370091112000810f50000b
:10a24c00f5183200a1112000810f5000fd183200ca
:10a25c00a822370001192000810f5000c2013200e2
:10a26c0001192000810f50002e003e00c117200064
:10a27c00810f5000b0063200c1172000810f500032
:10a28c0014003e00d1122000810f5000301a320011
:10a29c00d1122000810f500007003e00c111200098
:10a2ac00810f500011193200c1122000810f500093
:10a2bc000e1a32008f223700e1122000810f50005d
:10a2cc008e1a3200f1122000810f5000a41a3200b5
:10a2dc0088223700f1172000810f50002f07320021
:10a2ec00f1172000810f500007003e00d11720000d
:10a2fc00810f5000ba063200e1172000810f500088
:10a30c00e50632007b22370001182000810f500037
:10a31c005907320011182000810f50009b073200a2
:10a32c0074223700b11b2000810f5000751b3200c6
:10a33c00b11b2000810f500014003e00811b200037
:10a34c00810f5000261b3200811b2000810f500012
:10a35c0007003e00311b2000810f5000fd1a320017
:10a36c00411b2000810f5000041b3200612237007a
:10a37c00911b2000810f50002c1b3200a11b2000d0
:10a38c00810f5000491b32005a223700e11b20007c
:10a39c00810f5000a81b3200e11b2000810f5000e0
:10a3ac0007003e00c11b2000810f5000621b3200d1
:10a3bc00d11b2000810f5000791b32004d22370039
:10a3cc00f11b2000810f5000ac1b3200011c20003f
:10a3dc00810f5000b31b32004622370011202000a1
:10a3ec00810f5000d31a320011202000810f500031
:10a3fc0062003e00f11c2000810f5000dd1d320078
:10a40c00f11c2000810f50002e003e00711c20001a
:10a41c00810f5000421c3200711c2000810f500033
:10a42c0014003e00411c2000810f5000ee1b320036
:10a43c00411c2000810f500007003e00211c200011
:10a44c00810f5000c31b3200311c2000810f5000c3
:10a45c00ca1b320027223700511c2000810f5000ec
:10a46c00001c3200611c2000810f5000161c3200b1
:10a47c0020223700b11c2000810f5000841c3200b8
:10a48c00b11c2000810f500007003e00811c2000f1
:10a49c00810f50003b1c3200911c2000810f50009a
:10a4ac00651c320013223700c11c2000810f5000a4
:10a4bc00aa1c3200d11c2000810f5000bd1c3200a0
:10a4cc000c223700511d2000810f5000bd1f32009f
:10a4dc00511d2000810f500014003e00211d200052
:10a4ec00810f5000961e3200211d2000810f50005c
:10a4fc0007003e00011d2000810f5000d21d3200cc
:10a50c00111d2000810f5000fb1d3200f921370076
:10a51c00311d2000810f5000c91e3200411d20004a
:10a52c00810f5000741f3200f2213700e11f200010
:10a53c00810f5000211a3200e11f2000810f5000c2
:10a54c0007003e00611d2000810f5000d81f320013
:10a55c00411f2000810f50000e1a3200e5213700f8
:10a56c00f11f2000810f5000241a3200012020001e
:10a57c00810f5000381a3200de213700914820003c
:10a58c00810f5000f715320091482000810f5000c8
:10a59c002e003e00313a2000810f5000ad133200e6
:10a5ac00313a2000810f500014003e00213420006d
:10a5bc00810f5000aa12320021342000810f50006c
:10a5cc0007003e00f1332000810f5000581232007a
:10a5dc0001342000810f500087123200c521370052
:10a5ec0031342000810f5000d2123200213a200069
:10a5fc00810f500081133200be213700a13e200094
:10a60c00810f5000340b3200a13e2000810f50000e
:10a61c0007003e00513a2000810f5000a313320076
:10a62c00613a2000810f5000d1133200b121370064
:10a63c00213f2000810f50002f143200313f2000a9
:10a64c00810f500046143200aa213700c12021008e
:10a65c00810f50007c1c3200c1202100810f500062
:10a66c0014003e00e1832000810f5000630b320088
:10a67c00e1832000810f500007003e00a14820001c
:10a68c00810f500029163200b1482000810f500074
:10a69c004816320097213700011d2100810f500010
:10a6ac00da1b3200f11e2100810f50000b1c32000e
:10a6bc0090213700f1202100810f5000fd1c320049
:10a6cc00f1202100810f500007003e00d120210015
:10a6dc00810f50008e1c3200e1202100810f5000b0
:10a6ec00c51c320083213700f1232100810f50005b
:10a6fc00e01e320031252100810f50005f1f320017
:10a70c00b1222100810f5000b51d32007921370094
:10a71c00b666a800508020008040eb00014878000d
:10a72c0076210700c03d22008040eb0001487800f4
:10a73c0040012000d01e8900a03d21008040eb008c
:10a74c0001487800b03d21008040eb0001487800c2
:10a75c0090da20008040eb000148780030e72000c0
:10a76c008040eb0001487800508821008040eb00cd
:10a77c0001487800008b21008040eb0001487800f4
:10a78c00f08a21008040eb000148780030802000e6
:10a79c008040eb0001487800408020008040eb00b6
:10a7ac00014878006ce4020001000000d0968000a3
:10a7bc00801f7800b0752900801f7800e0bc200055
:10a7cc000005020000000000e4875700e0bc2000f8
:10a7dc002ee40200010000006ce402000100000005
:10a7ec00907629002ee4020001000000504129005f
:10a7fc002ee40200010000000040eb009ac70200aa
:10a80c000100000050e720008040eb000148780078
:10a81c000000eb00b07388000000eb00107488009f
:10a82c000000eb00d07388000000eb00007488007f
:10a83c00007d20002074880080e820008040eb0020
:10a84c00014878000000eb00e07388000000eb008a
:10a85c00f073880070ae21008040eb000148780056
:10a86c00408821008040eb000148780090c1200016
:10a87c008040eb0001487800a08c2100f1c3b300ac
:10a88c0001487800a08c210090407800a013210092
:10a89c0001487800a0ac2100f1c3b3000148780056
:10a8ac00b0ac21008040eb00014878000000eb00c8
:10a8bc00605e88000c003700605e80007f00b9008d
:10a8cc0080007800103f210000804000e201200051
:10a8dc008000eb005005020000000000605e80006c
:10a8ec000000e800605e8800605e80000000e00010
:10a8fc00f1ff34000080eb00605e8800008d2100c9
:10a90c008040eb0001487800e08c21008040eb0097
:10a91c0001487800a0ae21008040eb00014878008f
:10a92c0090ae21008040eb0001487800dcc6a80006
:10a93c00b6a6a80060b021008040eb00014878006a
:10a94c0070b021008040eb0001487800a1fc800031
:10a95c0000ff2f0000806000a0fc88000019200080
:10a96c00d0968800e3203700813e200010c0b30051
:10a97c004273020001000000de20370010002000ae
:10a98c00f0a188003e2107007077290014210700f0
:10a99c0000e2240001002000e0968800f196880077
:10a9ac0020002000d09688004106200010c0b30083
:10a9bc004273020001000000ce20370091c68000d7
:10a9cc0000202000008060000000e0000c0032003d
:10a9dc002b210700d07729000121070000e2240079
:10a9ec0001002000e0968800f196880040c4b30076
:10a9fc0022c902000100000030002000d09688001f
:10aa0c00e0968000f1968000e00f5000e08f580037
:10aa1c0002003a0010002000e9fb0700410620006c
:10aa2c0010c0b3004273020001000000b1203700d7
:10aa3c0091c6800000202000008060000000e00033
:10aa4c00090032000e21070000e224000100200062
:10aa5c00e0968800f196880030782900e020070005
:10aa6c0040002000d0968800e0968000f19680008f
:10aa7c00e00f5000e08f5800cd1f3a00f07829000d
:10aa8c002ee402000100000001fa200010c0b30007
:10aa9c00427302000100000080112000c8fb070077
:10aaac009420370091c680000020200000806000b8
:10aabc000000e00009003200f1200700107a2900a4
:10aacc00c720070000e2240001002000e096880067
:10aadc00f196880050002000d0968800e096800007
:10aaec00f1968000e00f5000e08f580002003a0011
:10aafc0030002000b2fb07004106200010c0b3005c
:10ab0c0042730200010000007a20370091c68000d9
:10ab1c0000202000008060000000e0000f003200e8
:10ab2c00d7200700407821008040eb0001487800d6
:10ab3c0080ae21008040eb0001487800007b2900aa
:10ab4c00a720070000e2240001002000e096880006
:10ab5c00f196880060002000d0968800e096800076
:10ab6c00f1968000e00f5000e08f580002003a0090
:10ab7c004000200092fb07004106200010c0b300eb
:10ab8c0042730200010000005a2037004078210077
:10ab9c00104078000004e00024003200807921008d
:10abac008040eb000148780041782100c03d210035
:10abbc00dadf02000100000080ae210010407800b6
:10abcc000004e0000b00320060002000f0a18800bf
:10abdc006ce4020001000000907b29002ee40200ce
:10abec000100000090c680000090a00090c6880074
:10abfc000c0037006ce4020001000000507c2900be
:10ac0c002ee4020001000000c03d21002ee40200f1
:10ac1c000100000000e2240001002000e096880002
:10ac2c00f196880070002000d0968800e096800095
:10ac3c00f1968000e00f5000e08f580002003a00bf
:10ac4c00500020005efb07004106200010c0b3003e
:10ac5c0042730200010000002620370091c68000dc
:10ac6c0000202000008060000000e0001400320092
:10ac7c0083200700407821008040eb0001487800d9
:10ac8c0080ae21008040eb0001487800c07c290098
:10ac9c0053200700e20120008000eb00103f210050
:10acac00500502000000000000e22400010020001a
:10acbc00e0968800f196880080002000d0968800ed
:10accc00e0968000f1968000e00f5000e08f580075
:10acdc0002003a005000200039fb0700410620001a
:10acec0010c0b300427302000100000001203700c5
:10acfc0040782100104078000004e000260032006b
:10ad0c0072c0b300517d29004078210066df02003b
:10ad1c00010000000000e0000b003200b0782100c0
:10ad2c00104078000004e00007003200207a210077
:10ad3c008040eb0001487800103f2100b1782100e1
:10ad4c00dadf02000100000080ae21001040780024
:10ad5c000004e0000a00320060002000f0a188002e
:10ad6c006ce4020001000000d07d29002ee40200fa
:10ad7c000100000090c680000090a00090c68800e2
:10ad8c0000e2240001002000e0968800f196880083
:10ad9c0090002000d0968800e0968000f19680000c
:10adac00e00f5000e08f580002003a0070002000c5
:10adbc0003fb07004106200010c0b30042730200e1
:10adcc0001000000cb1f370091c68000002020003e
:10addc00008060000000e0000f0032002820070017
:10adec00407821008040eb000148780080ae2100c3
:10adfc008040eb0001487800907e2900f81f070086
:10ae0c0000e2240001002000e0968800f196880002
:10ae1c00a0002000d0968800e0968000f19680007b
:10ae2c00e00f5000e08f580002003a007000200044
:10ae3c00e3fa07004106200010c0b3004273020081
:10ae4c0001000000ab1f3700407821001040780053
:10ae5c000004e00016003200807921008040eb00f5
:10ae6c00014878004178210000412100dadf02001e
:10ae7c000100000080ae2100104078000004e000ca
:10ae8c000500320060002000f0a1880090c6800010
:10ae9c000090a00090c6880000e224000100200071
:10aeac00e0968800f1968800b0002000d0968800cb
:10aebc00e0968000f1968000e00f5000e08f580083
:10aecc0002003a0090002000bdfa07004106200065
:10aedc0010c0b3004273020001000000851f370050
:10aeec0091c6800000202000008060000000e0007f
:10aefc000f00320070ae21008040eb00014878005a
:10af0c00df1f0700407821008040eb0001487800eb
:10af1c00207f2900b21f070000e22400010020005e
:10af2c00e0968800f1968800c0002000d09688003a
:10af3c00e0968000f1968000e00f5000e08f580002
:10af4c0002003a00900020009dfa07004106200004
:10af5c0010c0b3004273020001000000651f3700ef
:10af6c0040782100104078000004e0003c003200e2
:10af7c00c2c0b300c17f29004078210066df020007
:10af8c00010000000000e00005003200200020005d
:10af9c00f0a18800e0002000d09688002c0037003b
:10afac00e2c0b300918029004078210066df0200e6
:10afbc00010000000000e00006003200d00020007c
:10afcc00d096880070ae21008040eb0001487800dc
:10afdc001f003700e2c0b3008181290040782100b6
:10afec0066df0200010000000000e00009003200f2
:10affc00900d2000d096880011c0b30010002000e6
:10b00c00703602000100000060002000f0a18800f2
:10b01c000f00370052c0b300c14429004078210012
:10b02c0066df0200010000000000e00008003200b2
:10b03c00800d2000d096880011c0b30010002000b5
:10b04c00703602000100000060002000f0a18800b2
:10b05c0000e2240001002000e0968800f1968800b0
:10b06c00e0968000f1968000e00f5000e08f5800d1
:10b07c0002003a00b000200051fa070041062000ff
:10b08c0010c0b3004273020001000000191f37000a
:10b09c00420020008000eb0020ae21005005020091
:10b0ac000000000020ae2100a53d2200c43d22007e
:10b0bc008001780042c0b3008000eb0000c5b300f3
:10b0cc00e05902000100000060ae21008040eb005e
:10b0dc000148780020ae210006b1020000000000fb
:10b0ec000004e00015003200651f07007082290083
:10b0fc003b1f070020ae2100391f070010832900d9
:10b10c00371f070000e2240001002000e0968800b1
:10b11c00f1968800e0002000d096880041062000bf
:10b12c0010c0b300427302000100000070ae210099
:10b13c008040eb0001487800ee1e370070ae210015
:10b14c00104078008040e80070ae21000148780083
:10b15c006ce4020001000000408329002ee4020090
:10b16c00010000000171220010c0b3004273020004
:10b17c000100000090c680000090a00090c68800de
:10b18c0070ae210010407800e24f50000a1e3600cd
:10b19c00808529002ee4020001000000f00f200041
:10b1ac00d0968800d31e370091c680000020200066
:10b1bc00008060000000e0000f003200301f07002c
:10b1cc00407821008040eb000148780080ae2100df
:10b1dc008040eb000148780050892900001f0700cf
:10b1ec0000e2240001002000e0968800f19688001f
:10b1fc00f0002000d0968800e0968000f196800048
:10b20c00e00f5000e08f580002003a00c000200010
:10b21c00ebf907004106200010c0b3004273020096
:10b22c0001000000b31e3700407821001040780068
:10b23c000004e0002a00320082c0b300018a290019
:10b24c004078210066df0200010000000000e000f1
:10b25c000b003200c0782100104078000004e000a0
:10b26c0007003200f07921008040eb0001487800a3
:10b27c00c178210050422100dadf020001000000f9
:10b28c0080ae2100104078000004e0000e00320077
:10b29c0060002000f0a188006ce4020001000000b6
:10b2ac00908a29002ee402000100000090c6800064
:10b2bc000090a00090c6880080ae21008040eb007a
:10b2cc00014878008b1e370000e2240001002000aa
:10b2dc00e0968800f196880000012000d096880046
:10b2ec00e0968000f1968000e00f5000e08f58004f
:10b2fc0002003a00e0002000b1f9070041062000ee
:10b30c0010c0b3004273020001000000791e370028
:10b31c0091c6800000202000008060000000e0004a
:10b32c0009003200d61e0700508b2900ac1e070006
:10b33c0000e2240001002000e0968800f1968800cd
:10b34c0010012000d0968800e0968000f1968000d5
:10b35c00e00f5000e08f580002003a00e00020009f
:10b36c0097f907004106200010c0b3004273020099
:10b37c00010000005f1e370091c6800000202000f5
:10b38c00008060000000e0000c003200bc1e0700d2
:10b39c00008c2900921e070000e22400010020000e
:10b3ac00e0968800f196880020012000d096880055
:10b3bc00407821008040eb0001487800e096800046
:10b3cc00f1968000e00f5000e08f580002003a0028
:10b3dc00000120007af907004106200010c0b300dc
:10b3ec004273020001000000421e370091c680002b
:10b3fc0000202000008060000000e0002b003200e4
:10b40c0062c0b300818c29004078210066df020005
:10b41c00010000000000e00020003200a0782100b4
:10b42c001040780058b70200010000000080fb00bb
:10b43c0010079800b078210090407800f0c2b3005b
:10b44c0080cf500011003400b0782100904078007b
:10b45c0090c3b30080cf50000c003c001e00900045
:10b46c006a00b9000000780010079800b07821003d
:10b47c001040780058b70200010000000080fb006b
:10b48c009e00900000804000100798001e00900065
:10b49c00004078009e3c0200010000000000eb0020
:10b4ac00c073880030012000d0968800e0968000a0
:10b4bc00f1968000e00f5000e08f580002003a0037
:10b4cc00000120003ef9070090ae210010407800ea
:10b4dc000004e00011003200d0968000801f78003c
:10b4ec00f08c2900801f7800e0bc200000050200d1
:10b4fc0000000000e4875700e0bc20002ee40200ae
:10b50c0001000000411f200010c0b3004273020074
:10b51c0001000000e01f2000d096880041062000aa
:10b52c0010c0b3004273020001000000f11d37008f
:10b53c0091c6800000202000008060000000e00028
:10b54c00090032004e1e0700908e2900241e0700b1
:10b55c0000e2240001002000e0968800f1968800ab
:10b56c0040012000d0968800e0968000f196800083
:10b57c00e00f5000e08f580002003a00100120004c
:10b58c000ff907004106200010c0b30042730200ff
:10b59c0001000000d71d370091c68000002020005c
:10b5ac00008060000000e00009003200341e07003b
:10b5bc00307829000a1e070000e224000100200058
:10b5cc00e0968800f196880050012000d096880003
:10b5dc00e0968000f1968000e00f5000e08f58005c
:10b5ec0002003a0030012000f5f807004106200067
:10b5fc0010c0b3004273020001000000bd1d3700f3
:10b60c0091c6800000202000008060000000e00057
:10b61c00090032001a1e0700408f2900f01d070098
:10b62c0000e2240001002000e0968800f1968800da
:10b63c0060012000d0968800e0968000f196800092
:10b64c00e00f5000e08f580002003a00200120006b
:10b65c00dbf807004106200010c0b3004273020063
:10b66c0001000000a31d370091c6800000202000bf
:10b67c00008060000000e00009003200001e07009e
:10b68c00f08f2900d61d070000e2240001002000e5
:10b69c00e0968800f196880070012000d096880012
:10b6ac00e0968000f1968000e00f5000e08f58008b
:10b6bc0002003a0050012000c1f8070041062000aa
:10b6cc0010c0b3004273020001000000891d370056
:10b6dc0091c6800000202000008060000000e00087
:10b6ec0009003200e61d070000e2240001002000e2
:10b6fc00e0968800f1968800e0902900b81d0700bc
:10b70c0080012000d0968800e0968000f1968000a1
:10b71c00e00f5000e08f580002003a00600120005a
:10b72c00a7f807004106200010c0b30042730200c6
:10b73c00010000006f1d370091c680000020200022
:10b74c00008060000000e00009003200cc1d070002
:10b75c00b0912900a21d070000e224000100200086
:10b76c00e0968800f196880090012000d096880021
:10b77c0080ae2100104078000004e0000b00320085
:10b78c006ce4020001000000409229002ee402004b
:10b79c000100000080ae21008040eb0001487800e1
:10b7ac0090c680000090a00090c68800e0968000b3
:10b7bc00f1968000e00f5000e08f580002003a0034
:10b7cc00700120007ef807004106200010c0b30075
:10b7dc004273020001000000461d370091c6800034
:10b7ec0000202000008060000000e0000900320012
:10b7fc00a31d070000932900791d070000e2240017
:10b80c0001002000e0968800f1968800a00120003d
:10b81c00d0968800e0968000f1968000e00f5000f2
:10b82c00e08f580002003a008001200064f8070005
:10b83c004106200010c0b30042730200010000005a
:10b84c002c1d370091c68000002020000080600075
:10b85c000000e00009003200891d0700a0932900b8
:10b86c005f1d070000e2240001002000e096880024
:10b87c00f1968800b0012000d0968800e0968000f8
:10b88c00f1968000e00f5000e08f580002003a0063
:10b89c00900120004af8070081b5210010c0b300c8
:10b8ac004273020001000000121d370091c6800097
:10b8bc0000202000008060000000e0000900320041
:10b8cc006f1d070000e2240001002000e0968800b4
:10b8dc00f196880050942900411d0700d0012000ea
:10b8ec00d0968800e0968000f1968000e00f500022
:10b8fc00e08f580002003a00a001200030f8070049
:10b90c004106200010c0b300427302000100000089
:10b91c00f81c370091c680000020200000806000d9
:10b92c000000e00009003200551d070000e2240071
:10b93c0001002000e0968800f1968800009529000f
:10b94c00271d0700d0012000d0968800e0968000cb
:10b95c00f1968000e00f5000e08f580002003a0092
:10b96c00b001200016f807004106200010c0b300fb
:10b97c004273020001000000de1c370091c68000fb
:10b98c0000202000008060000000e0000900320070
:10b99c003b1d0700b0952900111d070000e2240093
:10b9ac0001002000e0968800f1968800e00120005c
:10b9bc00d0968800e0968000f1968000e00f500051
:10b9cc00e08f580002003a00b0012000fcf707009d
:10b9dc004106200010c0b3004273020001000000b9
:10b9ec00c41c370091c6800000202000008060003d
:10b9fc000000e00009003200211d070060962900bc
:10ba0c00f71c070000e2240001002000e0968800eb
:10ba1c00f1968800f0012000d0968800e096800016
:10ba2c00f1968000e00f5000e08f580002003a00c1
:10ba3c00d0012000e2f707004106200010c0b3003f
:10ba4c004273020001000000aa1c370091c680005e
:10ba5c0000202000008060000000e000090032009f
:10ba6c00071d070010972900dd1c070000e22400c9
:10ba7c0001002000e0968800f1968800000220006a
:10ba8c00d0968800e0968000f1968000e00f500080
:10ba9c00e08f580002003a00e0012000c8f70700d0
:10baac004106200010c0b3004273020001000000e8
:10babc00901c370091c680000020200000806000a0
:10bacc000000e0001a00320050c1200090407800c5
:10badc0020ab21001140980020ab210010409000b9
:10baec00e84f50000300360020ab210041c0b300ea
:10bafc0011409800e21c0700c0972900b81c0700f1
:10bb0c0050c12000104078000eba02000100000065
:10bb1c0010992900b21c070000e22400010020004b
:10bb2c00e0968800f196880010022000d0968800dc
:10bb3c00e0968000f1968000e00f5000e08f5800f6
:10bb4c0002003a00f00120009df70700410620009a
:10bb5c0010c0b3004273020001000000651c3700e6
:10bb6c0091c6800000202000008060000000e000f2
:10bb7c0009003200c21c070030992900981c0700ec
:10bb8c0000e2240001002000e0968800f196880075
:10bb9c0020022000d0968800e0968000f19680006c
:10bbac00e00f5000e08f580002003a000002200025
:10bbbc0083f707004106200010c0b3004273020057
:10bbcc00010000004b1c370091c6800000202000b3
:10bbdc00008060000000e0000d003200a81c07008f
:10bbec00009a29007e1c0700905a21007c1c07003b
:10bbfc00409b29007a1c070000e224000100200071
:10bc0c00e0968800f196880030022000d0968800db
:10bc1c00e0968000f1968000e00f5000e08f580015
:10bc2c0002003a001002200065f7070041062000d0
:10bc3c0010c0b30042730200010000002d1c37003d
:10bc4c0091c6800000202000008060000000e00011
:10bc5c00090032008a1c0700409c2900601c070068
:10bc6c0040022000d096880000e224000100200051
:10bc7c00e0968800f1968800e0968000f1968000ae
:10bc8c00e00f5000e08f580002003a002002200024
:10bc9c004bf707004106200010c0b30042730200ae
:10bcac0001000000131c370091c68000002020000a
:10bcbc00008060000000e00009003200d0af80007e
:10bccc00610060000000e00003003a005002200018
:10bcdc00d096880002003700c0172000d09688004c
:10bcec00e0968000f1968000e00f5000e08f580045
:10bcfc00331b3a003002200031f70700fd1b3700e0
:10bd0c005f1c0700f09c2900351c0700c0172000a1
:10bd1c00d09688008038210001002000e096880031
:10bd2c00f19688004106200010c0b3004273020057
:10bd3c0001000000ef1b370091c68000002020009e
:10bd4c00008060000000e000090032004c1c07007d
:10bd5c00d09d2900221c0700803821000100200002
:10bd6c00e0968800f1968800d0172000d0968800c5
:10bd7c00e0968000f1968000e00f5000e08f5800b4
:10bd8c0012003a00700220000df70700e1b38000aa
:10bd9c0000202000008060000000e0000b0032005a
:10bdac00e0b380000090a100e0b38800e1b3800014
:10bdbc00f0ff28008080600000002500010070006a
:10bdcc00e0b3880000322000f0b388004106200068
:10bddc0010c0b3004273020001000000c51b370005
:10bdec0091c6800000202000008060000000e00070
:10bdfc001a00320080ae21008040eb000148780030
:10be0c00d0af8000680060000000e0000600320047
:10be1c0070b0210011c0b300014878000018200058
:10be2c00d096880009003700151c0700a09f290038
:10be3c00eb1b070020a12900e91b07001083290038
:10be4c00e71b0700e0172000d096880080382100ff
:10be5c0001002000e0968800f1968800e0968000b2
:10be6c00f1968000e00f5000e08f580005003a007a
:10be7c0070b0210011c0b3000148780000182000f8
:10be8c00cff607004106200010c0b3004273020039
:10be9c0001000000971b370091c680000020200095
:10beac00008060000000e00017003200d0af80007e
:10bebc00700060000000e0000600320070b021004d
:10becc0021c0b3000148780000182000d0968800eb
:10bedc0009003700ea1b0700e0a12900c01b07007e
:10beec00a0a32900be1b070010832900bc1b070060
:10befc00f0172000d0968800803821000100200027
:10bf0c00e0968800f196880080ae21001040780001
:10bf1c000004e0001200320080ae21008040eb00f3
:10bf2c000148780090c680000090a00090c6880060
:10bf3c0090c680000080a10090c688008038210047
:10bf4c0001002000e0968800f196880070b0210076
:10bf5c0011c0b3000148780000182000d09688006a
:10bf6c00e0968000f1968000e00f5000e08f5800c2
:10bf7c0005003a0070b0210011c0b30001487800f0
:10bf8c00001820008ef607004106200010c0b300f8
:10bf9c004273020001000000561b370091c680005e
:10bfac0000202000008060000000e0000d00320046
:10bfbc00b31b0700a0a42900891b070050a6290069
:10bfcc00871b070010832900851b07008038210080
:10bfdc0001002000e0968800f196880000182000ef
:10bfec00d096880080ae2100104078000004e0005c
:10bffc001200320080ae21008040eb000148780036
:10c00c0090c680000090a00090c6880090c680006a
:10c01c000080a10090c6880080382100010020001b
:10c02c00e0968800f196880070b0210021c0b30022
:10c03c000148780000182000d0968800e096800017
:10c04c00f1968000e00f5000e08f580005003a0098
:10c05c0070b0210021c0b300014878000018200006
:10c06c0057f607004106200010c0b30042730200cf
:10c07c00010000001f1b370091c68000002020002b
:10c08c00008060000000e0001b0032007c1b0700f9
:10c09c0070b0210010407800e14f500005003a00cc
:10c0ac0040a729004e1b070070022000d096880084
:10c0bc000d00370070b0210010407800e24f5000a6
:10c0cc0005003a00f0a82900451b070010182000b5
:10c0dc00d096880004003700a0aa2900401b070056
:10c0ec0010182000d0968800803821000100200014
:10c0fc00e0968800f196880080ae21001040780010
:10c10c000004e0001200320080ae21008040eb0001
:10c11c000148780090c680000090a00090c688006e
:10c12c0090c680000080a10090c68800541b0700b8
:10c13c00f0a829002a1b07008038210001002000ec
:10c14c00e0968800f196880010182000d0968800a0
:10c15c00e0968000f1968000e00f5000e08f5800d0
:10c16c0005003a0070b0210011c0b30001487800fe
:10c17c000018200012f607004106200010c0b30082
:10c18c004273020001000000da1a370091c68000e9
:10c19c0000202000008060000000e0000c00320055
:10c1ac00371b070050ac29000d1b070080382100fd
:10c1bc0001002000e0968800f196880070022000b3
:10c1cc00d0968800d0af80000020a100d0af8800ae
:10c1dc00e0968000f1968000e00f5000e08f580050
:10c1ec0002003a0070022000f5f50700410620001d
:10c1fc0010c0b3004273020001000000bd1a3700ea
:10c20c0091c6800000202000008060000000e0004b
:10c21c001d00320060b02100104078000004e000e6
:10c22c0011003a008080200021c8b300014878003a
:10c23c00a080200021c0b300014878006ce402000b
:10c24c000100000010ae29002ee4020001000000e5
:10c25c0060b0210011c0b30001487800a02c21006f
:10c26c0011c0b3000148780000712200607488008e
:10c27c008038210001002000e0968800f1968800ab
:10c28c00800c2000d0968800e0968000f19680000b
:10c29c00e00f5000e08f580002003a0070022000be
:10c2ac00c7f507004106200010c0b300427302001e
:10c2bc00010000008f1a370030002000f0a1880028
:10c2cc002163800000002800008060000000e00076
:10c2dc001300320010a92100104078000004e00087
:10c2ec000f003a00f0aa2100104078000004e00092
:10c2fc000b003a00f0cc8000610060000000e00010
:10c30c0007003a00f0cc8000620060000000e00002
:10c31c0003003a0060102000d0968800751a370090
:10c32c0040d68000620060000000e0001c0032007b
:10c33c0010a92100104078000004e00018003a0019
:10c34c00f0aa2100104078000004e00014003a002c
:10c35c00f0cc8000610060000000e00010003a00aa
:10c36c00f0cc8000620060000000e0000c003a009d
:10c37c00e1b3800000202000008060000000e0009d
:10c38c0007003a00900c2000d0968800410620004f
:10c39c0010c0b3004273020001000000551a3700b0
:10c3ac00d0af8000610060000000e0000a003a009d
:10c3bc00d0af8000640060000000e0000600320096
:10c3cc00607480000000e00003003a00300220009e
:10c3dc00d0968800471a3700508020001040780013
:10c3ec000004e00003003200e01f2000d09688001b
:10c3fc00401a3700a03d2100104078000004e000f6
:10c40c0021003200a03d210010407800e14f500087
:10c41c000f003a00a08c21009040780010c3b300ac
:10c42c0080cf50000a003200a08c21009040780090
:10c43c0050c3b30080cf500005003200a08c210007
:10c44c0090407800f0c3b30080cf50000e003a004b
:10c45c00a03d210010407800e24f500040003a000f
:10c46c00a08c21009040780010c3b30080cf500006
:10c47c0005003200a08c21009040780050c3b3001e
:10c48c0080cf500036003a00a08c210090407800fc
:10c49c0010c3b30080cf500005003200a08c2100e7
:10c4ac009040780050c3b30080cf500016003a0083
:10c4bc0090222100104078000080fb006800600092
:10c4cc000000e0000c003200909a80000000e000b8
:10c4dc0009003a00e09a80000000e00006003a00f3
:10c4ec00309b80000000e00003003a0000af290000
:10c4fc002ee4020001000000a03d210011c0b30099
:10c50c000148780016003700902221001040780076
:10c51c000080fb00680060000000e0000d003200ad
:10c52c00909a80000000e0000a003a00e09a800037
:10c53c000000e00007003a00309b80000000e000a3
:10c54c0004003a00a03d210021c0b300014878004e
:10c55c0003003700a03d210021c0b3000148780042
:10c56c00b02f8100620060000000e0002300320068
:10c57c00d02f81000000e0002000320020ab210011
:10c58c0010007800610060000000e0001b003a0021
:10c59c0020ab210010007800620060000000e00079
:10c5ac001600320060c22000104078000080fb00b2
:10c5bc00610060000000e00010003a0023e9200058
:10c5cc00120020008040eb00103e2900beea07005c
:10c5dc00d02f81000000e900d02f8900d02f8100de
:10c5ec000000e00005003a00620020008000eb0033
:10c5fc00605f22005005020000000000d173800033
:10c60c00f07c2000808f50000d003600a08c2100a3
:10c61c009040780010c3b30080cf5000050032006a
:10c62c00a08c21009040780050c3b30080cf500004
:10c63c0003003a0000052000d0968800ad193700a1
:10c64c0010a9210010407800e34f500008003a0078
:10c65c00b0d38000640060000000e00004003200f1
:10c66c00b0d380000020a100b0d38800a1193700fe
:10c67c0010a9210010407800e24f50000e003a0043
:10c68c00b0d38000620060000000e00004003200c3
:10c69c00b0d38000640060000000e00006003200af
:10c6ac00b0d380000020a100b0d38800200520006a
:10c6bc00d09688008f19370010a9210010407800ff
:10c6cc000004e0000a003200f0aa210010407800bb
:10c6dc000004e0000600320050b029002ee40200f5
:10c6ec000100000040062000d09688008119370018
:10c6fc00b0d38000610060000000e00004003a004c
:10c70c00a0d48000610060000000e0000600320050
:10c71c0010b129002ee402000100000040062000a8
:10c72c00d09688007319370020ab210010007800d8
:10c73c00610060000000e0000300320020072000d0
:10c74c00d09688006b19370020ab210010007800c0
:10c75c00640060000000e000070032004007200089
:10c76c00d096880020ab2100900078000120a10019
:10c77c00010878005f19370060c220001040780073
:10c78c000080fb0061006000004078000004e000c5
:10c79c001a00320070c32000104078000080fb00ab
:10c7ac00610060000000e00014003a00e0c32000cb
:10c7bc00104078000004e00010003a0020ab21008b
:10c7cc0010007800610060000000e0000b003a00ef
:10c7dc0060c22000104078000080fb006400600004
:10c7ec000000e00005003a00a0b1290017ea07009c
:10c7fc00200d2000d09688003e19370060c2200022
:10c80c00104078000080fb00610060000040780060
:10c81c000004e0000a00320070c3200010407800d1
:10c82c000080fb0061006000004078000004e00024
:10c83c0003003200500d2000d09688002d193700cf
:10c84c0060c22000104078000080fb006400600093
:10c85c000000e00003003200500d2000d09688004c
:10c86c002419370010a92100104078000004e000c2
:10c87c000a003a00b0d380000020a100b0d3880099
:10c88c00f0aa210010407800e14f500003003a005c
:10c89c00a0052000d096880016193700f0aa2100b8
:10c8ac0010407800e34f50000a003a00a0b021007d
:10c8bc0010407800e24f500006003a00a0b0210072
:10c8cc008040eb0001487800d0052000d09688000d
:10c8dc0008193700d0d58000610060000000e0002e
:10c8ec0003003200a00a2000d096880001193700fe
:10c8fc00e0c72000104078000004e0000300320084
:10c90c00000a2000d0968800fa183700f0cc80007e
:10c91c00640060000000e00003003200d002200040
:10c92c00d0968800f3183700f0cc800062006000cd
:10c93c000000e00003003200b0022000d096880016
:10c94c00ec183700c0c68000610060000000e000f9
:10c95c003400320060222100104078000004e00016
:10c96c0030003a00a013210090407800f0c3b300cf
:10c97c0080cf50002b003200a08c2100904078001a
:10c98c0010c3b30080cf500005003200a08c2100f2
:10c99c009040780050c3b30080cf500021003a0083
:10c9ac0091c6800000202000008060000000e000a4
:10c9bc001c003200a09721008ee002000100000054
:10c9cc000000e0000e003200a0972100104078001b
:10c9dc000004e0000a003200c1c68000000e2000f6
:10c9ec00008060000000e0000e003a00c003200050
:10c9fc00d09688000000eb00b0738800bd1837009b
:10ca0c00c0c680000000a100c0c68800c0c680005f
:10ca1c000040a100c0c68800a09721008040eb0018
:10ca2c0001487800f0cc8000610060000000e0005c
:10ca3c0047003a00f0cc8000620060000000e0008b
:10ca4c0043003a00c0c68000610060000000e000b6
:10ca5c003f003a00b173800070bb2000808f500003
:10ca6c003b003600b03d2100104078000004e0008f
:10ca7c001d003200b03d2100104078000000fb008a
:10ca8c00e20f500008003200a1052000810f500079
:10ca9c0008003200e10f50000a003a00b00e2000ee
:10caac00d09688000700370080112000d0968800af
:10cabc00040037005080200011c0b30001487800fa
:10cacc0000000000b03d21008040eb0001487800e0
:10cadc006ce4020001000000e0b129002ee4020029
:10caec00010000008318370080022000d0968800d7
:10cafc00d08c2100104078000004e00014003a00b3
:10cb0c00a013210090407800f0c3b30080cf5000f8
:10cb1c000f003200a08c21009040780010c3b300ad
:10cb2c0080cf500005003200a08c2100904078008e
:10cb3c0050c3b30080cf500005003a00a00f200076
:10cb4c00d09688000000eb00b0738800691837009d
:10cb5c00a0ac210090407800f0c3b30080cf50000f
:10cb6c001a003a00b0ac2100104078000004e0003c
:10cb7c0016003a00f0a18000e30f500013003a00b9
:10cb8c0060c5200010407800e54f50000f003400c5
:10cb9c0060c5200010407800ff4f50000b003c0097
:10cbac0050c52000104078000004e000070032005f
:10cbbc00f173800000712200808f5000030036005a
:10cbcc00a0072000d09688004a1837006022210068
:10cbdc00104078000004e00013003200e173800084
:10cbec0080382100808f50000f00360010a92100e2
:10cbfc00104078000004e0000b003a00f0aa21007d
:10cc0c00104078000004e00007003a00f0cc8000ef
:10cc1c00610060000000e00003003a0060062000a4
:10cc2c00d0968800331837001174800000e224007d
:10cc3c00808f50000f00360010a9210010407800a2
:10cc4c000004e0000b003a00f0aa2100104078002c
:10cc5c000004e00007003a00f0cc800061006000a6
:10cc6c000000e00003003a0050052000d096880038
:10cc7c0020183700c1738000f0702200808f5000a4
:10cc8c000300360020032000d096880019183700c6
:10cc9c0001748000f0e12400808f50000300360006
:10ccac0040102000d09688001218370020748000a5
:10ccbc000000e00003003a00c0122000d09688006b
:10cccc000c183700e1b380000010200000806000d9
:10ccdc000000e00003003200401d2000d0968800c8
:10ccec0004183700e1b380000020200000806000b1
:10ccfc000000e00008003200d0af8000610060004e
:10cd0c000000e00004003a00d0af80000020a0003a
:10cd1c00d0af8800f7173700e1b380000020200067
:10cd2c00008060000000e000070032000068210075
:10cd3c00104078000004e00003003a00b01c200012
:10cd4c00d0968800eb173700e1b380000000280074
:10cd5c00008060000000e0000e0032004060210006
:10cd6c0010407800e34f500006003a0090b02100cc
:10cd7c0011c0b3000148780000b1210011c0b3000c
:10cd8c0001487800e0b3800000f0a100e0b3880017
:10cd9c00d817370090b02100104078000004e00054
:10cdac000c00320000b12100104078000004e000bb
:10cdbc000800320040f080000000e00005003a005e
:10cdcc001000200070fe8800601d2000d0968800a6
:10cddc00c8173700a0fc8000700060000000e00065
:10cdec000a00320040f080000000e00007003a002a
:10cdfc0000b1210011c0b30001487800a0fc8000f4
:10ce0c000040a100a0fc8800ba17370090b02100a8
:10ce1c00104078000004e0000700320040f0800071
:10ce2c000000e00004003a0000b1210011c0b30082
:10ce3c0001487800af173700f0a18000e30f5000d5
:10ce4c000d003200f0a18000e40f50000a00320007
:10ce5c00f0a18000e50f5000070032006ce40200e6
:10ce6c000100000090b329002ee402000100000034
:10ce7c00800e2000d0968800508821001040780049
:10ce8c000004e0000b003200c0c6800061006000ae
:10ce9c000000e00004003200008b210010407800fc
:10ceac000004e00003003a00000f2000d096880038
:10cebc0090173700d1968000800c2000808f500096
:10cecc00c1163a00602d2100104078000004e000eb
:10cedc00bf163a002103200010c0b30042730200b9
:10ceec00010000008317370000c4200010407800b8
:10cefc000080fb00700060000000e0000e003a00b3
:10cf0c0060e8200010407800e14f50000a003a0021
:10cf1c0060e820008040eb000148780010b6290042
:10cf2c00af170700411f200010c0b300427302006e
:10cf3c00010000006f173700c0b62900a8170700c2
:10cf4c0000e2240001002000e0968800f1968800a1
:10cf5c0080ae21008040eb0001487800a00c20003e
:10cf6c00d0968800e115200010c0b3004273020077
:10cf7c00010000005f17370091c6800000202000e0
:10cf8c00008060000000e0000d00320040d6800000
:10cf9c000010a10040d6880050002000f0a18800ad
:10cfac0080a9230001002000e0968800f1968800fb
:10cfbc00b00c2000d0968800dcc6a900b6a6a9004b
:10cfcc00e0968000f1968000e00f5000e08f580052
:10cfdc000f003a00d0968000801f780020b82900fe
:10cfec00801f7800e0bc200000050200000000005b
:10cffc00e4875700e0bc20002ee402000100000092
:10d00c00800c2000d096880010c0b30088e8070080
:10d01c0080ae2100104078000004e0000d003200ca
:10d02c00d0968000801f780020b92900801f7800de
:10d03c00e0bc20000005020000000000e48757005f
:10d04c00e0bc20002ee4020001000000800c200057
:10d05c00d096880090ae2100104078000004e000cb
:10d06c005d163200d0968000801f7800f0ba29003f
:10d07c00801f7800e0bc20000005020000000000ca
:10d08c00e4875700e0bc20002ee402000100000001
:10d09c00411f200010c0b3004273020001000000c9
:10d0ac00e01f2000d096880012173700e096800011
:10d0bc00f1968000e00f5000e08f580040003a00dd
:10d0cc00d19b8000d0968000811f7800801f780053
:10d0dc0020be2900801f7800e0bc20000005020063
:10d0ec0000000000e6875700e0bc20002ee40200a0
:10d0fc0001000000109929002ee40200010000003c
:10d10c000000eb00b0738800c1c68000000e200048
:10d11c0001007000c0c68800d08c21008040eb005c
:10d12c0001487800a08c2100f1c3b30001487800bd
:10d13c00a08c210090407800a013210001487800b9
:10d14c0050e72000104078000004e00003003a0093
:10d15c00804b2200c07388001200370050e720007b
:10d16c0010407800e14f50000e003a0050e72000cc
:10d17c008040eb00014878000000eb00c073880091
:10d18c000000eb0000748800c05d2000d0738800a4
:10d19c00a08c210011c3b30001487800007d200051
:10d1ac002074880040d680000010a10040d6880072
:10d1bc0050002000f0a18800c00c2000d096880000
:10d1cc00813e200010c0b300427302000100000039
:10d1dc00c8163700dcc6a800b6a6a8008038210007
:10d1ec0001002000e0968800f1968800d00c200009
:10d1fc00d0968800bf16370091c680000020200012
:10d20c00008060000000e000f51532001c170700dc
:10d21c0070bf2900f21607008038210001002000a1
:10d22c00e0968800f1968800e00c2000d0968800eb
:10d23c00b0163700e0968000f1968000e00f5000a9
:10d24c00e08f58000500320091c6800000202000bd
:10d25c00008060000000e000e3153200800c20002c
:10d26c00d0968800a31637000517070040c0290088
:10d27c00db16070000e2240001002000e096880085
:10d28c00f1968800a0b0210010407800e14f5000ca
:10d29c000a003a00a0b0210021c0b3000148780078
:10d2ac00a03e2000d0968800813e200010c0b30024
:10d2bc0042730200010000008e163700300d200072
:10d2cc00d0968800a10f200010c0b300427302005a
:10d2dc00010000008716370091c680000020200056
:10d2ec00008060000000e0000c003200e416070033
:10d2fc0000c12900ba16070080ae21008040eb0067
:10d30c0001487800813e200010c0b3004273020037
:10d31c0001000000300d2000d0968800e0968000bf
:10d32c00f1968000e00f5000e08f5800b0153a00e5
:10d33c00800c2000a2f107006e16370091c6800009
:10d34c0000202000008060000000e00005003a0092
:10d35c00e0968000f1968000e00f5000e08f5800be
:10d36c00a5153a0060c2200010407800804078007b
:10d37c000104a10060c220000148780080ae2100a9
:10d38c008040eb0001487800bd160700c0c12900a1
:10d39c009316070070c2200091160700d0c2290016
:10d3ac008f1607006ce402000100000020c3290066
:10d3bc002ee402000100000070c220002ee40200e6
:10d3cc0001000000504129002ee402000100000081
:10d3dc00400d2000d0968800810c200010c0b300b6
:10d3ec00427302000100000080382100010020007f
:10d3fc00e0968800f19688003e16370091c68000b2
:10d40c0000202000008060000000e00009003200d5
:10d41c009b16070000c129007116070000e22400ca
:10d42c0001002000e0968800f1968800400d200055
:10d43c00d0968800e0968000f1968000e00f5000b6
:10d44c00e08f58006e153a00800c20005cf107004c
:10d45c002816370080ae2100104078000004e00050
:10d46c0005003a00e0968000f1968000e00f500035
:10d47c00e08f580030003a00e0c32900f3e60700c3
:10d48c0070c3200010407800804078000124a00078
:10d49c0070c3200001487800c2c0b300413d290090
:10d4ac0070c2200066df0200010000000000e000f6
:10d4bc001b00320080ae21008040eb000148780058
:10d4cc008038210001002000e0968800f196880049
:10d4dc0060c429002ee4020001000000c2002000fc
:10d4ec00113e290070c2200042050200000000001d
:10d4fc0063160700c0c1290039160700103e290029
:10d50c0037160700d0c2290035160700411f20002e
:10d51c0010c0b3004273020001000000f515370083
:10d52c00800c2000d0968800419c200010c0b300d5
:10d53c00427302000100000091c680000020200010
:10d54c00008060000000e0002f15320000e2240093
:10d55c0001002000e0968800f196880070c320003e
:10d56c0010407800804078000104a00070c32000b7
:10d57c000148780060c22000104078000080fb0059
:10d58c00620060000000e0000600320070c3200062
:10d59c0010407800804078000134a00070c3200057
:10d5ac0001487800800c2000d0968800810c200067
:10d5bc0010c0b3004273020001000000cd1537000b
:10d5cc002f160700c0c529000516070000e224002d
:10d5dc0001002000e0968800f1968800600d200084
:10d5ec00d0968800c315370091c68000002020001b
:10d5fc00008060000000e0001400320060c22000d7
:10d60c00104078000080fb00610060000040780052
:10d61c000004e00007003200813e200010c0b3007f
:10d62c004273020001000000200d2000d0968800fb
:10d63c000600370070c32000104078000004e000a2
:10d64c0002003a00800c2000d0968800e096800002
:10d65c00f1968000e00f5000e08f5800ec143a0077
:10d66c00800c2000d0968800a2153700c0c6290077
:10d67c002ee4020001000000f00f2000d09688007c
:10d68c009c15370040ca29002ee40200010000005e
:10d69c00f00f2000d096880096153700f81507007b
:10d6ac0080ae21008040eb000148780000e22400ad
:10d6bc0001002000e0968800f196880070cd2900ca
:10d6cc00c7150700b00f2000d09688004106200037
:10d6dc0010c0b30042730200010000008515370032
:10d6ec0091c6800000202000008060000000e00057
:10d6fc00090032008038210001002000e0968800eb
:10d70c00f1968800c0122000d0968800d08c2100a1
:10d71c0011c0b3000148780080ae210010407800a1
:10d72c000004e00005003a00e0968000f1968000cd
:10d73c00e00f5000e08f580005003a00d08c21001b
:10d74c008040eb0001487800c0122000d096880081
:10d75c004106200010c0b30042730200010000001b
:10d76c0064153700c6150700409c29009c1507005e
:10d77c00d00f2000d096880000e224000100200089
:10d78c00e0968800f19688004106200010c0b30096
:10d79c0042730200010000005615370091c680004c
:10d7ac0000202000008060000000e0000900320032
:10d7bc00d0af8000610060000000e00003003a0080
:10d7cc00e00f2000d096880002003700e00f200008
:10d7dc00d0968800e0968000f1968000e00f500013
:10d7ec00e08f58008c143a003002200074f00700cf
:10d7fc004015370091c6800000202000008060009a
:10d80c000000e000090032009d150700a0ce2900a1
:10d81c0073150700c0172000d09688004106200021
:10d82c0010c0b300427302000100000080ae210062
:10d83c00104078000004e0000b003200d0af8000f4
:10d84c00610060000000e0000700320090c680001c
:10d85c000090a00090c6880090c680000080a100b7
:10d86c0090c688000800370090c680000090a00089
:10d87c0090c6880090c680000080a10090c68800e9
:10d88c00800c2000d0968800e0968000f1968000f5
:10d89c00e00f5000e08f580061143a006002200045
:10d8ac0047f0070013153700a08c2100904078003a
:10d8bc0010c3b30080cf500005003200a08c2100b3
:10d8cc009040780050c3b30080cf500019003a004c
:10d8dc0091c6800000202000008060000000e00065
:10d8ec0005003a00e0968000f1968000e00f5000b1
:10d8fc00e08f58000d003a006115070060cf290039
:10d90c00291507004019210001002000e09688002d
:10d91c00f1968800810c200010c0b3004273020005
:10d92c000100000090022000d0968800000000004a
:10d93c00f0143700800c2000d09688000000eb001b
:10d94c00b0738800eb14370091c6800000202000d3
:10d95c00008060000000e00005003a00e0968000c6
:10d96c00f1968000e00f5000e08f58000e003a0056
:10d97c00800c2000d09688000000eb00b07388006b
:10d98c00f0cc8000620060000000e0000600320075
:10d99c00b0022000d09688004106200010c0b300d1
:10d9ac00427302000100000090ae2100104078008c
:10d9bc000004e0001c143200d0968000801f780018
:10d9cc00f08c2900801f7800e0bc200000050200cc
:10d9dc0000000000e4875700e0bc20002ee40200a9
:10d9ec0001000000411f200010c0b3004273020070
:10d9fc0001000000e01f2000d0968800bd14370005
:10da0c001f15070000e2240001002000e0968800aa
:10da1c00f196880050d02900f114070060d38000e3
:10da2c002eba020001000000e0d02900ec1407001f
:10da3c00c0022000d09688004106200010c0b30020
:10da4c004273020001000000aa14370091c6800046
:10da5c0000202000008060000000e00005003a007b
:10da6c00e0968000f1968000e00f5000e08f5800a7
:10da7c00ef133a00f0cc80000010a100f0cc88002d
:10da8c00800c2000d0968800f0cc800068006000ec
:10da9c000000e00005003200f0cc80000030a10056
:10daac00f0cc880080ab2000b0738800e09680003a
:10dabc00f1968000e00f5000e08f5800de133a0022
:10dacc00f0cc80000020a000f0cc8800107229005f
:10dadc002ee4020001000000d19680006c0047008b
:10daec00811f7800d1732900811f78000005020086
:10dafc0000000000e48757006c0047002ee4020091
:10db0c0001000000007429002ee402000100000056
:10db1c0010c0b300c6e5070076143700d814070010
:10db2c0000e2240001002000e0968800f1968800b5
:10db3c0020d12900aa14070010992900a814070065
:10db4c00f0cc80000010a100f0cc8800f0cc80005c
:10db5c000000a100f0cc8800f0cc80000020a100d7
:10db6c00f0cc88000000eb00b0738800e0022000cd
:10db7c00d09688004106200010c0b300427302000a
:10db8c00010000005b14370091c6800000202000cb
:10db9c00008060000000e00005003a00e096800084
:10dbac00f1968000e00f5000e08f5800a4133a006b
:10dbbc00800c2000d096880010c0b3009ce50700b4
:10dbcc004c143700ae140700407821008040eb0065
:10dbdc0001487800e0d1290081140700801a260042
:10dbec0001002000e0968800f196880030032000a8
:10dbfc00d09688003f1437000000eb00c0738800fb
:10dc0c0091c6800000202000008060000000e00031
:10dc1c00d100320060032000d0968800a2c0b3006f
:10dc2c0081d229004078210066df0200010000004b
:10dc3c000000e00007003a00a2c0b30031d3290075
:10dc4c004078210066df0200010000000000e000c7
:10dc5c002b00320030002000f0a1880000f12000e1
:10dc6c0010407800f94f500004003200b08c2100b5
:10dc7c00104078000004e0000300320000f12000a6
:10dc8c004e5e020001000000b08c21008040eb00d1
:10dc9c0001487800c08c21008040eb0001487800de
:10dcac00d07821001040780080407800a08c2100b2
:10dcbc0001487800a08c210090407800a01321002e
:10dccc0001487800a08c21009040780050c3b3002c
:10dcdc0080cf500005003a008040eb00002020006f
:10dcec007036020001000000260037008040eb0077
:10dcfc00002020003e360200010000002100370009
:10dd0c00a2c0b300e1d329004078210066df0200f5
:10dd1c00010000000000e0001a0032006ce4020078
:10dd2c000100000090d429002ee402000100000044
:10dd3c00e01f2000d0968800d07821001040780099
:10dd4c0080407800a08c210001487800a08c210034
:10dd5c0090407800a01321000148780070802000ca
:10dd6c0010407800e34f400037133e0070802000d5
:10dd7c00104078008040e800708020000148780056
:10dd8c00dc133700a2c0b300c1d6290040782100b3
:10dd9c0066df0200010000000000e00007003a000e
:10ddac00a2c0b30071d729004078210066df0200c1
:10ddbc00010000000000e00047003200c08c210090
:10ddcc00104078008040e800c08c210001487800a9
:10dddc00c08c210010407800e84f500005003a003c
:10ddec006ce402000100000020d829002ee402009f
:10ddfc0001000000c08c210010407800f44f50004e
:10de0c002b003600c08c21008040eb0001487800cc
:10de1c00b08c2100104078000004e0001c003a0097
:10de2c00b08c210011c0b3000148780080f12000b3
:10de3c004e5e0200010000006ce4020001000000d4
:10de4c0090222100104078000080fb0061006000ef
:10de5c00004078000004e0000400320011c0b30060
:10de6c000001200070360200010000009022210009
:10de7c00104078000080fb00640060000000e000af
:10de8c00030032007022210011c0b3000148780059
:10de9c0010da29002ee4020001000000e01f20002f
:10deac00d096880040002000f0a188009113370024
:10debc00d07821001040780080407800a08c2100a0
:10decc0001487800a08c210090407800a01321001c
:10dedc00014878000200370030002000f0a18800d3
:10deec0082c0b300d1dc29004078210066df02003b
:10defc00010000000000e00007003a0082c0b300ff
:10df0c0061dd29004078210066df0200010000007d
:10df1c000000e00010003200f0dd2900b013070013
:10df2c00d7130700407821008040eb0001487800af
:10df3c008038210001002000e0968800f1968800ce
:10df4c00800c2000d096880081bb200010c0b3004c
:10df5c004273020001000000e0968000f196800000
:10df6c00e00f5000e08f580017003a0010722900a3
:10df7c002ee4020001000000d19680000002200077
:10df8c000e004000811f7800d1732900811f78009a
:10df9c000005020000000000e4875700000220008a
:10dfac000e0040002ee40200010000000074290065
:10dfbc002ee4020001000000800c2000d0968800a6
:10dfcc0010c0b3009ae4070090ae21001040780016
:10dfdc000004e0009e123200d0968000801f780072
:10dfec00f08c2900801f7800e0bc200000050200a6
:10dffc0000000000e4875700e0bc20002ee4020083
:10e00c0001000000411f200010c0b3004273020049
:10e01c0001000000e01f2000d09688003513370067
:10e02c00008c29006e13070095130700407821001f
:10e03c008040eb000148780000fa2000010020002d
:10e04c00e0968800f196880050032000d096880056
:10e05c00281337000000eb00c073880091c68000c5
:10e06c0000202000008060000000e0006d00320005
:10e07c0062c0b300818c29004078210066df020069
:10e08c00010000000000e0006600320060c0b30038
:10e09c0040479800a0de29002ee402000100000099
:10e0ac004e4090000080fb0041782100e140780058
:10e0bc00f0c2b30080cf5000350034004e409000c9
:10e0cc000080fb0041782100e140780090c3b30050
:10e0dc0080cf50002e003c004e4090000080fb0092
:10e0ec00417821006140780058b70200010000001f
:10e0fc000080fb00100798004e4090000040e800a4
:10e10c00404798004e4090000080fb004178210071
:10e11c00e1407800f0c2b30080cf5000180034000a
:10e12c004e4090000080fb0041782100e1407800d7
:10e13c0090c3b30080cf500011003c001e00900033
:10e14c006a00b90000007800100798004e4090005b
:10e15c000080fb00417821006140780058b7020034
:10e16c00010000000080fb009e0090000080400039
:10e17c00100798004e4090000040e800404798007f
:10e18c001e009000004078009e3c02000100000040
:10e19c004e4090000040e800404798004e409000f0
:10e1ac000080fb0041782100e1407800f0c2b30010
:10e1bc0080cf5000130034004e4090000080fb00d4
:10e1cc0041782100e140780090c3b30080cf50002b
:10e1dc000c003c004e4090000080fb004178210078
:10e1ec006140780058b70200010000000080fb007d
:10e1fc00100798001e00900000407800223e02009c
:10e20c00010000000000eb00c0738800007d2000be
:10e21c0001002000e0968800f1968800800c200018
:10e22c00d0968800e0968000f1968000e00f5000b8
:10e23c00e08f580017003a00107229002ee40200fb
:10e24c0001000000d1968000400320000e00400029
:10e25c00811f7800d1732900811f7800000502000e
:10e26c0000000000e4875700400320000e0040002f
:10e27c002ee4020001000000007429002ee40200cc
:10e28c0001000000800c2000d096880010c0b30064
:10e29c00e7e3070090ae2100104078000004e00096
:10e2ac00ed113200d0968000801f7800f08c290090
:10e2bc00801f7800e0bc2000000502000000000078
:10e2cc00e4875700e0bc20002ee4020001000000af
:10e2dc00411f200010c0b300427302000100000077
:10e2ec00e01f2000d096880082123700e41207004d
:10e2fc00407821008040eb000148780070df290055
:10e30c00b7120700803e200001002000e096880034
:10e31c00f196880070032000d096880075123700a3
:10e32c0091c6800000202000008060000000e0000a
:10e33c00220132000000eb00c073880072c0b300f1
:10e34c0001e029004078210066df02000100000096
:10e35c000000e00019013200d2c0b30081e02900b6
:10e36c004078210066df0200010000000000e000a0
:10e37c000d01320052c1b30061e129004078210047
:10e38c0066df0200010000000000e00080003200a7
:10e39c0050c5200041c0b3000148780050c1b30003
:10e3ac00504798005e4090000080fb0041782100af
:10e3bc00e1407800f0c2b30080cf5000350034004b
:10e3cc005e4090000080fb0041782100e140780025
:10e3dc0090c3b30080cf50002e003c005e409000f4
:10e3ec000080fb00417821006140780058b70200a2
:10e3fc00010000000080fb00100798005e409000b8
:10e40c000040e800504798005e4090000080fb0000
:10e41c0041782100e1407800f0c2b30080cf500079
:10e42c00180034005e4090000080fb004178210011
:10e43c00e140780090c3b30080cf500011003c0045
:10e44c001e0090006a00b9000000780010079800c8
:10e45c005e4090000080fb00417821006140780014
:10e46c0058b70200010000000080fb009e009000e5
:10e47c0000804000100798005e4090000040e800cb
:10e48c00504798001e00900000407800e23e0200c9
:10e49c00010000005e4090000040e80050479800ea
:10e4ac005e4090000080fb0041782100e140780044
:10e4bc00f0c2b30080cf5000320034005e409000b8
:10e4cc000080fb0041782100e140780090c3b3004c
:10e4dc0080cf50002b003c005e4090000080fb0081
:10e4ec00417821006140780058b70200010000001b
:10e4fc000080fb00100798005e4090000040e80090
:10e50c00504798005e4090000080fb00417821004d
:10e51c00e1407800f0c2b30080cf50001500340009
:10e52c005e4090000080fb0041782100e1407800c3
:10e53c0090c3b30080cf50000e003c001e00900032
:10e54c006a00b90000007800100798005e40900047
:10e55c000080fb00417821006140780058b7020030
:10e56c00010000000080fb009e0090000080400035
:10e57c00100798001e009000004078009a3e0200a0
:10e58c000100000040032000d09688008b0037006b
:10e59c0050c5200031c0b30001487800d0c0b30092
:10e5ac00604798006e4090000080fb00417821008d
:10e5bc00e1407800f0c2b30080cf50003500340049
:10e5cc006e4090000080fb0041782100e140780013
:10e5dc0090c3b30080cf50002e003c006e409000e2
:10e5ec000080fb00417821006140780058b70200a0
:10e5fc00010000000080fb00100798006e409000a6
:10e60c000040e800604798006e4090000080fb00de
:10e61c0041782100e1407800f0c2b30080cf500077
:10e62c00180034006e4090000080fb0041782100ff
:10e63c00e140780090c3b30080cf500011003c0043
:10e64c001e0090006a00b9000000780010079800c6
:10e65c006e4090000080fb00417821006140780002
:10e66c0058b70200010000000080fb009e009000e3
:10e67c0000804000100798006e4090000040e800b9
:10e68c00604798001e00900000407800503f020048
:10e69c00010000006e4090000040e80060479800c8
:10e6ac006e4090000080fb0041782100e140780032
:10e6bc00f0c2b30080cf5000320034006e409000a6
:10e6cc000080fb0041782100e140780090c3b3004a
:10e6dc0080cf50002b003c006e4090000080fb006f
:10e6ec00417821006140780058b702000100000019
:10e6fc000080fb00100798006e4090000040e8007e
:10e70c00604798006e4090000080fb00417821002b
:10e71c00e1407800f0c2b30080cf50001500340007
:10e72c006e4090000080fb0041782100e1407800b1
:10e73c0090c3b30080cf50000e003c001e00900030
:10e74c006a00b90000007800100798006e40900035
:10e75c000080fb00417821006140780058b702002e
:10e76c00010000000080fb009e0090000080400033
:10e77c00100798001e009000004078002a3f02000d
:10e78c000100000020c620008040eb00014878000a
:10e79c0010c620008040eb000148780040032000a8
:10e7ac00d09688000500370050c5200021c0b3006a
:10e7bc000148780040032000d0968800e096800045
:10e7cc00f1968000e00f5000e08f5800a4103a0042
:10e7dc000000eb00c0738800800c2000d0968800ed
:10e7ec0010c0b30092e2070042113700c080200035
:10e7fc0090407800d08020001040780080cf5000ee
:10e80c0099103a00e1c3b30070c68000c111070033
:10e81c0001c2b30080c68000be110700c0e229000f
:10e82c006f110700a09721006d11070010832900bc
:10e83c006b110700d0032000d09688004106200001
:10e84c0010c0b300427302000100000080a9230035
:10e85c0001002000e0968800f19688002511370011
:10e86c0071c6800000202000008060000000e000e5
:10e87c000b00320081c68000002020000080600068
:10e88c000000e00006003200411f200010c0b30061
:10e89c004273020001000000e0032000d0968800c3
:10e8ac00e0968000f1968000e00f5000e08f580059
:10e8bc006f103a006ce402000100000060e32900d4
:10e8cc002ee40200010000006d110700b0012000d1
:10e8dc004311070080a9230001002000e096880066
:10e8ec00f1968800810c200010c0b3004273020026
:10e8fc000100000010042000d0968800fd103700a5
:10e90c0080ae21008040eb0001487800021020000e
:10e91c008000eb0040782100500502000000000050
:10e92c0057110700908d21002d1107006ce4020097
:10e93c0001000000a0e429002ee402000100000008
:10e94c00908d21002ee4020001000000d0e429008b
:10e95c002ee402000100000000a62e0001002000a1
:10e96c00e0968800f1968800810c200010c0b3005e
:10e97c004273020001000000f0032000d0968800d2
:10e98c00dc103700a0012000801f780010e5290062
:10e99c00801f7800f0ad210000050200000000008f
:10e9ac00e4875700f0ad21000d110700d0c0b30073
:10e9bc0087e20700810c200010c0b30042730200f4
:10e9cc000100000000042000d0968800c910370018
:10e9dc0091c6800000202000008060000000e00054
:10e9ec00320032008042eb000002eb008001eb00b1
:10e9fc00a2972100918d210040e52900da520200f6
:10ea0c0000000000a0cc8000b1cc80006100400070
:10ea1c00e0804800a0cc8800b1cc8800809921000f
:10ea2c0010407800e14f4000050032008099210031
:10ea3c00104078008040e80080992100014878005f
:10ea4c00c0c68000700060000000e00009003200c9
:10ea5c00a099210010407800e14f400005003200e1
:10ea6c00a0992100104078008040e800a099210076
:10ea7c0001487800c0c680000000a100c0c6880014
:10ea8c00c0c680000040a100c0c68800c1c680007e
:10ea9c00f0f12f0080806000000620000100700063
:10eaac00c0c68800800c2000d0968800e0968000bc
:10eabc00f1968000e00f5000e08f58001e003a00e5
:10eacc00107229002ee4020001000000d196800093
:10eadc00800420000e004000811f7800d1732900b3
:10eaec00811f78000005020000000000e487570039
:10eafc00800420000e0040002ee402000100000003
:10eb0c00007429002ee40200010000006ce40200f5
:10eb1c0001000000c0e529002ee402000100000005
:10eb2c000053270001002000e0968800f196880031
:10eb3c0010c0b300bee1070080ae21001040780089
:10eb4c000004e000cc0f32006ce402000100000075
:10eb5c0000e729002ee40200010000002004200040
:10eb6c00d0968800a000200001002000e0968800cc
:10eb7c00f19688005f103700e0968000f1968000d7
:10eb8c00e00f5000e08f58000500320091c6800065
:10eb9c0000202000008060000000e000b80f320070
:10ebac0020042000d0968800521037008042eb00e1
:10ebbc000002eb008001eb00a2972100918d210057
:10ebcc0080e82900da52020000000000c0c6800074
:10ebdc000010a000c0c68800c0c680000000a100c4
:10ebec00c0c68800c0c680000040a100c0c6880016
:10ebfc00c1c68000000e200001007000c0c6880055
:10ec0c00c099210010407800e14f4000050032000f
:10ec1c00c0992100104078008040e800c099210084
:10ec2c0001487800800c2000d09688003110370005
:10ec3c0080ae21008040eb00014878004088210024
:10ec4c008040eb00014878008d10070080a923005c
:10ec5c0001002000e0968800f196880000e9290068
:10ec6c005110070010052000d096880041062000a6
:10ec7c0010c0b30042730200010000001d103700e9
:10ec8c0091c6800000202000008060000000e000a1
:10ec9c001900320040882100104078000004e00088
:10ecac0013003a00f0aa210010407800e14f500008
:10ecbc0003003200f0aa21008040eb0001487800ec
:10eccc00a0d480000000a100a0d4880010a92100cd
:10ecdc008040eb0001487800b0d380000000a10018
:10ecec00b0d3880070ea20008040eb000148780027
:10ecfc00800c2000d096880080ae21001040780057
:10ed0c000004e00002003200800c2000d096880045
:10ed1c00e0968000f1968000e00f5000e08f5800e4
:10ed2c0015003a00107229002ee4020001000000c8
:10ed3c00d0968000801f7800d0732900801f780047
:10ed4c00e0bc20000005020000000000e487570032
:10ed5c00e0bc20002ee40200010000000074290039
:10ed6c002ee4020001000000800c2000d0968800e8
:10ed7c0010c0b3002ee1070010a92100104078004c
:10ed8c000004e00004003a00f0aa210010407800d2
:10ed9c000004e000030032000000eb00d073880098
:10edac00020037000000eb00d073880090ae210009
:10edbc00104078000004e000330f3200d096800041
:10edcc00801f7800f08c2900801f7800e0bc2000a8
:10eddc000005020000000000e4875700e0bc2000a2
:10edec002ee4020001000000411f200010c0b300ff
:10edfc004273020001000000e01f2000d096880042
:10ee0c00bc0f370090e92900f50f07001c10070014
:10ee1c00007d200001002000e0968800f19688001b
:10ee2c000000eb0090d4880010a9210031c0b30081
:10ee3c000148780020ab2100b040900000c5b30021
:10ee4c0080cf50000d00320020ab21001000780064
:10ee5c00610060000000e0000500320020ab2100e2
:10ee6c00a040900000c5b30080cf500003003200da
:10ee7c0000c5b30022c902000100000030052000cb
:10ee8c00d09688009b0f370091c680000020200090
:10ee9c00008060000000e00005003a00e096800071
:10eeac00f1968000e00f5000e08f5800f80e3a0009
:10eebc00f30f070040c02900c90f0700f0332000f2
:10eecc00d0968800e0968000f1968000e00f50000c
:10eedc00e08f5800f00e3a00107229002ee4020068
:10eeec0001000000d1968000c00520000e004000fb
:10eefc00811f7800d1732900811f78000005020062
:10ef0c0000000000e4875700c00520000e00400000
:10ef1c002ee4020001000000007429002ee402001f
:10ef2c000100000010c0b300c1e00700710f3700f2
:10ef3c0091c6800000202000008060000000e000ee
:10ef4c0005003a00e0968000f1968000e00f50003a
:10ef5c00e08f580020003a0000e22400010020005d
:10ef6c00e0968800f196880000342000d096880046
:10ef7c00e0968000f1968000e00f5000e08f580082
:10ef8c0015003a00107229002ee402000100000066
:10ef9c00d1968000000720000e004000811f7800f1
:10efac00d1732900811f78000005020000000000c9
:10efbc00e4875700000720000e0040002ee40200fa
:10efcc0001000000007429002ee402000100000082
:10efdc0010c0b30096e00700e0968000f196800028
:10efec00e00f5000e08f5800ad0e3a00800c20006e
:10effc0073ea07003f0f370091c680000020200005
:10f00c00008060000000e0000d0032009c0f070043
:10f01c00e0e92900720f07000071220001002000b6
:10f02c00e0968800f196880020342000d096880065
:10f03c00810c200010c0b3004273020001000000dc
:10f04c00e0968000f1968000e00f5000e08f5800b1
:10f05c00950e3a00800c200059ea0700250f370066
:10f06c0091c6800000202000008060000000e000bd
:10f07c0019003200820f070020ab210040409000a5
:10f08c008080fb00400820000e004000811f7800ab
:10f09c0091ea2900811f78000005020000000000a1
:10f0ac00e4875700400820000e0040004c0f07007a
:10f0bc0000e2240001002000e0968800f196880010
:10f0cc0030342000d0968800810c200010c0b30092
:10f0dc00427302000100000080ae21001040780055
:10f0ec000004e0000b00320080ae21008040eb00f9
:10f0fc000148780090c680000090a00090c688005f
:10f10c0090c680000080a10090c6880000342000ca
:10f11c00d0968800e0968000f1968000e00f5000b9
:10f12c00e08f5800620e3a00800c200024ea0700a1
:10f13c00f00e370091c68000002020000080600097
:10f14c000000e000190032004d0f070000e224001f
:10f15c0001002000e0968800f196880020ab210089
:10f16c00504090008080fb00300920000e004000d1
:10f17c00811f780091eb2900811f780000050200a7
:10f18c0000000000e4875700300920000e0040000a
:10f19c00130f0700800c2000d0968800810c2000f3
:10f1ac0010c0b3004273020001000000e096800022
:10f1bc00f1968000e00f5000e08f58003e0e3a00b0
:10f1cc00800c2000fee90700ca0e37002c0f070048
:10f1dc0080a9230001002000e0968800f1968800a9
:10f1ec0090ec2900fe0e070060052000d0968800e8
:10f1fc00411f200010c0b300427302000100000048
:10f20c00bc0e370091c680000020200000806000fa
:10f21c000000e00005003a00e0968000f1968000c6
:10f22c00e00f5000e08f5800250e3a00800c2000b3
:10f23c00d09688000000eb0010748800ad0e3700eb
:10f24c00b0d38000610060000000e00004003a00d0
:10f25c00a0d48000610060000000e00003003200d8
:10f26c0040062000d0968800a20e3700040f07003d
:10f27c00007d200001002000e0968800f1968800b7
:10f28c0030ed2900d60e0700b0052000d09688007e
:10f29c00980e370091c6800000202000008060008e
:10f2ac000000e00005003a00e0968000f196800036
:10f2bc00e00f5000e08f5800030e3a00c00520000c
:10f2cc00d0968800e0968000f1968000e00f500008
:10f2dc00e08f5800fe0d3a00107229002ee4020057
:10f2ec0001000000d1968000200a20000e00400092
:10f2fc00811f7800d1732900811f7800000502005e
:10f30c0000000000e4875700200a20000e00400097
:10f31c002ee4020001000000007429002ee402001b
:10f32c000100000010c0b300c1df0700710e3700f0
:10f33c00d30e070000e2240001002000e0968800b4
:10f34c00f1968800f0aa210021c0b3000148780092
:10f35c000000eb0080d58800b0ed2900a00e07005e
:10f36c0050a921009e0e0700f0ed29009c0e07000d
:10f37c00030f2100120020008040eb0020ee29003a
:10f38c0051df0700a0b0210011c0b3000148780084
:10f39c00800c2000d0968800560e370091c6800055
:10f3ac0000202000008060000000e000ca0d320048
:10f3bc00b30e070020ab2100900078000004200061
:10f3cc00008060000000e0000300320040c0290013
:10f3dc00830e07000200370040c02900800e070092
:10f3ec000071220001002000e0968800f196880050
:10f3fc00203a2000d09688003e0e370091c680003f
:10f40c0000202000008060000000e00009003200b5
:10f41c009b0e0700f0ee2900710e070000e224009d
:10f42c0001002000e0968800f1968800303a200018
:10f43c00d0968800e0968000f1968000e00f500096
:10f44c00e08f5800a60d3a00800c20005ce9070004
:10f45c00280e370091c6800000202000008060003c
:10f46c000000e00009003200850e0700e0e92900e9
:10f47c005b0e07000071220001002000e09688005e
:10f48c00f1968800503a2000d0968800e0968000d3
:10f49c00f1968000e00f5000e08f5800920d3a007a
:10f4ac00800c200046e90700120e370091c6800040
:10f4bc0000202000008060000000e00015003200f9
:10f4cc006f0e070020ab2100404090008080fb00b5
:10f4dc00600b20000e004000811f780091ea29008b
:10f4ec00811f78000005020000000000e48757002f
:10f4fc00600b20000e004000390e070000e22400d3
:10f50c0001002000e0968800f1968800603a200007
:10f51c00d096880080ae2100104078000004e000f6
:10f52c000b00320090c680000090a00090c68800ae
:10f53c0090c680000080a10090c6880080ae21009b
:10f54c008040eb0001487800303a2000d0968800cb
:10f55c00e0968000f1968000e00f5000e08f58009c
:10f56c00630d3a00800c200015e90700e10d37000f
:10f57c0091c6800000202000008060000000e000a8
:10f58c00150032003e0e070020ab210050409000c9
:10f59c008080fb00500c20000e004000811f780082
:10f5ac0091eb2900811f780000050200000000008b
:10f5bc00e4875700500c20000e004000080e070096
:10f5cc0000e2240001002000e0968800f1968800fb
:10f5dc00e0052000d0968800e0968000f19680002f
:10f5ec00e00f5000e08f5800430d3a00800c2000d3
:10f5fc00f3e80700bf0d370091c680000020200003
:10f60c00008060000000e00005003200a0d4800003
:10f61c000010a000a0d4880000052000d09688001f
:10f62c00e0968000f1968000e00f5000e08f5800cb
:10f63c00330d3a00107229002ee402000100000084
:10f64c00d1968000400d20000e004000811f7800f4
:10f65c00d1732900811f7800000502000000000012
:10f66c00e4875700400d20000e0040002ee40200fd
:10f67c0001000000007429002ee4020001000000cb
:10f68c00800c2000d096880010c0b300e8de070084
:10f69c00980d3700b0ef2900d10d070010a92100fb
:10f6ac008040eb0001487800f0aa21008040eb007c
:10f6bc0001487800a0b021008040eb0001487800a0
:10f6cc00fac8020001000000ed0d0700007d2000cb
:10f6dc0001002000e0968800f196880001192000b6
:10f6ec0010c0b300427302000100000000052000ae
:10f6fc00d09688007f0d370091c680000020200036
:10f70c00008060000000e00009003200dc0d070002
:10f71c0000f02900b20d070000e2240001002000d7
:10f72c00e0968800f1968800303f2000d096880043
:10f73c00e0968000f1968000e00f5000e08f5800ba
:10f74c0002003a00400620009de807004106200018
:10f75c0010c0b3004273020001000000650d3700b9
:10f76c0091c6800000202000008060000000e000b6
:10f77c0005003a00e0968000f1968000e00f500002
:10f78c00e08f5800e00c3a0000052000d09688006d
:10f79c00e0968000f1968000e00f5000e08f58005a
:10f7ac00db0c3a00107229002ee40200010000006c
:10f7bc00d1968000800e20000e004000811f780042
:10f7cc00d1732900811f78000005020000000000a1
:10f7dc00e4875700800e20000e0040002ee402004b
:10f7ec0001000000007429002ee40200010000005a
:10f7fc0010c0b3008ede07003e0d3700a00d0700d1
:10f80c00407821008040eb0001487800207f2900df
:10f81c00730d07008038210001002000e09688005d
:10f82c00f196880070062000d0968800310d3700c4
:10f83c0091c6800000202000008060000000e000e5
:10f84c002f00320040782100104078000004e000c6
:10f85c002b003200c2c0b300c17f290040782100c8
:10f86c0066df0200010000000000e0000900320029
:10f87c00800c2000d096880070ae21008040eb00f8
:10f88c0001487800602221008040eb00014878009c
:10f89c001900370070ae2100104078008040e8005d
:10f8ac0070ae21000148780070ae21001040780045
:10f8bc00e14f50000e0036006ce402000100000025
:10f8cc00c0f029002ee40200010000004078210065
:10f8dc002ee4020001000000504129002ee4020039
:10f8ec0001000000800e2000d09688000200370036
:10f8fc00800c2000d09688000000eb00e07388009c
:10f90c00e0968000f1968000e00f5000e08f5800e8
:10f91c00810c3a006ce402000100000090f1290017
:10f92c002ee4020001000000e01f2000d0968800a9
:10f93c00f00c3700407821008040eb000148780043
:10f94c00a0ac210022002000c1f2290042050200d7
:10f95c00000000004a0d0700e0f22900200d07000e
:10f96c008038210001002000e0968800f196880084
:10f97c00b0072000d0968800de0c370091c68000be
:10f98c0000202000008060000000e0005b003200de
:10f99c0040782100104078000004e000570032004d
:10f9ac0062c0b30081f329004078210066df0200b9
:10f9bc00010000000000e000500032006000200058
:10f9cc0010079800030037001e0090000000e800ac
:10f9dc0010079800417821001e0090000080400024
:10f9ec00104078000004e00007003200417821004c
:10f9fc001e009000008040009040780020c2b300b0
:10fa0c0080cf5000f0ff3a00417821001e0090009a
:10fa1c00008040009040780020c2b30080cf50009e
:10fa2c0032003a001e0090000000e8001007980019
:10fa3c000000eb00000f78000c003700417821002b
:10fa4c001e0090000080400010407800804078003c
:10fa5c00a0ac21001e004000014878001e0fe800f9
:10fa6c001e0090000000e80010079800417821006b
:10fa7c001e00900000804000104078000004e00060
:10fa8c0016003200417821001e00900000804000da
:10fa9c009040780020c2b30080cf50000f0032009d
:10faac00417821001e00900000804000104078003a
:10fabc00ed4f500009003200417821001e009000eb
:10facc000080400010407800ea4f500003003200e4
:10fadc001e007800f30f5000d8ff3400a0ac2100ba
:10faec001e0040008040eb00014878000000eb0055
:10fafc00f0738800800c2000d0968800e09680007f
:10fb0c00f1968000e00f5000e08f5800040c3a0092
:10fb1c000000eb00f0738800800c2000d096880069
:10fb2c00740c370091c6800000202000008060001b
:10fb3c000000e00005003a00e0968000f19680009d
:10fb4c00e00f5000e08f5800f70b3a0020ab21007b
:10fb5c0010409000e84f50000300360020ab21000d
:10fb6c0041c0b30011409800c50c070000fa2000fa
:10fb7c0001002000e0968800f1968800f0f329003f
:10fb8c00970c070020ab2100104090000eba020029
:10fb9c0001000000f0ed2900910c07006ce402005c
:10fbac0001000000c0f429002ee402000100000056
:10fbbc0020ab2100104090000080fb00801f7800db
:10fbcc00a0f52900801f7800f0af2100000502008d
:10fbdc0000000000e4875700f0af21002ee4020083
:10fbec000100000030072000d0968800813e2000e4
:10fbfc0010c0b3004273020001000000e0968000c8
:10fc0c00f1968000e00f5000e08f5800c80b3a00ce
:10fc1c00107229002ee4020001000000d196800031
:10fc2c00c00f20000e004000811f7800d173290006
:10fc3c00811f78000005020000000000e4875700d7
:10fc4c00c00f20000e0040002ee402000100000056
:10fc5c00007429002ee402000100000010c0b30063
:10fc6c0073dd0700230c370091c6800000202000b4
:10fc7c00008060000000e00005003a00e096800083
:10fc8c00f1968000e00f5000e08f5800aa0b3a006c
:10fc9c0020ab2100900078000100a1000108780041
:10fcac0020ab2100a040900020ab210031409800f7
:10fcbc0020ab2100900078000110a0000108780012
:10fccc00800c2000d09688006ce40200010000003b
:10fcdc00e0f529002ee4020001000000e09680000f
:10fcec00f1968000e00f5000e08f5800940b3a0022
:10fcfc00107229002ee4020001000000d196800051
:10fd0c00001120000e004000811f7800d1732900e3
:10fd1c00811f78000005020000000000e4875700f6
:10fd2c00001120000e0040002ee402000100000033
:10fd3c00007429002ee402000100000010c0b30082
:10fd4c003bdd0700eb0b370000e224000100200034
:10fd5c00e0968800f196880090482000d0968800a4
:10fd6c00e40b370091c6800000202000008060006a
:10fd7c000000e00065003200410c0700d0c12000fb
:10fd8c00104078000080fb00e40f5000330032007c
:10fd9c00e40f50000c003c00e10f50001a00320040
:10fdac00e10f500003003c000000e0000f003200a7
:10fdbc004d003700e20f50001a003200e30f5000e4
:10fdcc001f00320048003700e60f500031003200af
:10fddc00e60f500028003500e70f500034003200c9
:10fdec00e80f5000390032003f003700401220006d
:10fdfc000e00400022012000f1f62900420502000d
:10fe0c000000000038003700401220000e004000b7
:10fe1c002201200011f82900420502000000000018
:10fe2c0031003700401220000e004000220120005b
:10fe3c0031f9290042050200000000002a003700b9
:10fe4c00401220000e0040002201200051fa29002f
:10fe5c004205020000000000230037004012200081
:10fe6c000e0040002201200071fb29004205020017
:10fe7c00000000001c003700401220000e00400063
:10fe8c002201200091fc2900420502000000000024
:10fe9c0015003700401220000e0040002201200007
:10feac00b1fd290042050200000000000e003700e1
:10febc00401220000e00400022012000d1fe29003b
:10fecc00420502000000000007003700401220002d
:10fedc000e00400022012000f1ff29004205020023
:10feec000000000000000000401220000e00400046
:10fefc00bb0b070000e2240001002000e096880004
:10ff0c00f1968800a0482000d0968800e0968000ea
:10ff1c00f1968000e00f5000e08f58000a0b3a0079
:10ff2c00800c2000a6e60700720b370091c68000fb
:10ff3c0000202000008060000000e000150032006e
:10ff4c00cf0b0700e0c12000104078008080fb0040
:10ff5c00301320000e004000811f780091eb290027
:10ff6c00811f78000005020000000000e4875700a4
:10ff7c00301320000e004000990b070000e2240013
:10ff8c0001002000e0968800f1968800b04820001f
:10ff9c00d0968800e0968000f1968000e00f50002b
:10ffac00e08f5800ea0a3a00800c200084e6070033
:10ffbc00500b370091c680000020200000806000ac
:10ffcc000000e0000600320020ab21009000780019
:10ffdc000120a10001087800800c2000d096880038
:10ffec00e0968000f1968000e00f5000e08f580002
:10fffc00d90a3a00800c200071e607003d0b37004f
:020000040002f8
:10000c0050c120009040780020ab21001140980096
:10001c0020ab210010409000e84f50000300360048
:10002c0020ab210041c0b300114098006ce40200e9
:10003c000100000010012a002ee402000100000063
:10004c0020ab2100104090000080fb00801f780046
:10005c00a0f52900801f7800f0af210000050200f8
:10006c0000000000e4875700f0af21002ee40200ee
:10007c0001000000820b070060022a00580b0700e9
:10008c00803e200001002000e0968800f196880058
:10009c00100a2000d0968800160b370091c68000fd
:1000ac0000202000008060000000e00005003a0005
:1000bc00e0968000f1968000e00f5000e08f580031
:1000cc00a70a3a00e0c720008040eb000148780006
:1000dc00f0c7200011c0b300014878006ce40200a6
:1000ec000100000010032a002ee4020001000000b1
:1000fc000164800010032000808f50000400360043
:10010c000164800080b52100808f50000200360011
:10011c00c05d20000064880060c1200010407800a1
:10012c000004e0000400320060c1200010407800a0
:10013c00ee4f50000300360060c12000e1c0b30058
:10014c000148780003e22000120020008040eb0000
:10015c00403d2900dcdb0700803e20000100200030
:10016c00e0968800f1968800200a2000d09688003e
:10017c00810c200010c0b30042730200010000008b
:10018c00dc0a370091c6800000202000008060004f
:10019c000000e00005003a00e0968000f196800037
:1001ac00e00f5000e08f58006f0a3a00800c2000de
:1001bc00d0968800cf0a3700f0aa210010407800b2
:1001cc00e34f50000d00320010a9210010407800c0
:1001dc00e34f500009003200d0d580000000a10090
:1001ec00d0d58800d0d580000010a000d0d58800d4
:1001fc00800c2000d0968800be0a3700200b070028
:10020c0000e2240001002000e0968800f1968800ae
:10021c0060042a00f20a070060ac2100104078004c
:10022c000eba02000100000010992900ec0a070028
:10023c00b00a2000d0968800ae0a370091c6800024
:10024c0000202000008060000000e00005003a0063
:10025c00e0968000f1968000e00f5000e08f58008f
:10026c00430a3a0080ae21008040eb000148780040
:10027c00030b070000c4290001002000e096880051
:10028c00f1968800e0042a00d50a0700b0ab2100e3
:10029c00d30a070010992900d10a0700c00a2000d0
:1002ac00d0968800e0968000f1968000e00f500018
:1002bc00e08f5800300a3a00107229002ee4020038
:1002cc0001000000d1968000201420000e00400098
:1002dc00811f7800d1732900811f7800000502006e
:1002ec0000000000e4875700201420000e0040009e
:1002fc002ee4020001000000007429002ee402002c
:10030c000100000010c0b300c9db070060052a0023
:10031c002ee4020001000000760a370091c680002e
:10032c0000202000008060000000e000050032008a
:10033c00d0d580000000a100d0d58800800c200012
:10034c00d0968800e0968000f1968000e00f500077
:10035c00e08f58000400320080ae2100104078007d
:10036c000004e000060a3200107229002ee402009c
:10037c0001000000d1968000601520000e004000a6
:10038c00811f7800d1732900811f780000050200bd
:10039c0000000000e4875700601520000e004000ac
:1003ac002ee4020001000000007429002ee402007b
:1003bc0001000000d0d580000000a100d0d588003d
:1003cc00d0d580000010a000d0d58800800c200073
:1003dc00d0968800419c200010c0b30042730200ec
:1003ec0001000000e0968000f1968000e00f5000c4
:1003fc00e08f5800e4093a0010c0b3008cdb070012
:10040c003c0a370020082a00750a07009c0a0700de
:10041c00407821008040eb000148780000fa200071
:10042c0001002000e0968800f1968800900e2000d4
:10043c00d09688002f0a3700e0968000f196800055
:10044c00e00f5000e08f58000500320091c680008c
:10045c0000202000008060000000e000cc09320089
:10046c00870a0700407821008040eb0001487800a3
:10047c00e0d129005a0a070000fa200001002000f0
:10048c00e0968800f1968800a00e2000d096880097
:10049c00180a3700e0968000f1968000e00f5000bb
:1004ac00e08f58000500320091c68000002020002b
:1004bc00008060000000e000b7093200b00e2000a0
:1004cc00d09688000b0a370080a923000100200079
:1004dc00e0968800f1968800c00e2000d096880027
:1004ec00d0082a003e0a070060092a002ee4020008
:1004fc00010000000000eb00f0a18800e0968000f5
:10050c00f1968000e00f5000e08f5800a4093a00eb
:10051c00d1968000a01620000e004000811f7800ac
:10052c00910a2a00811f78000005020000000000db
:10053c00e4875700a01620000e0040002ee40200b5
:10054c00010000000000eb00f0a18800d00e20009c
:10055c00d0968800014b200010c0b30042730200fb
:10056c0001000000e30937000000eb00f0a1880057
:10057c0040e7200010407800ea4f5000050036009c
:10058c0001f4210010c0b30042730200010000000e
:10059c000400370081bb200010c0b300427302007e
:1005ac0001000000e00e2000d096880040e72000fb
:1005bc008040eb0001487800ce093700b666a900f0
:1005cc008157200010c0b3004273020001000000ec
:1005dc00f00e2000d0968800c6093700b666a80039
:1005ec000000eb00d0968800c2093700b666a9005f
:1005fc00c00b2a002ee4020001000000419c2000e8
:10060c0010c0b300427302000100000090112000e2
:10061c00d0968800b7093700b666a800a011200054
:10062c00d0968800017d200010c0b30042730200f8
:10063c0001000000d0b02000b1c0b3000148780028
:10064c00ac093700d0b02000104078000004e00066
:10065c001b003200d0b02000104078008040e90030
:10066c00d0b0200001487800017d200010c0b300fc
:10067c0042730200010000006ce402000100000063
:10068c00d0b02000104078008080fb00e0172000e4
:10069c000e004000811f7800510d2a00811f780048
:1006ac000005020000000000e4875700e01720005e
:1006bc000e0040002ee40200010000008d093700fe
:1006cc00b0112000d09688008a093700b666a900c0
:1006dc008157200010c0b3004273020001000000db
:1006ec00c0112000d096880082093700b666a80099
:1006fc000000eb00d09688007e093700e009070067
:10070c0080ae21008040eb00014878005088210029
:10071c00b309070010992900b1090700508821007e
:10072c008040eb0001487800100f2000d096880024
:10073c00c15d200010c0b300427302000100000034
:10074c00e08a2100104078008080fb00803e200071
:10075c000088b90000007800cf80de00e0968800a9
:10076c00f196880063093700e0968000f1968000ce
:10077c00e00f5000e08f58000900320091c6800055
:10078c0000202000008060000000e00004003a001f
:10079c0080ae2100104078000004e0000209320015
:1007ac00008b2100104078000004e000140032009f
:1007bc00210e2a0010b120009cdf02000100000075
:1007cc00000f78009e00780010b1200000804000df
:1007dc00417821009cdf0200010000001e0f400048
:1007ec000041eb0011b12000008b21008ac60200f1
:1007fc0001000000008b21008040eb0001487800d4
:10080c00800c2000d0968800810c200010c0b30012
:10081c0042730200010000003609370040e7200057
:10082c008040eb00014878000000eb00f0a188004c
:10083c00813e200010c0b300427302000100000092
:10084c002c09370080ae21008040eb000148780075
:10085c008b0907008038210001002000e0968800f9
:10086c00f1968800500e2a005d09070050102000f8
:10087c00d0968800a100200010c0b3004273020083
:10088c00010000001b09370091c6800000202000e9
:10089c00008060000000e0003100320072c0b30044
:1008ac00f10e2a004078210066df020001000000f2
:1008bc000000e0002a003200b0782100904078005f
:1008cc00f0c2b30080cf500025003400b078210076
:1008dc009040780090c3b30080cf500020003c00c3
:1008ec00b07821001040780058b7020001000000d9
:1008fc000126210080487800c078210090407800c3
:10090c00f0c2b30080cf500015003400c078210035
:10091c009040780090c3b30080cf500010003c0092
:10092c0000262100104078006a00b9000000780011
:10093c00804078000026210001487800c078210012
:10094c001040780058b70200010000000126210079
:10095c009140780081404000002621000148780039
:10096c0091c6800000202000008060000000e000a4
:10097c0009003a0080ae2100104078000004e0002d
:10098c0005003a00e0968000f1968000e00f5000e0
:10099c00e08f580086083a00800c2000d096880022
:1009ac000000eb0000748800d208370080ae2100f4
:1009bc008040eb00014878003109070080382100a5
:1009cc0001002000e0968800f196880050c52000b8
:1009dc0010407800e44f50000d003a002019200020
:1009ec000e00400031012000811f7800710f2a0099
:1009fc00811f78000005020000000000e48757000a
:100a0c0030102a002ee40200010000001000370014
:100a1c0050c5200010407800e34f50000c003a0005
:100a2c00201920000e00400021002000811f7800ba
:100a3c00710f2a00811f78000005020000000000e1
:100a4c00e4875700d0112a002ee4020001000000b8
:100a5c00201920000e004000e10807007010200053
:100a6c00d09688004106200010c0b30042730200eb
:100a7c00010000009f08370091c680000020200074
:100a8c00008060000000e00009003200206380005c
:100a9c0000f0a10020638800800c2000d096880014
:100aac0080a9230000748800c0d42100c073880082
:100abc0080ae2100104078000004e00005003a00f0
:100acc00e0968000f1968000e00f5000e08f580017
:100adc0039083a00800c2000d096880080ae2100a6
:100aec008040eb000148780082083700007d200030
:100afc002074880080ae21008040eb000148780013
:100b0c00406821008040eb000148780040782100cb
:100b1c008040eb0001487800d9080700007d2000d8
:100b2c0001002000e0968800f196880070132a00de
:100b3c00ab080700d0122000d096880021032000bb
:100b4c0010c0b300427302000100000069083700b6
:100b5c0091c6800000202000008060000000e000b2
:100b6c005b00320072c0b30011142a0040782100df
:100b7c0066df0200010000000000e00054003200bb
:100b8c00b07821009040780000c3b30080cf5000b3
:100b9c0005003200b07821009040780010c3b300fb
:100bac0080cf50004a003a00b07821001040780005
:100bbc008040780000cdb30000c040008040780039
:100bcc0060e820000148780000c420001040780044
:100bdc000080fb00640060000000e0002500320093
:100bec0070e8200010407800e14f500021003a00de
:100bfc00b07821009040780000c3b30080cf500043
:100c0c000e003a009e080700803e200001002000e4
:100c1c00e0968800f196880090142a00700807006e
:100c2c00f0122000d09688002103200010c0b300e1
:100c3c0042730200010000002500370090080700f5
:100c4c00803e200001002000e0968800f19688008c
:100c5c0040152a0062080700f0122000d096880088
:100c6c002103200010c0b3004273020001000000f9
:100c7c0017003700b07821009040780010c3b30003
:100c8c0080cf50000e003a007d080700803e200007
:100c9c0001002000e0968800f196880010b629002b
:100cac004f080700f0122000d09688002103200086
:100cbc0010c0b300427302000100000004003700b2
:100ccc0000ee220020748800800c2000d096880052
:100cdc00e0968000f1968000e00f5000e08f580005
:100cec00b7073a0020162a002ee40200010000008b
:100cfc00800c2000d0968800fe07370091c680003b
:100d0c0000202000008060000000e0000d00320098
:100d1c005b080700803e200001002000e096880060
:100d2c00f1968800c0172a002d080700f012200049
:100d3c00d09688002103200010c0b300427302003b
:100d4c0001000000e0968000f1968000e00f50005a
:100d5c00e08f580002003a00800c200018e30700d6
:100d6c0091c6800000202000008060000000e000a0
:100d7c0005003a00e0968000f1968000e00f5000ec
:100d8c00e08f580090073a00800c2000d096880025
:100d9c00d807370030802000104078000004e000b5
:100dac008b073a00a0182a002ee402000100000074
:100dbc00800c2000d0968800ce0737005080200091
:100dcc008040eb000148780080ae21008040eb00b1
:100ddc00014878002a08070080a9230001002000a0
:100dec00e0968800f1968800501a2a00fc0707004c
:100dfc00f01f2000d0968800be07370091c68000f7
:100e0c0000202000008060000000e000060032009e
:100e1c008038210001002000e0968800f1968800bf
:100e2c0000202000d096880080ae21001040780071
:100e3c000004e00005003a00e0968000f196800086
:100e4c00e00f5000e08f580063073a0000202000ac
:100e5c00d0968800a707370001b080000010200052
:100e6c00008060000000e0001000320091c680009d
:100e7c0000202000008060000000e0002200320012
:100e8c00ff070700a01a2a00d507070000b0800052
:100e9c000080a10000b0880000e2240001002000c6
:100eac00e0968800f196880017003700e1b38000c7
:100ebc0000102000008060000000e00010003200f4
:100ecc0091c6800000202000008060000000e0003f
:100edc000d003200ea070700901b2a00c00707002c
:100eec00e0b380000080a100e0b3880000e22400a1
:100efc0001002000e0968800f1968800020037007f
:100f0c0010202000d096880080ae21001040780080
:100f1c000004e00005003a00e0968000f1968000a5
:100f2c00e00f5000e08f580002003a000020200033
:100f3c00d0968800e0968000f1968000e00f50007b
:100f4c00e08f580026073a0010002000d096880049
:100f5c0068073700ca070700801c2a00a007070093
:100f6c0000e2240001002000e0968800f196880041
:100f7c00401b2000d09688005e07370091c6800089
:100f8c0000202000008060000000e0000c00320017
:100f9c0000b0800000b0a10000b08800b8070700c6
:100fac00601d2a008e07070000e2240001002000cb
:100fbc00e0968800f1968800801b2000d09688006f
:100fcc00e0968000f1968000e00f5000e08f580012
:100fdc0005073a00800c200079e20700450737002e
:100fec0091c6800000202000008060000000e0001e
:100ffc00ff063200a2070700501e2a0078070700e0
:10100c0000e2240001002000e0968800f1968800a0
:10101c00901b2000d0968800411f200010c0b30008
:10102c0042730200010000003207370080ae21003d
:10103c00104078000004e00008003200d0af8000bf
:10104c000000a100d0af8800d0af80000010a0003d
:10105c00d0af8800800c2000d096880091c680000c
:10106c0000202000008060000000e000070032003b
:10107c0001b0800000102000008060000000e00043
:10108c0002003200a01b2000d0968800e096800061
:10109c00f1968000e00f5000e08f5800d6063a0021
:1010ac00801b200046e2070012073700e1af8000ea
:1010bc00602220000e004000811f7800915d21000d
:1010cc00811f7800211f2a00811f78000005020073
:1010dc0000000000e6875700690707006022200027
:1010ec000e0040003007070000e224000100200041
:1010fc00e0968800f1968800b01b2000d0968800fe
:10110c00fc06370091c680000020200000806000a3
:10111c000000e000ba06320001b080000020200080
:10112c00008060000000e000b7063200800c200058
:10113c00d0968800ef063700e1c3b30070c680007c
:10114c00740707004e07070080502100c0b702004b
:10115c000100000080007800c01920000e00400043
:10116c00811f7800a1202a00811f78000005020051
:10117c0000000000e4875700c01920000e0040005a
:10118c001707070000e2240001002000e096880009
:10119c00f1968800d01b2000d0968800d506370029
:1011ac0071c6800000202000008060000000e0007c
:1011bc000a0032008050210009070700109929000d
:1011cc000707070000a62e0001002000e09688000b
:1011dc00f1968800e01b2000d096880080ae21009c
:1011ec00104078000004e0000b00320000b08000da
:1011fc0000c0a10000b08800d0af80000010a0009b
:10120c00d0af8800d0af80000000a100d0af880024
:10121c00800c2000d0968800e0968000f19680002b
:10122c00e00f5000e08f580079063a00c01b2000f8
:10123c00e3e10700af0637008042eb000002eb0051
:10124c008001eb00925b21008150210040e52900d8
:10125c00da52020000000000f0af80000000e8004d
:10126c00f0af880000b0800000c0a10000b0880082
:10127c00800c2000d09688009e06370000070700df
:10128c00b0212a00d606070000e22400010020004d
:10129c00e0968800f1968800001c2000d09688000b
:1012ac009406370091c6800000202000008060006a
:1012bc000000e0000f003200001b20000e00400078
:1012cc00110a2000811f780051222a00811f78000a
:1012dc000005020000000000e4875700e806070044
:1012ec00001b20000e004000bd060700101c200053
:1012fc00d09688004106200010c0b3004273020053
:10130c00010000007b06370091c680000020200001
:10131c00008060000000e0003f06320001b0800059
:10132c0000002400008060000000e0003c06320059
:10133c0000b0800000d0a10000b0880000b0800098
:10134c0000e0a00000b08800800c2000d09688003f
:10135c0068063700ca060700a01a2a00a006070074
:10136c0000e2240001002000e0968800f19688003d
:10137c00301c2000d09688005e06370091c6800095
:10138c0000202000008060000000e0000e00320011
:10139c0001b0800000202000008060000000e00010
:1013ac0009003a00b606070060232a007e060700f3
:1013bc0000e2240001002000e0968800f1968800ed
:1013cc00401c2000d0968800e0968000f1968000aa
:1013dc00e00f5000e08f580013063a00800c2000fc
:1013ec0077e107004306370091c6800000202000fb
:1013fc00008060000000e0001200320001b08000ac
:10140c0000102000008060000000e0000d003a0099
:10141c009b060700801c2a007106070000e22400ce
:10142c0001002000e0968800f1968800210320003e
:10143c0010c0b3004273020001000000501c2000d9
:10144c00d0968800e0968000f1968000e00f500066
:10145c00e08f5800f6053a00800c200058e1070098
:10146c002406370091c68000002020000080600018
:10147c000000e0000c00320000b0800000b0a000c2
:10148c0000b088007e060700601d2a005406070085
:10149c0000e2240001002000e0968800f19688000c
:1014ac00601c2000d0968800e0968000f1968000a9
:1014bc00e00f5000e08f5800df053a00800c200050
:1014cc003fe107000b06370091c68000002020008a
:1014dc00008060000000e000090032006806070090
:1014ec00501e2a003006070000e2240001002000f4
:1014fc00e0968800f1968800701c2000d096880039
:10150c00e0968000f1968000e00f5000e08f5800cc
:10151c00cb053a00800c200029e10700f5053700c7
:10152c0091c6800000202000008060000000e000d8
:10153c000c00320000b080000080a00000b08800d9
:10154c004f06070020242a002506070000e224008d
:10155c0001002000e0968800f1968800801c200095
:10156c00d0968800e0968000f1968000e00f500045
:10157c00e08f5800b4053a00800c200010e1070001
:10158c00dc05370091c68000002020000080600040
:10159c000000e00015003200e1af80006022200066
:1015ac000e004000811f7800915d2100811f7800a2
:1015bc00211f2a00811f7800000502000000000096
:1015cc00e68757002e060700602220000e00400020
:1015dc00f505070000e2240001002000e0968800d9
:1015ec00f1968800001d2100d0968800e0968000be
:1015fc00f1968000e00f5000e08f580094053a00ff
:10160c00800c2000eee00700ba05370091c6800080
:10161c0000202000008060000000e0008e053200f9
:10162c0000b080000090a00000b08800800c20006a
:10163c00d0968800af05370091c6800000202000ae
:10164c00008060000000e000090032000c0607007a
:10165c0030252a00e205070000e2240001002000ea
:10166c00e0968800f1968800800c2000d0968800c7
:10167c00e0968000f1968000e00f5000e08f58005b
:10168c0077053a00800c2000cde007009905370063
:10169c0091c6800000202000008060000000e00067
:1016ac0071053200f6050700501e2a00cc05070014
:1016bc0000e2240001002000e0968800f1968800ea
:1016cc00f01e2100d0968800411f200010c0b300ee
:1016dc0042730200010000008605370080ae210035
:1016ec00104078000004e00008003200d0af800009
:1016fc000000a100d0af8800d0af80000010a00087
:10170c00d0af8800800c2000d096880091c6800055
:10171c0000202000008060000000e0000700320084
:10172c0001b0800000102000008060000000e0008c
:10173c0002003200c01c2000d0968800e096800089
:10174c00f1968000e00f5000e08f580048053a00f9
:10175c00800c20009ae007006605370091c68000d7
:10176c0000202000008060000000e00042053200f4
:10177c0000262a002ee4020001000000c00507002c
:10178c0050272a009605070000ee220001002000d9
:10179c00e0968800f1968800d01c2000d096880036
:1017ac004106200010c0b30042730200010000008b
:1017bc005005370091c6800000202000008060009a
:1017cc000000e00009003200e0b380000080a000bf
:1017dc00e0b38800c0202100d0968800410620008c
:1017ec0010c0b300427302000100000080ae210063
:1017fc00104078000004e0000b003200e0b38000e1
:10180c000080a100e0b38800d0af80000010a000e1
:10181c00d0af8800d0af80000000a100d0af88000e
:10182c00800c2000d0968800e0968000f196800015
:10183c00e00f5000e08f580011053a00800c20009a
:10184c005fe007002b05370020282a002ee4020059
:10185c000100000010b080000000e0000e0032001b
:10186c0011b08000602220000e004000811f780023
:10187c0051602100811f7800915d2100811f78004b
:10188c0021292a00811f78000005020000000000b9
:10189c00e88757000b003700602220000e00400044
:1018ac0051602100811f7800915d2100811f78001b
:1018bc00812b2a00811f7800000502000000000027
:1018cc00e6875700602220000e0040002ee4020044
:1018dc00010000006a050700602220000e00400095
:1018ec003f05070000e2240001002000e09688007c
:1018fc00f1968800d0202100d09688004106200067
:10190c0010c0b3004273020001000000f90437005c
:10191c0091c6800000202000008060000000e000e4
:10192c000d00320056050700b02d2a002c050700cb
:10193c0000e2240001002000e0968800f196880067
:10194c00f0202100d09688004106200010c0b30082
:10195c00427302000100000080ae210010407800ac
:10196c000004e0001c003200e1b3800000102000f5
:10197c00008060000000e00009003a0090c6800082
:10198c000090a00090c68800d0af80000010a0008e
:10199c00d0af8800800c2000d09688000e00370055
:1019ac00e1b38000f0ff280080806000000026007a
:1019bc0001007000e0b38800e0b380000090a1004b
:1019cc00e0b3880090c680000090a00090c688000c
:1019dc00401d2000d0968800e0968000f196800093
:1019ec00e00f5000e08f5800a7043a00c0202100ff
:1019fc00f3df0700bf04370091c6800000202000f1
:101a0c00008060000000e000110032001c0507009f
:101a1c00302f2a00f204070020e92000f004070010
:101a2c0010832900ee04070000e2240001002000ce
:101a3c00e0968800f1968800f0202100d09688006e
:101a4c004106200010c0b3004273020001000000e8
:101a5c0080ae2100104078000004e0000d00320040
:101a6c00e1b3800000102000008060000000e00066
:101a7c0008003a0090c680000090a00090c6880034
:101a8c00d0af80000010a000d0af8800800c2000e8
:101a9c00d0968800e0968000f1968000e00f500010
:101aac00e08f58007a043a00c0202100c4df070000
:101abc009004370091c68000002020000080600058
:101acc000000e0001200320000e2240001002000bf
:101adc00e0968800f1968800e1b380000080200039
:101aec00008060000000e00003003200f01c2000c9
:101afc00d096880002003700101d2000d096880078
:101b0c004106200010c0b300427302000100000027
:101b1c0080ae2100104078000004e0000d0032007f
:101b2c00e1b3800000102000008060000000e000a5
:101b3c0008003a0090c680000090a00090c6880073
:101b4c00d0af80000010a000d0af8800800c200027
:101b5c00d0968800e0968000f1968000e00f50004f
:101b6c00e08f58004c043a00c020210094df07009d
:101b7c006004370091c680000020200000806000c7
:101b8c000000e0001700320080502100c0b70200b6
:101b9c000100000080007800401c20000e00400076
:101bac00811f780061302a00811f78000005020037
:101bbc0000000000e4875700b104070000e2240095
:101bcc0001002000e0968800f1968800001d20009e
:101bdc00d09688004106200010c0b300427302006a
:101bec000100000080ae2100104078000004e000ed
:101bfc000d003200e1b38000001020000080600076
:101c0c000000e00008003a0090c680000090a000a0
:101c1c0090c68800d0af80000010a000d0af880024
:101c2c00800c2000d0968800e0968000f196800011
:101c3c00e00f5000e08f580019043a00c02021003a
:101c4c005fdf07002b04370040782100104078003c
:101c5c000004e0000f00320082c0b30091312a0072
:101c6c004078210066df0200010000000000e00067
:101c7c00080032008050210059040700101d20007c
:101c8c00d09688004106200010c0b30042730200b9
:101c9c000100000080ae2100104078000004e0003c
:101cac000d003200e1b380000010200000806000c5
:101cbc000000e00008003a0090c680000090a000f0
:101ccc0090c68800d0af80000010a000d0af880074
:101cdc00800c2000d0968800e0968000f196800061
:101cec00e00f5000e08f5800ef033a00f020210085
:101cfc0033df0700ff03370091c68000002020006f
:101d0c00008060000000e0001c00320020322a003d
:101d1c002ee4020001000000406021001040780019
:101d2c00e34f500004003a0055040700c0322a006b
:101d3c002b0407000700370040602100104078009a
:101d4c00e44f500003003a004d04070090332a0082
:101d5c002304070000e2240001002000e096880024
:101d6c00f1968800b0222100d09688004106200010
:101d7c0010c0b300427302000100000080ae2100cd
:101d8c00104078000004e0000d003200e1b3800048
:101d9c0000102000008060000000e00008003a0005
:101dac0090c680000090a00090c68800d0af800044
:101dbc000010a000d0af8800800c2000d0968800c6
:101dcc00e0968000f1968000e00f5000e08f580004
:101ddc00b7033a00f0202100f9de0700c5033700f5
:101dec0091c6800000202000008060000000e00010
:101dfc004b0032004060210010407800e24f500050
:101e0c000e003e001e040700602220000e00400061
:101e1c0091662100811f780061342a00811f7800af
:101e2c000005020000000000e4875700602220003b
:101e3c000e004000ea0307002f003700406021002d
:101e4c0010407800e34f500011003a0090352a0002
:101e5c002ee40200010000000904070060222000ab
:101e6c000e00400091662100811f780021372a0066
:101e7c00811f78000005020000000000e487570075
:101e8c00602220000e004000d50307001a00370026
:101e9c004060210010407800e44f500016003a00da
:101eac0010382a002ee40200010000009066210088
:101ebc002ee4020001000000504129002ee4020033
:101ecc0001000000ee030700602220000e0040001d
:101edc00c1662100811f780021372a00811f7800fc
:101eec000005020000000000e4875700602220007b
:101efc000e004000ba03070000e22400010020009d
:101f0c00e0968800f1968800201d2000d09688006d
:101f1c004106200010c0b300427302000100000013
:101f2c00e0968000f1968000e00f5000e08f5800a2
:101f3c0061033a00f0202100a1de07006d03370099
:101f4c0091c6800000202000008060000000e000ae
:101f5c0015003200ca030700e1b3800000802000a6
:101f6c00008060000000e00003003200e0382a002e
:101f7c009b03070002003700f0392a009803070082
:101f8c0000a62e0001002000e0968800f196880043
:101f9c00017d200010c0b30042730200010000005c
:101fac00301d2000d096880080ae210010407800b3
:101fbc000004e0000e003200e1b3800000102000ad
:101fcc00008060000000e00009003a0090c680002c
:101fdc000090a00090c68800d0af80000010a00038
:101fec00d0af8800800c2000d09688000c00370001
:101ffc0080ae2100104078000004e00008003200a0
:10200c0090c680000090a00090c6880080ae210091
:10201c008040eb0001487800201d2000d0968800fd
:10202c00e0968000f1968000e00f5000e08f5800a1
:10203c0023033a00f020210061de07002d03370056
:10204c0091c6800000202000008060000000e000ad
:10205c004e003200e1b38000000027008080600059
:10206c0000002100808f500048003a0084030700d4
:10207c00e1b3800000802000008060000000e000e0
:10208c002f003a004060210010407800e24f5000d1
:10209c000a003e00602220000e00400091662100e4
:1020ac00811f7800013b2a00811f78000005020087
:1020bc0000000000e48757001b003700406021003f
:1020cc0010407800e34f50000a003a0060222000d4
:1020dc000e00400091662100811f7800813c2a008f
:1020ec00811f78000005020000000000e487570003
:1020fc000d0037004060210010407800e44f500084
:10210c0009003a00602220000e0040009166210078
:10211c00811f7800013e2a00811f78000005020013
:10212c0000000000e4875700e0b3800000f0a1003d
:10213c00e0b38800602220000e0040002803070056
:10214c0000e2240001002000e0968800f19688004f
:10215c004060210010407800e34f500004003a002a
:10216c0000a62e0001002000e0968800f196880061
:10217c00f0232100d09688004106200010c0b30047
:10218c004273020001000000da02370091c68000a1
:10219c0000202000008060000000e0000f003200f2
:1021ac00e0b380004c00de00674060000080fb0064
:1021bc00e10f500009003400803f2a002ee4020099
:1021cc0001000000e0b380000090a100e0b38800a3
:1021dc00401d2000d0968800c602370080ae21003a
:1021ec00104078000004e0000e003200e1b38000e3
:1021fc0000102000008060000000e00009003a00a0
:10220c0090c680000090a00090c68800d0af8000df
:10221c000010a000d0af8800800c2000d096880061
:10222c000c00370080ae2100104078000004e00064
:10223c000800320090c680000090a00090c6880074
:10224c00e0b380000090a100e0b38800401d2000a6
:10225c00d0968800e0968000f1968000e00f500048
:10226c00e08f580098023a00f0202100d4dd0700de
:10227c00a0023700e1b3800000002800008060005d
:10228c000000e00002003200401d2000d0968800c3
:10229c0080ae2100104078000004e0000e003200f7
:1022ac00e1b38000f0ff2800808060000000250072
:1022bc0001007000e0b3880090c680000090a00080
:1022cc0090c68800e0b380000090a100e0b38800c5
:1022dc00401d2000d0968800e0968000f19680008a
:1022ec00e00f5000e08f580079023a00401d2000aa
:1022fc00b3dd07007f023700e1b3800000802000cf
:10230c00008060000000e00015003a0091c68000db
:10231c0000202000008060000000e000100032006f
:10232c00e0b380000090a100e0b38800d402070065
:10233c0080402a00aa02070000e2240001002000cd
:10234c00e0968800f19688004106200010c0b3008a
:10235c004273020001000000501d2000d09688003e
:10236c0080ae2100104078000004e0000d00320027
:10237c00e1b3800000102000008060000000e0004d
:10238c0008003a0090c680000090a00090c688001b
:10239c00d0af80000010a000d0af8800800c2000cf
:1023ac00d0968800e0968000f1968000e00f5000f7
:1023bc00e08f580048023a00800c200080dd0700b6
:1023cc004c02370091c68000002020000080600085
:1023dc000000e00010003200e0b380000080a1009b
:1023ec00e0b38800a602070060232a007c020700e5
:1023fc0000e2240001002000e0968800f19688009d
:10240c0030252100d09688004106200010c0b30072
:10241c00427302000100000080ae210010407800e1
:10242c000004e0000d003200e1b380000010200039
:10243c00008060000000e00008003a0090c68000b8
:10244c000090a00090c68800d0af80000010a000c3
:10245c00d0af8800800c2000d0968800e0968000d9
:10246c00f1968000e00f5000e08f58001c023a00fb
:10247c00401d200052dd07001e02370091c680006f
:10248c0000202000008060000000e00005003a0001
:10249c00e0968000f1968000e00f5000e08f58002d
:1024ac0011023a00800c2000d096880011023700ef
:1024bc0091c6800000202000008060000000e00039
:1024cc0033013200a0fc80006f4060000080fb00f4
:1024dc00e20f500022003200e20f500005003c00d9
:1024ec000000e00008003200e10f50000f00320045
:1024fc0021013700e30f50004e003200e40f500072
:10250c007f0032001c0137005d02070050412a0099
:10251c0033020700a1fc800000ff2f000080600048
:10252c000000a000a0fc8800130137005402070033
:10253c0010422a002a020700d0422a002802070073
:10254c001099290026020700a1fc800000ff2f0033
:10255c00008060000010a000a0fc8800060137007d
:10256c0040782100104078000004e0002800320080
:10257c00a2c0b300f1432a004078210066df0200bc
:10258c00010000000000e0001e003200801d200051
:10259c000e0040008300200000017800f1432a0067
:1025ac0040782100c6af020000000000801d200012
:1025bc000e004000b2b50200010000003096880009
:1025cc00419688003096800041968000021e2000c3
:1025dc000e014100809fbe00a0442a00801f78009d
:1025ec00020078000005020000000000e68757009a
:1025fc00001e20000e0040002ee40200010000002e
:10260c00030037006000b8003096880041968800bf
:10261c006000b80060d8880071d88800a1fc8000e8
:10262c0000ff2f00008060003000b300a0fc880089
:10263c00d10037003096800041968000e00f5000aa
:10264c00e08f580024003200269d0200010000009b
:10265c006000b80060d8880071d8880060d880000d
:10266c0071d88000a21e20000e014100030c200036
:10267c00831f7800809fbe0050452a00801f780081
:10268c00020078000005020000000000e8875700f7
:10269c00fb010700e0452a00d1010700d0422a00c7
:1026ac00cf010700f0462a00cd010700a01e200034
:1026bc000e004000ca0107000071220040f08800a3
:1026cc00a1fc800000ff2f00008060000020a00013
:1026dc00a0fc8800a800370090b021008040eb00df
:1026ec0001487800a1fc800000ff2f0000806000f2
:1026fc00a0fc88003000200070fe88009e0037008f
:10270c00a1fc800000042000008060000000e000bc
:10271c000d00320010472a002ee4020001000000d8
:10272c0090b021008040eb0001487800a1fc8000b3
:10273c0000ff2f0000806000a0fc880040002000fb
:10274c0070fe88008c00370000b12100104078002a
:10275c000004e0008500320000b121008040eb0055
:10276c000148780062d8800073d8800030968000d1
:10277c0041968000800f5100818f59007d003100ff
:10278c0020f0800031f0800060d8880071d888007b
:10279c0060d8800071d88000420620000289b90000
:1027ac00020178006002b900840178000301410045
:1027bc00430620000300b8000101410082007800ac
:1027cc003296800043968000a604020000000000b0
:1027dc004007980051079800e21f20000e014100ad
:1027ec004e009000de009000809fbe0070482a00d2
:1027fc00801f780002007800000502000000000035
:10280c00e6875700e01f20000e0040002ee4020077
:10281c000100000062d8800073d8800030968000e0
:10282c0041968000800f5100818f59001f003100ac
:10283c009301070060d8800071d88000222120000d
:10284c000e014100030c2000831f7800809fbe0006
:10285c0050452a00801f7800020078000005020015
:10286c0000000000e887570085010700e0452a00ba
:10287c005b010700d0422a0059010700f0462a00ec
:10288c0057010700202120000e00400054010700d2
:10289c000071220040f088002103200010c0b3001a
:1028ac00427302000100000033003700a0492a00e7
:1028bc002ee402000100000090b021008040eb00eb
:1028cc0001487800a1fc800000ff2f000080600010
:1028dc005000b300a0fc8800a1fc80000004200084
:1028ec00008060000000e00005003a00a1fc8000c0
:1028fc0000022000008060000000e00007003a00a9
:10290c00a1fc800000ff2f0000806000a0fc88006c
:10291c004000200070fe88001700370038a102002c
:10292c00010000000000e00006003200404a2a00ce
:10293c002ee40200010000002000200070fe880040
:10294c000d003700704b2a002ee40200010000003d
:10295c004000200070fe8800a1fc800000ff2f00ca
:10296c0000806000a0fc880003003700000000001d
:10297c000100370000000000800c2000d096880079
:10298c0000e2240001002000e0968800f196880007
:10299c00e0968000f1968000e00f5000e08f580028
:1029ac00d3003a00800c200005dc0700d100370072
:1029bc0000000000cf00370000000000cd00370001
:1029cc0000000000cb00370000000000c9003700f9
:1029dc0000000000c700370000000000c5003700f1
:1029ec0000000000c300370000000000c1003700e9
:1029fc0000000000bf00370000000000bd003700e1
:102a0c0000000000bb00370000000000b9003700d8
:102a1c0000000000b700370000000000b5003700d0
:102a2c0000000000b300370000000000b1003700c8
:102a3c0000000000af00370000000000ad003700c0
:102a4c0000000000ab00370000000000a9003700b8
:102a5c0000000000a700370000000000a5003700b0
:102a6c0000000000a300370000000000a1003700a8
:102a7c00000000009f003700000000009d003700a0
:102a8c00000000009b003700000000009900370098
:102a9c000000000097003700000000009500370090
:102aac000000000093003700000000009100370088
:102abc00000000008f003700000000008d00370080
:102acc00000000008b003700000000008900370078
:102adc000000000087003700000000008500370070
:102aec000000000083003700000000008100370068
:102afc00000000007f003700000000007d00370060
:102b0c00000000007b003700000000007900370057
:102b1c00000000007700370000000000750037004f
:102b2c000000000073003700000000007100370047
:102b3c00000000006f003700000000006d0037003f
:102b4c00000000006b003700000000006900370037
:102b5c00000000006700370000000000650037002f
:102b6c000000000063003700000000006100370027
:102b7c00000000005f003700000000005d0037001f
:102b8c00000000005b003700000000005900370017
:102b9c00000000005700370000000000550037000f
:102bac000000000053003700000000005100370007
:102bbc00000000004f003700000000004d003700ff
:102bcc00000000004b0037000000000049003700f7
:102bdc0000000000470037000000000045003700ef
:102bec0000000000430037000000000041003700e7
:102bfc00000000003f003700000000003d003700df
:102c0c00000000003b0037000000000039003700d6
:102c1c0000000000370037000000000035003700ce
:102c2c0000000000330037000000000031003700c6
:102c3c00000000002f003700000000002d003700be
:102c4c00000000002b0037000000000029003700b6
:102c5c0000000000270037000000000025003700ae
:102c6c0000000000230037000000000021003700a6
:102c7c00000000001f003700000000001d0037009e
:102c8c00000000001b003700000000001900370096
:102c9c00000000001700370000000000150037008e
:102cac000000000013003700000000001100370086
:102cbc00000000000f003700000000000d0037007e
:102ccc00000000000b003700000000000900370076
:102cdc00000000000700370000000000050037006e
:102cec000000000003003700000000000100370066
:102cfc00000000000080fa00000006000000fa004e
:102d0c0080002000c01c88009a23ef0020022000c5
:102d1c00001d8800a223ef009960a80099e3a80089
:102d2c009b43a8009b83a8000080fa0000000600cb
:102d3c000000fa00d0802000104078000080fb00da
:102d4c00f11c800001417800e18020008270780045
:102d5c00d0802000104078008040e800d080200017
:102d6c0001487800d01c8000620060000000e00088
:102d7c00010032009a23a900d01c8000640060007e
:102d8c000000e000010032009a23a900d01c800052
:102d9c00680060000000e000010032009a63a900a6
:102dac000080fa00000006000200fa00000f780014
:102dbc001e0078000a000700420120009e007800e7
:102dcc00a0ae2100aa06020000000000e0af210026
:102ddc008040eb00014878000080fa0000000600fb
:102dec000200fa00000f78001e00780010407800f6
:102dfc000004e0001a00320000000000010037005f
:102e0c0000000000d11c8000001020000080600039
:102e1c000000e000fbff32001e007800104078003c
:102e2c000000fb00e01c88001e00780010407800b9
:102e3c0067d107001e0fe8001e00780010407800d4
:102e4c000004e000eeff3a0000000000d11c8000fe
:102e5c0000102000008060000000e000fbff32004a
:102e6c00a0ae21008040eb000148780090ae21001c
:102e7c008040eb00014878000080fa00000006005a
:102e8c000000fa00208d21008040eb000148780002
:102e9c0090c680000090a10090c6880090c680006b
:102eac000080a00090c688000080fa000000060098
:102ebc000200fa00004f7800a099210090407800a1
:102ecc00e03122001040780080cf5000040039001f
:102edc00e0312200104078000004e00002003a00cb
:102eec0010c0b300090037001e4078000004e00059
:102efc00050032006ce4020001000000c04c2a0006
:102f0c002ee40200010000000040eb000080fa00fb
:102f1c00000006000400fa00000f7800214798001a
:102f2c00ae409000014f78001e0078000080a00099
:102f3c00000f78001e0078000090a100000f7800b0
:102f4c000080fa00000006006a00fa00889fbe00ac
:102f5c008a9fbe008c9fbe00101f9800211f9800f6
:102f6c0072004700020220008000eb0050050200b6
:102f7c00000000001e189000c0b702000100000005
:102f8c004300dd00400798004e0090004800de0032
:102f9c000040780000d798004e0090000040780068
:102fac0010d798009e18900072004700dadf0200dc
:102fbc000100000070662e0091a02600100f9800f2
:102fcc00210f980050e82a0071b62b00300f9800a2
:102fdc00410f980020372f00e1c62300500f9800b6
:102fec00610f9800a0532f00f1542a00700f980025
:102ffc0001179800f0272500e11025001017980004
:10300c0021179800c088260051b02900301798006d
:10301c0041179800b09a2d0031f8210050179800f4
:10302c006117980090d12c0001be250070179800f4
:10303c00011f98000000eb00000f78004d003700d6
:10304c001e0078004200dd00000047002050900078
:10305c000081fb008001eb001e0078004200dd00c7
:10306c0000004700720040000288be001e0078007d
:10307c00c200dd0072004700010040001002be00db
:10308c001e0078004200dd000000e8000000470050
:10309c00205090000080fb008000eb004809dd0010
:1030ac00c801de00830171004801dd00040141000c
:1030bc00858149001e0078004200dd0000004700b9
:1030cc00720040000288be001e007800c200dd00c5
:1030dc0072004700010040001001be001e00780085
:1030ec004200dd000080e800000047002050900006
:1030fc000080fb008000eb00c000dd000000200021
:10310c0002014000838148001e0078004200dd006f
:10311c0000004700720040000288be001e007800cc
:10312c00c200dd0072004700010040001001be002b
:10313c001e0078004200dd006300400000004700e4
:10314c00205090000080fb008000eb00c800dd00e8
:10315c000000200002014000838148001e0078001e
:10316c004200dd0000004700720040000288be00f3
:10317c001e0fe8001e007800ef0f5000b0ff340067
:10318c000001200010079800750037001e00900009
:10319c00c200dd0072004700010040001003be00b9
:1031ac001e00900070005000c200dd00720047004d
:1031bc00010040001002be001e0090006f00500085
:1031cc00c200dd0072004700010040001000be008c
:1031dc00c901dd004709de00830471004909dd00e7
:1031ec004700de00020470001e0090006f005000cb
:1031fc00c200dd0072004700010040001000be005c
:10320c00c201de004e09dd00830571004209de00bb
:10321c004e00dd00020570000a016c008b816c0011
:10322c001e0090006f005000c200dd0072004700cd
:10323c00010040001000be004d0edd004300de001a
:10324c0000007600c308de00000069008180690080
:10325c0004014000858148001e009000670050006a
:10326c00c200dd0072004700010040001000be00eb
:10327c0002024000838248001e0090000080e9009a
:10328c00c200dd0072004700010040001000be00cb
:10329c008001d1004f09dd00830671000101d100ce
:1032ac004f00dd00020670001e0090000080e90057
:1032bc00c200dd0072004700010040001000be009b
:1032cc00c301de004d09dd0003017100421f9800af
:1032dc004309de004d00dd0002007000301f980035
:1032ec003e189000ce18900000006e0081806e0099
:1032fc0030379800413798001e0090000080e9009c
:10330c00c200dd0072004700010040001000be004a
:10331c004609dd004a00de0000007100ca08de002c
:10332c003e319000ce319000000069008180690030
:10333c000400400085804800060140008781480059
:10334c001e0090004200dd000000470072004000ab
:10335c000288be001e0090000000e80010079800d4
:10336c009e009000f0032000808f500087ff3400f7
:10337c000000eb0020079800f00037007e1390004f
:10338c008e1b90001e109000ae109000ca01dd0044
:10339c004609de0003017100621f98004a09dd0036
:1033ac004600de0002007000501f98001e109000b6
:1033bc00ae109000c501dd004b09de000301710069
:1033cc00022798004509dd004b00de00020070006a
:1033dc00701f98005e1c9000ee1c90007e189000f0
:1033ec008e20900000026c0081826c001e109000f8
:1033fc00ae109000c901de004709dd000301710029
:10340c00222798004909de004700dd000200700009
:10341c00102798001e219000ae21900002006a0037
:10342c0083806a0006044000878448001e109000c8
:10343c00ae1090003e119000ce11900080027800ea
:10344c00010278008200780003007800818062001d
:10345c0000006200202f9800112f98001e2b900066
:10346c00ae2b90001e109000ae1090000080ea0071
:10347c008180ea005e119000ee11900080027800cd
:10348c0001027800820078000300780081806200dd
:10349c0000006200402f9800312f98003e289000c9
:1034ac00ce28900000006b0081806b00080140006a
:1034bc00898148002e009000c200dd00a0492b003d
:1034cc00008040001000be000201400083814800d3
:1034dc002e009000c200dd00720047000100400089
:1034ec001000be0002004000838048005007980086
:1034fc00610798001e089000ae089000ce01dd0018
:10350c004209de0003017100422798004e09dd00dc
:10351c004200de0002007000302798001e08900068
:10352c00ae089000c301dd004d09de0003017100ff
:10353c00622798004309dd004d00de000200700098
:10354c00502798003e239000ce2390005e249000dc
:10355c00ee24900008026b0089826b001e0890001c
:10356c00ae089000c601de004a09dd0003017100bf
:10357c00022f98004609de004a00dd0002007000b0
:10358c00702798007e2090008e28900000046a001e
:10359c0081846a001e089000ae0890003e099000dd
:1035ac00ce09900080027800010278008200780039
:1035bc00030078008180620000006200602f980098
:1035cc00512f98005e2b9000ee2b90001e0890005f
:1035dc00ae0890005e099000ee0990008002780021
:1035ec00010278008200780003007800818062007c
:1035fc000000620000379800712f98007e28900020
:10360c008e30900000036b0081836b003e089000ad
:10361c00ce0890005e099000ee09900080027800c0
:10362c00010278008200780003007800818062003b
:10363c000000620020379800113798001e3090006f
:10364c00ae30900000006b0081806b0008004000e1
:10365c008980480070079800010f980070002000c6
:10366c00300798002f0037003e0090000000e0006b
:10367c0012003200e40f50001c003a003e00900093
:10368c000000e900c200dd007200470001004000ac
:10369c001001be005e009000ee00900002014000a0
:1036ac00838148003e0090004200dd00000047008e
:1036bc00720040000288be00170037005e019000c7
:1036cc00ee0190007e0090008e08900002014000f8
:1036dc00838148003e0090004200dd00000047005e
:1036ec00720040000288be000b0037003e009000c4
:1036fc000000e900c200dd0072004700010040003c
:10370c001001be003e0090004200dd0000004700aa
:10371c00720040000288be003e0090000000e900ec
:10372c00300798003e0090000000e000ceff3d0006
:10373c002e0090000000e80020079800ae009000da
:10374c00e0032000808f50000cff34007200470013
:10375c0002022000800078002e1890004205020022
:10376c00000000004f06be004f05be004f04be0017
:10377c000080fa00000006000400fa001007980010
:10378c0010f1200010407800004f780020f120004c
:10379c00104078001047980000f02000104178008d
:1037ac001e80fb00c200dd00a0492b000080400001
:1037bc001000be00c809dd004800de00008071006a
:1037cc00c808de00004078000040690080407800a6
:1037dc001e009000014878001e0090000001e800d7
:1037ec0010f02000904178001e4090000080fb00fb
:1037fc00c200dd00a0492b00008040001000be007c
:10380c004008de000040780000c0690000497800e4
:10381c001e0090000081e80020f02000904178000c
:10382c001e80fb00c200dd00a0492b000080400080
:10383c001000be004808de000040780000c069009f
:10384c00004978001e0090006300400001f0200049
:10385c009140780001417800810c80008140780013
:10386c0081406900014878001e009000640040000f
:10387c0011f020009140780001417800810c80000b
:10388c00c808de008140780081406900014878005a
:10389c001e0090006500400021f02000914078004f
:1038ac0001417800810c80008140780081406900e2
:1038bc00014878001e009000660140001e409000f8
:1038cc000080fb00c200dd00a0492b0000804000fe
:1038dc001000be004008de0080407800800c8000a4
:1038ec000040780000c06800004978001e0090007d
:1038fc0067014000800c80004800de0080417800a9
:10390c001e80fb00c200dd00a0492b00008040009f
:10391c001000be00480add004800de000000720006
:10392c00c808de000040780000c06900004978003b
:10393c001e00900068014000800c80004800de00f2
:10394c00804178001e4090000080fb00c200dd002a
:10395c00a0492b00008040001000be000040780001
:10396c0000c06900004978000080fa0000000600e1
:10397c000600fa002007980000f1200010407800a3
:10398c00004f780010f1200010407800104798008c
:10399c0020f12000104078002047980000f0200013
:1039ac00104178001e4090000080fb00c200dd003a
:1039bc00a0492b00008040001000be00c809dd00ab
:1039cc004800de0000807100c808de00004078006e
:1039dc0000406900804078002e009000014878007b
:1039ec002e0090000001e80010f0200090417800bb
:1039fc002e4090000080fb00c200dd00a0492b008f
:103a0c00008040001000be004008de00004078003e
:103a1c0000c06900004978002e0090000081e80089
:103a2c0020f02000904178001e4090000080fb00a8
:103a3c00c200dd00a0492b00008040001000be0039
:103a4c004808de000040780000c06900004978009a
:103a5c002e0090006300400001f02000914078009f
:103a6c0001417800810c8000814078008140690020
:103a7c00014878002e0090006400400011f02000f6
:103a8c009140780001417800810c8000c808de006c
:103a9c008140780081406900014878002e00900038
:103aac006500400021f02000914078000141780031
:103abc00810c8000814078008140690001487800c9
:103acc002e009000660140002e4090000080fb000c
:103adc00c200dd00a0492b00008040001000be0099
:103aec004008de0080407800800c800000407800a8
:103afc0000c06800004978002e009000670140006b
:103b0c00800c80004800de00804178001e40900050
:103b1c000080fb00c200dd00a0492b0000804000ab
:103b2c001000be00480add004800de0000007200f4
:103b3c00c808de000040780000c069000049780029
:103b4c002e00900068014000800c80004800de00d0
:103b5c00804178002e4090000080fb00c200dd0008
:103b6c00a0492b00008040001000be0000407800ef
:103b7c0000c069000049780000e080000000e80007
:103b8c0000e088002e00900069014000800c80004d
:103b9c004800de00804178001e80fb00c200dd0082
:103bac00a0492b00008040001000be0000407800af
:103bbc0000c06900004978002e0090006a004000a7
:103bcc0001e08000c808de008140780001487800e0
:103bdc002e0090006b00400001e0800081407800d6
:103bec00014878002e0090006c004000810c800091
:103bfc00c808de0081407800014878002e00900053
:103c0c006d004000810c80008140780001487800f4
:103c1c002e0090006e01400001e08000f0032000b7
:103c2c0000806000c200dd00a0492b000080400035
:103c3c001000be00c809dd004800de0000807100e5
:103c4c00c808de0080407800800c800000407800be
:103c5c0000c06800004978002e0090006f01400001
:103c6c0001e08000f003200000806000c200dd0055
:103c7c00a0492b00008040001000be00804078005e
:103c8c00800c80004800de000040780000c0680016
:103c9c00004978000080fa00000006001e00fa00bf
:103cac00500f9800610f98005e08900061c1b3003e
:103cbc00114098005e08900001c1b30001487800e3
:103ccc005e089000104078000080fb004300de008e
:103cdc00604798005e089000104078000080fb0060
:103cec000104200000017800110009008200d800b6
:103cfc00400798006000b8006011b800100f9800e1
:103d0c00210f9800320f9800430f98000080eb00b1
:103d1c005007980070c0b300404f980020c0b3000b
:103d2c00504f98000000eb00000f78001000370097
:103d3c006e4090000081fb006e4090008080fb0084
:103d4c001e0078000088b90000007800ee08900092
:103d5c00808040001e00780000004000f201470007
:103d6c000080410042050200000000001e0fe80028
:103d7c009e0078004e009000808f5000ecff3900c0
:103d8c006e4090000081fb005e0890000080e8000f
:103d9c00f200470042050200000000000000eb00aa
:103dac001007980061003700ae0890005e08900084
:103dbc00104078000081fb004e4890000080fb0012
:103dcc00000051008008dd002e0990004e48900044
:103ddc000080fb000010de00810070005e0090008f
:103dec0000806000700798009e0890007e00900094
:103dfc00808040005e00900000806000700798009a
:103e0c00fe0090001e009000008068007007980073
:103e1c009e0890005e089000104078000081fb0026
:103e2c005e4890000080fb00000051008008de001e
:103e3c001e0990005e4890000080fb000010dd0021
:103e4c00810070005e00900000806000000f980000
:103e5c008e0890007e00900000806800000f980093
:103e6c008e089000110f98004e009000e20f500049
:103e7c001600320010002000200798000e003700ba
:103e8c002e0090000000e80000004000f200470007
:103e9c0000804000900078002e0090000000400050
:103eac000000470072004000010878002e009000ce
:103ebc000000e80020079800ae0090004e00900033
:103ecc000000e900808f5000edff39004e0090009b
:103edc000000e900000040000000470072004000b4
:103eec007e019000020878006e4090000081fb007b
:103efc005e0890008081e8006e4090008080fb009e
:103f0c001e0090000000e8000088b9000000780056
:103f1c0000804100f2004700420502000000000052
:103f2c001e0090000000e800100798005e0890004a
:103f3c00104090000080fb000000e9008000780039
:103f4c001e009000808f500097ff3e000040eb0059
:103f5c000080fa00000006001e00fa00500f9800c6
:103f6c00610f9800c0fc2f000e0040000080e8009c
:103f7c00400798000000eb002007980095003700e0
:103f8c002e009000de089000008040001040780069
:103f9c008080fb006a004700811f7800ae00900013
:103fac00811f7800a1592b00811f78001a0502008f
:103fbc0000000000e68757006a0047002ee402006c
:103fcc00010000002e009000de08900000804000f0
:103fdc00104078000080fb00000f78002e0090004d
:103fec000000e800de0890000080400010407800df
:103ffc000004e000090032002e0090000000e800f0
:10400c00de08900000804000104078000080fb002b
:10401c004800dd001e0f700002003700f00f20007a
:10402c001e0f60002e0090000080e800de0890005b
:10403c0000804000104078000004e00008003200ce
:10404c002e0090000080e800de0890000080400008
:10405c00104078000080fb00100798000200370029
:10406c000000eb00100798002e0090006300400049
:10407c00de08900000804000104078000004e00052
:10408c000b0032002e00900063004000de08900010
:10409c0000804000104078000080fb004800dd00ec
:1040ac009e0090000100700010079800040037007b
:1040bc009e009000f00f2000008060001007980018
:1040cc000000eb00300798001d0037004ec8970029
:1040dc000080fb00670050009e0090008008dd000f
:1040ec001e0090004700de00010070009e004000a2
:1040fc003e009000000040004e0190000000410086
:10410c001000780000806800100798004ec89700d7
:10411c000080fb000080e9009e0078008008de0033
:10412c001e0078004200dd00810070001e0090002f
:10413c00008f68003e0090000000e80030079800f7
:10414c005ec897008080fb003e009000808f50007e
:10415c00deff3c002e009000ee0890000080400036
:10416c009e00780081407800014878002e00900075
:10417c000000e800ee089000008040009e007800ef
:10418c00c808de0081407800014878002e009000bd
:10419c000080e800ee089000008040009e00900037
:1041ac0081407800014878002e00900063004000a8
:1041bc00ee089000008040009e009000c808de00d1
:1041cc0081407800014878002e0090006400400087
:1041dc00200798002e009000de0890000080400020
:1041ec00104078000004e00065ff3a006a004700c8
:1041fc00ae009000811f7800915a2b00811f78002f
:10420c001a05020000000000e48757006a0047000e
:10421c002ee40200010000002e009000ee08900039
:10422c00008040008040eb00014878000080fa00dc
:10423c00000006000e00fa00500798006107980075
:10424c00c0fc2f000e0040000080e80040079800e2
:10425c000000eb00200798006a0037002e00900049
:10426c00de00900000804000104078008080fb0051
:10427c002e0090000000e8005e019000000041005c
:10428c00104078000080fb004800dd000100700049
:10429c00000f78002e0090000080e800de009000f7
:1042ac0000804000104078008080fb002e009000c1
:1042bc00630040005e019000000041001040780057
:1042cc000080fb004800dd00010070001007980022
:1042dc005ec897000040e900604798002600370050
:1042ec001e0090009e0068004ec897000080fb00e6
:1042fc000080e9008008dd001e0090001e006800b0
:10430c004200de00008f70006e4090000000fb0049
:10431c0000004000ce00900000804000900078002b
:10432c001e009000008068009e0050004ec8970050
:10433c000080fb00670050008008de006e4090009b
:10434c000000fb00000040004e0190000000410006
:10435c00100178001e009000000069001e00500043
:10436c004700dd0001007000100798006e409000bf
:10437c000040e900604798006e4090000004e000a7
:10438c00d7ff3d002e009000ee0090000080400012
:10439c009e00780081407800014878002e00900043
:1043ac000000e800ee009000008040009e007800c5
:1043bc00c808de0081407800014878002e0090008b
:1043cc000080e800ee009000008040009e0090000d
:1043dc0081407800014878002e0090006300400076
:1043ec00ee009000008040009e009000c808de00a7
:1043fc0081407800014878002e0090006400400055
:10440c00200798002e009000de00900000804000f5
:10441c00104078000004e00090ff3a002e0090005d
:10442c00ee009000008040008040eb0001487800d6
:10443c000080fa00000006001000fa0060079800e7
:10444c00710798000000eb00000f78002f00370078
:10445c001e0078004200dd00ee009000008040005d
:10446c009e007800c208dd007e01900081004100b2
:10447c0091407800014878001e0078004200dd0071
:10448c000000e800ee009000008040009e007800e4
:10449c00c208dd008100e8007e019000810041002f
:1044ac0091407800014878001e0078004200dd0041
:1044bc000080e800ee009000008040009e00780034
:1044cc00c208dd008180e8007e019000810041007f
:1044dc0091407800014878001e0078004200dd0011
:1044ec0063004000ee009000008040009e007800c9
:1044fc00c208dd00e38040007e0190008100410095
:10450c0091407800014878001e0fe8001e007800ea
:10451c00e30f5000ceff360040002000000f780063
:10452c007a003700f0ff23001e0040004200dd003f
:10453c0010079800ee0090001e00900000804000d4
:10454c0010407800004f98001e0090000000e8001a
:10455c00ee0090000080400010407800104f980052
:10456c001e0090000080e800ee00900000804000eb
:10457c0010407800204f98001e009000630040000f
:10458c00ee0090000080400010407800304f980002
:10459c009e007800638060000000e00025003a0077
:1045ac008e489000414798001e489000004f98009c
:1045bc002e489000104f98003e489000204f9800d5
:1045cc00ce409000314f98000e4890000080fb00c8
:1045dc00815b2b0061407800004f98001e489000d2
:1045ec000080fb00815b2b0061407800104f98002d
:1045fc002e4890000080fb00815b2b00614078000e
:10460c00204f98003e4890000080fb00815b2b00ff
:10461c0061407800304f98008e4890001e00780062
:10462c004200de00827b2b006240780000c06800f4
:10463c00004f98001e0078004200dd003007980003
:10464c00c0ff23001e0040004200dd001007980050
:10465c00ee0090003e009000008040006e01900043
:10466c009e00900081004100114178008e4890001e
:10467c0081406900014878003e0090000000e8008d
:10468c00ee009000008040009e0090008100e80049
:10469c006e01900081004100114178009e4890000d
:1046ac0081406900014878003e0090000080e800dd
:1046bc00ee009000008040009e0090008180e80099
:1046cc006e0190008100410011417800ae489000cd
:1046dc0081406900014878003e0090006300400072
:1046ec00ee009000008040009e009000e3804000af
:1046fc006e0190008100410011417800be4890008d
:10470c0081406900014878001e0fe800b0022000cb
:10471c009e007800808f500082ff36000080fa00e7
:10472c00000006000400fa00000f78001107980042
:10473c001e0078009e0090003fff07000080fa00ea
:10474c00000006000600fa00000f78001107980020
:10475c00220798001e0078009e00900036ff07008c
:10476c00010b20001e80400002012000ae009000d2
:10477c0042050200000000000080fa000000060064
:10478c000400fa00000f780011079800010b2000bc
:10479c001e804000020120009e0090004205020095
:1047ac00000000000080fa00000006000800fa007b
:1047bc002047980021079800320798000040eb0032
:1047cc00004f7800260037000040eb00104798009f
:1047dc001f0037009e81fb001e4090000080fb00f4
:1047ec001e82fb009e4090008180fb002e019000f9
:1047fc004222dd008100420062c17800ae40900090
:10480c008180fb00420add009e80fb00810042009b
:10481c00420add009e4090008180fb008100420036
:10482c003e02900081004200914078008140690076
:10483c002e019000c219dd000080410000004100f3
:10484c00014878001e4090000040e8001047980096
:10485c001e409000e34f5000deff36001e4fe80074
:10486c001e407800e34f5000d7ff36000080fa005e
:10487c00000006000400fa00100798000040eb004e
:10488c00004f78001c0037000040eb0010479800e8
:10489c00150037001e4090008081fb001e80fb003d
:1048ac009e4090000182fb009e80fb001e01900048
:1048bc004222dd0081004200e2c078008180fb00d2
:1048cc00825b2b00e2c078001e019000c219dd0053
:1048dc000080410000004100014878001e4090001b
:1048ec000040e800104798001e409000e34f500035
:1048fc00e8ff36001e4fe8001e407800e34f5000e2
:10490c00e1ff36000080fa00000006000400fa0007
:10491c00100798001e00900090409000014f780006
:10492c001e009000d04090001e0090001140980096
:10493c001e009000904890001e009000514098007e
:10494c001e009000d04890001e0090001148980066
:10495c001e0090009e407800514898001e00900068
:10496c00a0409000014f78001e009000a0489000dd
:10497c001e009000214098001e0090009e40780080
:10498c00214898001e009000e0409000014f7800f4
:10499c001e009000e04890001e00900061409800be
:1049ac001e0090009e407800614898001e00900008
:1049bc00b0409000014f78001e009000f04890002d
:1049cc001e009000314098001e009000b0489000ee
:1049dc001e009000714898001e009000f04090005e
:1049ec001e009000314898001e0090009e407800f8
:1049fc00714098000080fa00000006000200fa00e6
:104a0c00004f78001e80fb00000040000041780041
:104a1c001e80fb004700de00004078007b00b900e0
:104a2c000000780000407800004069000080fa0027
:104a3c00000006000600fa00200798000040eb007a
:104a4c00004f78008e0037001e80fb00ae009000f7
:104a5c004200dd0061417800124798001e80fb0087
:104a6c00ae0090004200dd00e14078001e80fb00ab
:104a7c002e0190004200dd000000e800624078004a
:104a8c0080c068001e80fb002e0190004200dd00fb
:104a9c000080e8006240780080c068001e80fb0047
:104aac002e0190004200dd0063004000624078005f
:104abc0000c06800204798001e80fb00ae009000ec
:104acc004200dd00e14078001e80fb002e019000ca
:104adc004200dd000000e8006240780000c0680081
:104aec00304798003e409000c4ff070030479800c4
:104afc001e80fb009e80fb002e019000c208dd0092
:104b0c0062c17800be419000ae40900081c0690047
:104b1c00814069002e0190004200dd000000410040
:104b2c00014878001e80fb00ae0090004200dd00c2
:104b3c000000e800e14078001e80fb002e01900090
:104b4c004200dd000080e8006240780000c0680090
:104b5c00304798003e409000a8ff0700304798006f
:104b6c001e80fb009e80fb002e019000c208dd0021
:104b7c008100e80062c17800be419000ae40900018
:104b8c0081c06900814069002e0190004200dd0067
:104b9c00000041000000e800014878001e80fb0086
:104bac00ae0090004200dd000080e800e14078009b
:104bbc001e80fb002e0190004200dd0063004000cf
:104bcc006240780000c06800304798003e4090007a
:104bdc008aff0700304798001e80fb009e80fb0078
:104bec002e019000c208dd008180e80062c17800cf
:104bfc00be419000ae40900081c0690081406900c8
:104c0c002e0190004200dd00000041000080e80011
:104c1c00014878001e80fb00ae0090004200dd00d1
:104c2c0063004000e14078001e40900000c0680026
:104c3c00304798003e40900070ff070030479800c6
:104c4c001e80fb009e80fb002e019000c208dd0040
:104c5c00e380400062c17800be419000ae409000fd
:104c6c0081c06900814069002e0190004200dd0086
:104c7c000000410063004000014878001e4fe8002e
:104c8c001e407800e34f50006fff36000080fa00a2
:104c9c00000006000800fa00889fbe00300798004c
:104cac000000eb00000f780073013700be0090008d
:104cbc001e0078004200dd00614178002247980018
:104ccc00be0090001e0078004200dd000000e800ed
:104cdc006141780032479800be0090001e007800b9
:104cec004200dd000080e8006141780042479800f6
:104cfc00be0090001e0078004200dd006300400002
:104d0c0061417800524798002e4090003bff07000d
:104d1c003aff070039ff070038ff07003e409000bc
:104d2c0036ff070035ff07003e40900033ff0700b9
:104d3c0032ff070031ff070030ff07004e409000a4
:104d4c002eff07004e4090002cff07002bff0700a2
:104d5c002aff070029ff07005e40900027ff07008d
:104d6c005e40900025ff070024ff07005e40900086
:104d7c0022ff070021ff070020ff07001fff07008d
:104d8c002e4090001dff07000084fb002e40900079
:104d9c001aff070019ff07000080fb0000046c00dd
:104dac002e40900015ff070014ff070013ff0700ab
:104dbc000080fb0000046c003e4090008084fb00ef
:104dcc003e4090000dff07000080fb0080846c00cb
:104ddc003e40900009ff070008ff070007ff07008f
:104dec000080fb0000806c0000046c004e409000c2
:104dfc008084fb004e40900000ff0700fffe070080
:104e0c000080fb0080846c004e409000fbfe07008d
:104e1c00fafe0700f9fe07000080fb0000806c0022
:104e2c0000046c005e4090008084fb005e409000ab
:104e3c00f2fe0700f1fe0700f0fe07000080fb0009
:104e4c0000806c0000006c00804078003e019000f7
:104e5c001e0078004200dd0000004100014878008f
:104e6c002e409000e5fe07002e409000e3fe070068
:104e7c00e2fe07002e409000e0fe0700dffe070078
:104e8c00defe0700ddfe07003e409000dbfe070063
:104e9c00dafe0700d9fe0700d8fe07004e4090004e
:104eac00d6fe0700d5fe07004e409000d3fe07004b
:104ebc00d2fe0700d1fe0700d0fe07005e40900036
:104ecc00cefe07005e409000ccfe0700cbfe070034
:104edc00cafe0700c9fe07002e4090000084fb00ac
:104eec002e409000c5fe0700c4fe0700c3fe07005d
:104efc000080fb0000046c003e409000bffe0700e9
:104f0c008084fb003e409000bcfe0700bbfe070007
:104f1c000080fb0080846c003e409000b7fe0700d0
:104f2c00b6fe0700b5fe07000080fb0000806c0099
:104f3c0000046c004e4090008084fb004e409000ba
:104f4c00aefe07000080fb0080846c004e40900099
:104f5c00aafe0700a9fe0700a8fe07000080fb00c0
:104f6c0000806c0000046c005e4090008084fb00ac
:104f7c005e409000a1fe0700a0fe07000080fb0031
:104f8c0080846c005e4090009cfe07009bfe070036
:104f9c009afe07000080fb0000806c0000006c0093
:104fac00804078003e0190001e0078004200dd0039
:104fbc00000041000000e800014878002e409000fd
:104fcc008efe07002e4090008cfe07008bfe070023
:104fdc008afe070089fe07003e40900087fe07000e
:104fec003e40900085fe070084fe07003e40900086
:104ffc0082fe070081fe070080fe07007ffe07008f
:10500c004e4090007dfe07007cfe07007bfe0700f3
:10501c007afe07005e40900078fe070077fe0700de
:10502c005e40900075fe070074fe070073fe0700db
:10503c0072fe07002e4090000084fb002e40900072
:10504c006efe07006dfe07000080fb0000046c0084
:10505c002e40900069fe070068fe070067fe0700ff
:10506c000080fb0000046c003e4090008084fb003c
:10507c003e40900061fe070060fe07005ffe0700e7
:10508c000080fb0000806c0000046c004e4090001f
:10509c005afe07008084fb004e40900057fe07002c
:1050ac0056fe07000080fb0080846c004e40900090
:1050bc0052fe070051fe070050fe07000080fb0067
:1050cc0000806c0000046c005e4090008084fb004b
:1050dc005e40900049fe07000080fb0080846c005d
:1050ec005e40900045fe070044fe070043fe0700ab
:1050fc000080fb0000806c0000006c008040780099
:10510c003e0190001e0078004200dd0000004100ce
:10511c000080e800014878002e40900037fe070020
:10512c0036fe07002e40900034fe070033fe0700c9
:10513c0032fe070031fe07003e4090002ffe0700b4
:10514c003e4090002dfe07002cfe07002bfe0700b2
:10515c002afe07004e40900028fe07004e409000ab
:10516c0026fe070025fe07004e40900023fe070098
:10517c0022fe070021fe070020fe07005e40900083
:10518c001efe07001dfe07001cfe07001bfe07008d
:10519c002e4090000084fb002e40900017fe07006c
:1051ac000080fb0000046c002e40900013fe0700f2
:1051bc0012fe070011fe07000080fb0000046c00cb
:1051cc003e4090008084fb003e4090000bfe0700a8
:1051dc000afe07000080fb0080846c003e409000bb
:1051ec0006fe070005fe070004fe07000080fb001a
:1051fc0000806c0000046c004e4090008084fb002a
:10520c004e409000fdfd0700fcfd0700fbfd070074
:10521c000080fb0000806c0000046c005e4090007d
:10522c00f6fd07008084fb005e409000f3fd070054
:10523c00f2fd07000080fb0080846c005e40900053
:10524c00eefd0700edfd0700ecfd07000080fb0004
:10525c0000806c0000006c00804078003e019000e3
:10526c001e0078004200dd00000041006300400099
:10527c00014878001e0fe8001e007800e30f500074
:10528c008afe34004f04be000080fa0000000600c5
:10529c000400fa00100798000040eb00004f780063
:1052ac001c0037000040eb00104798001500370039
:1052bc001e4090008081fb001e80fb009e409000f1
:1052cc000182fb009e80fb001e0190004222dd004b
:1052dc0081004200e2c078008180fb00826b2b00d1
:1052ec00e2c078001e019000c219dd000080410070
:1052fc0000004100014878001e4090000040e8008a
:10530c00104798001e409000e34f5000e8ff360015
:10531c001e4fe8001e407800e34f5000e1ff3600be
:10532c000080fa00000006000400fa001007980044
:10533c001e009000d0489000014f78001e00900095
:10534c00904890001e009000514898001e0090005c
:10535c00d04090001e009000114898001e00900054
:10536c00904090001e009000514098001e0090004c
:10537c009e407800114098001e009000a0409000c4
:10538c00014f78001e009000a04890001e00900075
:10539c00214098001e0090009e4078002148980003
:1053ac001e009000e0409000014f78001e0090001d
:1053bc00e04890001e009000614098001e00900094
:1053cc009e407800614898001e009000b04090000c
:1053dc00014f78001e009000f04090001e009000dd
:1053ec00314098001e009000b04890001e009000c4
:1053fc00714098001e009000f04890001e00900034
:10540c00314898001e0090009e407800714898002a
:10541c000080fa00000006000600fa001007980051
:10542c00210798000040eb00004f78002e019000ff
:10543c009e0090000040eb00dcfc070010c0b300a5
:10544c00004f78001e0090000afd07001e0090001f
:10545c002efd07001e407800ea4f500006003a006f
:10546c002e0190009e009000a0c0b300cffc07005e
:10547c000080fa00000006001e0090006dfd070081
:10548c002e0190009e0090001e407800c7fc070083
:10549c001e4fe800ebff37000600fa0010079800db
:1054ac00210798000040eb00004f78002e0190007f
:1054bc009e009000a0c0b300bcfc070090c0b300dd
:1054cc00004f78001e00900097ff07001e00900010
:1054dc006fff07002e0190009e0090001e40780088
:1054ec00b2fc07001e4078000004e000040032000b
:1054fc001e009000e7fd07001e4fe900f1ff37008a
:10550c00000000000080fa00000006000600fa000f
:10551c0010079800210798000040eb00004f78001e
:10552c000e0037001e80fb009e00900000804000a3
:10553c009e80fb001e01900081004100114178000b
:10554c009e80fb00ae01900081804100914078006c
:10555c0081406900014878001e4fe8001e40780029
:10556c00ef4f5000efff36000080fa0000000600fd
:10557c000a00fa00200798003107980042079800ab
:10558c002e009000000bb000100798000000eb00fc
:10559c00000f78000d0037009e0090003e00900038
:1055ac00daff0700ae0090003e0090009aff070063
:1055bc00be009000110798003e0090007000400063
:1055cc00300798009e007800708f40004e009000cd
:1055dc009e007800808f5000efff39002e00900065
:1055ec00000bb000020120009e009000420502005a
:1055fc00000000000080fa00000006001800fa000d
:10560c00100f9800210f9800320f98000000eb004b
:10561c00000f78001b003700307c2b002ee40200ba
:10562c00010000000e80e80002012000ae0890008e
:10563c0042050200000000009e0890002e08900019
:10564c0095ff07001e089000000bb000800078004a
:10565c002e089000adff07001e089000000bb00054
:10566c008e80e800020120004205020000000000cc
:10567c002e08900070004000200f98009e007800cb
:10568c00708f40003e0890009e007800808f500084
:10569c00e1ff39000080fa00000006001e00fa004d
:1056ac00400f9800510f9800620f9800de08900090
:1056bc006e089000808f500002003a005e08900047
:1056cc00290037005e0890006f0060007000100029
:1056dc0010079800640047009e009000811f78001e
:1056ec00d17c2b00811f78001a05020000000000fd
:1056fc00e4875700640047002ee40200010000001c
:10570c00de0890001e009000808040006e08900023
:10571c00808f5000020036000000eb0012003700b2
:10572c000000eb00000f7800080037005e089000c6
:10573c001e004000ce089000008040009e009000ab
:10574c0081407800014878001e0fe8001e00900090
:10575c009e007800808f5000f4ff3900de08900026
:10576c001e009000008040000080fa00000006003f
:10577c000800fa0020079800310798003e009000be
:10578c000000e000040032003e0090006f0060005a
:10579c000000e000020032000000eb0024003700a3
:1057ac003e0090000000e900ae0090000080400038
:1057bc0090407800214798002e4090000004e000b3
:1057cc00030032002e409000f04f500002003600d3
:1057dc000000eb00160037002e4090000080fb000c
:1057ec00be009000008f5000090037002e00900082
:1057fc001e004000904078002e40900080cf50005a
:10580c00020032000000eb00090037001e0fe80018
:10581c003e0090009e007800808f5000f3ff39000e
:10582c002e4090000080fb00be00900000805000d5
:10583c000080fa00000006001e00fa00889fbe00df
:10584c008a9fbe008c9fbe00400f9800510f98009d
:10585c00620f98005e0890008080e800b0aa2a00d1
:10586c000008b8000100d1004200dd0020079800bc
:10587c000000eb00000f78000000eb001007980010
:10588c00a20037005e0890009e007800808f5000c8
:10589c00070031004e0890001e00400010407800b8
:1058ac000080fb008000eb001e0fe80001003700b9
:1058bc006000b80030079800410798005e0890001f
:1058cc009e007800808f5000070031004e08900039
:1058dc001e004000104078000080fb008000eb00b0
:1058ec001e0fe800010037006000b8005007980058
:1058fc00610798005e0890009e007800808f500031
:10590c00070031004e0890001e0040001040780047
:10591c000080fb008000eb001e0fe8000100370048
:10592c006000b80070079800010f98003e009000ce
:10593c00ce009000c001dd00020020005e06900049
:10594c00ee0690004868dd00c860de008100700043
:10595c004860dd0002014000838148007e00900019
:10596c008e0890000200400083804800100f9800c1
:10597c00210f9800ee0890001e0090000086400059
:10598c001e089000ae0890004209de0003002000c3
:10599c00f00320000100200082067800030178004b
:1059ac00800178008100780003806600810061002e
:1059bc0081027800000278000400be00b27d2b004a
:1059cc000000410010407800004e78001e0090004e
:1059dc000000e80010079800ee0890001e009000f0
:1059ec00008640001e089000ae089000cc09de0036
:1059fc00440bdd004c01de0002017300f0032000bb
:105a0c0001002000820678000301780080017800f4
:105a1c0081007800038066008100610081037800ba
:105a2c00000378000600be00b27d2b000000410090
:105a3c0010407800004e78001e0090000000e80036
:105a4c0010079800ee0890001e00900000864000a1
:105a5c001e089000ae089000c609de004a0cdd005e
:105a6c004601de0002017400f0032000010020005a
:105a7c0082067800030178008001780081007800ac
:105a8c0003806600810061008104780000047800c6
:105a9c000800be00b27d2b000000410010407800d1
:105aac00004e78001e0090000000e80010079800df
:105abc00ee0890001e009000008640001e09900029
:105acc00ae099000f003200001002000820678004f
:105adc000301780080017800810078000380660063
:105aec008100610081057800000578000a00be0085
:105afc00b27d2b000000410010407800004e780071
:105b0c001e0090000000e800100798005e0890004e
:105b1c009e007800808f50005aff39005e0990007b
:105b2c00b0aa2a000010b8000100d1006300b9002f
:105b3c000000780000005100300f98003e089000e3
:105b4c00e10f50000d003a002e0090000000e9001b
:105b5c00ee08900000804000d1c3b30001487800eb
:105b6c002e0090000080e900ee08900000804000bc
:105b7c00d1c3b30001487800090037003e089000fb
:105b8c00e20f500006003a002e0090000000e900e1
:105b9c00ee08900000804000d1c3b30001487800ab
:105bac00ee0890002e009000008040008040eb003a
:105bbc00014878002e0090004f06be004f05be0035
:105bcc004f04be000080fa00000006000600fa0038
:105bdc0010f080000000e00027003a000000eb000d
:105bec00000f7800070037001e007800800040008e
:105bfc0020c02100008040008080eb00010878006c
:105c0c001e0fe800f00f20009e007800808f5000df
:105c1c00f5ff3400c0812b00200798000000eb003a
:105c2c00100798000d0037001e009000ae00900089
:105c3c0000804000104078000080fb008000400095
:105c4c0020c02100008040009e00900001087800d8
:105c5c001e0090000000e800100798009e009000c5
:105c6c00f0032000808f5000efff34001000200064
:105c7c0010f0880001003700000000000080fa00de
:105c8c00000006004000fa00601f9800711f980089
:105c9c00d0852b002ee4020001000000cbff070092
:105cac006e189000e4b70200010000003007980065
:105cbc0074004700be009000811f780021872b00e4
:105ccc00811f78001a05020000000000e4875700cd
:105cdc00740047002ee40200010000003e0090001a
:105cec000000e00002003a000000eb00e600370084
:105cfc003e009000630060000000e00005003200f0
:105d0c0050882b002ee40200010000000000eb0084
:105d1c00dd0037003e0090004200de006300b90059
:105d2c0000007800000f78003e0090000000e900b1
:105d3c00ee1890000080400090407800d0c3b30073
:105d4c0080cf500001003a001e0fe9003e00900089
:105d5c000080e900ee189000008040009040780030
:105d6c00d0c3b30080cf500001003a001e0fe900f1
:105d7c00740047009e1f7800118a2b00811f780049
:105d8c001a05020000000000e48757007400470069
:105d9c002ee40200010000000000eb001007980048
:105dac000000eb0020079800a5003700ee189000cb
:105dbc002e00900000804000104078000080fb0016
:105dcc008000400020c0210000804000900178003d
:105ddc00430798002e0090000000e800ee18900099
:105dec0000804000104078000080fb0080004000e4
:105dfc0020c02100008040009000780051079800de
:105e0c002e0090008080e8003e009000808f5000b3
:105e1c00130031002e0090000080e800ee18900076
:105e2c000080400090407800d0c3b30080cf500079
:105e3c000b0032002e0090000080e800ee1890005d
:105e4c0000804000104078000080fb008000400083
:105e5c0020c02100008040001000780001003700b5
:105e6c000000eb00600798002e009000e30040005b
:105e7c003e009000808f5000130031002e009000e7
:105e8c0063004000ee1890000080400090407800c5
:105e9c00d0c3b30080cf50000b0032002e00900016
:105eac0063004000ee189000008040001040780025
:105ebc000080fb008000400020c0210000804000da
:105ecc0010007800010037000000eb00700798000c
:105edc002e0090000000e00011003a007400470012
:105eec00fe019000831f7800ee009000811f780067
:105efc00de019000831f7800ce009000811f780097
:105f0c00618b2b00811f78001a0502000000000035
:105f1c00ea875700740047002ee4020001000000dd
:105f2c004e009000cf80de00c201dd000200200098
:105f3c005e0090006102b9004c28dd00c420de0038
:105f4c00810070004c20dd0002014000838148007c
:105f5c006e0090006102b9004628dd00ca20de0008
:105f6c00810070004620dd00020140008381480062
:105f7c007e009000cf80de0002004000838048004d
:105f8c00000f9800110f98001e0090009e0f5000fb
:105f9c000b003100fe1890001e00900000814000a4
:105fac000e0890009e0890004008de00004078002b
:105fbc00004978001e0090000000e80010079800cf
:105fcc001e0090009e0f50000e003100fe18900035
:105fdc001e009000008140000e0890009e0890006a
:105fec00c809dd004800de0000807100c808de0032
:105ffc0000407800004978001e0090000000e80086
:10600c00100798001e0090009e0f500009003100f0
:10601c00fe1890001e009000008040008e0890003a
:10602c0081407800014878001e0090000000e800d4
:10603c00100798002e009000640040002007980084
:10604c00ae0090003e009000808f500057ff39004a
:10605c007e189000104078008080fb007400470090
:10606c00811f7800918d2b00811f78001a0502008a
:10607c0000000000e4875700740047002ee4020083
:10608c00010000001e0078000080fa0000000600ed
:10609c000400fa00000f780011079800020a200093
:1060ac009e00900090a420008d07070012c0b30042
:1060bc0091a420001e0078003ab1020000000000fc
:1060cc000080fa00000006000600fa00000f7800bd
:1060dc00110798004247980053479800030a200084
:1060ec004e4190009e00900090a42000d600070026
:1060fc005e4090000004e0000500320091a42000f6
:10610c001e00780092b1020000000000050037006c
:10611c0012c0b30091a420001e0078003ab1020016
:10612c00000000000080fa00000006000400fa00e5
:10613c00000f78002147980090a42000c1030700ad
:10614c002e4090000004e0000500320091a42000d5
:10615c001e00780092b1020000000000050037001c
:10616c0012c0b30091a420001e0078003ab10200c6
:10617c00000000000080fa00000006000400fa0095
:10618c00000f78002147980090a42000e904070034
:10619c002e4090000004e0000500320091a4200085
:1061ac001e00780092b102000000000005003700cc
:1061bc0012c0b30091a420001e0078003ab1020076
:1061cc00000000000080fa00000006000400fa0045
:1061dc00000f78002147980090a42000720507005a
:1061ec002e4090000004e0000500320091a4200035
:1061fc001e00780092b1020000000000050037007c
:10620c0012c0b30091a420001e0078003ab1020025
:10621c00000000000080fa00000006000200fa00f6
:10622c00000f780090a42000c302070012c0b30036
:10623c0091a420001e0078003ab10200000000007a
:10624c000080fa00000006000200fa00000f78003f
:10625c0040368000700060000000e0000400320056
:10626c001e00780001c3b30001487800030037001a
:10627c001e00780011c3b30001487800413680003d
:10628c0000022000008060000000e00004003200ea
:10629c001e00e80001c3b30001487800030037007a
:1062ac001e00e80011c3b30001487800403680009e
:1062bc00680060000000e000040032001e80e8006e
:1062cc0001c3b30001487800030037001e80e800ca
:1062dc0011c3b300014878004036800064006000b0
:1062ec000000e000050032009e0078006380400052
:1062fc0001c3b30001487800040037009e00780009
:10630c006380400011c3b30001487800b0358000b1
:10631c00640060000000e000050032009e00780080
:10632c006480400001c3b3000148780004003700ca
:10633c009e0078006480400011c3b30001487800cf
:10634c009e007800658040008040eb00014878009a
:10635c0050c0b3000080fa00000006000200fa00f2
:10636c00000f7800d13380000040200000806000d6
:10637c000000e000040032001e00780011c3b300de
:10638c0001487800030037001e00780001c3b300f9
:10639c0001487800d133800000802000008060002c
:1063ac000000e000040032001e00e80011c3b3003e
:1063bc0001487800030037001e00e80001c3b30059
:1063cc0001487800d133800000002100008060007b
:1063dc000000e000040032001e80e80011c3b3008e
:1063ec0001487800030037001e80e80001c3b300a9
:1063fc0001487800d133800000002200008060004a
:10640c000000e000050032009e0078006380400030
:10641c0011c3b30001487800040037009e007800d7
:10642c006380400001c3b300014878009e007800ef
:10643c00648040008040eb000148780040c0b3000d
:10644c000080fa00000006000c00fa0020079800fb
:10645c0031079800024f9800530798000e4890009f
:10646c000004e0003d003200018f2b002e00900054
:10647c009cdf020001000000000f780042012000a8
:10648c008000eb0020e92000500502000000000015
:10649c0020e92000a53d2200c43d220080017800a7
:1064ac0042c1b3004100200000c5b300e059020016
:1064bc000100000060ea20008040eb0001487800f9
:1064cc001e007800ae0090000080400021e9200002
:1064dc009cdf0200010000001e0f40001e0078002f
:1064ec00ae00900000804000f18f2b009cdf02007a
:1064fc00010000001e0f40001e007800ae0090004e
:10650c0000804000800078003e00900016b602002b
:10651c00010000001e0f40001e007800ae0090002d
:10652c000080400081902b009cdf020001000000e5
:10653c001e0f40001e007800ae00900080804000ce
:10654c00805e2200104078000041eb0008b8020089
:10655c00010000001e0f40001c01370001912b00b0
:10656c002e0090009cdf020001000000000f78005c
:10657c001e007800ae009000008040008000780083
:10658c003e00900016b60200010000001e0f4000f5
:10659c005e0090007e0050009e0f50002d003400d5
:1065ac0010a9210010407800e34f50000f003a0072
:1065bc001e007800ae0090000080400091912b00ee
:1065cc009cdf0200010000001e0f40001e0078003e
:1065dc00ae0090000080400071a721009cdf0200fb
:1065ec00010000001e0f40001a003700f0aa210025
:1065fc00104078000004e0000f0032001e0078000c
:10660c00ae0090000080400091912b009cdf0200b6
:10661c00010000001e0f40001e007800ae0090002c
:10662c000080400051a921009cdf02000100000005
:10663c001e0f4000070037001e007800ae009000cf
:10664c0000804000d1912b009cdf02000100000073
:10665c001e0f40005e009000690050009e0f50001d
:10666c00300034001e007800ae0090000080400026
:10667c0021922b009cdf0200010000001e0f400045
:10668c00dac7020001000000204798002e4090005d
:10669c000080fb00e10f50000a003200e20f5000b6
:1066ac000e0032000000e00012003a001e007800dc
:1066bc00ae00900000804000e1c4b30001487800b7
:1066cc00120037001e007800ae00900000804000e1
:1066dc0031c5b300014878000c0037001e0078006b
:1066ec00ae00900000804000f1c4b3000148780077
:1066fc00060037001e007800ae00900000804000bd
:10670c00f1c3b30001487800000000001e0fe80040
:10671c001e007800ae009000008040008040eb002e
:10672c00014878005e009000690050009e0f5000f8
:10673c00100034001e007800ae0090000080400075
:10674c0071922b009cdf0200010000001e0f400024
:10675c001e007800ae00900080804000f0a1800008
:10676c000040780032c0b30008b8020001000000fd
:10677c001e0f40005e009000690050009e0f5000fc
:10678c00100034001e007800ae0090000080400025
:10679c00c1922b009cdf0200010000001e0f400084
:1067ac001e007800ae00900080804000502f8100c9
:1067bc000040780032c0b30008b8020001000000ad
:1067cc001e0f40005e009000690050009e0f5000ac
:1067dc00100034001e007800ae00900000804000d5
:1067ec0011932b009cdf0200010000001e0f4000e3
:1067fc001e007800ae0090008080400060c5200034
:10680c001040780022c0b30008b80200010000005c
:10681c001e0f4000216380000000220000806000f9
:10682c000000e000140032005e009000690050008f
:10683c009e0f5000100034001e007800ae00900037
:10684c000080400061932b009cdf020001000000df
:10685c001e0f40001e007800ae00900080804000ab
:10686c00f0c520001040780022c0b30008b8020028
:10687c00010000001e0f40005e00900069005000f7
:10688c009e0f50000d0034001e007800ae009000ea
:10689c0000804000c1932b009cdf0200010000002f
:1068ac001e0f40001e007800ae00900000804000db
:1068bc0065fe07000080fb001e0f40005e0090008c
:1068cc00690050009e0f50000d0034001e0078002f
:1068dc00ae0090000080400011942b009cdf020061
:1068ec00010000001e0f40001e007800ae0090005a
:1068fc000080400099fe07000080fb001e0f400046
:10690c005e009000690050009e0f50001000340093
:10691c001e007800ae0090000080400071942b00a7
:10692c009cdf0200010000001e0f40001e007800da
:10693c00ae00900080804000805e22001040780005
:10694c000041eb0008b80200010000001e0f4000df
:10695c005e009000690050009e0f50001b00340038
:10696c001e007800ae00900000804000d1942b00f7
:10697c009cdf0200010000001e0f400010c420002c
:10698c0090407800a0c5b30080cf500008003a00ba
:10699c001e007800ae0090000080400031952b0066
:1069ac009cdf0200010000001e0f400007003700b2
:1069bc001e007800ae0090000080400051952b0026
:1069cc009cdf0200010000001e0f40005e009000e2
:1069dc00690050009e0f5000100034001e0078001b
:1069ec00ae0090000080400071952b009cdf0200ef
:1069fc00010000001e0f40001e007800ae00900049
:106a0c008080400020c42000104078000041eb0042
:106a1c0008b80200010000001e0f40000e48900054
:106a2c000004e00050003a005e0090006600500048
:106a3c009e0f50004c0034001e007800ae009000f9
:106a4c0000804000d1952b009cdf0200010000006b
:106a5c001e0f40001e007800ae00900080804000a9
:106a6c0050f02000104078000041eb0008b8020004
:106a7c00010000001e0f40005e00900069005000f5
:106a8c009e0f5000100034001e007800ae009000e5
:106a9c000080400021962b009cdf020001000000ca
:106aac001e0f40001e007800ae0090008080400059
:106abc0090992100104078000041eb0008b80200ca
:106acc00010000001e0f40005e00900069005000a5
:106adc009e0f5000100034001e007800ae00900095
:106aec000080400071962b009cdf0200010000002a
:106afc001e0f40001e007800ae0090008080400009
:106b0c00b0992100104078000041eb0008b8020059
:106b1c00010000001e0f40005e0090006900500054
:106b2c009e0f5000100034001e007800ae00900044
:106b3c0000804000d1962b009cdf02000100000079
:106b4c001e0f40001e007800ae00900080804000b8
:106b5c0050c52000104078000041eb0008b802003e
:106b6c00010000001e0f40005e0090006900500004
:106b7c009e0f5000130034001e007800ae009000f1
:106b8c000080400021972b009cdf020001000000d8
:106b9c001e0f40001e007800ae00900000804000e8
:106bac0041c5200091407800014878001e0fe80094
:106bbc001e007800ae009000008040008040eb008a
:106bcc00014878005e0090006b0050009e0f500052
:106bdc000e0034001e007800ae00900000804000d3
:106bec0071972b009cdf0200010000001e0f40007b
:106bfc001e007800ae009000808040005093800012
:106c0c0016b60200010000001e0f40001e007800a6
:106c1c00ae009000008040008040eb0001487800fe
:106c2c000080fa00000006000000fa00906280006c
:106c3c00630a20000041eb008000780010b12000b6
:106c4c0001fe070010b120002ee40200010000003c
:106c5c00c0972b002ee402000100000010b12000b0
:106c6c008040eb00014878000080fa00000006002c
:106c7c000600fa00100798004147980091628000c6
:106c8c001e009000008060000000e00003003a004d
:106c9c000040eb00004f78000b0037009162800041
:106cac001e0090000080ea00008060009062880066
:106cbc0010c0b300004f78004e4090000004e0007c
:106ccc0001003200d8ff07001e4078000080fa0057
:106cdc00000006000600fa001007980041479800d3
:106cec00916280001e009000808060001e00900069
:106cfc00808f500003003a000040eb00004f7800fa
:106d0c000a003700916280001e00900001007000a4
:106d1c009062880010c0b300004f78004e40900085
:106d2c000004e00001003200bfff07001e407800a5
:106d3c000080fa00000006003a00fa00889fbe00ae
:106d4c008a9fbe008c9fbe00000f9800e02521009a
:106d5c00104078008082fb00d02521001040780084
:106d6c000082fb00c0252100104078008081fb00d0
:106d7c0040242100104078000081fb0030242100c9
:106d8c00104078008080fb00202421001040780007
:106d9c000080fb00851f7800841f7800831f78001b
:106dac00821f7800811f7800801f7800e0972b00ed
:106dbc00801f7800f10020000e007800e60402002d
:106dcc0000000000ee8757000040eb00704f980069
:106ddc0000f02000104078008005fb0030f020000f
:106dec00104078008006fb0090f0200010407800e6
:106dfc000000fb00100f980080f02000104078007d
:106e0c000000fb00200f9800c0f02000104078001c
:106e1c000000fb00300f9800b0f02000104078000c
:106e2c000000fb00400f9800d1928000510f980099
:106e3c00c1928000610f9800b1928000710f980090
:106e4c000192800001179800f191800011179800b1
:106e5c00e191800021179800a192800031179800d1
:106e6c00d1918000411798009192800051179800a1
:106e7c00c191800061179800819280007117980071
:106e8c00b1918000011f9800d0992100104078002a
:106e9c000080fb00101f9800c09921001040780062
:106eac000080fb00201f9800909921001040780072
:106ebc000080fb00301f9800809921001040780062
:106ecc000080fb00401f980050a721001040780064
:106edc000086fb0040a72100104078000085fb00d5
:106eec006992800098918000579280008691800072
:106efc0032928000439280006091800071918000fa
:106f0c0075928000a49180008b1f78008d1f7800f3
:106f1c009e0d90008b1f7800ae0d90008b1f78009b
:106f2c00be0d90008b1f7800ce0d90008b1f78004b
:106f3c00de0d90008b1f7800ee0d90008b1f7800fb
:106f4c00fe0d90008b1f78008e1590008b1f780023
:106f5c009e1590008b1f7800ae1590008b1f78004b
:106f6c00be1590008b1f7800ce1590008b1f7800fb
:106f7c00de1590008b1f7800ee1590008b1f7800ab
:106f8c00fe1590008b1f78008e1d90008b1f7800d3
:106f9c009e1d90008b1f7800ae1d90008b1f7800fb
:106fac00be1d90008b1f7800ce1d90008b1f7800ab
:106fbc008c1f78008a1f7800891f7800881f780042
:106fcc00871f7800861f7800829fbe00809fbe00be
:106fdc00851f7800841f780000992b00801f780093
:106fec00010a20000e089000e604020000000000d8
:106ffc006f04b1000e089000000ab0008040eb0056
:10700c00014878000e0890005006020000000000b5
:10701c008000780030092000808f500004003e0072
:10702c008e0078000e089000180602000000000088
:10703c004f06be004f05be004f04be000080fa0094
:10704c00000006001000fa007007980091a32b00b6
:10705c007e0090009cdf020001000000000f780011
:10706c001e007800fe00900080804000b02e810051
:10707c0016b60200010000001e0f40001e00780032
:10708c00fe0090000080400051a42b009cdf020009
:10709c00010000001e0f40001e007800fe00900052
:1070ac0080804000c02e810016b602000100000056
:1070bc001e0f40001e007800fe0090000080400073
:1070cc00c1a42b009cdf0200010000001e0f400039
:1070dc001e007800fe0090000080400080007800c8
:1070ec0040ce200016b60200010000001e0f40002a
:1070fc001e007800fe0090000080400031a52b009f
:10710c009cdf0200010000001e0f40001e007800f2
:10711c00fe00900080804000e02e810016b6020038
:10712c00010000001e0f40001e007800fe009000c1
:10713c000080400091a52b009cdf020001000000a4
:10714c001e0f40001e007800fe0090008080400062
:10715c00002f810016b60200010000001e0f400037
:10716c001e007800fe00900000804000f1a52b006e
:10717c009cdf0200010000001e0f40001e00780082
:10718c00fe00900080804000f02e810016b60200b8
:10719c00010000001e0f40001e007800fe00900051
:1071ac000080400051a62b009cdf02000100000073
:1071bc001e0f40001e007800fe0090000080400072
:1071cc00c1a62b009cdf0200010000001e0f400036
:1071dc001e007800fe00900080804000102f81007f
:1071ec0016b60200010000001e0f4000405e220097
:1071fc0010407800e14f500008003a001e00780063
:10720c00fe0090000080400021a72b009cdf0200b4
:10721c00010000001e0f4000070037001e00780020
:10722c00fe0090000080400081a72b009cdf020034
:10723c00010000001e0f4000d0338000640060008d
:10724c000000e000080032001e007800fe009000f4
:10725c000080400051952b009cdf020001000000d3
:10726c001e0f4000070037001e007800fe00900043
:10727c000080400031952b009cdf020001000000d3
:10728c001e0f4000d0338000680060000000e0005a
:10729c00080032001e007800fe00900000804000c4
:1072ac0051952b009cdf0200010000001e0f4000d6
:1072bc00070037001e007800fe00900000804000a0
:1072cc0031952b009cdf0200010000001e0f4000d6
:1072dc001e007800fe00900000804000e1a72b000b
:1072ec009cdf0200010000001e0f400021668000a0
:1072fc000e80e800811f780061a82b00811f7800a8
:10730c001a05020000000000e48757001e007800f8
:10731c00fe009000008040008e80e8009cdf0200a0
:10732c00010000001e0f40001e007800fe009000bf
:10733c000080400091a82b009cdf0200010000009f
:10734c001e0f40001e007800fe0090008080400060
:10735c00602f810016b60200010000001e0f4000d5
:10736c001e007800fe00900000804000f1a82b0069
:10737c009cdf0200010000001e0f40001e00780080
:10738c00fe00900080804000702f810016b6020035
:10739c00010000001e0f40001e007800fe0090004f
:1073ac000080400051a92b009cdf0200010000006e
:1073bc001e0f40001e007800fe00900080804000f0
:1073cc00802f810016b60200010000001e0f400045
:1073dc001e007800fe00900000804000c1a92b0028
:1073ec009cdf0200010000001e0f40001e00780010
:1073fc00fe00900080804000405f2200104078002a
:10740c0012c0b30008b80200010000001e0f4000bb
:10741c001e007800fe0090000080400011aa2b0096
:10742c009cdf0200010000001e0f40001e007800cf
:10743c00fe00900080804000902f810016b6020064
:10744c00010000001e0f4000000920009e00780083
:10745c00808f500027003c001e007800fe0090003a
:10746c000080400081aa2b009cdf0200010000007c
:10747c001e0f40001e007800fe009000808040002f
:10748c0050c220001040780022c0b30008b802009f
:10749c00010000001e0f40001e007800fe0090004e
:1074ac000080400011ab2b009cdf020001000000ab
:1074bc001e0f40001e007800fe00900080804000ef
:1074cc0040c220001040780022c0b30008b802006f
:1074dc00010000001e0f40001e007800fe0090000e
:1074ec000080400081ab2b009cdf020001000000fb
:1074fc001e0f40000080fa00000006000000fa0099
:10750c0010b12000cffe070010b120002ee40200c5
:10751c0001000000c0972b002ee4020001000000c7
:10752c0010b120008040eb00014878000080fa0088
:10753c00000006006800fa0030379800b1ab2b0051
:10754c003e3090009cdf020001000000000f78002c
:10755c00e1b3800000802000008060000000e000ab
:10756c00080032001e007800be3090000080400001
:10757c0041ac2b009cdf0200010000001e0f4000fc
:10758c00070037001e007800be30900000804000dd
:10759c00a1ac2b009cdf0200010000001e0f40007c
:1075ac00e0b380004c00de00674060000080fb0010
:1075bc00e30f50001e003200e30f500005003c00aa
:1075cc00e10f50000a003200e20f500010003200b0
:1075dc0037003700e50f500025003200e50f500052
:1075ec001b003500e60f5000290032003000370038
:1075fc001e007800be30900000804000f1ac2b00e3
:10760c009cdf0200010000001e0f40002800370024
:10761c001e007800be3090000080400071ad2b0041
:10762c009cdf0200010000001e0f4000200037000c
:10763c001e007800be3090000080400051ae2b0040
:10764c009cdf0200010000001e0f400018003700f4
:10765c001e007800be3090000080400021af2b004f
:10766c009cdf0200010000001e0f400010003700dc
:10767c001e007800be3090000080400011b02b003e
:10768c009cdf0200010000001e0f400008003700c4
:10769c001e007800be3090000080400001b12b002d
:1076ac009cdf0200010000001e0f400000000000e3
:1076bc001e007800be30900000804000d1b12b003d
:1076cc009cdf0200010000001e0f40001e0078002d
:1076dc00be30900080804000f0b3800016b60200ef
:1076ec00010000001e0f40001e007800be3090000c
:1076fc0000804000f1b12b009cdf02000100000073
:10770c001e0f400010b080000000e0000b003a009b
:10771c000e80e80051602100811f7800915d2100ee
:10772c00811f780051b22b00811f780000050200e8
:10773c0000000000e68757000c00370011b08000f5
:10774c000e80e800811f780051602100811f7800b5
:10775c00915d2100811f780031b32b00811f7800cf
:10776c000005020000000000e88757001e007800aa
:10777c00be309000008040008e80e8009cdf02004c
:10778c00010000001e0f40001e0fe8001e007800d4
:10779c00be309000008040008040eb000148780033
:1077ac000080fa00000006000400fa0010079800a0
:1077bc0041b42b001e0090009cdf02000100000071
:1077cc00000f78001e0078009e00900000804000a2
:1077dc00e1b42b009cdf0200010000001e0f4000f2
:1077ec00420120008000eb0020e92000500502003f
:1077fc000000000020e92000a53d2200c43d22002d
:10780c008001780042c1b3004100200000c5b300e4
:10781c00e05902000100000060ea20008040eb000b
:10782c00014878001e0078009e0090000080400007
:10783c0021e920009cdf0200010000001e0f400027
:10784c0070fe8000e30f50000c003200e40f50007b
:10785c0012003200e20f500018003a001e007800af
:10786c009e0090000080400041b52b009cdf020080
:10787c00010000001e0f40001a0037001e007800a7
:10788c009e00900000804000d1b52b009cdf0200d0
:10789c00010000001e0f4000120037001e0078008f
:1078ac009e00900000804000d1b52b009cdf0200b0
:1078bc00010000001e0f40000a0037001e00780077
:1078cc009e0090008080400070fe80000040780098
:1078dc0022c0b30008b80200010000001e0f4000d7
:1078ec00000000001e0fe8001e0078009e009000b3
:1078fc00008040008040eb00014878000080fa00d6
:10790c00000006000200fa00004f780040c520007d
:10791c00104078009e4f50000300320040c52000fc
:10792c001e487800c0fc07000080fa00000006002a
:10793c000400fa00204798006ce4020001000000eb
:10794c0040b62b002ee4020001000000ae40900077
:10795c0060c5200001487800ae40900030c6b300ee
:10796c0080cf500002003a000040eb002047980006
:10797c00206380004800de006f4060008080fb00c8
:10798c0060c5200000804000ae409000114098007f
:10799c00206380004800de006f4060000040e8007b
:1079ac006f4060000080fb006f0060004800dd004d
:1079bc0022638000f10f2f00810061000100700034
:1079cc00206388006ce4020001000000206380004a
:1079dc004d00de00614060008080fb002063800071
:1079ec004800de006f4060000080fb00811f7800c3
:1079fc00801f780010b72b00801f7800e0bc20009f
:107a0c000005020000000000e6875700e0bc2000e3
:107a1c002ee4020001000000206380004800de001c
:107a2c006f4060000080fb00e70f500005003c0039
:107a3c002163800000002200008060000000e00054
:107a4c005b003200f0c520008040eb00014878005c
:107a5c000040eb00004f78000b003700f0c5200011
:107a6c00904078001e80fb006401400020c520007f
:107a7c00000041001040900080c04000f0c5200084
:107a8c00014878001e4fe8001e407800e74f500078
:107a9c00f2ff3600f0c52000104078000080fb009b
:107aac004300de0080407800f0c5200001487800db
:107abc00206380004800de006f4060000080fb0007
:107acc00e70f50000700340021638000f00f2f00f7
:107adc0000806000206388002063800000d0a0003c
:107aec002063880021638000000022000080600079
:107afc000000e0002e003200f0c52000104078009d
:107b0c00e84f500004003600f0c52000104078000b
:107b1c00ff4f50000c003600216380000000240051
:107b2c00008060000000e000030032008040eb00a9
:107b3c001000200067fc07002063800000e0a0001c
:107b4c00206388001a003700f0c5200090407800b0
:107b5c0030c6b30080cf500007003a008040eb00e5
:107b6c00100020005bfc070030b92b002ee4020053
:107b7c00010000000e003700f0c520001040780016
:107b8c00ee4f500007003600f0c520001040780082
:107b9c00ff4f500003003e008040eb00100020001f
:107bac0033fc07002063800000e0a1002063880004
:107bbc0060c5200010407800e54f50001c003400d8
:107bcc0060c520009040780020c6b30080cf5000e4
:107bdc0017003c0021638000000021000080600041
:107bec000000e00012003a00808020001040780075
:107bfc000004e0000e003a002063800000c0a000ea
:107c0c00206388008080200031c8b30001487800d0
:107c1c00a080200041c0b300014878006ce4020051
:107c2c000100000030bb2b002ee40200010000001c
:107c3c000080fa00000006000200fa00004f7800f5
:107c4c0000c620001e48780050c520001040780067
:107c5c00e44f500002003a00702621001e487800c4
:107c6c0050c5200010407800e44f500006003a0048
:107c7c0000c62000904078001026210010407800ab
:107c8c0080cf50000a00310050c520001040780011
:107c9c00e34f500022003a0000c6200090407800cc
:107cac00402621001040780080cf50001c00390085
:107cbc0000c6200010407800e94f50001800320038
:107ccc0050c5200010407800e44f500004003a00ea
:107cdc002063800000f0a0002063880003003700c0
:107cec0020bc2b002ee40200010000002163800068
:107cfc0000002800008060000000e000040032005a
:107d0c0050be2b002ee402000100000004003700de
:107d1c0020bf2b002ee40200010000000000370001
:107d2c000080fa00000006000200fa00004f780004
:107d3c0020c620001e487800802621001e487800ae
:107d4c0050c5200010407800e44f500018003a0055
:107d5c0020c620009040780030262100104078008a
:107d6c0080cf5000120031002063800000f0a00092
:107d7c0020638800f0bf2b002ee4020001000000fd
:107d8c002163800000002800008060000000e000fb
:107d9c000400320050be2b002ee402000100000053
:107dac000300370020bf2b002ee40200010000006e
:107dbc000080fa00000006000200fa00004f780074
:107dcc0010c620001e487800902621001e4878001e
:107ddc0050c5200010407800e44f500018003a00c5
:107dec0010c620009040780020262100104078001a
:107dfc0080cf5000120031002063800000f0a00002
:107e0c002063880050c12b002ee40200010000000a
:107e1c002163800000002800008060000000e0006a
:107e2c000400320050be2b002ee4020001000000c2
:107e3c000300370020bf2b002ee4020001000000dd
:107e4c000080fa00000006000200fa00004f7800e3
:107e5c0040c620001e48780050c520001040780015
:107e6c00e34f500009003a0040c6200090407800d3
:107e7c00602621001040780080cf500003003100b4
:107e8c00b0c22b002ee40200010000000080fa00ba
:107e9c00000006000200fa00004f780030c62000f7
:107eac001e48780050c5200010407800e34f500069
:107ebc0009003a0030c6200090407800502621007e
:107ecc001040780080cf500003003100b0c22b006e
:107edc002ee40200010000000080fa000000060001
:107eec001400fa0070079800010f9800120f980008
:107efc0011c42b007e0090009cdf020001000000ea
:107f0c00000f78001e007800fe00900000804000fa
:107f1c00800078000e08900016b6020001000000e8
:107f2c001e0f40001e007800fe00900000804000f4
:107f3c0081c42b009cdf0200010000001e0f4000da
:107f4c001e0890007e0050009e0f50001f00340051
:107f5c0010a9210010407800e34f500008003a00af
:107f6c001e007800fe0090000080400071a72100e8
:107f7c009cdf0200010000001e0f400013003700c0
:107f8c00f0aa2100104078000004e0000800320044
:107f9c001e007800fe0090000080400051a92100d6
:107fac009cdf0200010000001e0f4000070037009c
:107fbc001e007800fe00900000804000a1c42b0041
:107fcc009cdf0200010000001e0f40001e08900004
:107fdc00690050009e0f5000300034001e007800e5
:107fec00fe0090000080400081c42b009cdf02004a
:107ffc00010000001e0f4000dac702000100000063
:10800c00204798002e4090000000fb00e10f50002c
:10801c000a003200e20f50000e0032000000e000b7
:10802c0012003a001e007800fe0090000080400014
:10803c00e1c4b30001487800120037001e0078003c
:10804c00fe0090000080400031c5b300014878006c
:10805c000c0037001e007800fe00900000804000ed
:10806c00f1c4b30001487800060037001e00780008
:10807c00fe00900000804000f1c3b300014878007e
:10808c00000000001e0fe8001e007800fe009000ab
:10809c00008040008040eb00014878001e089000f2
:1080ac00690050009e0f5000100034001e00780034
:1080bc00fe0090000080400081c42b009cdf020079
:1080cc00010000001e0f40001e007800fe00900012
:1080dc0080804000f0a180000040780032c0b300e6
:1080ec0008b80200010000001e0f40001e0890009e
:1080fc00690050009e0f5000100034001e007800e4
:10810c00fe0090000080400081c42b009cdf020028
:10811c00010000001e0f40001e007800fe009000c1
:10812c0080804000502f81000040780032c0b300a6
:10813c0008b80200010000001e0f40001e0890004d
:10814c00690050009e0f5000100034001e00780093
:10815c00fe0090000080400081c42b009cdf0200d8
:10816c00010000001e0f40001e007800fe00900071
:10817c008080400060c520001040780022c0b30011
:10818c0008b80200010000001e0f400021638000af
:10819c0000002200008060000000e00015003200aa
:1081ac001e089000690050009e0f50001100340012
:1081bc001e007800fe0090000080400081c42b005f
:1081cc009cdf0200010000001e0f40001e00780022
:1081dc00fe00900080804000f0c520001040780028
:1081ec0022c0b30008b80200010000001e0f4000be
:1081fc00070037001e007800fe0090000080400051
:10820c00c1c42b009cdf0200010000001e0f4000c7
:10821c001e089000690050009e0f50000d003400a5
:10822c001e007800fe0090000080400081c42b00ee
:10823c009cdf0200010000001e0f40001e007800b1
:10824c00fe00900000804000fff707000080fb005c
:10825c001e0f40001e089000690050009e0f500039
:10826c000d0034001e007800fe00900000804000dd
:10827c0081c42b009cdf0200010000001e0f400097
:10828c001e007800fe0090000080400033f80700cc
:10829c000080fb001e0f40001e089000690050007b
:1082ac009e0f5000100034001e007800fe0090005d
:1082bc000080400081c42b009cdf02000100000004
:1082cc001e0f40001e007800fe00900080804000d1
:1082dc00805e2200104078000041eb0008b80200dc
:1082ec00010000001e0f40001e08900069005000a5
:1082fc009e0f50001b0034001e007800fe00900002
:10830c000080400081c42b009cdf020001000000b3
:10831c001e0f400010c4200090407800a0c5b30090
:10832c0080cf500008003a001e007800fe0090003c
:10833c000080400031952b009cdf02000100000002
:10834c001e0f4000070037001e007800fe00900052
:10835c000080400051952b009cdf020001000000c2
:10836c001e0f40001e089000690050009e0f500028
:10837c00100034001e007800fe00900000804000c9
:10838c0081c42b009cdf0200010000001e0f400086
:10839c001e007800fe0090008080400020c4200069
:1083ac00104078000041eb0008b80200010000000a
:1083bc001e0f40001e007800fe0090000080400060
:1083cc0081c42b009cdf0200010000001e0f400046
:1083dc001e007800fe0090008080400050f02000cd
:1083ec00104078000041eb0008b8020001000000ca
:1083fc001e0f40001e089000690050009e0f500098
:10840c00100034001e007800fe0090000080400038
:10841c0081c42b009cdf0200010000001e0f4000f5
:10842c001e007800fe009000808040009099210092
:10843c00104078000041eb0008b802000100000079
:10844c001e0f40001e089000690050009e0f500047
:10845c00100034001e007800fe00900000804000e8
:10846c0081c42b009cdf0200010000001e0f4000a5
:10847c001e007800fe00900080804000b099210022
:10848c00104078000041eb0008b802000100000029
:10849c001e0f40001e089000690050009e0f5000f7
:1084ac00100034001e007800fe0090000080400098
:1084bc0081c42b009cdf0200010000001e0f400055
:1084cc001e007800fe0090008080400050c5200007
:1084dc00104078000041eb0008b8020001000000d9
:1084ec001e0f40001e089000690050009e0f5000a7
:1084fc00130034001e007800fe0090000080400045
:10850c0081c42b009cdf0200010000001e0f400004
:10851c001e007800fe0090000080400041c5200045
:10852c0091407800014878001e0fe8001e0078008a
:10853c00fe009000008040008040eb000148780075
:10854c001e0890006b0050009e0f50000e0034006f
:10855c001e007800fe0090000080400081c42b00bb
:10856c009cdf0200010000001e0f40001e0078007e
:10857c00fe009000808040005093800016b60200f0
:10858c00010000001e0f40001e0890006a00500001
:10859c009e0f50004c0135001e007800fe0090002c
:1085ac000080400081c42b009cdf02000100000011
:1085bc001e0f40001e007800fe00900080804000de
:1085cc00b02e810016b60200010000001e0f400004
:1085dc001e0890006a0050009e0f50003c013500b0
:1085ec001e007800fe0090000080400081c42b002b
:1085fc009cdf0200010000001e0f40001e007800ee
:10860c00fe00900080804000c02e810016b6020053
:10861c00010000001e0f40001e0890006a00500070
:10862c009e0f50002c0135001e007800fe009000bb
:10863c000080400081c42b009cdf02000100000080
:10864c001e0f40001e007800fe00900000804000cd
:10865c008000780040ce200016b602000100000019
:10866c001e0f40001e0890006a0050009e0f500024
:10867c001b0135001e007800fe00900000804000b9
:10868c0081c42b009cdf0200010000001e0f400083
:10869c001e007800fe00900080804000e02e8100db
:1086ac0016b60200010000001e0f40001e089000cc
:1086bc006a0050009e0f50000b0135001e00780020
:1086cc00fe0090000080400081c42b009cdf020063
:1086dc00010000001e0f40001e007800fe009000fc
:1086ec0080804000002f810016b6020001000000bf
:1086fc001e0f40001e0890006a0050009e0f500094
:10870c00fb0035001e007800fe0090000080400049
:10871c0081c42b009cdf0200010000001e0f4000f2
:10872c001e007800fe00900080804000f02e81003a
:10873c0016b60200010000001e0f40001e0890003b
:10874c006a0050009e0f5000eb0035001e007800b0
:10875c00fe00900000804000c1c42b009cdf020092
:10876c00010000001e0f40001e007800fe0090006b
:10877c000080400081c42b009cdf0200010000003f
:10878c001e0f40001e007800fe009000808040000c
:10879c00102f810016b60200010000001e0f4000d1
:1087ac001e0890006a0050009e0f5000d400350047
:1087bc00405e220010407800e14f500008003a0063
:1087cc001e007800fe00900000804000f1c42b00d9
:1087dc009cdf0200010000001e0f40000700370064
:1087ec001e007800fe00900000804000c1c42b00e9
:1087fc009cdf0200010000001e0f4000d0338000ff
:10880c00640060000000e000080032001e007800e8
:10881c00fe0090000080400051952b009cdf020070
:10882c00010000001e0f4000070037001e007800fa
:10883c00fe0090000080400031952b009cdf020070
:10884c00010000001e0f4000d03380006800600063
:10885c000000e000080032001e007800fe009000ce
:10886c000080400051952b009cdf020001000000ad
:10887c001e0f4000070037001e007800fe0090001d
:10888c000080400031952b009cdf020001000000ad
:10889c001e0f40001e0890006a0050009e0f5000f2
:1088ac00990035001e007800fe009000008040000a
:1088bc0081c42b009cdf0200010000001e0f400051
:1088cc00216680000e80e800811f780061a82b00d3
:1088dc00811f78000005020000000000e4875700ab
:1088ec001e007800fe009000008040008e80e800a2
:1088fc009cdf0200010000001e0f40001e089000cb
:10890c006a0050009e0f5000810035001e00780058
:10891c00fe0090000080400081c42b009cdf020010
:10892c00010000001e0f40001e007800fe009000a9
:10893c0080804000602f810016b60200010000000c
:10894c001e0f40001e0890006a0050009e0f500041
:10895c00710035001e007800fe0090000080400081
:10896c0081c42b009cdf0200010000001e0f4000a0
:10897c001e007800fe00900080804000702f810067
:10898c0016b60200010000001e0f40001e089000e9
:10899c006a0050009e0f5000610035001e007800e8
:1089ac00fe0090000080400081c42b009cdf020080
:1089bc00010000001e0f40001e007800fe00900019
:1089cc0080804000802f810016b60200010000005c
:1089dc001e0f40001e0890006a0050009e0f5000b1
:1089ec00510035001e007800fe0090000080400011
:1089fc0081c42b009cdf0200010000001e0f400010
:108a0c001e007800fe00900080804000405f220035
:108a1c001040780012c0b30008b80200010000003a
:108a2c001e0f40001e0890006a0050009e0f500060
:108a3c003f0035001e007800fe00900000804000d2
:108a4c0081c42b009cdf0200010000001e0f4000bf
:108a5c001e007800fe0090008080400050c2200074
:108a6c001040780022c0b30008b8020001000000da
:108a7c001e0f40001e0890006a0050009e0f500010
:108a8c002d0035001e007800fe0090000080400094
:108a9c0081c42b009cdf0200010000001e0f40006f
:108aac001e007800fe0090008080400040c2200034
:108abc001040780022c0b30008b80200010000008a
:108acc001e0f40001d003700000000001b00370087
:108adc0000000000190037000000000017003700ec
:108aec0000000000150037000000000013003700e4
:108afc000000000011003700000000000f003700dc
:108b0c00000000000d003700000000000b003700d3
:108b1c0000000000090037000000000007003700cb
:108b2c0000000000050037000000000003003700c3
:108b3c000000000001003700000000000080fa0077
:108b4c00000006000600fa001007980021079800a4
:108b5c000040eb00004f78001e0090009040780021
:108b6c0040c2b30080cf500003003a0010c0b300e5
:108b7c00104798000c0037000040eb00104798009d
:108b8c00090037001e4090000080fb009e00900002
:108b9c0000804000104078001e4f68001e4090007e
:108bac000040e800104798001e4090000080fb0039
:108bbc009e00900000804000104078000004e0000f
:108bcc00080032001e4090000080fb009e009000c8
:108bdc000080400090407800a0c2b30080cf5000cd
:108bec00e8ff3a002e0090000000e0000f00320079
:108bfc001e4090000080fb009e0090000080400012
:108c0c0090407800a0c2b30080cf500004003a001e
:108c1c002e0090009e409000014878000300370021
:108c2c002e0090008040eb00014878001e40780038
:108c3c000080fa00000006000800fa0030079800d7
:108c4c000040eb00004f7800650047008000780082
:108c5c003e009000bbff0700104798005e4090005c
:108c6c000004e000230032000e80e8008000780051
:108c7c001e4090008eb90200010000000040eb0085
:108c8c00404798005e4090000040e8005047980034
:108c9c002e4090008000fb005e4090000080fb00a6
:108cac003e01900000004100104078000080fb0065
:108cbc00808f50000f003a005e4090000040e800aa
:108ccc00504798003e4090008000fb005e409000b2
:108cdc000080fb003e019000000041001040780035
:108cec000080fb00808f500002003a0010c0b300df
:108cfc00004f78001e4078000080fa00000006004b
:108d0c000200fa00004f780000c4200010407800e8
:108d1c000080fb00640060000000e00023003200d3
:108d2c00805e2200104078008080fb000002200052
:108d3c00008060000000e00016003a006ce40200c5
:108d4c0001000000004d2c002ee402000100000088
:108d5c0032c0b300e1bc20001e40780008b802000d
:108d6c0001000000e0bc20002ee402000100000025
:108d7c00304e2c002ee4020001000000805e220028
:108d8c0010407800804078000154a000805e2200e2
:108d9c0001487800c03c2200904078002037220027
:108dac000148780010c0b300010037000040eb0010
:108dbc000080fa00000006000800fa001007980076
:108dcc002107980062479800734798000040eb0019
:108ddc00004f78002e0190006000b8000089be00a2
:108dec001f0037006e4090009e40780080cf5000ee
:108dfc001a0031002e0090001000be006a09b90064
:108e0c00020178006002b90084017800030141007e
:108e1c00a30020000300b80001014100820078008b
:108e2c002e0190000089be002e0090001001be00a3
:108e3c001e80fb009e0090000080400010407800d7
:108e4c000000fb000003b100cf80de0002004000f8
:108e5c00838048002e0190000089be001e4fe80060
:108e6c001e80fb009e009000008040009040780027
:108e7c00f0c2b30080cf5000070034001e80fb000e
:108e8c009e009000008040009040780090c3b3009a
:108e9c0080cf5000d3ff34009e40780011479800db
:108eac000e0037002e0090001000be006a09b900b9
:108ebc00020178006002b9008401780003014100ce
:108ecc00a30020000300b8000101410082007800db
:108edc002e0190000089be001e4fe8007e409000dd
:108eec009e40780080cf5000eeff39001e4090006d
:108efc000080fa00000006000800fa002007980025
:108f0c00310798002e009000be0090004206200011
:108f1c0003002000a604020000000000008fbe0029
:108f2c009e009000c00320000088b900000178006a
:108f3c001e0078006000b9000000780000014100bc
:108f4c009e007800c00320000008b8000101410019
:108f5c0082007800008fbe00008fbe002e009000b3
:108f6c00be0090004206200003002000c604020050
:108f7c00000000001e0f40005e9748001e00be005f
:108f8c000080fa00000006000800fa00008fbe0006
:108f9c0022079800330798002e009000be00900026
:108fac001e01be00800f5100818f59000600360053
:108fbc002e009000be0090003e011000ae81180003
:108fcc000200be00050037002e009000be0090008d
:108fdc003e015000ae8158000200be000080fa0035
:108fec00000006001200fa00889fbe00404798005f
:108ffc0032079800430798005407980065079800bb
:10900c0076079800070f98006000b800008fbe002c
:10901c004e4090000004e000620032003e019000df
:10902c00ce0190005e009000ee009000800f510089
:10903c00818f59000a003a006000b800601d890059
:10904c00711d89007e0190008e0990003eb897003a
:10905c00ceb89700ccff0700008fbe00740037001d
:10906c003e019000ce0190005e009000ee0090005a
:10907c00800f5100818f59001c0036003e0090007b
:10908c00ce0090009cff07000004be005e00900024
:10909c00ee00900098ff07000000540081805c00f7
:1090ac00601d8900711d8900601d8100711d81008a
:1090bc0061005000e0805800601d8900711d89001e
:1090cc007e0190008e0990003eb89700ceb89700b4
:1090dc000001510081815900006a28001100200014
:1090ec00001f4100019749001b0037005e009000f3
:1090fc00ee00900080ff07000004be003e009000d0
:10910c00ce0090007cff07000000540081805c00c2
:10911c00601d8900711d8900601d8100711d810019
:10912c0061005000e0805800601d8900711d8900ad
:10913c003eb99700ceb997007e0090008e08900043
:10914c000001510081815900006a280011002000a3
:10915c00001f410001974900601d8100711d8100b5
:10916c00026a28000289b900020178006102b90084
:10917c008401780003014100036a28000300b80051
:10918c000101410082007800601d8900711d890079
:10919c00601d8100711d81001e0f40005e9748000c
:1091ac00230037003e009000ce00900052ff0700d5
:1091bc000004be005e009000ee0090004eff070021
:1091cc000800400089804800601d8900711d8900dd
:1091dc003eb99700ceb997007e0090008e089000a3
:1091ec00001f410001974900601d8100711d810025
:1091fc00026a28000289b900020178006102b900f4
:10920c008401780003014100036a28000300b800c0
:10921c000101410082007800601d8900711d8900e8
:10922c00601d8100711d81001e0f40005e9748007b
:10923c001e00be004f04be000080fa0000000600b5
:10924c005400fa00889fbe00102f98006000b800f0
:10925c00a01b8900b11b89006000b800e01b8900cd
:10926c00f11b89006000b800c01b8900d11b89006c
:10927c006000b800001c8900111c89000000eb0084
:10928c0020079800805e2200104078008040780013
:10929c000134a000805e2200014878009e289000d6
:1092ac00010f7800010037001e0fe8001e00780047
:1092bc00104078000004e0000d0032001e00780021
:1092cc009040780000c2b30080cf50000a003200fa
:1092dc001e00780090407800c0c2b30080cf5000d0
:1092ec00f1ff3a00050037001e0fe80003003700bd
:1092fc000000000001003700000000001e00780094
:10930c00104078000004e000050032001e007800d8
:10931c0090407800c0c2b30080cf5000f2ff3a00fa
:10932c001e0fe800600420000e00400023c0b300b4
:10933c0022c0b300800078001e0078009efe07005b
:10934c00010037001e0fe8001e0078001040780066
:10935c000004e0000a0032001e0078009040780003
:10936c00e0c2b30080cf5000050032001e00780030
:10937c0090407800c0c2b30080cf5000f1ff3a009b
:10938c001e0fe800a00420000e00400023c0b30014
:10939c0022c0b300800078001e00780086fe070013
:1093ac00010037001e0fe8001e0078001040780006
:1093bc000004e000050032001e00780090407800a8
:1093cc00c0c2b30080cf5000f6ff3a001e0fe80079
:1093dc00e00420000e00400023c0b30022c0b30004
:1093ec00800078001e00780073fe07000100370033
:1093fc001e0fe8001e007800104078000004e0000a
:10940c00050032001e00780090407800c0c2b30006
:10941c0080cf5000f6ff3a001e0fe8000000eb0072
:10942c00300798003e219000ce2190005e209000e5
:10943c00ee209000800f5100818f590016003600ed
:10944c005e219000ee2190007e2090008e289000ee
:10945c00800f5100818f5900040036003e2090008f
:10946c00ce209000300798000e0037007e2190002f
:10947c008e2990003e209000ce209000800f51004d
:10948c00818f5900070036007e2090008e289000b6
:10949c0030079800030037003e209000ce2090004b
:1094ac00300798008041eb0052c0b30041372200d6
:1094bc001e00780040fe0700010037001e0fe80078
:1094cc001e007800104078000004e0000a00320012
:1094dc001e00780090407800e0c2b30080cf5000ae
:1094ec00050032001e00780090407800c0c2b30026
:1094fc0080cf5000f1ff3a001e00780090407800b9
:10950c00e0c2b30080cf500020003a001e0fe800ec
:10951c0063c0b30062c0b300c13722001e007800e4
:10952c0025fe0700204798002e4090000004e00024
:10953c000c0032002e4090000080fb000000e80080
:10954c001e0f40001e00780010407800804078000c
:10955c005038220001487800030037001e0fe80045
:10956c0001003700000000001e0078001040780059
:10957c000004e000050032001e00780090407800e6
:10958c00c0c2b30080cf5000f4ff3a001e00780038
:10959c0090407800c0c2b30080cf500035033a0031
:1095ac001e0fe8008041eb0052c0b300813722004f
:1095bc001e00780000fe0700010037001e0fe800b7
:1095cc001e007800104078000004e0000a00320011
:1095dc001e00780090407800e0c2b30080cf5000ad
:1095ec00050032001e00780090407800c0c2b30025
:1095fc0080cf5000f1ff3a001e00780090407800b8
:10960c00e0c2b30080cf500020003a001e0fe800eb
:10961c0063c0b30062c0b300013822001e007800a2
:10962c00e5fd0700204798002e4090000004e00064
:10963c000c0032002e4090000080fb000000e8007f
:10964c001e0f40001e00780010407800804078000b
:10965c004038220001487800030037001e0fe80054
:10966c0001003700000000001e0078001040780058
:10967c000004e000050032001e00780090407800e5
:10968c00c0c2b30080cf5000f4ff3a001e00780037
:10969c0090407800c0c2b30080cf5000f7023a006f
:1096ac001e0fe8000040eb00204798000b0037002d
:1096bc002e4090000080fb009e00780091407800c6
:1096cc0001417800d1382200827078001e0fe8002a
:1096dc002e4090000040e800204798002e4090005b
:1096ec00e54f500005003e001e00780090407800c9
:1096fc00c0c2b30080cf5000edff3a002e40900066
:10970c000080fb00d13822000041eb008270780011
:10971c001e00780090407800c0c2b30080cf50008b
:10972c00d8023a001e0fe8001e0078009040780026
:10973c0000c2b30080cf500026003a001e0fe80094
:10974c000040eb00204798000b0037002e409000a3
:10975c000080fb009e007800914078000141780069
:10976c0061382200827078001e0fe8002e409000b5
:10977c000040e800204798002e409000e54f500034
:10978c000f003e001e0078009040780000c2b3002d
:10979c0080cf50000a0032001e0078009040780004
:1097ac00c0c2b30080cf5000050032001e0078000c
:1097bc0090407800e0c2b30080cf5000e3ff3a0045
:1097cc002e4090000080fb00613822000041eb002d
:1097dc00827078001e00780090407800e0c2b300e0
:1097ec0080cf50000b003a00010037001e0fe8003c
:1097fc001e007800104078000004e00005003200e4
:10980c001e00780090407800c0c2b30080cf50009a
:10981c00f6ff3a001e00780090407800c0c2b300fa
:10982c0080cf500099023a001e0fe8000000eb00b8
:10983c00200798000c0037002e0090006a00b90039
:10984c0000007800200798001e0078001040780077
:10985c000000fb000003b100ae009000008040004f
:10986c00200798001e0fe8001e00780010407800ba
:10987c000004e0000a0032001e00780090407800de
:10988c00c0c2b30080cf5000050032001e0078002b
:10989c0090407800e0c2b30080cf5000e6ff3a0061
:1098ac001e00780090407800e0c2b30080cf5000da
:1098bc000c003a001e0fe800010037001e0fe800f4
:1098cc001e007800104078000004e0000500320013
:1098dc001e00780090407800c0c2b30080cf5000ca
:1098ec00f6ff3a001e00780090407800c0c2b3002a
:1098fc0080cf500067023a001e0fe80080e820007d
:10990c008040eb0001487800805e22001040780017
:10991c000080fb0061006000004078000004e00063
:10992c000c003200805e22001040780080407800ed
:10993c000104a100805e220001487800803d2200d5
:10994c008040eb0001487800e03c22008040eb00b6
:10995c0001487800a01b8100b11b8100e00f500072
:10996c00e08f58004e023200e01b8100f11b810099
:10997c00e00f5000e08f580049023200805e220058
:10998c0010407800804078000134a100805e2200f5
:10999c0001487800803d220010407800e44f5000d0
:1099ac000b003e00805e2200104078008080fb009f
:1099bc0000022000008060000000e0000400320083
:1099cc00d03c2200904078002037220001487800db
:1099dc00e03c2200104078008040e800e03c22008f
:1099ec0001487800e03c220010407800e14f500024
:1099fc000e003600803d220090407800d03c2200c2
:109a0c001040780080cf500005003100803d2200ce
:109a1c00104078008040e800803d2200014878002a
:109a2c00e03c22008040eb0001487800803d2200a1
:109a3c0090407800d03c22001040780080cf50003d
:109a4c009601390060f0200090407800603d2200c3
:109a5c000148780040f0200090407800403d220002
:109a6c000148780030f0200090407800303d220012
:109a7c000148780000f0200090407800003d220062
:109a8c000148780010f0200090407800103d220032
:109a9c000148780020f0200090407800203d220002
:109aac0001487800a01b8100b11b8100c01d8900fa
:109abc00d11d8900e01b8100f11b8100001e890073
:109acc00111e89005038220090407800e0262100b9
:109adc0001487800c01b8100d11b8100e01d89006a
:109aec00f11d8900001c8100111c8100201e8900c1
:109afc00311e89004038220090407800d026210089
:109b0c00014878003e00900080407800803c2200a4
:109b1c00014878002e009000501e8900805e2200c3
:109b2c0090407800f0ccb30080c06000805e2200d2
:109b3c0001487800805e2200104078000080fb0015
:109b4c00620060000000e0000e003200805e220027
:109b5c0010407800804078000114a100805e220043
:109b6c0001487800805e22008040eb0001487800bc
:109b7c006ce4020001000000504e2c002ee40200a8
:109b8c000100000040392200104078000004e00081
:109b9c00880032004039220010407800e24f50001b
:109bac0014003a00a21b8100b31b8100100020009e
:109bbc0001002000800f5100818f590007003600f2
:109bcc00a01b8100b11b810061005000e080580097
:109bdc00a01b8900b11b890006003700a01b810067
:109bec00b11b810061004000e0804800a01b89008f
:109bfc00b11b89006ce4020001000000804f2c00b6
:109c0c002ee402000100000040372200a53d220096
:109c1c00c43d22008001780042c0b300912d200089
:109c2c0000c5b3008c58020001000000c0372200b0
:109c3c00a53d2200c43d22008001780042c0b30043
:109c4c00d12d200000c5b3008c580200010000008b
:109c5c00a53d2200c43d22005338220012c0b3009f
:109c6c00112e200000c5b3008c580200010000002a
:109c7c0080372200a53d2200c43d220080017800df
:109c8c0042c0b300212e200000c5b3008c58020046
:109c9c000100000000382200a53d2200c43d220036
:109cac008001780042c0b300612e200000c5b300d3
:109cbc008c58020001000000a53d2200c43d22008a
:109ccc004338220012c0b300a12e200000c5b300ff
:109cdc008c5802000100000060392200a53d2200d2
:109cec00c43d22008001780042c0b300912d2000b9
:109cfc0000c5b300e059020001000000e039220069
:109d0c00a53d2200c43d22008001780042c0b30072
:109d1c00d12d200000c5b300e05902000100000065
:109d2c00a53d2200c43d2200733a220012c0b300ac
:109d3c00112e200000c5b300e05902000100000004
:109d4c00a0392200a53d2200c43d220080017800ec
:109d5c0042c0b300212e200000c5b300e059020020
:109d6c0001000000203a2200a53d2200c43d220043
:109d7c008001780042c0b300612e200000c5b30002
:109d8c00e059020001000000a53d2200c43d220064
:109d9c00633a220012c0b300a12e200000c5b3000c
:109dac00e059020001000000403922008040eb0025
:109dbc0001487800b01c8100c11c8100e00f5000ec
:109dcc00e08f5800b5003200d01c8100e11c8100ee
:109ddc00e00f5000e08f5800b000320050392200e4
:109dec008040eb0001487800181d8100291d81007e
:109dfc00061c8100171c8100d41c8100e51c81000d
:109e0c00c21b8100d31b8100403822009040780097
:109e1c00603a22001040780000c068000080fb000f
:109e2c000000e9004f00de0000407800889fbe0073
:109e3c006cfc0700e4875700401d8900511d890008
:109e4c00805e220010407800804078000164a10000
:109e5c00805e220001487800421d8100531d810064
:109e6c00a01d8100b11d8100800f5100818f590010
:109e7c00140036005039220011c0b300014878009c
:109e8c00a01d8100b11d81004209dd00ce01de0064
:109e9c00830171004201dd00401d8100511d8100d4
:109eac00800f5100818f590006003600805e220021
:109ebc0010407800804078000164a000805e220091
:109ecc0001487800f81c8100091d8100e61b810007
:109edc00f71b8100b41c8100c51c8100a21b8100f2
:109eec00b31b81005038220090407800703a220059
:109efc001040780000c068000080fb000000e90002
:109f0c004f00de0000407800889fbe0035fc070043
:109f1c00e4875700401d8900511d8900421d8100b6
:109f2c00531d8100801d8100911d8100800f510007
:109f3c00818f5900170036005039220010407800ec
:109f4c00804078000114a0005039220001487800ac
:109f5c00801d8100911d81004209dd00ce01de00d3
:109f6c00830171004201dd00401d8100511d810003
:109f7c00800f5100818f590006003600805e220050
:109f8c0010407800804078000164a000805e2200c0
:109f9c000148780050392200104078000004e0009d
:109fac0036003200703d2200104078000004e000c2
:109fbc0015003a00805e2200104078008080fb0083
:109fcc0000042000008060000000e0000e00320061
:109fdc00703d220011c0b30001487800803d220082
:109fec008040eb000148780030c8b30044fb070008
:109ffc006ce402000100000070502c002ee4020002
:10a00c000100000025003700703d220011c0b30094
:10a01c0001487800805e2200104078000080fb0030
:10a02c00640060000000e0001b003a00909a800081
:10a03c000000e0000a003a00e09a80000000e00016
:10a04c0007003a0050998000e10f500004003e00d8
:10a05c0011c0b30010c0b300cae50200010000003b
:10a06c00805e220010407800804078000124a0001f
:10a07c00805e22000148780008003700805e2200d4
:10a08c0010407800804078000124a100805e2200fe
:10a09c0001487800010037000000000000c42000d7
:10a0ac00104078000080fb00680060000000e000b9
:10a0bc007a0032006ce402000100000050382200eb
:10a0cc00104078008082fb00e21b8100f31b8100b2
:10a0dc00a01b8100b11b810068024700851f78001e
:10a0ec00829fbe00809fbe0030522c00801f7800e3
:10a0fc00040078000005020000000000ec87570007
:10a10c00680047002ee402000100000040382200e5
:10a11c00104078008082fb00021c8100131c81001f
:10a12c00c01b8100d11b810068024700851f78008d
:10a13c00829fbe00809fbe0080532c00801f780041
:10a14c00040078000005020000000000ec875700b6
:10a15c00680047002ee40200010000006800470080
:10a16c00ae009000811f780091542c00811f780064
:10a17c000005020000000000e4875700680047005b
:10a18c002ee402000100000068004700be009000b1
:10a19c00811f780041552c00811f780000050200ba
:10a1ac0000000000e4875700680047002ee402001e
:10a1bc00010000006800470061382200811f780010
:10a1cc00d1382200811f780011562c00811f780095
:10a1dc000005020000000000e687570068004700f9
:10a1ec002ee4020001000000d03c22001040780058
:10a1fc000081fb00803d2200104078008080fb0035
:10a20c0068004700821f7800811f7800d1562c000f
:10a21c00811f78000005020000000000e68757004f
:10a22c00680047002ee4020001000000805e22005e
:10a23c00104078000081fb00805e22001040780006
:10a24c008080fb0068004700821f7800811f780027
:10a25c00f1572c00811f780000050200000000005f
:10a26c00e6875700680047002ee40200010000005a
:10a27c000b00370000000000090037000000000050
:10a28c000700370000000000050037000000000048
:10a29c000300370000000000010037000000000040
:10a2ac004f04be000080fa00000006000200fa0015
:10a2bc0010c0b300004f78006ce4020001000000f5
:10a2cc000040eb00004f780000c4200010407800e4
:10a2dc000080fb00700060000000e00027003a00e6
:10a2ec00805e2200104078000080fb00640060005b
:10a2fc000000e00007003200805e22001040780071
:10a30c000080fb0061006000004078000004e00069
:10a31c0013003200f0582c002ee402000100000063
:10a32c0070e820008040eb00014878008fc6a9003f
:10a33c00805e22001040780080407800a140b3007d
:10a34c00805e220001487800803d22008040eb00b6
:10a35c000148780010c0b300004f78000d003700a2
:10a36c00b0592c002ee402000100000070e820001f
:10a37c0011c0b3000148780006003700505b2c0078
:10a38c002ee402000100000070e8200011c0b300b0
:10a39c0001487800305d2c002ee402000100000022
:10a3ac00805e22001040780032c0b300e1bc200077
:10a3bc0008b8020001000000e0bc20002ee40200fe
:10a3cc0001000000304e2c002ee4020001000000c1
:10a3dc0040002000f0998800813e2000b0c0b300fe
:10a3ec0042730200010000001e4078000080fa0059
:10a3fc00000006000200fa00f0998000e20f500005
:10a40c00b7003200e20f500005003e000000e000f3
:10a41c0008003200e10f50002800320031013700f3
:10a42c00e30f5000b8003200e40f50000601320078
:10a43c002c0137006000b800a01b8900b11b8900fb
:10a44c006000b800e01b8900f11b89006000b800b7
:10a45c00c01b8900d11b89006000b800001c89005a
:10a46c00111c890040382200f1c3b3000148780068
:10a47c0050382200f1c3b3000148780040c8b30043
:10a48c001ffa0700805e22001040780080407800a0
:10a49c00a140b300805e220001487800803d22007c
:10a4ac008040eb000148780080e820008040eb0001
:10a4bc000148780010002000f099880000c42000aa
:10a4cc00104078000080fb00640060000000e00099
:10a4dc007500320070e8200011c0b300014878000c
:10a4ec0080e820008040eb0001487800e03c22002e
:10a4fc008040eb0001487800403922008040eb009e
:10a50c0001487800003b2200a53d2200c43d2200fa
:10a51c008001780042c0b300112d200000c5b300ab
:10a52c00e059020001000000403b2200a53d220042
:10a53c00c43d22008001780042c0b300512d2000a0
:10a54c0000c5b300e0590200010000006039220090
:10a55c00a53d2200c43d22008001780042c0b3001a
:10a56c00912d200000c5b300e0590200010000004d
:10a57c00e0392200a53d2200c43d22008001780074
:10a58c0042c0b300d12d200000c5b300e059020039
:10a59c0001000000a53d2200c43d2200733a2200b8
:10a5ac0012c0b300112e200000c5b300e059020008
:10a5bc0001000000a0392200a53d2200c43d22006c
:10a5cc008001780042c0b300212e200000c5b300ea
:10a5dc00e059020001000000203a2200a53d2200b3
:10a5ec00c43d22008001780042c0b300612e2000df
:10a5fc0000c5b300e059020001000000a53d220097
:10a60c00c43d2200633a220012c0b300a12e2000e8
:10a61c0000c5b300e059020001000000703a2200ae
:10a62c0010407800e14f400012003a006000b80082
:10a63c00b01c8900c11c89006000b800f01c8900a6
:10a64c00011d89006000b800d01c8900e11c890044
:10a65c006000b800101d8900211d8900703a22008d
:10a66c00f1c3b30001487800603a2200f1c3b30093
:10a67c0001487800805e220010407800804078000d
:10a68c000174a100805e22000148780020002000a7
:10a69c00f0998800813e2000b0c0b30042730200e4
:10a6ac000100000095003700813e2000b0c0b300cf
:10a6bc00427302000100000070e820008040eb00b3
:10a6cc0001487800805e220001c8b3000148780080
:10a6dc00203722008040eb000148780087003700cb
:10a6ec0070e8200011c0b300014878003000200051
:10a6fc00f0998800c15d2000b0c0b3004273020025
:10a70c00010000007d00370070e8200011c0b3008c
:10a71c000148780060e820009040780070e8200044
:10a72c001040780080cf500027003200411f2000dd
:10a73c00b0c0b300427302000100000080e82000aa
:10a74c0010407800e14f400009003200d1968000a3
:10a75c0080022000808f50000500360080e8200029
:10a76c00104078008040e80080e820000148780024
:10a77c0080e8200010407800f34f500012003600a3
:10a78c00805e2200104078000080fb0061006000b9
:10a79c000000e0000c003a00805e220010407800bf
:10a7ac00804078003140b300805e22000148780080
:10a7bc00803d22008040eb0001487800e03c220004
:10a7cc008040eb000148780000c420001040780065
:10a7dc000080fb00640060000000e00044003a00d0
:10a7ec0010002000f099880070e820008040eb00f9
:10a7fc00014878008fc6a900411f2000b0c0b300eb
:10a80c004273020001000000805e220010407800bc
:10a81c00804078000114a000805e2200014878007e
:10a82c00803d22008040eb0001487800805e2200d1
:10a83c0090407800b0cbb30080c06000805e2200f6
:10a84c00014878002d0037000040eb00004f7800e5
:10a85c0000c42000104078000080fb0070006000f5
:10a86c000000e00010003a00805e220010407800ea
:10a87c000080fb00640060000000e0000700320074
:10a88c00805e2200104078000080fb0061006000b8
:10a89c00004078000004e0000300320070e8200063
:10a8ac008040eb0001487800d09b8000ed0f5000f9
:10a8bc001100320000c42000104078000080fb0022
:10a8cc00700060000000e00003003a000000eb00a4
:10a8dc00f09988000900370010002000f0998800da
:10a8ec00060037000000eb00f099880003003700e9
:10a8fc00000000000100370000000000c0332200ff
:10a90c00104078000004e00004003a00703522008a
:10a91c00104078000004e0009a003200805e2200b3
:10a92c00104078008080fb00000220000080600056
:10a93c000000e0000d00320000c420001040780040
:10a94c000080fb00640060000000e00007003200a3
:10a95c00805e2200104078000080fb0061006000e7
:10a96c00004078000004e00086003200c033220072
:10a97c00104078000004e00043003200c0c68000a4
:10a98c00610060000000e0003f003a006ce402004f
:10a99c0001000000805e2200104078000080fb0067
:10a9ac00801f7800c0332200801f7800805d2c004f
:10a9bc00801f7800e0bc20000005020000000000b1
:10a9cc00e6875700e0bc20002ee4020001000000e6
:10a9dc0060352200104078000004e0000c003200ca
:10a9ec00715f2c00e0bc20009cdf02000100000025
:10a9fc00c1332200e0bc2000729f02000000000066
:10aa0c00603522008040eb000148780008003700d8
:10aa1c00e15f2c00e0bc20009cdf02000100000084
:10aa2c00c1332200e0bc2000ac9802000000000002
:10aa3c000041eb0011b12000c03322003ab10200fa
:10aa4c000000000010b120008040eb0001487800ad
:10aa5c00c03322008040eb000148780070352200a2
:10aa6c00104078000004e00004003200203722007f
:10aa7c00f1c0b300014878000300370020372200f2
:10aa8c0031c0b300014878007035220010407800c6
:10aa9c000004e0003b003200c0c680006100600092
:10aaac000000e00037003a006ce4020001000000f6
:10aabc00805e2200104078000080fb00801f780030
:10aacc0070352200801f780020602c00801f7800d9
:10aadc00e0bc20000005020000000000e6875700e3
:10aaec00e0bc20002ee40200010000001037220020
:10aafc00104078000004e0000c003200715f2c0064
:10ab0c00e0bc20009cdf0200010000007135220037
:10ab1c00e0bc2000729f02000000000010372200f1
:10ab2c008040eb000148780008003700e15f2c0002
:10ab3c00e0bc20009cdf0200010000007135220007
:10ab4c00e0bc2000ac980200000000000041eb00cb
:10ab5c0011b12000703522003ab102000000000053
:10ab6c0010b120008040eb000148780070352200c5
:10ab7c008040eb00014878002037220031c0b30040
:10ab8c00014878000080fa00000006006800fa0016
:10ab9c0060e7980071e79800e32e8100c22e8100d7
:10abac007ee090008000fb006ee090000000fb0057
:10abbc00831f7800821f7800811f7800801f780027
:10abcc0020c52b00801f78000e0078001a050200ab
:10abdc0000000000ea8757000e0078002ee4020007
:10abec00010000000080fa00000006000200fa00dc
:10abfc00000f78000a0037001e0078001000780063
:10ac0c000000e00006003a00b0c62b002ee4020063
:10ac1c0001000000ba02070010c0b3000a003700a0
:10ac2c00d02480007f0060000000e000f2ff3a00ba
:10ac3c00f124800000002400008060000000e0008f
:10ac4c00edff3a000040eb000080fa000000060027
:10ac5c000200fa00000f78001e007800e3ff0700e6
:10ac6c00e14f500002003a0010c0b3001100370051
:10ac7c009a04a8000a0037001e0078001000780023
:10ac8c000000e00006003a0050c82b002ee4020041
:10ac9c00010000009a02070010c0b3000500370045
:10acac00d0248000610060000000e000f2ff3a0058
:10acbc000040eb000080fa00000006000400fa00df
:10accc00004f7800110798001e009000c7ff070086
:10acdc00e14f500002003a0010c0b3000b003700e7
:10acec009e40780061c060000080fb006100600045
:10acfc004500dd00d12480000150a100010070004e
:10ad0c00d02488009a84a8000040eb000080fa0050
:10ad1c00000006000200fa00000f78001e00780008
:10ad2c00b2ff0700e14f500002003a0010c0b30020
:10ad3c00030037009aa4a8009a84a8000040eb00f6
:10ad4c000080fa00000006000200fa00000f7800f4
:10ad5c001e007800a5ff0700e14f500002003a00ea
:10ad6c0010c0b300110037009a24a8000a00370065
:10ad7c001e007800100078000000e00006003a0089
:10ad8c0000ca2b002ee40200010000005c02070048
:10ad9c0010c0b30005003700d024800062006000b2
:10adac000000e000f2ff3a000040eb000080fa00e7
:10adbc00000006002e00fa00206f9800316f9800fa
:10adcc00621798006e10900088ff0700e14f50004a
:10addc0002003a0010c0b300550037003e689000e6
:10adec00e14f500026003a002e6890000080fb00d6
:10adfc0001052000810f50000400320011052000d5
:10ae0c00810f5000070032000d0037002e689000b3
:10ae1c000080fb00000040000000a000b02488006f
:10ae2c00300037002e6890000080fb0000004000ce
:10ae3c000000a000b02488000000000029003700aa
:10ae4c002e6890000081fb002e6890008080fb0033
:10ae5c000e00e800821f7800811f7800d1cb2b00f8
:10ae6c00811f78001a05020000000000e6875700d9
:10ae7c000e00e8002ee4020001000000190037006b
:10ae8c002e6890000080fb0001052000810f50000f
:10ae9c000400320011052000810f5000090032001f
:10aeac00100037002e6890000080fb00000040006e
:10aebc0080007800f00f200000806000b024880033
:10aecc00080037002e6890000080fb000000400056
:10aedc0080007800f00f200000806000b024880013
:10aeec00000000006e10900040ff0700e14f500082
:10aefc0002003a0010c0b3000d0037006e10900035
:10af0c0046000700004f78001e4078000004e00067
:10af1c000600320070ce2b002ee40200010000006f
:10af2c00f701070010c0b300010037000040eb0030
:10af3c000080fa00000006000400fa00004f7800c0
:10af4c00110798001e00900028ff0700e14f5000e9
:10af5c0002003a0010c0b300130037001e80fb0043
:10af6c00b02488001e00900020ff0700e14f500025
:10af7c0002003a0010c0b3000b0037001e00900016
:10af8c0026000700e14f500006003a0040d02b008d
:10af9c002ee4020001000000d901070010c0b3002c
:10afac00010037000040eb000080fa0000000600b2
:10afbc000200fa00000f78001e0078000bff07005b
:10afcc00e14f500002003a0010c0b30011003700ee
:10afdc009a44a8000a0037001e0078001000780080
:10afec000000e00006003a00e0d12b002ee4020045
:10affc0001000000c201070010c0b30005003700bb
:10b00c00d0248000640060000000e000f2ff3a00f1
:10b01c000040eb000080fa00000006000200fa007d
:10b02c00000f78001e007800f0fe0700e14f500082
:10b03c000c003a0010c0b300110037001e0078005d
:10b04c00100078000000e00007003a0080d32b00cd
:10b05c002ee4020001000000a901070020c0b3008b
:10b06c000700370000000000f124800000002800d9
:10b07c00008060000000e000f0ff3a000040eb00b0
:10b08c000080fa00000006000200fa00000f7800b1
:10b09c001e007800d5fe0700e14f500002003a0078
:10b0ac0010c0b300170037009a64a8000a003700dc
:10b0bc001e007800100078000000e00006003a0046
:10b0cc00e0d52b002ee40200010000008c010700eb
:10b0dc0010c0b3000b003700d02480006800600063
:10b0ec000000e000f2ff3a001e007800bffe0700ef
:10b0fc00e14f500002003a0010c0b30001003700cd
:10b10c000040eb000080fa00000006000e00fa0080
:10b11c002047980021079800624798004307980041
:10b12c00540798006507980000000000d0422200e8
:10b13c00104078000004e000fcff3a006e00900024
:10b14c00810c2000010878005e00900011c0b30053
:10b15c00014878006e009000a4fe0700e14f5000fb
:10b16c0006003a005e0090001040780080407800a5
:10b17c0070c5b30085fe07008c0037005e009000a0
:10b18c0021c0b300014878006e009000b0fe0700ab
:10b19c00e14f500006003a005e009000104078002d
:10b1ac008040780070c5b30078fe07007f00370040
:10b1bc005e00900031c0b300014878006e01900031
:10b1cc008040eb002e409000fafe0700e14f50004b
:10b1dc0006003a005e009000104078008040780035
:10b1ec0070c5b30069fe0700700037005e00900068
:10b1fc0041c0b300014878002e4090000080fb0055
:10b20c0001052000810f50000400320011052000c0
:10b21c00810f50001b003200270037002e009000d9
:10b22c004800de00004f7800ee0090001e407800d1
:10b23c0041ff0700e14f500006003a005e0090000d
:10b24c00104078008040780070c5b3004ffe0700b6
:10b25c00560037002e00900000407800ee00900061
:10b26c0035ff0700e14f50001f003a005e009000d0
:10b27c00104078008040780070c5b30043fe070092
:10b28c004a0037002e009000004f7800ee0090002e
:10b29c001e40780028ff0700e14f500014003a00d0
:10b2ac005e009000104078008040780070c5b300bc
:10b2bc0036fe07003d0037002e009000004078005d
:10b2cc00ee0090001cff0700e14f50000a003a000e
:10b2dc005e009000104078008040780070c5b3008c
:10b2ec002afe070031003700000000000300370081
:10b2fc000000000001003700000000005e0090001c
:10b30c0051c0b300014878000040eb00004f7800ba
:10b31c000f0037001e80fb00ce0090000080400024
:10b32c0010407800ee00900003ff0700e14f500042
:10b33c0006003a005e0090001040780080407800d3
:10b34c0070c5b30011fe0700180037001e4fe8004f
:10b35c006e4090009e40780080cf5000edff390089
:10b36c005e00900061c0b300014878006e00900050
:10b37c000fff0700e14f500006003a005e009000fe
:10b38c00104078008040780070c5b300fffd0700c6
:10b39c00060037005e0090008040eb00014878000a
:10b3ac00d042220051c0b300014878000080fa005e
:10b3bc00000006000e00fa002047980021079800b4
:10b3cc006247980043079800540798006507980057
:10b3dc0000000000d0422200104078000004e00081
:10b3ec00fcff3a006e009000810c200001087800f0
:10b3fc005e00900011c0b300014878006e00900010
:10b40c00fafd0700e14f5000980032005e009000fa
:10b41c0021c0b300014878006e0090000cfe0700bc
:10b42c00e14f5000930032005e00900031c0b30039
:10b43c00014878006e0190008040eb002e40900097
:10b44c005cfe0700e14f50008c0032005e00900063
:10b45c0041c0b300014878002e4090000080fb00f2
:10b46c0001052000810f500004003200110520005e
:10b47c00810f50001b003200270037002e00900077
:10b48c004800de00004f7800ee0090001e4078006f
:10b49c00a9fe0700e14f500006003a005e00900044
:10b4ac00104078008040780020c5b300b7fd07003d
:10b4bc007d0037002e00900000407800ee009000d8
:10b4cc009dfe0700e14f50001f003a005e00900007
:10b4dc00104078008040780020c5b300abfd070019
:10b4ec00710037002e009000004f7800ee009000a5
:10b4fc001e40780090fe0700e14f500014003a0007
:10b50c005e009000104078008040780020c5b300a9
:10b51c009efd0700640037002e009000004078006c
:10b52c00ee00900084fe0700e14f50000a003a0044
:10b53c005e009000104078008040780020c5b30079
:10b54c0092fd070058003700000000000300370090
:10b55c000000000001003700000000005e009000b9
:10b56c0051c0b300014878006e009000f6fd070052
:10b57c00e14f5000430032005e00900061c0b30008
:10b58c00014878006e01900011c0b3002e4090006d
:10b59c0008fe0700e14f50003c0032005e009000b6
:10b5ac0071c0b300014878000040eb00004f7800f8
:10b5bc001c0037006e009000b3fe0700e14f5000f6
:10b5cc00340032001e80fb00ce0090000080400052
:10b5dc00a124800081407800014878001e80fb0087
:10b5ec008000e8006e4090000080fb00808f5000cf
:10b5fc0006003a00ee00900010c0b300affd07004b
:10b60c00e14f500006003a0027003700ee00900092
:10b61c000040eb00a9fd0700e14f50001f00320075
:10b62c001e4fe8006e4090009e40780080cf500086
:10b63c00e0ff39005e00900081c0b3000148780043
:10b64c006e0090005afe0700e14f500015003200ca
:10b65c005e0090008040eb0001487800d042220050
:10b66c0051c0b300014878000f0037000000000003
:10b67c000d003700000000000b0037000000000038
:10b68c000900370000000000070037000000000030
:10b69c000500370000000000030037000000000028
:10b6ac0001003700000000000080fa0000000600d6
:10b6bc000000fa00da46a9000a003700de46a800ae
:10b6cc0000052000010020007ee6020001000000c1
:10b6dc00de46a90000052000010020007ee60200e5
:10b6ec0001000000e0368000680060000000e0000f
:10b6fc00f2ff3200da46a8000080fa0000000600d3
:10b70c000000fa009e24ef0000002800d0248800de
:10b71c00c0042000c02488000080fa00000006004d
:10b72c000000fa009be4a9000080fa00000006006b
:10b73c000400fa0020479800ae40900000cfb30000
:10b74c0000cf60001e80fb004400de00004f78003c
:10b75c001e4078006a00b90000007800004f7800a5
:10b76c002e4090006f406000204798002e409000c3
:10b77c001e4f40001e4078000080fa0000000600ba
:10b78c000400fa00204798002e4090008080fb00b7
:10b79c00d0cc2c000008b8004308de00004f780025
:10b7ac001e4078004400dd00004f78002e409000d1
:10b7bc000081fb00d0cc2c000010b8004308de0048
:10b7cc006a00b90000007800000051002047980082
:10b7dc002e4090001e4f40001e4078000080fa0062
:10b7ec00000006000200fa00000f78001e0078002e
:10b7fc00104078000080fb00e50f50002b00320059
:10b80c00e50f50000c003c00e20f50001800320015
:10b81c00e20f500003003c00e10f50000f0032001b
:10b82c003b003700e30f500016003200e40f5000cd
:10b83c001900320036003700e70f500025003200a7
:10b84c00e70f50001e003500e80f500026003200b4
:10b85c00e90f5000290032002d003700f0d82b00e2
:10b86c002ee402000100000010c0b30029003700d4
:10b87c0040da2b002ee402000100000020c0b300cf
:10b88c0024003700a0db2b002ee402000100000096
:10b89c0030c0b3001f00370080dd2b002ee4020007
:10b8ac000100000040c0b3001a00370010df2b006d
:10b8bc002ee402000100000050c0b3001500370058
:10b8cc0060e02b002ee402000100000060c0b30019
:10b8dc0010003700b0e12b002ee402000100000044
:10b8ec0070c0b3000b00370030e32b002ee40200d5
:10b8fc000100000080c0b3000600370000e52b00fb
:10b90c002ee402000100000090c0b30001003700db
:10b91c000040eb000080fa00000006000400fa0072
:10b92c0090e62b002ee40200010000000e00e8005f
:10b93c00a53d2200c43d22008001780012c0b30056
:10b94c00014c200000c5b3009afe07001e40900079
:10b95c00e14f40000a003a000040eb00104798000d
:10b96c000e00e800a53d2200c43d220080017800b5
:10b97c0012c0b300014c200000c5b300e3fd07006a
:10b98c00a53d2200c43d22003342220012c0b30068
:10b99c001100200010c5b30086fe070030422200c3
:10b9ac009040780000c8b30000cf60001e407800c3
:10b9bc000004e0000e0032001e4090000040e80041
:10b9cc00104798000e00e800a53d2200c43d22005f
:10b9dc008001780012c0b300014c200000c5b300f8
:10b9ec00cafd070030e72b002ee402000100000026
:10b9fc000e80e800a53d2200c43d220080017800a5
:10ba0c0012c0b300a146200000c5b30069fe0700b8
:10ba1c002e4090000004e00004003a003042220066
:10ba2c00104078000004e00010003d002e40900013
:10ba3c000004e0000300320030e92b002ee4020089
:10ba4c00010000000040eb00204798000e80e80049
:10ba5c00a53d2200c43d22008001780012c0b30035
:10ba6c00a146200000c5b300a8fd07002700070071
:10ba7c00a53d2200c43d22000343220012c0b300a6
:10ba8c009102200010c5b3004afe0700c03d220001
:10ba9c00104078000004e00003003200c03d22009a
:10baac0050ff070017003700a53d2200c43d2200bf
:10babc002343220012c0b300a102200010c5b30022
:10bacc003cfe0700c03d2200104078000004e0005e
:10badc0003003200c03d220042ff0700090037007e
:10baec00a53d2200c43d22006343220012c0b300d6
:10bafc000101200010c5b3002efe0700c03d22003e
:10bb0c0038ff07000080fa00000006000200fa006f
:10bb1c0040eb2b002ee4020001000000d03d22007f
:10bb2c00c1c2b30001487800a53d2200c43d2200eb
:10bb3c00d33d220012c0b300f102200010c5b300a7
:10bb4c0072fd0700c03d2200104078000004e000a8
:10bb5c0003003200c03d220022ff07004a003700dc
:10bb6c00a02181000070a000a0218900a0218100eb
:10bb7c000060a100a0218900a02181000050a1003b
:10bb8c00a0218900a02181000040a100a0218900f2
:10bb9c00a121810030ff2f00008060000020a00058
:10bbac00a0218900a1218100c0ff2f00008060002e
:10bbbc000010a000a0218900a53d2200c43d220058
:10bbcc004343220012c0b3007102200010c5b30021
:10bbdc004efd0700c03d2200104078000004e0003c
:10bbec0006003200d0eb2b002ee402000100000016
:10bbfc00c03d2200fbfe070023003700004322005b
:10bc0c008040eb0001487800802181000070a0008a
:10bc1c0080218900a53d2200c43d2200034322005f
:10bc2c0012c0b3009102200010c5b30037fd07000d
:10bc3c00a53d2200c43d22003342220012c0b300b5
:10bc4c001100200010c5b300dafd070030422200bd
:10bc5c0010407800004f78001e4078000074a1005e
:10bc6c00004f7800a53d2200c43d22008e017800d3
:10bc7c0012c0b3001100200010c5b30023fd070053
:10bc8c00c03d2200d7fe07000080fa00000006002d
:10bc9c000200fa00000f7800720020008000eb0018
:10bcac001e0078005005020000000000a53d220097
:10bcbc00c43d22003342220072c0b30011002000a8
:10bccc0010c5b300bbfd0700c03d2200104078003a
:10bcdc000004e00003003200c03d2200c1fe07005a
:10bcec003700370030422200104078008040780046
:10bcfc000174a10030422200014878003042220039
:10bd0c00104078008afe0700804078001e00780002
:10bd1c00214098004042220010407800804078007a
:10bd2c000174a100404222000148780040422200e8
:10bd3c00104078007efe0700804078001e007800de
:10bd4c0011409800504222001040780078fe070005
:10bd5c00804078001e007800014878006042220084
:10bd6c001040780072fe0700804078001e007800ba
:10bd7c003140980070422200104078006cfe0700a1
:10bd8c00804078001e0078005140980080422200cc
:10bd9c001040780066fe0700804078001e00780096
:10bdac0041409800904222001040780060fe07004d
:10bdbc00804078001e007800614098000040eb0045
:10bdcc000080fa00000006000200fa00000f780064
:10bddc001e0078000000e00047003200d03d220039
:10bdec0011c0b30001487800e03d220041cab30005
:10bdfc0001487800f03d22008040eb0001487800bb
:10be0c001e007800204090005dfe0700013e2200dd
:10be1c00804878001e0078001040900058fe070003
:10be2c00113e2200804878001e00780010407800f7
:10be3c0053fe0700213e2200804878001e00780047
:10be4c00304090004efe0700313e220080487800c2
:10be5c001e0078005040900049fe0700413e220031
:10be6c00804878001e0078004040900044fe070097
:10be7c00513e2200804878001e00780060409000ff
:10be8c003ffe0700613e220080487800a53d22005d
:10be9c00c43d2200d33d2200a2c0b300e102200029
:10beac0010c5b30099fc0700c03d2200104078007b
:10bebc000004e00003003200c03d220049fe0700f0
:10becc000e003700d03d22008040eb000148780086
:10bedc00a53d2200c43d2200d33d220012c0b30078
:10beec00e102200010c5b30088fc0700c03d220011
:10befc003cfe07000100370010c0b3000080fa00c0
:10bf0c00000006000800fa0020079800614798001e
:10bf1c00724798002e0090002040900080407800de
:10bf2c006e40900000cf40002e009000104090001a
:10bf3c00804078007e40900000c040001047980080
:10bf4c002e00900010407800204798009e80fb0047
:10bf5c00908828000008b8004508de0000407800f2
:10bf6c009e40900000c04000104798001e81fb00ce
:10bf7c00908828000010b800c508de00c00320001f
:10bf8c000088b9000000780000005100004f7800d4
:10bf9c001e4090008080fb00908828000008b800ac
:10bfac004508de0000407800ae40900000c0400024
:10bfbc00204798001e4090000081fb0090882800cc
:10bfcc000010b800c508de00c00320000088b900ce
:10bfdc000000780000005100104798002e4090009f
:10bfec000081fb00b0aa2a000010b8004408de0053
:10bffc007800b9000000780000005100204798003c
:10c00c001e407800defd0700d13d220080487800fc
:10c01c001e409000dafd0700e13d220080487800c8
:10c02c002e409000d6fd0700f13d2200804878009c
:10c03c002e00900030409000d1fd0700013e220000
:10c04c00804878002e00900040409000ccfd070006
:10c05c00113e220080487800a53d2200c43d2200fc
:10c06c00d33d220052c0b3008100200010c5b300a4
:10c07c0026fc0700c03d2200dafd07000080fa0014
:10c08c00000006000600fa00004f780011479800e7
:10c09c002247980033479800444798004e40900040
:10c0ac00b7fd0700d13d2200804878003e4090004b
:10c0bc00b3fd0700e13d2200804878002e4090003f
:10c0cc00affd0700f13d2200804878001e4078004b
:10c0dc00abfd0700013e2200804878001e40900016
:10c0ec00a7fd0700113e220080487800a53d2200e4
:10c0fc00c43d2200d33d220052c0b3008100200079
:10c10c0010c5b30001fc0700c03d2200b5fd0700bf
:10c11c000080fa00000006000a00fa00000f780008
:10c12c0011079800220798003307980044079800dd
:10c13c00a53d2200c43d22003342220052c0b30070
:10c14c008100200010c5b3009afc0700c03d2200fe
:10c15c00104078000004e00003003200c03d2200d3
:10c16c00a0fd07001a003700304222001040780072
:10c17c006ffd0700ce0090008048780040422200fe
:10c18c00104078006afd0700be00900080487800df
:10c19c00504222001040780065fd0700ae00900070
:10c1ac0080487800604222001040780060fd070053
:10c1bc009e00780080487800704222001040780081
:10c1cc005bfd07009e009000804878000040eb006b
:10c1dc000080fa00000006000200fa00004f780010
:10c1ec0011479800604322009040780000ceb300c5
:10c1fc0080c0600060432200014878006043220048
:10c20c00104078009e4040006043220001487800b6
:10c21c00a53d2200c43d22006343220012c0b3009e
:10c22c000101200010c5b300b8fb0700c03d22007f
:10c23c00104078000004e00003003200c03d2200f2
:10c24c0068fd0700300037001e4090000080fb00a6
:10c25c00e10f50000b003200e20f500010003200d2
:10c26c000000e00015003a00802181000040a10090
:10c27c0080218900902181000040a100902189003b
:10c28c000e003700802181000040a0008021890031
:10c29c00902181000040a100902189000700370007
:10c2ac00802181000040a100802189009021810023
:10c2bc000040a000902189000000000000432200f3
:10c2cc0090407800d03d22000148780020432200a5
:10c2dc0090407800e03d220001487800a53d220006
:10c2ec00c43d2200d33d220022c0b30091022000a5
:10c2fc0010c5b30085fb0700f0cdb300de010700cd
:10c30c00c03d220037fd07000080fa000000060047
:10c31c000400fa00000f780011079800a53d2200d8
:10c32c00c43d22006343220012c0b300010120006f
:10c33c0010c5b3001ffc0700c03d22001040780060
:10c34c000004e00003003200c03d220025fd070080
:10c35c002f0037006043220010407800ff4060003f
:10c36c001e00780001487800a53d2200c43d220043
:10c37c003342220022c0b3009102200010c5b3004a
:10c38c000cfc0700c03d2200104078000004e000c7
:10c39c0003003200c03d220012fd07001c003700d4
:10c3ac00304222009040780000432200014878007f
:10c3bc00404222009040780020432200014878003f
:10c3cc0080218100700060000000e0000400320059
:10c3dc001e00900011c0b300014878000b0037001c
:10c3ec0090218100700060000000e0000400320029
:10c3fc001e00900021c0b3000148780003003700f4
:10c40c001e0090008040eb00014878000040eb00db
:10c41c000080fa00000006000000fa00b021810044
:10c42c000040a100b0218900b02181000030a100a2
:10c43c00b0218900b02181000020a100b021890029
:10c44c00b02181000010a100b0218900b021810031
:10c45c000000a100b0218900a53d2200c43d2200ae
:10c46c006343220012c0b3000101200010c5b300c9
:10c47c0026fb0700c03d2200dafc07000080fa0012
:10c48c00000006000600fa001007980041479800cb
:10c49c001e00900010409000804078004e409000ac
:10c4ac0000cf40001e00900010407800104798000c
:10c4bc009e80fb00908828000008b8004508de002c
:10c4cc00004078009e40900000c04000104798004b
:10c4dc001e81fb00908828000010b800c508de0003
:10c4ec00c00320000088b900000078000000510053
:10c4fc00004f78001e4090000081fb00b0aa2a007b
:10c50c000010b8004408de007800b9000000780084
:10c51c0000005100104798001e40780098fc07005e
:10c52c00d13d2200804878001e40900094fc07000a
:10c53c00e13d2200804878001e00900050409000a1
:10c54c008ffc0700f13d220080487800a53d2200b9
:10c55c00c43d2200d33d220032c0b300d1002000e4
:10c56c0010c5b300e9fa0700c03d22009dfc07008e
:10c57c000080fa00000006000400fa00004f78006a
:10c58c0011479800224798002e4090007cfc070031
:10c59c00d13d2200804878001e40900078fc0700b6
:10c5ac00e13d2200804878001e40780074fc0700b2
:10c5bc00f13d220080487800a53d2200c43d2200b8
:10c5cc00d33d220032c0b300d100200010c5b3000f
:10c5dc00cefa0700c03d220082fc07000080fa0062
:10c5ec00000006000600fa00000f78001107980002
:10c5fc0022079800a53d2200c43d220033422200b0
:10c60c0032c0b300d100200010c5b30069fb070095
:10c61c00c03d2200104078000004e000030032000e
:10c62c00c03d22006ffc0700100037003042220092
:10c63c00104078003efc0700ae0090008048780067
:10c64c00404222001040780039fc07009e00900008
:10c65c0080487800504222001040780034fc0700db
:10c66c009e007800804878000040eb000080fa00c3
:10c67c00000006000200fa00004f780011479800f5
:10c68c0020ed2b002ee4020001000000604322008c
:10c69c0010407800ff4060006043220001487800a1
:10c6ac0060432200904078001e4078004500dd0079
:10c6bc0080c040006043220001487800a53d220064
:10c6cc00c43d22006343220012c0b30001012000cc
:10c6dc0010c5b3008dfa0700c03d22001040780051
:10c6ec000004e00003003200c03d22003dfc0700c6
:10c6fc0034003700e0ed2b002ee4020001000000b6
:10c70c001e4090000080fb00e10f50000b00320037
:10c71c00e20f5000100032000000e00015003a005b
:10c72c00802181000030a1008021890090218100ae
:10c73c000030a100902189000e003700802181007b
:10c74c000030a00080218900902181000030a100e0
:10c75c009021890007003700802181000030a10062
:10c76c0080218900902181000030a0009021890057
:10c77c00000000000043220090407800d03d2200d1
:10c78c00014878002043220090407800e03d2200d0
:10c79c0001487800a53d2200c43d2200d33d220073
:10c7ac0022c0b3009102200010c5b30057fa070055
:10c7bc00e0ee2b002ee4020001000000c03d220040
:10c7cc0008fc07000080fa00000006000400fa00d4
:10c7dc00000f780011079800a53d2200c43d2200ef
:10c7ec006343220012c0b3000101200010c5b30046
:10c7fc00f0fa0700c03d2200104078000004e00071
:10c80c0003003200c03d2200f6fb07003100370068
:10c81c0060432200104078000080fb004500de00e1
:10c82c00804078001e00780001487800a53d220069
:10c83c00c43d22003342220022c0b30091022000ea
:10c84c0010c5b300dbfa0700c03d22001040780091
:10c85c000004e00003003200c03d2200e1fb0700b1
:10c86c001c00370030422200904078000043220028
:10c87c00014878004042220090407800204322007a
:10c88c000148780080218100680060000000e00011
:10c89c00040032001e00900011c0b3000148780063
:10c8ac000b00370090218100680060000000e00060
:10c8bc00040032001e00900021c0b3000148780033
:10c8cc00030037001e0090008040eb000148780008
:10c8dc000040eb000080fa00000006000000fa00a7
:10c8ec00b02181000070a100b0218900b02181002d
:10c8fc000060a100b0218900b02181000050a1008e
:10c90c00b0218900a53d2200c43d220063432200d2
:10c91c0012c0b3000101200010c5b300fbf90700e1
:10c92c00c03d2200affb07000080fa0000000600ab
:10c93c000200fa00004f7800c02181000070a100b5
:10c94c00c02189009e4078007fc060000080fb0001
:10c95c007f0060004200dd00c221810031f82f0011
:10c96c008100610001007000c0218900c12181009b
:10c97c00c0ff2f00008060000000a000c0218900d3
:10c98c00a53d2200c43d22008343220012c0b30007
:10c99c00d102200010c5b300dcf90700c03d220015
:10c9ac00104078000004e00003003200c03d22007b
:10c9bc008cfb0700100037009021810061006000a3
:10c9cc000000e0000a003a00902181000000a00065
:10c9dc0090218900a53d2200c43d22002343220062
:10c9ec0012c0b300a102200010c5b300c7f90700a4
:10c9fc00c03d22007bfb07000080fa00000006000f
:10ca0c000000fa00902181000000a1009021890013
:10ca1c00a53d2200c43d22002343220012c0b300d6
:10ca2c00a102200010c5b300b8f90700c03d2200d8
:10ca3c006cfb07000080fa00000006000000fa0002
:10ca4c00d0ef2b002ee4020001000000a53d2200d7
:10ca5c00c43d2200e342220012c0b300b102200008
:10ca6c0010c5b30053fa0700c03d22005dfb070060
:10ca7c000080fa00000006000200fa00004f780067
:10ca8c00b0f02b002ee4020001000000a53d2200b6
:10ca9c00c43d2200e342220012c0b300b1022000c8
:10caac0010c5b30043fa0700c03d220010407800c7
:10cabc000004e00003003200c03d220049fb0700e7
:10cacc000e003700e0422200104078009e406000cb
:10cadc00e042220001487800a53d2200c43d22001e
:10caec00e342220012c0b300b102200010c5b30013
:10cafc0086f90700c03d22003afb07000080fa00cf
:10cb0c00000006000000fa004022220010407800cd
:10cb1c000080fb00511e8000014178004112220070
:10cb2c008270780040222200104078008040e8009b
:10cb3c0040222200014878000080fa000000060024
:10cb4c000000fa0070942000104078000080fb0078
:10cb5c00a11d800001417800819420008270780032
:10cb6c0070942000104078008040e8007094200001
:10cb7c0001487800801d8000620060000000e00029
:10cb8c0001003200b023a900801d80006400600009
:10cb9c000000e00001003200b043a900801d8000bd
:10cbac00680060000000e00001003200b063a900e2
:10cbbc000080fa00000006000200fa00a53d2200e9
:10cbcc00c43d220013c1200012c0b300f1012000ab
:10cbdc0000c5b300e05902000100000010c12000a4
:10cbec0010407800e84f50000b00360010c12000b8
:10cbfc0041c0b30001487800a53d2200c43d22008d
:10cc0c0013c1200012c0b300f101200000c5b30015
:10cc1c008c58020001000000a53d2200c43d2200fa
:10cc2c0023c1200012c0b3000102200000c5b300d4
:10cc3c00e05902000100000020c1200010407800e3
:10cc4c00e84f50000b00360020c1200051c0b3004b
:10cc5c0001487800a53d2200c43d220023c12000dc
:10cc6c0012c0b3000102200000c5b3008c580200b2
:10cc7c0001000000a53d2200c43d220033c120006c
:10cc8c0012c0b3001102200000c5b300e05902002d
:10cc9c000100000030c1200010407800e84f500027
:10ccac000b00360030c1200041c0b30001487800b1
:10ccbc00a53d2200c43d220033c1200012c0b300a8
:10cccc001102200000c5b3008c58020001000000c6
:10ccdc00a53d2200c43d220043c1200012c0b30078
:10ccec002102200000c5b300e05902000100000041
:10ccfc0040c1200010407800e84f50000b00360077
:10cd0c0040c1200051c0b30001487800a53d22006d
:10cd1c00c43d220043c1200012c0b30021022000f8
:10cd2c0000c5b3008c58020001000000a53d220094
:10cd3c00c43d220053c1200012c0b30031022000b8
:10cd4c0000c5b300e05902000100000050c12000f2
:10cd5c0010407800e84f50000b00360050c1200006
:10cd6c0041c0b30001487800a53d2200c43d22001b
:10cd7c0053c1200012c0b300f101200000c5b30064
:10cd8c008c58020001000000a53d2200c43d220089
:10cd9c0063c1200012c0b3005102200000c5b300d3
:10cdac00e059020001000000a53d2200c43d220014
:10cdbc0073c1200012c0b3008140200000c5b30035
:10cdcc00e05902000100000070c120001040780002
:10cddc00e84f50000b00360070c1200041c0b3007a
:10cdec0001487800a53d2200c43d220073c12000fb
:10cdfc0012c0b3008140200000c5b3008c58020063
:10ce0c0001000000a53d2200c43d220083c120008a
:10ce1c0012c0b3001141200000c5b300e05902005c
:10ce2c000100000080c1200010407800e84f500045
:10ce3c000b00360080c1200051c0b30001487800bf
:10ce4c00a53d2200c43d220083c1200012c0b300c6
:10ce5c001141200000c5b3008c58020001000000f5
:10ce6c00620020008000eb00605f22005005020091
:10ce7c0000000000a20120008000eb0060c2200036
:10ce8c005005020000000000908020008040eb0064
:10ce9c00014878000040eb00004f78000400370098
:10ceac001e407800ba6e0200000000001e4fe80021
:10cebc001e407800e34f5000f9ff360020c5b30048
:10cecc00883c0200010000000000eb00602f89008c
:10cedc00c05e2200a53d2200c43d220080017800e6
:10ceec0022c0b300f12e200000c5b300e0590200af
:10cefc00010000000000eb00702f8900e05e2200b2
:10cf0c00a53d2200c43d22008001780022c0b30060
:10cf1c00112f200000c5b300e059020001000000f1
:10cf2c000000eb00802f8900005f2200a53d22004d
:10cf3c00c43d22008001780022c0b300312f2000b4
:10cf4c0000c5b300e0590200010000000000eb0036
:10cf5c00902f8900205f2200a53d2200c43d2200b5
:10cf6c008001780022c0b300c12f200000c5b3009f
:10cf7c00e059020001000000a53d2200c43d220042
:10cf8c00435f220012c0b3004102200000c5b30071
:10cf9c00e059020001000000405f220010407800c0
:10cfac00e44f500003003600405f22008040eb004d
:10cfbc0001487800a53d2200c43d2200c33c22005c
:10cfcc0012c0b300c12e200000c5b300e05902000e
:10cfdc0001000000a53d2200c43d2200d33c2200ec
:10cfec0012c0b300d12e200000c5b300e0590200de
:10cffc0001000000003b2200a53d2200c43d2200a0
:10d00c008001780042c0b300112d200000c5b30090
:10d01c00e059020001000000403b2200a53d220027
:10d02c00c43d22008001780042c0b300512d200085
:10d03c0000c5b300e059020001000000a53d22002c
:10d04c00c43d2200a331220012c0b300712f200076
:10d05c0000c5b300e059020001000000a53d22000c
:10d06c00c43d2200b331220012c0b300812f200036
:10d07c0000c5b300e059020001000000a53d2200ec
:10d08c00c43d2200c331220012c0b300912f2000f6
:10d09c0000c5b300e059020001000000a53d2200cc
:10d0ac00c43d2200d331220012c0b300a12f2000b6
:10d0bc0000c5b300e059020001000000a0c7200029
:10d0cc00a53d2200c43d22008001780022c0b3009f
:10d0dc00b101200000c5b300e059020001000000be
:10d0ec0020e92000a53d2200c43d220080017800eb
:10d0fc0042c1b3004100200000c5b300e05902005a
:10d10c0001000000a53d2200c43d220013c42000f4
:10d11c0012c0b300b12e200000c5b300e0590200cc
:10d12c0001000000a53d2200c43d220023c42000c4
:10d13c0012c0b300e12e200000c5b300e05902007c
:10d14c000100000080312200a53d2200c43d2200d8
:10d15c008001780022c0b300512f200000c5b3001d
:10d16c00e059020001000000a53d2200c43d220050
:10d17c00e331220012c0b300b12f200000c5b30070
:10d18c00e0590200010000000e00e800a53d22005d
:10d19c00c43d22008001780012c0b300d1012000f0
:10d1ac0000c5b300e0590200010000001e409000d1
:10d1bc000080fb006060880061608000c00320007c
:10d1cc000088b9000000780060608800a53d22004e
:10d1dc00c43d220043c2200012c0b30031412000e4
:10d1ec0000c5b300e059020001000000a53d22007b
:10d1fc00c43d220053c2200012c0b30041412000a4
:10d20c0000c5b300e059020001000000a53d22005a
:10d21c00c43d220003c4200012c0b300a1032000af
:10d22c0000c5b300e059020001000000a53d22003a
:10d23c00c43d22009322210012c0b300e103200060
:10d24c0000c5b300e059020001000000a53d22001a
:10d25c00c43d2200a322210012c0b300f103200020
:10d26c0000c5b300e059020001000000a02221001b
:10d27c009040780040c6b30080cf500003003600c9
:10d28c00a0222100c1c3b3000148780000c42000d3
:10d29c00104078000080fb00640060000000e0009b
:10d2ac000400320070e8200011c0b300014878007f
:10d2bc000300370070e820008040eb000148780044
:10d2cc00a53d2200c43d22001326210012c0b3004c
:10d2dc00b141200000c5b300e0590200010000007c
:10d2ec00a53d2200c43d22002326210012c0b3001c
:10d2fc00c141200000c5b300e0590200010000004c
:10d30c00a53d2200c43d22003326210012c0b300eb
:10d31c00d141200000c5b300e0590200010000001b
:10d32c00a53d2200c43d22004326210012c0b300bb
:10d33c00e141200000c5b300e059020001000000eb
:10d34c00a53d2200c43d22005326210012c0b3008b
:10d35c00f141200000c5b300e059020001000000bb
:10d36c00a53d2200c43d22006326210012c0b3005b
:10d37c000142200000c5b300e0590200010000008a
:10d38c00a53d2200c43d2200a3c1200012c0b30061
:10d39c008141200000c5b300e059020001000000eb
:10d3ac00a0c1200010407800e54f50000b00360063
:10d3bc00a0c1200031c0b30001487800a53d220077
:10d3cc00c43d2200a3c1200012c0b3008141200043
:10d3dc0000c5b3008c58020001000000a53d2200de
:10d3ec00c43d2200d3c1200012c0b3006141200013
:10d3fc0000c5b300e059020001000000d0c12000bc
:10d40c0010407800e84f50000b003600d0c12000cf
:10d41c0041c0b30001487800a53d2200c43d220064
:10d42c00d3c1200012c0b3006141200000c5b3007d
:10d43c008c58020001000000a53d2200c43d2200d2
:10d44c00e3c1200012c0b3007141200000c5b3003d
:10d45c00e059020001000000e0c1200010407800fb
:10d46c00e84f50000b003600e0c1200061c0b30053
:10d47c0001487800a53d2200c43d2200d3c1200004
:10d48c0012c0b3007141200000c5b3008c580200db
:10d49c00010000000080fa00000006000400fa0001
:10d4ac00889fbe00e0b62c002ee4020001000000b4
:10d4bc00840407007a46a800308020008040eb00ee
:10d4cc0001487800408020008040eb000148780043
:10d4dc000000eb00705888006080200011c0b30081
:10d4ec00014878000000eb0050938800d0802000a9
:10d4fc008040eb0001487800c08020008040eb00a9
:10d50c0001487800822120008000eb0020f22000ee
:10d51c005005020000000000420120008000eb00da
:10d52c0020c520005005020000000000620c200005
:10d53c008000eb00808d21005005020000000000ef
:10d54c00820d20008000eb00e099210050050200c4
:10d55c0000000000720020008000eb0080f0200032
:10d56c005005020000000000720020008000eb005b
:10d57c0080ef200050050200000000007200200027
:10d58c008000eb0080f1200050050200000000003c
:10d59c00720020008000eb0000f12000500502001a
:10d5ac0000000000a20120008000eb0060c22000ff
:10d5bc005005020000000000020620008000eb0075
:10d5cc00c03d210050050200000000008200200038
:10d5dc008000eb0020ab2100500502000000000091
:10d5ec00820320008000eb0080c820005005020060
:10d5fc0000000000a20120008000eb00c0222100ee
:10d60c005005020000000000a20120008000eb0089
:10d61c00602421005005020000000000c20120001f
:10d62c008000eb00003222005005020000000000d8
:10d63c00c21b20008000eb000044210050050200ba
:10d64c0000000000905a2100a1c5b30001487800e9
:10d65c00620020008000eb00c05f2100500502003a
:10d66c0000000000006021008040eb0001487800c1
:10d67c00020820008000eb00206021005005020011
:10d68c0000000000a21c20008000eb0040e0210004
:10d69c0050050200000000000000eb0070fe880046
:10d6ac00f0ff2700f091880020242100a1c5b300d1
:10d6bc000148780030242100a1c5b300014878004e
:10d6cc0040242100a1c5b30001487800c0252100e9
:10d6dc00a1c5b30001487800d0252100a1c5b30035
:10d6ec0001487800e0252100a1c5b300014878006d
:10d6fc000000eb00000f7800090037001e007800d6
:10d70c00c200dd0080ea20000080400042002000c2
:10d71c008000eb0050050200000000001e0fe80026
:10d72c001e007800f30f5000f4ff340060e8200076
:10d73c008040eb0001487800720020008000eb0074
:10d74c00003d220050050200000000006000b800ff
:10d75c00c01d8900d11d89006000b800001e890021
:10d76c00111e8900e0262100f1c3b30001487800a6
:10d77c006000b800e01d8900f11d89006000b80050
:10d78c00201e8900311e8900d0262100f1c3b30070
:10d79c0001487800803c22008040eb000148780072
:10d7ac000000eb00501e89006000b800a01b89002f
:10d7bc00b11b89006000b800c01b8900d11b890017
:10d7cc006000b800e01b8900f11b89006000b80004
:10d7dc00001c8900111c8900403822008040eb009d
:10d7ec0001487800503822008040eb000148780056
:10d7fc0000f1200091c1b30001487800e0c0200086
:10d80c008040eb0001487800f0c020008040eb0025
:10d81c000148780000c120008040eb0001487800ee
:10d82c0000c420008040eb000148780060222100f9
:10d83c008040eb0001487800e0e3020001000000aa
:10d84c000000eb00100798000e00370031c42000d8
:10d85c001e009000008040008040eb0001487800e2
:10d86c0081c420001e009000000040000080400099
:10d87c008000eb00010878001e0090000000e8001a
:10d88c00100798001e009000e30f5000efff3400cb
:10d89c00002621008040eb0001487800a080200089
:10d8ac008040eb0001487800b6e6a800b6c6a80098
:10d8bc00ca06a800ca26a800c08020008040eb0041
:10d8cc0001487800d08020008040eb0001487800af
:10d8dc00609420008040eb00014878007094200098
:10d8ec008040eb0001487800b0ae20008040eb0097
:10d8fc000148780050b020008040eb0001487800cf
:10d90c0000c520008040eb00014878004200200058
:10d91c008000eb00e0c72000500502000000000072
:10d92c00e20020008000eb00a0ab210050050200bb
:10d93c0000000000020620008000eb00c03d21002a
:10d94c005005020000000000d70307002104070067
:10d95c0014030700865b020001000000c03d22009a
:10d96c008040eb000148780040012000d01e890067
:10d97c0091fc07000040eb00028402000100000053
:10d98c008080200011c8b30001487800d0c7200067
:10d99c008040eb0001487800a080200041c0b3001b
:10d9ac00014878000000eb00b09e88006ce4020097
:10d9bc0001000000a0b72c002ee4020001000000c2
:10d9cc0090da20008040eb000148780030e720001e
:10d9dc008040eb0001487800702221008040eb0071
:10d9ec000148780010c0b30078ca020001000000a2
:10d9fc0000f020004e5e020001000000945c02006a
:10da0c00010000000040eb00426502000100000034
:10da1c0000f02000ea5e02000100000000f020008f
:10da2c004e5e020001000000803d210011c0b300d9
:10da3c0001487800667502000100000007003700fd
:10da4c000000000005003700000000000300370054
:10da5c000000000001003700000000000060fe0024
:10da6c00803d2100104078000004e00015003a00d1
:10da7c00b0b82c002ee402000100000000f02000e1
:10da8c004e5e020001000000f0cdb30042650200c2
:10da9c0001000000a2c0b3008040eb0000f02000a9
:10daac00885f020001000000f1c0b30000f020000c
:10dabc004862020001000000803d210011c0b3004b
:10dacc0001487800c02c2100104078000004e000d0
:10dadc0002003a0086d3020001000000602d2100f4
:10daec00104078000004e00002003a0022cd020051
:10dafc0000000000002e2100104078000004e0001f
:10db0c0002003a0056e5020001000000a02e2100a0
:10db1c00104078000004e00002003a0046e20200e7
:10db2c0001000000402f2100104078000004e000ac
:10db3c0002003a0038bb020001000000e02f210077
:10db4c00104078000004e00002003a004cc50200ce
:10db5c000100000060322100104078000004e00059
:10db6c0002003a00be75020001000000a033210043
:10db7c00104078000004e00002003a00005202005d
:10db8c000100000040342100104078000004e00047
:10db9c0002003a0034d702000100000020362100b8
:10dbac00104078000004e00002003a00f6910200f8
:10dbbc0001000000e0342100104078000004e00077
:10dbcc0002003a00fa8402000100000080352100b6
:10dbdc00104078000004e00002003a00b0cf0200d0
:10dbec000100000060372100104078000004e000c4
:10dbfc0002003a0050a6020001000000003821008b
:10dc0c00104078000004e00002003a002acc020028
:10dc1c0001000000a0382100104078000004e00052
:10dc2c0002003a0032da0200010000004039210003
:10dc3c00104078000004e00002003a0080ae0200c0
:10dc4c000100000030802000104078000004e0004b
:10dc5c006e00320012003700c080200010407800a7
:10dc6c000080fb00e1802000614078000080fb0018
:10dc7c00901d8800c0802000104078000080fb00c0
:10dc8c00e18020000041eb0082707800c080200011
:10dc9c00104078008040e800c080200001487800e7
:10dcac00811d800000102000008060000000e0005a
:10dcbc0036003200c080200090407800d0802000d8
:10dccc001040780080cf5000e3ff3a00300037005e
:10dcdc0040802000104078000080fb00e1572200bb
:10dcec00e140780060942000104078000080fb0038
:10dcfc00829420006240780080cf500013003a00dc
:10dd0c0040802000104078008040e80040802000d7
:10dd1c000148780040802000104078000080fb0013
:10dd2c00e1572200614078000004e0000a003a004c
:10dd3c00408020008040eb000148780030802000bb
:10dd4c0011c0b30001487800030037004080200068
:10dd5c008040eb000148780060942000104078006f
:10dd6c000080fb0081942000614078000080fb0063
:10dd7c00e01c880060942000104078008040e8008f
:10dd8c00609420000148780001003700000000007a
:10dd9c00d11c800000102000008060000000e0001a
:10ddac003400320060942000904078007094200081
:10ddbc001040780080cf5000c5ff3a002d0037008e
:10ddcc00c0802000104078000080fb00e180200023
:10dddc006140780076ba020000000000c08020008c
:10ddec00104078000080fb00e18020000041eb0037
:10ddfc0082707800c0802000104078008040e800dd
:10de0c00c0802000014878000100370000000000ad
:10de1c00c080200090407800d08020001040780016
:10de2c0080cf5000e6ff3a000c00370060942000d1
:10de3c00104078000080fb00819420006140780045
:10de4c007ae302000100000060942000104078008a
:10de5c008040e80060942000014878006094200025
:10de6c0090407800709420001040780080cf5000d3
:10de7c00eeff3a00e0c02000104078000004e00003
:10de8c000c003a00f0c02000104078000004e000c4
:10de9c0008003a0000c12000104078000004e000a7
:10deac0004003a0080c32000104078000004e00019
:10debc000400320010c0b300028402000100000014
:10decc00030037000040eb00028402000100000058
:10dedc00003d2100104078000004e000d8fe320024
:10deec00003d21008040eb0001487800b0738000b9
:10defc00e10f400003003200b07380000000e80026
:10df0c00b0738800c0738000e10f40000300320042
:10df1c00c07380000000e800c0738800d0738000dc
:10df2c00e10f400003003200d07380000000e800d5
:10df3c00d0738800e0738000e10f400003003200d2
:10df4c00e07380000000e800e0738800f07380004c
:10df5c00e10f400003003200f07380000000e80085
:10df6c00f073880000748000e10f40000300320061
:10df7c00007480000000e8000074880010748000b9
:10df8c00e10f400003003200107480000000e80034
:10df9c0010748800607480000000e0000300320000
:10dfac00607480000000e9006074880040f080001c
:10dfbc000000e0000400320040f080000000e900a6
:10dfcc0040f088000900370040f08000e10f50005d
:10dfdc0006003a0040f080000000e90040f08800a4
:10dfec0090b92c002ee40200010000002074800087
:10dffc000000e00003003200207480000000e90003
:10e00c0020748800b09e80000000e800b09e88005c
:10e01c00b19e800000192000808f50005200360005
:10e02c000000eb00b09e8800d0c7200010407800a4
:10e03c000004e0002c003200d0c720008040eb0030
:10e04c000148780080802000104078000004e00037
:10e05c0006003d0080802000104078008040780051
:10e06c000174a1008080200001487800908020007d
:10e07c00104078000004e0003b003d009080200040
:10e08c00104078008080fb000006200000806000bb
:10e09c000000e00034003a0090802000104078002e
:10e0ac00e3406000908020000148780090802000c0
:10e0bc00104078000004e000050032009080200041
:10e0cc00104078008040e8009080200001487800e3
:10e0dc0090802000104078008040e800a080200054
:10e0ec000148780020003700d0c7200011c0b300d1
:10e0fc000148780080802000104078000004e00087
:10e10c000900320080802000104078000004e000fc
:10e11c000500350080802000104078008040e90028
:10e12c00808020000148780090802000104078000a
:10e13c000004e0000c0032009080200010407800b9
:10e14c008080fb00000e2000008060000000e000da
:10e15c0005003a0090802000104078008040e900d3
:10e16c009080200001487800909e80000000e8001c
:10e17c00909e8800919e8000803e2000808f5000f1
:10e18c0031fe36000000eb00909e8800403d2100df
:10e19c00104078000004e00004003200403d2100f3
:10e1ac008040eb00014878000c003700403d210016
:10e1bc0011c0b300014878002037220010407800cd
:10e1cc000004e000050032002037220010407800e7
:10e1dc008040e900203722000148780000c120006f
:10e1ec00104078000004e0000500320000c120005f
:10e1fc00104078008040e90000c120000148780000
:10e20c006291800073918000e0ff2f00f1ff2000ed
:10e21c00800f5100818f590006003e0060918000f4
:10e22c007191800061004000e0804800609188009e
:10e23c007191880010a9210010407800e34f500024
:10e24c0006003a0080918000e10f4000030032008c
:10e25c00809180000000e80080918800f0aa2100e5
:10e26c0010407800e34f500006003a009091800077
:10e27c00e10f400003003200909180000000e800a4
:10e28c009091880010a9210010407800e34f5000b5
:10e29c0003003a0090d480000000e80090d488007d
:10e2ac00f0aa210010407800e34f500003003a0020
:10e2bc0080d580000000e80080d58800e0c32000f5
:10e2cc00104078000004e00005003200e0c320009c
:10e2dc00104078008040e900e0c32000014878003d
:10e2ec002080200010407800e14f400005003200f3
:10e2fc0020802000104078008040e8002080200022
:10e30c0001487800c1c68000000e2000008060002b
:10e31c000000e0000d003200c0c680004500de00a9
:10e32c00674060000040e900674060000080fb002f
:10e33c00670060004500dd00c2c68000f1f12f00cf
:10e34c008100610001007000c0c68800206680005a
:10e35c000000e00003003400206680000000e900ab
:10e36c0020668800206680000000e00003003d006d
:10e37c00206680000000e80020668800a0ae200027
:10e38c00104078000004e00005003200a0ae200030
:10e39c00104078008040e900a0ae200001487800d1
:10e3ac00b0132100104078000004e000050032009a
:10e3bc00b0132100104078008040e900b013210018
:10e3cc0001487800c0132100104078000004e000e0
:10e3dc0005003200c0132100104078008040e90095
:10e3ec00c013210001487800e01321001040780090
:10e3fc000004e00005003200e0132100104078001a
:10e40c008040e900e013210001487800f01321005e
:10e41c00104078000004e00005003200f0132100e9
:10e42c00104078008040e900f0132100014878008a
:10e43c00a0802000104078000004e00005003200ad
:10e44c00a0802000104078008040e900a0802000cf
:10e45c000148780030802000104078000004e00073
:10e46c000500320030802000104078008040e90028
:10e47c003080200001487800006680000000e80031
:10e48c00006688000166800000e12000808f50004b
:10e49c000800360090ba2c002ee4020001000000a7
:10e4ac0030cc200011c0b300014878000000eb0014
:10e4bc0000668800609180007191800000007800f7
:10e4cc00670060008004eb00000478000800be00c8
:10e4dc00e00f5000e08f58005dfd3a006080200096
:10e4ec00104078000004e0005bfd32006200200068
:10e4fc0071bc2c00e0bc20004205020000000000b2
:10e50c00e1bc2000e0bc200090850200000000006f
:10e51c0010b120002ee4020001000000d0bc2c0041
:10e52c002ee40200010000006ce402000100000077
:10e53c0060e82000104078008001fb0070e82000ab
:10e54c00104078000001fb00805e22001040780033
:10e55c008080fb0020372200104078000080fb00f8
:10e56c00831f7800821f7800811f7800801f78003d
:10e57c00f0bc2c00801f7800e0bc20001a050200c3
:10e58c0000000000ea875700e0bc20002ee40200e7
:10e59c000100000010b120008040eb000148780021
:10e5ac002efd37000200fa000000eb00000f78008f
:10e5bc00160037001e0078006a00b9008000780051
:10e5cc00c02c2100008040008040eb000148780006
:10e5dc001e0078006a00b90080007800e02c210051
:10e5ec00008040008000eb00010878001e007800dd
:10e5fc006a00b90080007800002d210000804000e6
:10e60c008000eb00010878001e0fe8001e00780067
:10e61c00f90f5000e7ff34000080fa0000000600fc
:10e62c000200fa00004f78001e80fb006a00b9005f
:10e63c0080007800c02c2100008040008040eb005e
:10e64c00014878000080fa00000006000200fa0081
:10e65c00004f78001e80fb006a00b9008000780033
:10e66c00c02c21000080400021c0b300014878007c
:10e67c000080fa00000006000400fa00004f780049
:10e68c00110798001e80fb006a00b900800078001a
:10e69c00e02c2100008040009e00900001087800d2
:10e6ac001e80fb006a00b90080007800c02c21009d
:10e6bc000080400011c0b300014878000080fa00cf
:10e6cc00000006000000fa00303f2400b033880040
:10e6dc0000002400503488009e26ef0040002000eb
:10e6ec0090358800c007200030368800c0342000e8
:10e6fc00d036880040002000d03388000000240071
:10e70c0070348800a226ef00400c2000b035880041
:10e71c00300020005036880000182000f0368800a9
:10e72c008826ef009c26ef00b026ef00c426ef00f1
:10e73c00d826ef00ec26ef008626ef009a26ef0095
:10e74c00ae26ef004000200010368800d626ef00e1
:10e75c00ea26ef000020200050378800000420003b
:10e76c00b03688007c26ef009026ef00a426ef0040
:10e77c00b826ef00cc26ef00e026ef00001f2000ab
:10e78c00f03388009226ef00a626ef00ba26ef00a1
:10e79c00e226ef0001088000f00b200000816000f1
:10e7ac0060042000710520000310200080497800cf
:10e7bc008149780082497800813f8000f00f280061
:10e7cc00808060000050200001007000803f8800b5
:10e7dc00b13e800000f82f0000806000b000b30054
:10e7ec00b03e8800e13d800000fc2f0000806000fe
:10e7fc000020a000e03d8800713f800000f82f0051
:10e80c00008060003000b300703f8800a13d8000a4
:10e81c0000fc2f00008060003001b300a03d880098
:10e82c00b13e8000f00f28008080600000a0200026
:10e83c0001007000b03e8800b13d800000fc2f004c
:10e84c0000806000e000b300b03d8800913d800086
:10e85c00f00f2c008080600000502200010070003e
:10e86c00903d8800f13e8000f00f28008080600011
:10e87c000030210001007000f03e8800000880008c
:10e88c00000178000260a0006004200071052000e7
:10e89c000310200080497800814978008249780073
:10e8ac000080fa00000006000000fa00410580001c
:10e8bc00f0ff28000080600000c0a0004005880028
:10e8cc009021ef00f0e72300900c88000000280056
:10e8dc00a00c88008860a9009860a8004106800000
:10e8ec00f0f82f00008060000040a0004006880077
:10e8fc007105800080ff2f00008060000000a000e8
:10e90c007005880061058000f0ff28000080600021
:10e91c0000c0a0006005880041068000f08f2f0029
:10e92c00008060000080a00040068800b1058000d7
:10e93c00f0ff28000080600000c0a000b005880037
:10e94c00b1058000f08f2f00008060000080a000d7
:10e95c00b005880081068000f0f82f000080600070
:10e96c000040a0008006880081068000f0ff28008f
:10e97c000080600000c0a000800688008106800036
:10e98c00f08f2f00008060000080a00080068800bf
:10e99c00e726a800e926a900d2c6a800d4c6a9007b
:10e9ac00d246a800d446a900d266a800d466a90015
:10e9bc00d286a800d486a900d2a6a800d4a6a90005
:10e9cc005fe6a8008a60a9009a60a8000080fa009f
:10e9dc00000006000000fa0000072800303a88000a
:10e9ec004827ef0000a32000503a88006000200068
:10e9fc00603a88004e27ef005027ef005627ef00b3
:10ea0c005a27ef00f422ef000080fa000000060005
:10ea1c000200fa00004f78001e80fb00603a88006c
:10ea2c004627a8000080fa00000006000200fa0049
:10ea3c000100370000000000303a800061006000e7
:10ea4c000000e000fbff320091388000010f7800dd
:10ea5c001e0078000080fa00000006001600fa0084
:10ea6c000e80e80021622c009cdf020001000000f7
:10ea7c00000f78001e0078008e80e80000804000b7
:10ea8c002a310200010000000080fb001e0f400034
:10ea9c001e0078008e80e80000804000b1622c00df
:10eaac009cdf0200010000001e0f40000e80e800f9
:10eabc002ee40200010000000080fa0000000600b5
:10eacc000200fa0000f020004e5e0200010000007f
:10eadc0030012000000f78001e0078000000e900d3
:10eaec00c200dd0080ea2000808040001e0078001b
:10eafc004201dd0080ea20000000410042002000bd
:10eb0c0042050200000000001e0fe9001e00780004
:10eb1c000000e000f0ff3c0030f0200010407800d6
:10eb2c0080407800b0ea20000148780000f0200016
:10eb3c00104078008040780080ea2000014878007e
:10eb4c0010f02000104078008040780090ea2000ff
:10eb5c000148780020f020001040780080407800b8
:10eb6c00a0ea2000014878000080fa0000000600ae
:10eb7c006800fa00509980008000eb00a20c200085
:10eb8c0003002000820f5000838f5800b6063e0011
:10eb9c0000600100ca0037000e013700ce013700bb
:10ebac00040237006a023700af063700ae063700a2
:10ebbc00ad063700ac063700ab063700d90237007c
:10ebcc004c0337005a033700c0033700ff033700ec
:10ebdc00c6043700fa043700a306370007053700d0
:10ebec002a053700380537007805370090053700bf
:10ebfc00980537009c0637009b0637009a063700ad
:10ec0c0099063700980637009706370096063700a6
:10ec1c0095063700940637009306370092063700a6
:10ec2c0040023700900637008f0637008e063700fb
:10ec3c008d0637008c0637008b0637008a063700a6
:10ec4c0089063700880637008706370086063700a6
:10ec5c0085063700840637008306370082063700a6
:10ec6c0081063700800637007f0637007e063700a6
:10ec7c007d0637007c0637007b0637007a063700a6
:10ec8c0079063700780637007706370076063700a6
:10ec9c0075063700740637007306370072063700a6
:10ecac0071063700700637006f0637006e063700a6
:10ecbc006d0637006c0637006b0637006a063700a6
:10eccc0069063700680637006706370066063700a6
:10ecdc0065063700640637006306370062063700a6
:10ecec0061063700600637005f0637005e063700a6
:10ecfc005d0637005c0637005b0637006805370099
:10ed0c0059063700580637005706370056063700a5
:10ed1c0055063700540637005306370052063700a5
:10ed2c00510637007e053700af053700bd053700ab
:10ed3c00010637003a0637004b0637004a06370003
:10ed4c004906370045063700470637009e02370054
:10ed5c00c9023700e102370043063700420637008c
:10ed6c00d203370008043700160437004d0437006f
:10ed7c003d0637003c0637003b0637003a063700a5
:10ed8c0039063700380637003706370036063700a5
:10ed9c0035063700340637003306370032063700a5
:10edac0031063700300637002f0637002e063700a5
:10edbc002d0637002c0637002b0637002a063700a5
:10edcc0029063700280637002706370026063700a5
:10eddc0025063700240637002306370022063700a5
:10edec0021063700200637001f0637001e063700a5
:10edfc001d0637001c0637001b0637001a063700a5
:10ee0c0019063700180637001706370016063700a4
:10ee1c0015063700140637001306370012063700a4
:10ee2c0011063700100637000f0637000e063700a4
:10ee3c000d0637000c0637000b0637000a063700a4
:10ee4c0009063700080637000706370006063700a4
:10ee5c0005063700040637000306370002063700a4
:10ee6c000106370000063700ff053700fe053700a6
:10ee7c00fd053700fc053700fb053700fa053700a8
:10ee8c00f9053700f8053700f7053700f6053700a8
:10ee9c00f5053700f4053700f3053700f2053700a8
:10eeac00f1053700f0053700ef053700ee053700a8
:10eebc00ed053700ec0537001d0237002602370040
:10eecc00a0c72000a53d2200c43d2200800178008f
:10eedc0022c0b300b101200000c5b300e05902000c
:10eeec0001000000c0c720008040eb000148780002
:10eefc00804e22008040eb0001487800904e2200aa
:10ef0c008040eb00014878006ce402000100000036
:10ef1c00d0622c002ee4020001000000a0c72000eb
:10ef2c00104078000041eb00e1bc200008b8020062
:10ef3c0001000000e0bc20002ee4020001000000f3
:10ef4c00a0632c002ee4020001000000b0c72000da
:10ef5c00104078000041eb00e1bc200008b8020032
:10ef6c0001000000e0bc20002ee4020001000000c3
:10ef7c00b0622c002ee4020001000000b0f0200072
:10ef8c00104078000004e0000b003a00c0f02000b4
:10ef9c00104078000004e00007003a00e0f0200088
:10efac00104078000004e00003003a0080f02000dc
:10efbc004e5e02000100000080f02000104078003e
:10efcc008040780010512200014878001000200089
:10efdc005099880000f020004e5e020001000000f5
:10efec0010512200104078008080fb0000f02000bf
:10effc00104078000000fb00808f50000b003200a6
:10f00c0000f0200010407800804078001051220061
:10f01c000148780050938000e10f4000030032005b
:10f02c00509380000000e8005093880000f020000e
:10f03c0010407800e14f500039003c000051220094
:10f04c00104078000004e00038003a0040a721008e
:10f05c009040780050a721000148780040a721007b
:10f06c008040eb00014878008099210090407800a6
:10f07c009099210001487800809921008040eb0094
:10f08c0001487800a099210090407800b0992100a7
:10f09c0001487800a09921008040eb0001487800dd
:10f0ac00c099210090407800d09921000148780047
:10f0bc00c09921008040eb0001487800a20120009b
:10f0cc00c122210060242100420502000000000042
:10f0dc00a20120008000eb00c0222100500502009c
:10f0ec0000000000f0ff2700f09188002024210090
:10f0fc00a1c5b3000148780030242100a1c5b3009c
:10f10c000148780040242100a1c5b30001487800d3
:10f11c000051220011c0b3000148780003003700f1
:10f12c00005122008040eb00014878009022210021
:10f13c00104078000080fb00620060000000e000de
:10f14c001e003200b0c72000104078000002fb0007
:10f15c00a0c72000104078008001fb0010f02000b8
:10f16c00104078000001fb0000f0200010407800f7
:10f17c008000fb000e80e800841f7800831f78005d
:10f18c00821f7800811f7800c1632c00811f7800da
:10f19c0091642c00811f780041062000cc040200f1
:10f1ac0000000000ec8757000040eb0060e798007f
:10f1bc000e80e8002ee402000100000000f02000a8
:10f1cc0090407800a0c720001040780080cf5000fd
:10f1dc001e003a0010f0200090407800b0c72000cc
:10f1ec001040780080cf50001800350010f020003f
:10f1fc00104078008000fb00b0c720001040780061
:10f20c000000fb0063004000808f50000f003c00aa
:10f21c00804e2200104078000004e0001e003a00ee
:10f22c00c0c720008040eb00014878006ce402006d
:10f23c000100000080662c002ee40200010000009a
:10f24c00200020005099880013003700804e2200c7
:10f25c00104078000004e0000f003200804e2200c5
:10f26c008040eb000148780000c42000104078007a
:10f27c000004e00008003d00a08c210090407800c4
:10f28c0050c3b30080cf500003003a00f03122008d
:10f29c0021c0b30001487800c0c72000104078009e
:10f2ac000080fb00630060000000e0000200320000
:10f2bc00200020005099880050998000e10f5000e8
:10f2cc00f1043a00017d200090c0b30042730200ab
:10f2dc000100000025053700a03d210010407800fa
:10f2ec00e14f50002e003a006022210010407800bf
:10f2fc000004e0002a003a00e09a80000000e000e0
:10f30c0027003a00909a80000000e00024003a00a8
:10f31c00309b80000000e00021003a0070c2200009
:10f32c00104078000004e0001d003a0070c320007b
:10f33c00104078000004e00019003a0040c5b3000a
:10f34c0022c9020001000000b08020008040eb00c8
:10f35c0001487800804e220011c0b30001487800ab
:10f36c00f0c0200011c0b30001487800908020004c
:10f37c0001c6b3000148780040c5b300883c0200c8
:10f38c0001000000a0cc8000b1cc800020278900b7
:10f39c00312789003000200050998800f304370091
:10f3ac00813e200090c0b3004273020001000000b7
:10f3bc00ee043700a03d210010407800e14f5000d2
:10f3cc0046003a00e09a80000000e00043003a005a
:10f3dc00909a80000000e00040003a00309b8000d2
:10f3ec000000e0003d003a0070c2200010407800a0
:10f3fc000004e00039003a0070c32000104078008f
:10f40c000004e00035003a0020ab21001000780029
:10f41c00610060000000e00030003a0020ab2100e9
:10f42c0010007800620060000000e0002b00320049
:10f43c0020ab2100b040900040c5b30080cf5000fd
:10f44c0026003a0040c5b300883c020001000000d1
:10f45c00d0672c002ee4020001000000f0c0200058
:10f46c0011c0b30001487800e0c7200011c0b30000
:10f47c0001487800f0c720008040eb00014878007c
:10f48c00c05d200000648800a05022008040eb008a
:10f49c0001487800b05022008040eb000148780011
:10f4ac009062800070288900c0c72000104078004e
:10f4bc000080fb00680060000000e00001003200ea
:10f4cc0066fd07003002200050998800b01321001f
:10f4dc0021c3b30001487800a4043700c15d2000ab
:10f4ec0090c0b300427302000100000020ab210069
:10f4fc0010007800610060000000e00064043a0035
:10f50c0020ab2100b040900040c5b30080cf50002c
:10f51c006104320040c5b30022c9020001000000a2
:10f52c0092043700f0c72000104078000004e0007f
:10f53c0004003a00b0132100104078000004e000f1
:10f54c0057043a0040002000509988008704370087
:10f55c00a0502200104078008040e800a05022000b
:10f56c00014878002103200090c0b30042730200d0
:10f57c0001000000b0358000640060000000e00075
:10f58c0005003a0090502200104078008040e800be
:10f59c0090502200014878009050220010407800d2
:10f5ac00e94f500004003e0090c12000104078004c
:10f5bc00e14f50001a003a00905022008040eb00be
:10f5cc00014878006ce4020001000000c0682c00c7
:10f5dc002ee4020001000000a000200050998800d9
:10f5ec0011c0b300000220003e36020001000000f2
:10f5fc009080200010407800804078000104a0002a
:10f60c009080200001487800908020001040780005
:10f61c00804078000164a1009080200001487800af
:10f62c00a050220010407800e64f40001e04360027
:10f63c00804e220010407800e24f50000c003e003b
:10f64c006ce402000100000060692c002ee4020052
:10f65c0001000000017d200090c0b3004273020045
:10f66c00010000003000200050998800270037006e
:10f67c00406a2c002ee402000100000090c1200022
:10f68c0010407800e14f500011003a0011c0b30057
:10f69c00000220003e360200010000009080200095
:10f6ac0010407800804078000104a0009080200079
:10f6bc00014878009080200010407800804078004d
:10f6cc000164a10090802000014878000d003700f3
:10f6dc00e06a2c002ee402000100000011c0b3000f
:10f6ec000002200070360200010000009080200013
:10f6fc0010407800804078000164a10090802000c8
:10f70c0001487800a000200050998800804e22000b
:10f71c00104078008040e800804e220001487800bc
:10f72c0012043700900c2000509988000f04370009
:10f73c00709780000000e000040032007197800098
:10f74c00900f2000808f5000d9033600a00c2000b1
:10f75c00509988000504370020c5b300883c02008e
:10f76c0001000000f0c020008040eb000148780050
:10f77c00d0c3b30086460200010000009080200038
:10f78c0010407800804078000174a0009080200028
:10f79c000148780000322200104078000004e0009c
:10f7ac0003003200e0062000509988000200370068
:10f7bc00f006200050998800b013210021c3b3003b
:10f7cc0001487800e9033700c0c680006100600082
:10f7dc000000e00021003a00b03322001040780015
:10f7ec000004e00009003200d06b2c002ee4020073
:10f7fc00010000009062800080007800003222003e
:10f80c004e300200010000000d003700506c2c003f
:10f81c002ee4020001000000a0332200104078000a
:10f82c0080407800906280008041eb0001417800bc
:10f83c0080007800003222006a30020001000000d3
:10f84c00c20120008000eb000032220050050200b3
:10f85c0000000000f006200050998800b013210031
:10f86c00104078000004e00093033a00f0062000fa
:10f87c0050998800bd033700c0c7200010407800a5
:10f88c000080fb00620060000000e000030032001a
:10f89c00100020005099880005003700a04e22006f
:10f8ac008040eb0001487800000720005099880048
:10f8bc00c0c72000104078000080fb00680060008a
:10f8cc000000e0000100320064fc0700c0c720000b
:10f8dc008040eb0001487800a4033700a04e2200c2
:10f8ec008040eb0001487800c0002000509988004f
:10f8fc009e033700a04e2200104078008040e800a4
:10f90c00a04e220001487800a04e22001040780042
:10f91c00e94f500003003600200120005099880068
:10f92c0092033700c0002000509988008f033700e5
:10f93c00a04e2200104078000080fb003028890087
:10f94c00302881004600dd003028890030288100f5
:10f95c001004b00030288900302881000080e800b5
:10f96c00a53d2200c43d2200d350220012c0b3009a
:10f97c008000780000c5b300e059020001000000cf
:10f98c00d05022009040780000c8b30080c06000c6
:10f99c008050220001487800b00020005099880067
:10f9ac00d0502200104078000080fb0070006000f6
:10f9bc000000e00042033200020120008000eb0056
:10f9cc00c01f21005005020000000000c11f2100d3
:10f9dc003028810072004000a53d2200c43d220069
:10f9ec0081017800f2c0b3008000780000c5b3003c
:10f9fc00e059020001000000b14e2200c01f21009e
:10fa0c00f4dd020001000000b04e2200104078002e
:10fa1c000004e0002c033200b04e22008ee0020005
:10fa2c00010000000000e00029033200b0132100a7
:10fa3c0021c3b300014878009162800070288100d6
:10fa4c00808f50000b003200916280007028810082
:10fa5c00808f50001a003200d050220010407800e5
:10fa6c008080fb0000042000008060000000e000ab
:10fa7c0013003a00b0312200104078008080fb0067
:10fa8c0050f02000104078000000fb000088de00e1
:10fa9c0061006000004078000004e00008003200c3
:10faac0010c0b3005e170200010000000004e0006b
:10fabc0003003200d0002000509988002b0337003f
:10facc00300720005099880028033700b04e2200e0
:10fadc00104078000004e00033003200c0c6800003
:10faec00610060000000e00031003a00b0312200fb
:10fafc00104078008080fb0050f02000104078000f
:10fb0c000000fb000088de0061006000004078000f
:10fb1c000004e000100032008050220010407800f9
:10fb2c0080407800906280008041eb0001417800b9
:10fb3c0080007800b04e22006a3002000100000004
:10fb4c00e000200050998800b013210021c3b300bd
:10fb5c000148780016003700b013210021c3b30010
:10fb6c0001487800b0312200104078000004e00019
:10fb7c0003003d0030072000509988000c0037002e
:10fb8c00a0312200104078000004e00003003d008a
:10fb9c00500720005099880005003700f000200025
:10fbac005099880002003700b0002000509988005e
:10fbbc00b0132100104078000004e000c6023a00a7
:10fbcc00b000200050998800e8023700c0c68000c1
:10fbdc00614060000080fb00610060000000e000fc
:10fbec002b003a00b013210021c3b3000148780068
:10fbfc0080502200104078000004e0000a003a0017
:10fc0c00d0312200104078008080fb0050f02000a2
:10fc1c00104078000000fb000088de0061006000ee
:10fc2c000000e00003003a00b0002000509988006a
:10fc3c0017003700b013210021c3b300014878002e
:10fc4c00b0312200104078000004e00003003d00b9
:10fc5c00300720005099880009003700a03122009d
:10fc6c00104078000004e00003003d005007200025
:10fc7c005099880002003700f0002000509988004d
:10fc8c00813e200090c0b3004273020001000000ce
:10fc9c00b0132100104078000004e00090023a00fc
:10fcac00b000200050998800b0023700b04e2200fe
:10fcbc00104078000004e0002a003200b03122002d
:10fccc00104078000004e00026003d0010c0b30096
:10fcdc005e170200010000000004e0002100320069
:10fcec00c0c68000610060000000e0001f003a0008
:10fcfc006ce4020001000000106d2c002ee40200e8
:10fd0c0001000000b04e220014310200010000007e
:10fd1c000004e000060032004007200050998800e3
:10fd2c00b013210021c3b300014878000f00370045
:10fd3c00a0312200104078000004e00003003d00d8
:10fd4c00500720005099880002003700f000200076
:10fd5c0050998800b013210021c3b30001487800ea
:10fd6c00020037005007200050998800b013210082
:10fd7c00104078000004e0005b023a0050072000bd
:10fd8c005099880079023700c0c68000614060003d
:10fd9c000080fb00610060000000e00002003a00ff
:10fdac005007200050998800b013210010407800b3
:10fdbc000004e0004e023a00b00020005099880088
:10fdcc006a023700b04e2200104078000004e000b8
:10fddc0025003200a0312200104078000004e00021
:10fdec0021003d0010c0b3005e17020001000000ae
:10fdfc000004e0001c003200c0c6800061006000fe
:10fe0c000000e0001d003a006ce40200010000005c
:10fe1c00a06d2c002ee40200010000009062800016
:10fe2c0080007800b04e22004e300200010000002d
:10fe3c000004e000060032006007200050998800a2
:10fe4c00b013210021c3b300014878000b00370028
:10fe5c00f000200050998800b013210021c3b3009a
:10fe6c000148780005003700f00020005099880008
:10fe7c00b013210021c3b30001487800b013210056
:10fe8c00104078000004e0001b023a00f000200053
:10fe9c0050998800b013210021c3b30001487800a9
:10feac0032023700c0c68000614060000080fb0059
:10febc00610060000000e00005003a00f000200046
:10fecc0050998800b013210021c3b3000148780079
:10fedc00b0132100104078000004e00008023a0042
:10feec00b00020005099880020023700b04e22004c
:10fefc00104078000004e00028003200d0312200cd
:10ff0c00104078008080fb0050f0200010407800fa
:10ff1c000000fb000088de006100600000407800fb
:10ff2c000004e0001d00320010c0b3005e17020098
:10ff3c00010000000004e00018003200c0c6800080
:10ff4c00610060000000e00016003a006ce4020062
:10ff5c0001000000306e2c002ee4020001000000b5
:10ff6c008040eb00b04e22009c30020001000000eb
:10ff7c000004e000060032000001200050998800c7
:10ff8c00b013210021c3b3000148780005003700ed
:10ff9c00b00020005099880002003700b00020000b
:10ffac0050998800b0132100104078000004e00044
:10ffbc00d5013a00b000200050998800eb013700c1
:10ffcc00c0c68000614060000080fb0061006000e2
:10ffdc000000e00002003a00b000200050998800b8
:10ffec00b0132100104078000004e000c8013a0072
:10fffc00b000200050998800dc013700320020004e
:020000040003f7
:10000c008000eb0060c620005005020000000000dc
:10001c0060c62000a53d2200c43d2200800178006e
:10002c0032c0b3008101200000c5b300e0590200ca
:10003c000100000090c620008040eb0001487800d1
:10004c0060c6200090407800f0c2b30080cf500012
:10005c000b00340060c620009040780090c3b300c1
:10006c0080cf500006003c004001200050998800d1
:10007c00a04e22008040eb0001487800bb01370005
:10008c00a005200050998800b8013700a04e22002e
:10009c00104078008040e800a04e22000148780013
:1000ac00a04e220010407800e94f500003003600ab
:1000bc00a005200050998800ac01370040012000b9
:1000cc0050998800a9013700a04e220010407800fa
:1000dc000080fb0030288900302881004600dd00bc
:1000ec0030288900302881001004b00030288900a5
:1000fc0030288100a53d2200c43d22008e017800ed
:10010c0012c0b3008000780000c5b300e0590200b3
:10011c000100000030012000509988001e4078003a
:10012c000080fb0061006000004078000004e000eb
:10013c0079013200020120008000eb00c01f210079
:10014c005005020000000000c11f21003028810072
:10015c0063004000a53d2200c43d220081017800cf
:10016c00f2c0b3008000780000c5b300e059020073
:10017c0001000000b14e2200c01f2100f4dd02007e
:10018c0001000000b04e22008ee0020001000000d1
:10019c000000e00062013200302881000000e8001d
:1001ac00a53d2200c43d2200c350220012c0b30062
:1001bc008000780000c5b300e05902000100000087
:1001cc005001200050998800680137000080200001
:1001dc00104078000080fb00610060000040780057
:1001ec000004e00050013200a04e220010407800c4
:1001fc008040e800c0502200104078008043eb00a3
:10020c0036c0b3008042eb00014278008041eb0025
:10021c000041780021c0b300b04e22003a840200a5
:10022c000100000060012000509988004f01370048
:10023c0000802000104078000080fb00620060000d
:10024c000000e0003a013200700120005099880053
:10025c004601370000802000104078008080fb00b1
:10026c0000022000008060000000e000020032006c
:10027c003001200050998800008020001040780048
:10028c008080fb0000042000008060000000e00083
:10029c0029013200300120005099880033013700c9
:1002ac004006200050998800a031220010407800b0
:1002bc008080fb0050f02000104078000000fb0014
:1002cc000088de0061006000004078000004e0005f
:1002dc000d00320010c0b3005e17020001000000d8
:1002ec000004e0001601320050b0200021c0b30021
:1002fc0001487800419c200090c0b300427302007a
:10030c0001000000190137006ce40200010000003c
:10031c00d06e2c002ee40200010000001301370007
:10032c0000c42000104078000080fb0064006000d6
:10033c000000e00029003200203722001040780035
:10034c000004e00025003200c0312200104078008b
:10035c008080fb0050f02000104078000000fb0073
:10036c000088de0061006000004078000004e000be
:10037c001a00320010c0b3005e170200010000002a
:10038c000004e00015003200805e2200104078006e
:10039c008080fb0000022000008060000000e00074
:1003ac0007003200805e2200104078000080fb00c5
:1003bc0061006000004078000004e000050032009d
:1003cc006006200050998800a04e22008040eb006f
:1003dc000148780000000000e40037001000200005
:1003ec0050998800e1003700a04e220010407800a0
:1003fc008040e800a04e220001487800a04e220068
:10040c0010407800e94f500003003600c006200071
:10041c0050998800d500370060062000509988005c
:10042c00d2003700a04e2200104078000080fb0064
:10043c0030288900302881004600dd0030288900f2
:10044c00302881001004b000302889003028810049
:10045c000080e800a53d2200c43d2200d3502200bc
:10046c0012c0b3008000780000c5b300e059020050
:10047c0001000000d05022009040780000c8b3006a
:10048c0080c0600080502200014878005006200097
:10049c0050998800d0502200104078000080fb005a
:1004ac00700060000000e000a70032000201200094
:1004bc008000eb00c01f210050050200000000006e
:1004cc00c11f21003028810072004000a53d220090
:1004dc00c43d220081017800f2c0b3008000780096
:1004ec0000c5b300e059020001000000b14e22002b
:1004fc00c01f2100f4dd020001000000b04e2200fc
:10050c00104078000004e00091003200b04e220050
:10051c008ee00200010000000000e0008e003200be
:10052c00b013210021c3b3000148780070062000ed
:10053c00509988008d003700b04e22001040780092
:10054c000004e0002d00320000c4200010407800b0
:10055c000080fb00640060000000e0002700320017
:10056c00c0c68000610060000000e00025003a0079
:10057c0080502200104078000004e0000900320096
:10058c0011702c00e0bc20009cdf02000100000078
:10059c00b14e2200e0bc2000729f0200000000005f
:1005ac000800370081702c00e0bc20009cdf0200aa
:1005bc0001000000b14e2200e0bc2000ac9802000b
:1005cc000000000012c0b30011b12000b04e220098
:1005dc003ab1020000000000b013210021c3b300a7
:1005ec000148780010b120008040eb0001487800f1
:1005fc008006200050998800020037005006200029
:10060c0050998800b0132100104078000004e000dd
:10061c0053003a00500620005099880053003700d0
:10062c00c0c68000614060000080fb00610060007b
:10063c000000e00002003a005006200050998800ab
:10064c00b0132100104078000004e00046003a008e
:10065c0050062000509988004400370010002000fc
:10066c0050998800410037006ce402000100000042
:10067c00c0702c002ee40200010000000000eb0012
:10068c00509988003900370000000000370037000f
:10069c000000000035003700000000003300370078
:1006ac000000000031003700000000002f00370070
:1006bc00000000002d003700000000002b00370068
:1006cc000000000029003700000000002700370060
:1006dc000000000025003700000000002300370058
:1006ec000000000021003700000000001f00370050
:1006fc00000000001d003700000000001b00370048
:10070c00000000001900370000000000170037003f
:10071c000000000015003700000000001300370037
:10072c000000000011003700000000000f0037002f
:10073c00000000000d003700000000000b00370027
:10074c00000000000900370000000000070037001f
:10075c000000000005003700000000000300370017
:10076c00000000000100370000000000c0c720009e
:10077c00104078000080fb00680060000000e00082
:10078c001b003200b0358000640060000000e00007
:10079c000c003a00c0c72000104078000004e000b4
:1007ac0013003500c0c7200010407800804078004e
:1007bc000174a000c0c7200001487800a7f807000a
:1007cc000b003700c0c72000104078000004e00088
:1007dc0007003d00c0c72000104078008040780022
:1007ec000174a100c0c72000014878009bf80700e5
:1007fc000080fa00000006000200fa00004f7800aa
:10080c001e80fb000000e00003003200e10f5000ee
:10081c000a00320012003700a03580006200600030
:10082c000000e00003003200e0712c002ee4020016
:10083c0001000000b426a90009003700a035800093
:10084c00620060000000e00003003a0070722c00af
:10085c002ee4020001000000b426a80000000000f5
:10086c000080fa00000006000e00fa002007980035
:10087c006147980072479800034f9800144f9800f6
:10088c00254f9800364f9800474f98000040eb00da
:10089c00004f78007e4090000004e00002003a0017
:1008ac00c0c3b300704798002e0090001040780031
:1008bc000004e00045003200f0a18000e30f50007e
:1008cc0042003a004ac8020001000000e14f50000b
:1008dc0020003a00909a80000000e0001d003a00d1
:1008ec006ce4020001000000ee409000108020003b
:1008fc0001487800ae009000b04322009cdf02005b
:10090c000100000050452200fe4090000148780094
:10091c00f04822009e4890000148780000492200cf
:10092c00ae4890000148780010492200be48900063
:10093c000148780030492200ce48900001487800e8
:10094c0010002000909a880010c0b300004f78006f
:10095c001e0037000e4890000004e0001b0032001f
:10096c006ce4020001000000c0f12b002ee4020038
:10097c0001000000fac8020001000000ee409000e7
:10098c000047220001487800ae009000604522002c
:10099c009cdf02000100000010472200fe40900086
:1009ac0001487800304922008040eb000148780073
:1009bc00909a80000000e00002003a000005200040
:1009cc00909a880010c0b300004f7800a0f22b0062
:1009dc001007980000f32b00100798001e407800b9
:1009ec000080fa00000006000200fa00881f780060
:1009fc00909a80008000eb00620820000300200029
:100a0c00820f5000838f580029063e0000600100c1
:100a1c0086003700a7003700da003700e8003700ff
:100a2c0024013700460137004e01370020063700fd
:100a3c001f0637001e0637001d0637005c01370005
:100a4c001b0637008d0137007f033700180637006f
:100a5c00d0033700da033700f4033700ff03370005
:100a6c00070437001206370011063700100637004e
:100a7c000f0637000e0637000d0637000c06370040
:100a8c000b0637000a063700090637000806370040
:100a9c000706370006063700050637000406370040
:100aac000306370002063700010637000006370040
:100abc000e04370025043700330437007104370067
:100acc0097043700fa053700f9053700f8053700a9
:100adc00f70537009b043700a7043700f4053700ef
:100aec00f3053700f2053700f1053700f005370044
:100afc00ef053700ee053700ed053700ec05370044
:100b0c00b4043700c8043700d60437001f0537007b
:100b1c0061053700e6053700e5053700e4053700c9
:100b2c00e30537006a0537007c053700e005370020
:100b3c00df053700de053700dd053700dc05370043
:100b4c00db053700da053700d9053700d805370043
:100b5c0096053700a0053700d5053700d4053700ba
:100b6c00d3053700d2053700d1053700d005370043
:100b7c00cf053700ce053700cd053700cc05370043
:100b8c00cb053700ca053700c9053700c805370043
:100b9c00c7053700c6053700c5053700c405370043
:100bac00c3053700c2053700c1053700c005370043
:100bbc00bf053700be053700bd053700bc05370043
:100bcc00bb053700ba053700b9053700b805370043
:100bdc00b7053700b6053700b5053700b405370043
:100bec00b3053700b2053700b1053700b005370043
:100bfc00af053700ae053700ad053700ac05370043
:100c0c00ab053700aa053700a9053700a805370042
:100c1c00a7053700d7013700f40137006902370008
:100c2c00d0023700da023700e1023700b04322006d
:100c3c008040eb0001487800604522008040eb00ca
:100c4c0001487800108020008040eb0001487800bb
:100c5c00008020008040eb00014878004ac8020068
:100c6c0001000000e14f500007003a000080200016
:100c7c0010407800804078000104a0000080200023
:100c8c0001487800060037000080200010407800f2
:100c9c00804078000104a100008020000148780009
:100cac0041012000d0c0b3004273020001000000db
:100cbc00be0537002049220011c0b300014878005e
:100ccc000080200010407800804078000104a100d2
:100cdc00008020000148780000802000104078003f
:100cec00804078000114a0000080200001487800aa
:100cfc000080200010407800804078000124a10082
:100d0c00008020000148780000802000104078000e
:100d1c00804078000134a100008020000148780058
:100d2c000080200010407800804078000154a10021
:100d3c0000802000014878000080200010407800de
:100d4c00804078000164a1000080200001487800f8
:100d5c001080200010407800e24f500003003a0051
:100d6c00b0002000909a880090053700a043220024
:100d7c008040eb000148780030002000909a8800f9
:100d8c008a053700a0432200104078008040e8001c
:100d9c00a043220001487800a043220010407800b4
:100dac00e94f500003003600b0002000909a8800f4
:100dbc007e05370030002000909a88007b053700b4
:100dcc00a0432200104078000080fb0060248900c2
:100ddc00602481004600dd006024890060248100cd
:100dec001004b00060248900214722006024810097
:100dfc000080e800a53d2200c43d2200810178005e
:100e0c0012c0b3008000780000c5b300e0590200a6
:100e1c000100000020002000909a8800204722004a
:100e2c00104078000000fb0061006000004078007a
:100e3c000004e00024053200020120008000eb00d9
:100e4c00c01f21005005020000000000c11f21003e
:100e5c006024810072004000a53d2200c43d2200a8
:100e6c0081017800f2c0b3008000780000c5b300a7
:100e7c00e05902000100000021472200c01f2100a0
:100e8c00f4dd020001000000204722008ee0020089
:100e9c00010000000000e0000d053200c01321002d
:100eac0041c1b3000148780040002000909a8800ae
:100ebc003e05370020472200104078000004e00077
:100ecc0016003200c0c68000610060000000e00027
:100edc0014003a00a0432200104078008041eb003f
:100eec00b243220021472200a2b4020000000000fd
:100efc000004e0000600320050002000909a8800a8
:100f0c00c0132100a1c0b3000148780005003700d0
:100f1c0020002000909a880002003700200020005a
:100f2c00909a8800c0132100104078000004e00063
:100f3c00e9043a0020002000909a88001b05370035
:100f4c00c0c68000614060000080fb006100600052
:100f5c000000e000e2043a0020002000909a880093
:100f6c0012053700c0c68000610060000000e00080
:100f7c00dd043a0001b08000000021000080600018
:100f8c000000e000da043a00905d21008041eb00a3
:100f9c00b2432200800078000040eb00a2b40200b3
:100fac0000000000b0002000909a8800ff04370079
:100fbc004ac8020001000000e14f500027003a002f
:100fcc0010c4b300883c0200010000005045220010
:100fdc001040780080407800b04322006cc80200ba
:100fec0001000000e14f500014003a006ce40200d4
:100ffc000100000010f32b002ee4020001000000a1
:10100c00d0f42b002ee402000100000050a92100b6
:10101c002ee402000100000070f52b002ee402000b
:10102c0001000000208020008040eb000148780087
:10103c00d0002000909a8800dc0437006ce4020099
:10104c000100000090f52b002ee4020001000000ce
:10105c00c0032000909a8800d40437006ce402008e
:10106c000100000070f72b002ee4020001000000cc
:10107c00c0032000909a8800cc0437001080200018
:10108c0010407800e24f500013003200a0d48000d2
:10109c00620060000000e0000900320053132000e1
:1010ac00d20020008040eb00c0f82b006ab8020090
:1010bc0000000000a0d480000010a100a0d4880083
:1010cc000080200010407800804078000114a000bf
:1010dc00008020000148780020802000904078009b
:1010ec00504522001040780080cf5000130039008a
:1010fc006ce402000100000090f92b002ee40200c9
:10110c00010000002049220021c0b30001487800f2
:10111c00fac802000100000030012000909a8800fb
:10112c001080200010407800e24f50000300320085
:10113c0010e9200011c0b30001487800f0aa21008a
:10114c0010407800e14f50006b043200f0aa2100ef
:10115c0010407800e34f500064003a0000802000fb
:10116c0010407800804078000114a100008020001d
:10117c000148780000802000104078008040780002
:10118c000124a000008020000148780011c0b300a9
:10119c00000420003e3602000100000010802000f8
:1011ac00104078000004e0003700320032002000cc
:1011bc008000eb0060c6200050050200000000001b
:1011cc0060c62000a53d2200c43d220080017800ad
:1011dc0032c0b3008101200000c5b300e059020009
:1011ec000100000090c620008040eb000148780010
:1011fc00a53d2200c43d220003f2200012c0b30022
:10120c00c103200000c5b300e0590200010000003a
:10121c0000f22000104078000004e00004003200ce
:10122c0000f2200010407800f44f5000030036000c
:10123c0000f2200051c0b30001487800a53d220007
:10124c00c43d220013f2200012c0b300d1032000d1
:10125c0000c5b300e05902000100000010f22000ac
:10126c00104078000004e0000400320010f220006e
:10127c0010407800e64f40000300360010f22000ca
:10128c0001c5b300014878001080200010407800a0
:10129c000004e0000d00320060c620001040780011
:1012ac000004e0000900320040c4b300883c020096
:1012bc000100000020082000909a88005045220070
:1012cc0031c0b300014878000800370000c5b300f6
:1012dc0022c9020001000000e0002000909a880062
:1012ec00f0c4b300883c020001000000f0aa210009
:1012fc00104078000004e00004003200f0aa210045
:10130c0010407800e64f5000fd033a006ce40200f8
:10131c0001000000c0fa2b002ee4020001000000c6
:10132c00f0aa21001040780032c0b300e1bc2000cc
:10133c0008b8020001000000e0bc20002ee402000e
:10134c000100000050fc2b002ee402000100000004
:10135c00b04322002ee402000100000070f52b00c7
:10136c002ee4020001000000c0032000909a8800c7
:10137c000e043700c0f82b00c0b7020001000000bb
:10138c000040780000417800c1f82b0070c22000aa
:10139c0066df0200010000000000e00003003a00dc
:1013ac0040c4b300883c0200010000004101200051
:1013bc00d0c0b3004273020001000000e0482200dc
:1013cc00104078008040e900e04822000148780095
:1013dc00e0482200104078000004e000ca033a0004
:1013ec0020082000909a8800f0033700108020001d
:1013fc0010407800e24f500009003200c0f82b007a
:10140c00c0b70200010000000040780000417800e5
:10141c00c1f82b0070c2200066df02000100000042
:10142c0040c4b300883c0200010000001080200082
:10143c0010407800e14f500026003a000080200058
:10144c0010407800804078000134a000008020001b
:10145c00014878006ce402000100000070fc2b00d5
:10146c002ee402000100000060c620002ee4020001
:10147c000100000040fd2b002ee4020001000000e2
:10148c0000f220001044780060c62000c0b70200b3
:10149c00010000000040780008417800804078008e
:1014ac0060c62000b8ca0200010000000004e00081
:1014bc0005003a006ce402000100000070fd2b00f6
:1014cc002ee402000100000030082000909a8800f1
:1014dc00b603370061c62000e0bc20009cdf020090
:1014ec0001000000000f7800e0bc20001e0040004e
:1014fc00a1c2b300014878001e0fe8009e007800de
:10150c00e0bc2000808040009062800000407800a9
:10151c0032c0b30008b80200010000001e0f4000ea
:10152c00e0bc20001e00400031c2b300014878002e
:10153c001e0fe800e0bc20001e0040008040eb00c5
:10154c00014878006ce402000100000040fe2b0012
:10155c002ee4020001000000e0bc20002ee402009a
:10156c000100000040fd2b002ee4020001000000f1
:10157c0000f2200010447800e0bc2000c0b702004c
:10158c00010000000040780008417800804078009d
:10159c00e0bc2000b8ca0200010000000004e0001a
:1015ac0005003a006ce402000100000070fd2b0005
:1015bc002ee402000100000040082000909a8800f0
:1015cc007a033700d0d58000610060000000e00095
:1015dc004f033a001080200010407800e14f50007b
:1015ec0031003a0050452200104078008040e9005c
:1015fc0050452200014878005045220010407800e8
:10160c000004e0000b00320010f220009040780043
:10161c00e04822000148780010082000909a8800c9
:10162c0041012000d0c0b300427302000100000051
:10163c005e03370020ff2b00801f7800f0ff2b008b
:10164c00801f7800e0bc2000340502000000000080
:10165c00e4875700e0bc20002ee4020001000000eb
:10166c00e0c0200011c0b3000148780000c5b300f1
:10167c0022c9020001000000e0002000909a8800be
:10168c00f0c4b300883c0200010000000080200080
:10169c0010407800804078000134a10000802000c8
:1016ac000148780041033700e0bc2000a1c2b30020
:1016bc0001487800906280000040780032c0b3008e
:1016cc00f1bc200008b802000100000020bd200081
:1016dc0031c2b3000148780030bd20008040eb00df
:1016ec00014878006ce402000100000010012c009d
:1016fc002ee4020001000000e0bc20002ee40200f9
:10170c000100000070f52b002ee402000100000027
:10171c0000f2200010447800e0bc2000c0b70200aa
:10172c0001000000004078000841780080407800fb
:10173c00e0bc2000b8ca0200010000000004e00078
:10174c0005003a006ce402000100000070fd2b0063
:10175c002ee402000100000040082000909a88004e
:10176c0012033700d0d58000610060000000e0005b
:10177c00e9023a0050082000909a880001fa2000f3
:10178c00d0c0b30042730200010000000703370011
:10179c00fac802000100000060082000909a88003e
:1017ac00c013210031c0b30001487800ff0237009c
:1017bc00f0aa2100104078000004e00018003a0064
:1017cc000000eb00909a8800008020001040780008
:1017dc00804078000154a00000802000014878006f
:1017ec000080200010407800804078000114a10097
:1017fc000080200001487800008020001040780014
:10180c00804078000124a10000802000014878006d
:10181c0020c5b300883c020001000000e302370041
:10182c00c0132100104078000004e000bc023a0014
:10183c00c013210031c0b30001487800fac802007f
:10184c0001000000d9023700f0c4b300883c02004c
:10185c000100000010e920008040eb0001487800f6
:10186c00606080000000e0000e003200b0ca020090
:10187c000100000061608000810f500009003600fb
:10188c006ce402000100000020022c002ee4020097
:10189c0001000000fac80200010000000001200055
:1018ac00909a880060452200104078000004e00007
:1018bc00090032006ce4020001000000b0032c00af
:1018cc002ee4020001000000fac802000100000032
:1018dc0000012000909a8800f0aa210010407800a6
:1018ec000004e0001d003a0020012000909a8800be
:1018fc00b0ca0200010000000000e0000c003a0039
:10190c006ce4020001000000d0052c002ee4020063
:10191c000100000053222000d20020008040eb0088
:10192c0070072c006ab80200000000000b003700a2
:10193c006ce402000100000040082c002ee40200c0
:10194c000100000093222000d20020008040eb0018
:10195c00300c2c006ab80200000000003049220054
:10196c00104078000004e0006f0232006ce40200ca
:10197c0001000000000d2c002ee40200010000000c
:10198c00fac802000100000000012000909a8800b3
:10199c0086023700c013210031c0b3000148780023
:1019ac0070ea20008040eb0001487800fac8020081
:1019bc000100000010012000909a88007b02370083
:1019cc00f0aa2100104078000004e00008003a0062
:1019dc0020012000909a88006ce4020001000000b5
:1019ec00800f2c002ee40200010000006f02370073
:1019fc00c0132100104078000004e0004c023a00b3
:101a0c00c013210031c0b30001487800fac80200ad
:101a1c000100000070ea2000104078008040e800cf
:101a2c0070ea20000148780060023700d0c4b3008f
:101a3c00883c020001000000e0c020008040eb0068
:101a4c000148780070ea20008040eb0001487800e3
:101a5c0080022000909a880054023700c0132100a5
:101a6c0031c0b3000148780070ea20008040eb00e0
:101a7c000148780040012000909a88004b02370002
:101a8c00f0aa2100104078000004e00008003a00a1
:101a9c00c0032000909a88006ce402000100000052
:101aac0030112c002ee40200010000003f02370030
:101abc00c0132100104078000004e0001e023a0020
:101acc00c013210031c0b30001487800fac80200ed
:101adc000100000070ea2000104078008040e8000f
:101aec0070ea2000014878003002370000802000a6
:101afc0010407800804078000154a0000080200045
:101b0c000148780000802000104078008040780068
:101b1c000114a10000802000014878000080200002
:101b2c0010407800804078000124a1000080200043
:101b3c0001487800a04322008040eb000148780067
:101b4c00a0022000909a880018023700a0432200bf
:101b5c00104078008040e800a04322000148780043
:101b6c00a043220010407800e94f500003003600db
:101b7c0010032000909a88000c023700a00220006d
:101b8c00909a880009023700d0c4b300883c020048
:101b9c0001000000a0432200104078000080fb00f0
:101bac0060248900602481004600dd0060248900e7
:101bbc00602481001004b0006024890021472200b9
:101bcc00602481000080e800a53d2200c43d220075
:101bdc008101780012c0b3008000780000c5b3000a
:101bec00e05902000100000090022000909a880049
:101bfc0020472200104078000000fb0062006000cb
:101c0c000000e000ce013200020120008000eb0059
:101c1c00c01f21005005020000000000c11f210060
:101c2c006024810072004000a53d2200c43d2200ca
:101c3c0081017800f2c0b3008000780000c5b300c9
:101c4c00e05902000100000021472200c01f2100c2
:101c5c00f4dd020001000000204722008ee00200ab
:101c6c00010000000000e000b7013200b0022000cb
:101c7c00909a8800c013210041c1b300014878003c
:101c8c00ca01370020472200104078000004e00011
:101c9c001a003200c0c68000610060000000e00045
:101cac0018003a00b0ca0200010000008000780061
:101cbc00a0432200104078000042eb008101780024
:101ccc00b243220021472200ceb3020000000000e4
:101cdc000004e00006003200c0022000909a880048
:101cec00c0132100a1c0b3000148780005003700e3
:101cfc0090022000909a8800020037009002200089
:101d0c00909a8800c0132100104078000004e00075
:101d1c008f013a0090022000909a8800a3013700ae
:101d2c00c0c68000614060000080fb006100600064
:101d3c000000e00088013a0090022000909a880090
:101d4c009a01370060452200104078000004e00042
:101d5c000300320000052000909a880093013700a0
:101d6c000000eb00909a880020c5b300883c02006c
:101d7c00010000008d013700c0c6800061006000ca
:101d8c000000e00076013a0001b080000000210064
:101d9c00008060000000e00073013a00b0ca02004d
:101dac000100000080007800905d210014c0b30099
:101dbc0081017800b2432200800078000040eb00e3
:101dcc00ceb302000000000010032000909a88009f
:101ddc007601370010e9200011c0b30001487800eb
:101dec000080200010407800804078000114a10091
:101dfc00008020000148780000802000104078000e
:101e0c00804078000124a100008020000148780067
:101e1c00a04322008040eb0001487800e003200042
:101e2c00909a880061013700a0432200104078008e
:101e3c008040e800a043220001487800a043220023
:101e4c0010407800e94f5000030036005004200089
:101e5c00909a880055013700e0032000909a880082
:101e6c0052013700d0c4b300883c020001000000ce
:101e7c00a0432200104078000080fb006024890001
:101e8c00602481004600dd0060248900602481000c
:101e9c001004b000602489002147220060248100d6
:101eac000080e800a53d2200c43d2200810178009d
:101ebc0012c0b3008000780000c5b300e0590200e6
:101ecc00010000002047220010407800804078007c
:101edc0000c8b30080c0600040492200014878006f
:101eec00d0032000909a88002047220010407800f0
:101efc000000fb00640060000000e0001c013200e8
:101f0c00020120008000eb00c01f210050050200e0
:101f1c0000000000c11f21006024810072004000fd
:101f2c00a53d2200c43d220081017800f2c0b3001f
:101f3c008000780000c5b300e059020001000000e9
:101f4c0021472200c01f2100f4dd02000100000027
:101f5c0020472200104078000004e0000601320007
:101f6c00204722008ee00200010000000000e0008b
:101f7c0003013200f0032000909a8800c013210066
:101f8c0041c1b30001487800080137002047220006
:101f9c00104078000004e00036003200c0c680001b
:101fac00610060000000e00034003a00f0482200bc
:101fbc0090407800004922001040780080cf5000fb
:101fcc0009003a0010c4200090407800a0c5b3006e
:101fdc0080cf50000400320011c0b3000004200078
:101fec007036020001000000404922009040780049
:101ffc0010492200904278002049220010427800bb
:10200c000049220090417800f048220010417800ed
:10201c00a0432200104078000043eb00861f78009c
:10202c0081437800054378008442780003427800ad
:10203c0082417800b24322002147220056b50200ab
:10204c00000000008f87e9000004e0000600320069
:10205c0000042000909a8800c0132100a1c0b30096
:10206c000148780005003700d0032000909a8800c2
:10207c0002003700d0032000909a8800c013210082
:10208c00104078000004e000bf003a00d0032000ac
:10209c00909a8800c5003700c0c68000614060007f
:1020ac000080fb00610060000000e00002003a00cc
:1020bc00d0032000909a8800c2c0b300c1f82b0056
:1020cc0070c2200066df020001000000b70037007c
:1020dc000080200010407800804078000164a0004f
:1020ec0000802000014878006045220010407800f4
:1020fc000004e0000300320000052000909a8800e4
:10210c00aa0037000000eb00909a880020c5b300ad
:10211c00883c020001000000a4003700c0c680000b
:10212c00610060000000e00099003a0001b08000fe
:10213c0000002100008060000000e00096003a00e2
:10214c0040492200904078001049220090427800cb
:10215c00204922001042780000492200904178006a
:10216c00f048220010417800905d210016c0b300a9
:10217c00861f7800814378000543780084427800fc
:10218c000342780082417800b2432200800078003c
:10219c000040eb0056b50200000000008f87e900fc
:1021ac0050042000909a880080003700fac8020082
:1021bc0001000000c013210031c0b30001487800b9
:1021cc0070ea20008040eb000148780010052000e8
:1021dc00909a880075003700f0aa21001040780012
:1021ec000004e00023003a00604522001040780013
:1021fc000004e000190032004ac80200010000008f
:10220c00e14f500066003a000047220090407800f1
:10221c001080200001487800304922008040eb00fb
:10222c000148780061452200b04322009cdf020087
:10223c000100000010472200904078005045220019
:10224c000148780010002000909a88006045220018
:10225c008040eb0001487800540037000000eb0090
:10226c00909a880020c5b300883c02000100000051
:10227c004e003700c0132100104078000004e0002d
:10228c0049003a00c013210031c0b3000148780066
:10229c00fac802000100000070ea2000104078002b
:1022ac008040e80070ea2000014878003f003700c9
:1022bc000000eb00909a880020c5b300883c020017
:1022cc000100000039003700000000003700370023
:1022dc00000000003500370000000000330037001c
:1022ec000000000031003700000000002f00370014
:1022fc00000000002d003700000000002b0037000c
:10230c000000000029003700000000002700370003
:10231c0000000000250037000000000023003700fb
:10232c000000000021003700000000001f003700f3
:10233c00000000001d003700000000001b003700eb
:10234c0000000000190037000000000017003700e3
:10235c0000000000150037000000000013003700db
:10236c000000000011003700000000000f003700d3
:10237c00000000000d003700000000000b003700cb
:10238c0000000000090037000000000007003700c3
:10239c0000000000050037000000000003003700bb
:1023ac0000000000010037000000000070ea20006f
:1023bc0010407800e34f5000060036006ce4020039
:1023cc0001000000e0122c002ee4020001000000cd
:1023dc00ffff37004f0478000080fa000000060071
:1023ec000000fa00403680004400de0061406000ce
:1023fc000080fb0061006000216480000100a100ee
:10240c000100700020648800403680004500de002a
:10241c00614060000080fb00610060000000400033
:10242c00216480000110a10001007000206488006c
:10243c00403680004300de00614060000080fb00fd
:10244c00610060004200dd00216480000120a100d9
:10245c000100700020648800403680004200de00dd
:10246c00614060000080fb00610060004300dd0003
:10247c00216480000130a1000100700020648800fc
:10248c00106480004800de006140600080407800ed
:10249c000040eb004ec302000100000061406000f0
:1024ac000080fb00610060004800dd0021648000ba
:1024bc000180a1000100700020648800106480007d
:1024cc004900de00614060008040780010c0b3001d
:1024dc004ec3020001000000614060000080fb0060
:1024ec00610060004900dd00216480000190a100c2
:1024fc000100700020648800106480004a00de0037
:10250c00614060008040780020c0b3004ec30200e0
:10251c0001000000614060000080fb006100600071
:10252c004a00dd002164800001a0a10001007000c0
:10253c0020648800106480004b00de006140600065
:10254c008040780030c0b3004ec302000100000090
:10255c00614060000080fb00610060004b00dd000a
:10256c002164800001b0a10001007000206488008b
:10257c00d196800000192000808f5000040032009a
:10258c00d1968000a0112000808f50000f003a00df
:10259c00d0b02000104078006140600061406000c5
:1025ac00614060000080fb00610060004800dd00bd
:1025bc00216480000180a10001007000206488006b
:1025cc00a080200061c0b300014878002064800026
:1025dc004800de00614060000080fb00610060008c
:1025ec004a00dd00d133800001a0a1000100700081
:1025fc00d0338800206480004900de006140600018
:10260c000080fb00610060004b00dd00d1338000d6
:10261c0001b0a10001007000d0338800206480005c
:10262c004a00de00614060000080fb006100600039
:10263c004c00dd00d133800001c0a100010070000e
:10264c00d0338800206480004b00de0061406000c5
:10265c000080fb00610060004d00dd00d133800084
:10266c0001d0a10001007000d033880010648000fc
:10267c00e1406000206480006140600080cf500029
:10268c0038003a00106480000000d100e140600086
:10269c00206480000000d1006140600080cf5000b9
:1026ac0030003a00106480004200de00e14060001f
:1026bc00206480004200de006140600080cf50004a
:1026cc0028003a00106480004300de00e140600006
:1026dc00206480004300de006140600080cf500029
:1026ec0020003a00106480004800de00e1406000e9
:1026fc00206480004800de006140600080cf500004
:10270c0018003a00106480004900de00e1406000cf
:10271c00206480004900de006140600080cf5000e2
:10272c0010003a00106480004a00de00e1406000b6
:10273c00206480004a00de006140600080cf5000c1
:10274c0008003a00106480004b00de00e14060009d
:10275c00206480004b00de006140600080cf5000a0
:10276c005e003200a0ae2000104078000004e000b3
:10277c00020032001a3602000100000020648000c2
:10278c00614060000080fb0061006000116480000b
:10279c000100a1000100700010648800206480001a
:1027ac000000d100614060000080fb00610060000f
:1027bc0000004000116480000110a10001007000b5
:1027cc0010648800206480004200de0061406000dc
:1027dc000080fb00610060004200dd00116480009d
:1027ec000120a100010070001064880020648000aa
:1027fc004300de00614060000080fb00610060006f
:10280c004300dd00116480000130a1000100700064
:10281c0010648800206480004400de006140600089
:10282c000080fb00610060004400dd00116480004a
:10283c000140a10001007000106488002064800039
:10284c004800de00614060000080fb006100600019
:10285c004800dd00116480000180a10001007000bf
:10286c0010648800206480004900de006140600034
:10287c000080fb00610060004900dd0011648000f5
:10288c000190a10001007000106488002064800099
:10289c004a00de00614060000080fb0061006000c7
:1028ac004a00dd001164800001a0a100010070004d
:1028bc0010648800206480004b00de0061406000e2
:1028cc000080fb00610060004b00dd0011648000a3
:1028dc0001b0a1000100700010648800309b8000e2
:1028ec0081072000810f5000c702320081072000b1
:1028fc00810f500019003e00ea0f5000c801320051
:10290c00ea0f50000c003e00e40f50002f01320083
:10291c00e40f500003003e000000e00033003200e2
:10292c0021043700e50f50003a013200e60f500049
:10293c000b0132001c043700ec0f50003c0232003b
:10294c00ec0f500016023900f40f50005d023200fb
:10295c00f50f50007602320013043700d107200027
:10296c00810f50006a033200d1072000810f500004
:10297c000d003e00a1072000810f500033033200f0
:10298c00a1072000810f5000b0023900b1072000d0
:10299c00810f50003c033200c1072000810f500012
:1029ac004c03320000043700e10b2000810f500073
:1029bc00a0033200e10b2000810f500004003e0008
:1029cc00e1072000810f500090033200f60337001e
:1029dc00f10b2000810f5000a7033200a10f200043
:1029ec00810f5000b9033200ef033700a0802000a4
:1029fc00104078000004e0000700320030c42000d2
:102a0c0010407800e24f500003003a00b0802000e4
:102a1c0011c0b300014878009eca020001000000fa
:102a2c000004e000b8003a00f0aa21001040780041
:102a3c000004e000b4003a0000c520008040eb0028
:102a4c000148780000b120008040eb00014878007c
:102a5c0030c4200010407800e24f500008003200d3
:102a6c0000c5200010407800e14f50001b003a00d8
:102a7c00c0c68000610060000000e00017003a0052
:102a8c00a0802000104078000004e0000d003a0007
:102a9c00e08f2c002ee402000100000000b12000a9
:102aac0010407800804078000114a00000b1200094
:102abc000148780030c4200031c0b30001487800d0
:102acc0006003700b080200011c0b3000148780028
:102adc0030c4200041c0b3000148780040c420003d
:102aec0010407800e24f50000800320000c5200072
:102afc0010407800e24f50000d003a00c0c6800034
:102b0c00610060000000e00009003a0000b1200004
:102b1c0010407800804078000124a00000b1200013
:102b2c000148780040c4200031c0b300014878004f
:102b3c0050c4200010407800e24f500008003200d2
:102b4c0000c5200010407800e34f50000d003a0003
:102b5c00c0c68000610060000000e00009003a007f
:102b6c0000b1200010407800804078000134a000b3
:102b7c0000b120000148780050c4200031c0b300df
:102b8c000148780060c4200010407800e24f5000eb
:102b9c000800320000c5200010407800e44f5000bf
:102bac000d003a00c0c68000610060000000e0002b
:102bbc0009003a0000b120001040780080407800f5
:102bcc000144a00000b120000148780060c420003e
:102bdc0031c0b3000148780000c5200010407800d7
:102bec000004e00007003200c0c6800061006000f5
:102bfc000000e00003003a0000c520008040eb001c
:102c0c000148780000b12000104078000004e0007a
:102c1c003b00320010e9200011c0b30001487800dd
:102c2c0010c4200090407800a0c5b30080cf5000a5
:102c3c002f003200a08c21009040780010c3b3000c
:102c4c0080cf500005003200a08c2100904078000d
:102c5c0050c3b30080cf500025003a00204e220014
:102c6c008040eb0001487800b04d22008040eb0022
:102c7c0001487800104e220080c0eb00014878001b
:102c8c00e013210081c2b30001487800808020004d
:102c9c0011c8b30001487800c0902c002ee402004b
:102cac000100000050002000309b8800805e220054
:102cbc00104078000080fb00640060000000e00021
:102ccc000f00320000c42000104078000080fb0090
:102cdc00640060000000e0000800320011c0b30086
:102cec0010c0b300cae50200010000000400370068
:102cfc00e00b2000309b8800010037000000000032
:102d0c00000000004c03370010a92100104078008f
:102d1c00e24f500027033a00b0d3800062006000fd
:102d2c000000e0002503320030c420001040780081
:102d3c00e24f50000400320000c520001040780023
:102d4c00e14f50001f033a00a0912c002ee402002a
:102d5c000100000060002000309b88003603370023
:102d6c0030c4200010407800e34f500003003a00bc
:102d7c0030c4200041c0b3000148780030c42000aa
:102d8c0010407800e24f500003003a0030c420009d
:102d9c0031c0b3000148780030c4200010407800e6
:102dac000004e00009033a0060c8200011c0b30021
:102dbc0001487800a00f2000309b880000942c0064
:102dcc002ee40200010000001b033700204e2200fd
:102ddc00104078008040e800204e22000148780026
:102dec00204e220010407800e94f500006003600bb
:102dfc0040012000309b8800204e22008040eb00d8
:102e0c00014878000c03370050002000309b8800ec
:102e1c0009033700204e2200104078000004e00027
:102e2c004f003a00004b22008040eb000148780034
:102e3c000060fe00204e2200104078000080fb0055
:102e4c00c0268900c02681004600dd00c02689000e
:102e5c00c02681001004b000c0268900c026810065
:102e6c00a53d2200c43d2200d34d220012c0b30068
:102e7c008000780000c5b300e0590200010000009a
:102e8c00d04d22009040780000b120001040780016
:102e9c0000c060000004e0002500320002012000a8
:102eac008000eb00c01f2100500502000000000054
:102ebc00c11f2100c026810063004000a53d2200f7
:102ecc00c43d220081017800f2c0b300800078007c
:102edc0000c5b300e0590200010000006149220066
:102eec00c01f2100f4dd0200010000006049220037
:102efc00104078000004e0000d0032006049220010
:102f0c008ee00200010000000000e000080032002a
:102f1c00004b2200104078008040e800004b22005b
:102f2c000148780020952c002ee4020001000000de
:102f3c00204e2200104078008040e800204e2200f5
:102f4c0001487800204e220010407800e94f5000d4
:102f5c00b8ff3600204e22008040eb00014878007c
:102f6c00004b2200104078000004e0000c003200fe
:102f7c0000c42000104078000080fb00640060005a
:102f8c000000e00006003200a053220011c0b30084
:102f9c0001487800a0c5b30086460200010000007d
:102fac00204e2200104078000080fb00c0268900d3
:102fbc00c02681004600dd00c0268900c0268100a5
:102fcc001004b000c0268900c0268100a53d220057
:102fdc00c43d2200d34d220012c0b3008000780003
:102fec0000c5b300e059020001000000d04d2200e2
:102ffc009040780000b120001040780000c06000c4
:10300c000004e00003003200a0002000309b880088
:10301c008902370040002000309b88008602370070
:10302c00020120008000eb00c01f210050050200af
:10303c0000000000c11f2100c0268100720040006a
:10304c00a53d2200c43d220081017800f2c0b300ee
:10305c008000780000c5b300e059020001000000b8
:10306c00114b2200c01f2100f4dd02000100000002
:10307c00104b2200104078000004e0001d003200cc
:10308c00c02681000080e800a53d2200c43d22003e
:10309c00a34d220012c0b3008000780000c5b3001d
:1030ac00e059020001000000c20020008000eb008b
:1030bc00b04c22005005020000000000b14c220070
:1030cc00c02681001002b000a53d2200c43d2200a4
:1030dc0081017800c2c0b3008000780000c5b30045
:1030ec00e059020001000000704d22008040eb000e
:1030fc0001487800104e220010407800e14f40004b
:10310c0021003a00020120008000eb00c01f2100ca
:10311c005005020000000000c11f2100c0268100e4
:10312c0063004000a53d2200c43d220081017800cf
:10313c00f2c0b3008000780000c5b300e059020073
:10314c000100000061492200c01f2100f4dd0200d3
:10315c000100000060492200104078000004e000eb
:10316c0009003200604922008ee0020001000000dc
:10317c000000e00004003200204e22009040780055
:10318c00104e220001487800b0002000309b8800cf
:10319c00e013210041c1b30001487800260237003a
:1031ac00104b2200104078000004e00014003200a4
:1031bc00b04c2200104078000004e00010003200f7
:1031cc00c0c68000610060000000e0000e003a0004
:1031dc00204e220010407800b24c2200114b2200ed
:1031ec00ccb1020000000000c0002000309b880021
:1031fc00e013210041c1b300014878000200370000
:10320c00c0002000309b8800e013210010407800a3
:10321c000004e000ef013a00c0002000309b880061
:10322c00e013210041c1b3000148780002023700cd
:10323c00104b2200104078000004e000180032000f
:10324c00a04d2200104078008080fb00000220007e
:10325c00008060000000e00011003200c0c6800059
:10326c00610060000000e0000f003a00204e2200d8
:10327c0010407800114b2200e0b602000000000064
:10328c000004e00003003200b04d220011c0b30076
:10329c000148780040002000309b88000200370075
:1032ac0040002000309b8800e01321001040780083
:1032bc000004e000c9013a0040002000309b880067
:1032cc00dd01370000e92000104078000004e00028
:1032dc00c4013a00b04d2200104078000004e00018
:1032ec000d00320050012000309b880070c5b300e7
:1032fc00883c020001000000c04d2200c1c3b30095
:10330c0001487800813e2000f0c0b30042730200f7
:10331c0001000000c801370000962c002ee40200ca
:10332c000100000080072000309b8800c20137009c
:10333c0070c5b300883c020001000000c04d2200a3
:10334c00104078008040e900c04d22000148780010
:10335c00c04d2200104078000004e000160032003e
:10336c006ce402000100000040972c002ee40200e7
:10337c0001000000c04d2200104078000041eb001d
:10338c00e1bc200008b8020001000000e0bc2000f5
:10339c002ee402000100000000982c002ee4020034
:1033ac0001000000813e2000f0c0b3004273020017
:1033bc00010000000700370080072000309b8800c8
:1033cc006ce402000100000020982c002ee40200a6
:1033dc00010000009eca020001000000e34f5000f3
:1033ec0008003a00a00f2000309b88006ce402001b
:1033fc0001000000109a2c002ee4020001000000d5
:10340c008d0137008c013700104e2200904078005f
:10341c00204e220001487800104e22001040780007
:10342c00e14f40000600320090072000309b8800de
:10343c00e0132100e1c1b300014878007e013700a0
:10344c00a00f2000309b88007b01370010a92100c1
:10345c00104078000004e0000b003a00f0aa2100b4
:10346c00104078000004e00007003a00a0d480006f
:10347c00620060000000e00003003200a0d4800075
:10348c000010a100a0d4880000802000104078001b
:10349c000080fb0061006000004078000004e00048
:1034ac0063003200204e2200104078000080fb00a8
:1034bc00c0268900c02681004600dd00c026890098
:1034cc00c02681001004b000c0268900c0268100ef
:1034dc000000e800a53d2200c43d2200e34d22007f
:1034ec0012c0b3008000780000c5b300e0590200a0
:1034fc0001000000204e2200104078000080fb00ec
:10350c00c0268900c02681004600dd00c026890047
:10351c00c02681001004b000c0268900c02681009e
:10352c00a53d2200c43d2200d34d220012c0b300a1
:10353c008000780000c5b300e059020001000000d3
:10354c00d04d2200104078008080fb000004200049
:10355c00008060000000e00004003200004e2200f9
:10356c0011c0b3000148780003003700004e220060
:10357c008040eb0001487800d04d220010407800cc
:10358c008080fb0000022000008060000000e00052
:10359c0004003200f04d220011c0b3000148780045
:1035ac0003003700f04d22008040eb00014878000a
:1035bc00009b2c002ee4020001000000e0c0200063
:1035cc0011c0b30001487800004e22001042780070
:1035dc00004b220090417800204e220010407800d1
:1035ec000041e800e04d220090407800f04d2200b0
:1035fc00104078008043eb0004437800834278004d
:10360c00024278008041eb00014178008040780054
:10361c00604922003a84020001000000e0132100fe
:10362c0041c1b30001487800a0072000309b8800fe
:10363c00e0132100104078000004e000eb003a0099
:10364c00e00b2000309b8800fb003700008020003e
:10365c00104078000080fb00620060000000e00079
:10366c0002003200b0072000309b8800e0132100dc
:10367c00104078000004e000de003a00e00b20006f
:10368c00309b8800ec003700008020001040780050
:10369c008080fb0000022000008060000000e00041
:1036ac0002003200a00f2000309b88000080200018
:1036bc00104078008080fb00000420000080600037
:1036cc000000e000cd003200c0072000309b8800d5
:1036dc00d9003700204e2200104078008040e800ce
:1036ec00204e220001487800204e22001040780025
:1036fc00e94f500003003600e00b2000309b88009f
:10370c00cd003700d0072000309b8800ca0037005e
:10371c00204e2200104078000080fb00c02689005b
:10372c00c02681004600dd00c0268900c02681002d
:10373c001004b000c0268900c0268100a53d2200df
:10374c00c43d2200d34d220012c0b300800078008b
:10375c0000c5b300e059020001000000c0072000c2
:10376c00309b8800d04d22009040780000b12000a2
:10377c001040780000c060000004e000a10032009e
:10378c00020120008000eb00c01f21005005020048
:10379c0000000000c11f2100c02681006300400012
:1037ac00a53d2200c43d220081017800f2c0b30087
:1037bc008000780000c5b300e05902000100000051
:1037cc0061492200c01f2100f4dd0200010000004d
:1037dc0060492200104078000004e0008b003200a9
:1037ec00604922008ee00200010000000000e000b1
:1037fc0088003200e0072000309b8800e013210095
:10380c0041c0b300014878008b003700e013210061
:10381c00104078000004e00080003a00900720007f
:10382c00309b8800e013210021c3b30001487800cd
:10383c0081003700f00b2000309b8800e013210042
:10384c0031c0b30001487800eab802000000000063
:10385c0010c4200090407800a0c5b30080cf500069
:10386c007000320011c0b30000042000703602005a
:10387c000100000070003700e013210010407800b8
:10388c000004e0000400320070c3200010407800f7
:10389c000004e00065003a00a00f2000309b880077
:1038ac0010e92000104078000004e00061003200b4
:1038bc00032b2000f20020008040eb00409c2c00e9
:1038cc006ab80200000000005b00370030c4200022
:1038dc0010407800e34f500009003a0000b120007e
:1038ec00104078000080fb00620060000000e000e7
:1038fc000300320030c4200041c0b30001487800fe
:10390c0040c4200010407800e34f500009003a00fa
:10391c0000b12000104078000080fb0064006000c3
:10392c000000e0000300320040c4200041c0b3009e
:10393c000148780050c4200010407800e34f50003c
:10394c0009003a0000b12000104078000080fb0014
:10395c00680060000000e0000300320050c420004a
:10396c0041c0b3000148780060c4200010407800ca
:10397c00e34f500009003a0000b1200010407800dd
:10398c000080fb00700060000000e00003003200cb
:10399c0060c4200041c0b300014878000000eb0077
:1039ac00309b880024003700a00f2000309b88003b
:1039bc0021003700000000001f003700000000004d
:1039cc001d003700000000001b0037000000000045
:1039dc00190037000000000017003700000000003d
:1039ec001500370000000000130037000000000035
:1039fc0011003700000000000f003700000000002d
:103a0c000d003700000000000b0037000000000024
:103a1c00090037000000000007003700000000001c
:103a2c000500370000000000030037000000000014
:103a3c0001003700000000000080fa0000000600c2
:103a4c000000fa006000b80020f0880031f0880017
:103a5c000000eb0040f088006000b80050f08800d7
:103a6c0061f088000080eb008080eb0070f0880033
:103a7c0081f088000000eb0090f08800a0fc800032
:103a8c000070a100a0fc8800a0fc80000050a100e8
:103a9c00a0fc8800a0fc80000060a100a0fc8800b5
:103aac0050f921008040eb00014878006000b8001c
:103abc00b0fc8800c1fc8800a0f921008040eb001c
:103acc00014878000080eb008080eb00003089001a
:103adc00113089000080fa00000006000600fa0090
:103aec00008fbe00220798001e00be00c001dd0042
:103afc00020020002e0090008000eb0000007100fe
:103b0c00818071000080fa00000006000200fa00bb
:103b1c00004f7800f0c2b3009e40780080cf500078
:103b2c000700360090c3b3009e40780080cf500051
:103b3c0003003e0000cdb3001e40400017003700cc
:103b4c0000c4b3009e40780080cf500007003600c0
:103b5c0060c4b3009e40780080cf500003003e004c
:103b6c0090ccb3001e4040000c00370000c6b300e0
:103b7c009e40780080cf50000700360060c6b3002e
:103b8c009e40780080cf500003003e0090cab300e6
:103b9c001e4040000100370000c0eb000080fa001e
:103bac00000006000400fa00100798001e009000a8
:103bbc0010407800d5ff0700004f78001e009000e1
:103bcc000000e80010407800d0ff07001047980074
:103bdc001e407800e14f4000030032001e40900070
:103bec00e14f400002003a0000c0eb000500370036
:103bfc001e80fb004400dd00804078001e409000d9
:103c0c0000c070000080fa00000006000a00fa00f4
:103c1c0030079800410798003e029000ce029000b9
:103c2c0000802f00f1ff2f000403780005027800bc
:103c3c00800278008100780005006300810062003a
:103c4c008101780000017800028fbe0000308100f5
:103c5c00113081001e01be00800f5100818f590070
:103c6c0002003a000040eb002d0037003000240029
:103c7c00003b88001e007800103b88001e00be0030
:103c8c004008de0080007800f00720000080600013
:103c9c00203b8800110480002107980083e0a900d4
:103cac00000000000000000050052000303b8800a0
:103cbc00a00a2000303b880061e7a800000000004b
:103ccc000000000000000000013b80000000280004
:103cdc00008060000000e000fbff3a0083e0a800d9
:103cec0000000000000000002e019000120488006b
:103cfc00013b800000002200008060000000e0001a
:103d0c000300320061a7a90010c0b3000400370003
:103d1c001e01be0002308900133089000040eb0008
:103d2c000080fa00000006001400fa00881f7800da
:103d3c00000f9800110f98000e0990009e0990003a
:103d4c00028fbe00a3028000230798000000200011
:103d5c00f10720001e03be0006047800070378005c
:103d6c008003780081007800070064008100630004
:103d7c0081027800000278000400be004008de00da
:103d8c0000007800a00288009e007800310798009f
:103d9c003e0090001000ba00400798003e009000d2
:103dac001080ba00500798002e019000a2028800e3
:103dbc004e0090008000eb0060079800710798009f
:103dcc005e0090006102b800f00f2000010020009e
:103ddc0004037800050278008002780081007800e6
:103dec000500630081006200810178000001780009
:103dfc000200be00c000dd00000020006e0190003b
:103e0c00fe01900000007100818071006007980035
:103e1c00710798006e009000fe0090004f0478002f
:103e2c000080fa00000006003e00fa00301f9800e7
:103e3c00411f9800521f9800631f98003e19900074
:103e4c00ce199000c0ff2f00f1ff2f000203780065
:103e5c000301780080017800810078000300630082
:103e6c00810061008102780000027800048fbe009e
:103e7c001e01be0022079800330798002200200084
:103e8c00030020003e004100ae804900400798002e
:103e9c00510798002e009000be009000a2ff070072
:103eac006007980071079800780147006e00900039
:103ebc00fe009000809fbe00c0812c00801f780007
:103ecc00020078001a05020000000000e687570087
:103edc00780047002ee40200010000005e199000fb
:103eec00ee199000620798007307980010002400e8
:103efc00003b88001e007800103b88001e00be00ae
:103f0c004008de0080007800f00720000080600090
:103f1c00203b8800a3028000030f9800a00f200014
:103f2c00a0028800ee009000110f98006e00900027
:103f3c00fe0090004008de0080007800f00f2000aa
:103f4c0000806000200f98000000eb009e0890009d
:103f5c000108bb000000eb00ae0890000188bb001c
:103f6c000e099000a202880013048000330f980001
:103f7c0083e0a900000000000000000050052000b4
:103f8c00303b8800a00a2000303b880061e7a80085
:103f9c00000000000000000000000000013b800059
:103fac0000002800008060000000e000fbff3a00e9
:103fbc0083e0a8000000000000000000be08900094
:103fcc0011048800013b800000002200008060008a
:103fdc000000e00006003200c0822c002ee402003b
:103fec000100000061a7a9000000eb0001003700f0
:103ffc00100020000080fa00000006001000fa00fb
:10400c00500798006107980072079800a0f92100ea
:10401c008040eb00014878007e0090000000e0003a
:10402c0005003a00a0f9210011c0b3000148780046
:10403c0010c0b3006e0037005e009000ee009000e0
:10404c00f2fe07000004e00005003200a0f9210098
:10405c0021c0b3000148780020c0b30064003700d1
:10406c0020002400003b8800a1028000110798006a
:10407c00a00f2000a00288005e009000103b88007a
:10408c005e009000ee0090004008de00800078009a
:10409c00f007200000806000203b88000000eb004f
:1040ac00000f7800260037001e0078006300b9006e
:1040bc0000007800fe009000008040001040780066
:1040cc000080fb00200798001e0078006300b900f8
:1040dc00000078000000e800fe0090000080400026
:1040ec00104078000080fb004800dd00ae0090001e
:1040fc0001007000200798001e0078006300b900d2
:10410c00000078000080e800fe0090000080400075
:10411c00104078000080fb00300798001e007800eb
:10412c0000004000ae0090000108bb001e007800ab
:10413c0000004000be0090000188bb001e0fe8008c
:10414c009e007800f0072000808f5000d6ff3600cc
:10415c009e009000a1028800110480004107980085
:10416c0083e0a900000000000000000050052000c2
:10417c00303b8800a00a2000303b880061e7a80093
:10418c00000000000000000000000000013b800067
:10419c0000002800008060000000e000fbff3a00f7
:1041ac0083e0a8000000000000000000ce0090009a
:1041bc0011048800013b8000000022000080600098
:1041cc000000e0000600320061a7a900a0f9210060
:1041dc0031c0b3000148780030c0b3000400370090
:1041ec00a0f921008040eb00014878000040eb0072
:1041fc000080fa00000006000a00fa004007980050
:10420c006000b800008fbe00ce009000f0ff2000d0
:10421c0000806000200798002e0090008080ea004b
:10422c00f0ff200000806000300798002e00900006
:10423c008000eb00008fbe003e0090006101b800d2
:10424c004c18dd00c410de00810070004c10dd0045
:10425c001e1f70001e9770001e00be000080fa002a
:10426c00000006002e00fa0080832c002ee40200d1
:10427c0001000000013b8000004020000080600035
:10428c000000e0000b00320000852c002ee4020040
:10429c0001000000c0ff250051042000008fbe006b
:1042ac00c0ff25005100200020079800310798001e
:1042bc000a003700f0852c002ee4020001000000fb
:1042cc00c0ff250051002000008fbe00c0ff25005c
:1042dc005104200020079800310798000000eb00e3
:1042ec00c5ff0700400798005107980010002000f8
:1042fc00c1ff070060079800710798007001470024
:10430c004e009000de009000809fbe00e0862c00e6
:10431c00801f7800020078001a05020000000000df
:10432c00e6875700700047002ee4020001000000f1
:10433c00700147006e009000fe009000809fbe0050
:10434c0040882c00801f7800020078001a050200bb
:10435c0000000000e6875700700047002ee40200c2
:10436c00010000004e019000de0190002e00900034
:10437c00be009000acfe07000000e00002003a0016
:10438c000000eb00090037006e019000fe01900068
:10439c001e00be00a4fe07000000e00002003a0070
:1043ac000000eb0001003700100020000080fa0034
:1043bc00000006000600fa00200798002e0090006e
:1043cc0090407800a0c3b30080cf500002003200b0
:1043dc0010c0b3002a00370010002000000f780036
:1043ec00200037001e007800ae00900000804000d6
:1043fc001040780020479800ae409000f0c2b30007
:10440c0080cf500004003400ae40900090c3b30045
:10441c0080cf500012003400ae40900000c4b300b6
:10442c0080cf500004003400ae40900060c4b30054
:10443c0080cf50000a003400ae40900000c6b3009c
:10444c0080cf500004003400ae40900060c6b30032
:10445c0080cf50000200340010c0b30008003700b9
:10446c001e0fe8001e007800ae0090000080400097
:10447c00104078000004e000daff3a000040eb0046
:10448c000080fa00000006000e00fa00881f780079
:10449c00600798006e00900090407800a0c3b300b5
:1044ac0080cf50000200320010c0b3007d003700f6
:1044bc006e0090000000e800bafd0700404798002d
:1044cc00ce40900000c2b30080cf500002003600f6
:1044dc0010c0b300730037006e00900067004000fe
:1044ec00b0fd0700504798005e409000e54f50002b
:1044fc000200360010c0b3006a0037006e00900056
:10450c0063004000a7fd07000080fb004804dd00ad
:10451c006e00900065004000a2fd07000080fb00cb
:10452c0008007000300798000040eb00004f780046
:10453c004e4090001e4f40003e0090004800de00b0
:10454c00004078001e4f40003e0090000040780074
:10455c001e4f40005e4090001e4f40000000eb00dc
:10456c00100798001c0037001e009000000040004f
:10457c0069004000ee0090000080400089fd0700bb
:10458c00004f98009e0090003000280000806000d2
:10459c000000e00004003d000000e900c1ff2f0016
:1045ac00008070000000e800e30f500005003a00a6
:1045bc000e4890000004e0000200320010c0b3006e
:1045cc00380037000e4890001e4f40001e0090002f
:1045dc000000e800100798004e4090008080fb001f
:1045ec001e009000808f5000dfff3c004e4090007a
:1045fc000080fb000000400069004000ee009000cd
:10460c000080400067fd0700104f98001e40ea0034
:10461c00204f9800ae4890001e48900080cf50006c
:10462c000200320010c0b3001e0037004e40900054
:10463c000080fb00000040006b004000ee0090008a
:10464c000080400010407800ea4f50001400320007
:10465c004e4090000080fb00000040006b004000ca
:10466c00ee0090000080400010407800ed4f5000ac
:10467c000b0032004e4090000080fb000000400018
:10468c006b004000ee00900000804000104078006d
:10469c000004e0000200320010c0b300010037003b
:1046ac000040eb004f0478000080fa000000060088
:1046bc000800fa0020079800614798006e409000af
:1046cc00e24f5000250036002e0090000000e8005c
:1046dc0034fd0700004f780000c2b3009e40780004
:1046ec0080cf50000200360010c0b3001c00370011
:1046fc001e407800004040006b404000104798007e
:10470c00ee4090001e40900080cf50000e0039000b
:10471c002e0090005cff07000004e0000500320052
:10472c00c0892c002ee402000100000020c0b30060
:10473c000b0037002e0090000b000700204798005c
:10474c002e40900006003700c08a2c002ee4020098
:10475c000100000010c0b3000100370010c0b3000e
:10476c000080fa00000006005600fa00889fbe0088
:10477c008a1f7800202f98000040eb00204f9800f3
:10478c002e2890000000e80006fd0700304f98002e
:10479c002e2890006300400002fd07000080fb0003
:1047ac004805dd002e28900065004000fdfc070048
:1047bc000080fb000a007000600798002e28900013
:1047cc0067004000f7fc0700604f98006e489000af
:1047dc000004e000c2003a00a1fc800000082000a8
:1047ec00008060000000e000bd003a0050f0800046
:1047fc0061f080006e019000b8fc0700000f98007b
:10480c00110f98000e0890009e0890008100d100b6
:10481c000080d300000f9800110f98000e09900033
:10482c009e099000000020000104200002004000be
:10483c0083804800200f9800310f980072f08000a0
:10484c0083f080000080eb008080eb00800f510033
:10485c00818f590041003200b2fc8000c3fc800003
:10486c0050f92100104078000080fb000000d100be
:10487c00004078000080fb008000eb00020140004b
:10488c00838148002e089000be089000800f5100d4
:10489c00818f590031003200308c2c002ee4020044
:1048ac0001000000b0fc8000c1fc8000220220004e
:1048bc000e014100809fbe002e089000be089000a3
:1048cc00809fbe00d08d2c00801f780002007800e5
:1048dc001a05020000000000ea87570020022000a1
:1048ec000e0040002ee40200010000002e09900092
:1048fc00be099000f0ef250001042000800f51004c
:10490c00818f590004003e0030c0b300204f980046
:10491c002e489000db00370090f080000000e00093
:10492c000a00320070f0800081f0800042e121002a
:10493c00b2fd07000004e0000400320090c0b30098
:10494c00204f98002e489000ce003700a0fc80002d
:10495c000070a000a0fc8800610037002e099000b8
:10496c00be099000b2fc8800c3fc880050f92100fd
:10497c00be499000034878000000eb00000f78005f
:10498c00530037009e00780063806000e30f5000f6
:10499c004d00320090f080000000e0002c003a0046
:1049ac0072f0800083f080000080eb008080eb00d0
:1049bc00800f5100818f590010003a002e09900091
:1049cc00be09900000f02f00f1ff2f0002027800ca
:1049dc0003017800800178008100780003006200f8
:1049ec008100610081047800000478000800be009a
:1049fc0070f0880081f088000600370070f08000ad
:104a0c0081f080000010b0000180b00070f08800d0
:104a1c0081f088000000eb001007980008003700b8
:104a2c009e00900040e121000080400080c0eb001f
:104a3c00014878001e0090000000e8001007980064
:104a4c009e009000f0172000808f5000f4ff36007d
:104a5c009af080001e0078000000400069004000c1
:104a6c00ae289000008040004efc070041e1210080
:104a7c00810045008048780090f080000000e8003c
:104a8c0090f0880091f0800000182000808f50007a
:104a9c000e003a0070f0800081f0800042e12100ad
:104aac0056fd07000004e0000400320080c0b30093
:104abc00204f98002e489000720037000000eb0049
:104acc0090f0880001003700000000001e0fe80085
:104adc003e4890000080fb009e0f5000a9ff3e0056
:104aec006e4890000004e0004a003a00a1fc8000ef
:104afc0000082000008060000000e000450032004b
:104b0c0050f0800061f080006e019000f3fb070014
:104b1c00400f9800510f98004e089000de0890004e
:104b2c008100d1000080d300400f9800510f9800f5
:104b3c004e099000de0990000000200001042000c6
:104b4c000200400083804800600f9800710f9800ad
:104b5c006e099000fe099000c0ff25005104200052
:104b6c00800f5100818f5900020036000040eb008d
:104b7c00440037006000b800200798003107980007
:104b8c000000eb0040079800140037004e00900026
:104b9c000000400069004000ae28900000804000fa
:104bac0000fc07008080fb004e0090004300dd00fd
:104bbc000008dd00cf80de002e019000be019000c9
:104bcc000000710081807100200798003107980067
:104bdc004e0090000000e800400798003e4890000e
:104bec008080fb004e009000808f5000e7ff3c005f
:104bfc002e019000be0190006e089000fe089000ff
:104c0c0089fc07000000e0001c003a0010c0b30053
:104c1c001c0037006e489000e44f500010003a0022
:104c2c002e28900069004000defb07000080fb008e
:104c3c004804dd002e2890006b004000d9fb0700d3
:104c4c000080fb0008007000001798000e10900008
:104c5c008000eb0050f0880061f0880008003700fd
:104c6c006e489000e14f500005003a00a0fc800017
:104c7c000050a000a0fc88000100370000000000dc
:104c8c000040eb004f0578004f04be000080fa0096
:104c9c00000006000400fa0000c420001040780058
:104cac000080fb0061006000004078000004e00020
:104cbc0004003a0060802000104078000004e000fe
:104ccc0013003200d19b800020308100808f500077
:104cdc000f00320021308100d09b8000811f7800b2
:104cec00801f780020342c00801f7800e0bc20004e
:104cfc001a05020000000000e6875700e0bc200007
:104d0c002ee4020001000000d09b800020308900be
:104d1c00d09b8000ec0f500004003e00411f20008f
:104d2c0010c1b3004273020001000000d09b800050
:104d3c00eb0f50005f003200eb0f50000e003e00f6
:104d4c00e50f500040003200e50f500005003e001a
:104d5c000000e0001a003200e10f50002400320085
:104d6c0044033700e60f50003d003200ea0f5000bc
:104d7c00470032003f033700ee0f5000f2023200c2
:104d8c00ee0f500005003e00ec0f5000ab0032005f
:104d9c00ed0f5000ee0032003603370041062000c4
:104dac00810f50001b033200810c2000810f50003a
:104dbc0023033200ef0f5000ef0232002d033700b7
:104dcc00102f22008040eb00014878006022220066
:104ddc0001c5b3000148780080a420008040eb009e
:104dec000148780010002000d09b88003603370063
:104dfc0060222200104078000004e0000500320020
:104e0c0060222200104078008040e90060222200dd
:104e1c000148780060222200104078000004e00075
:104e2c0002003a00a0002000d09b880080a4200043
:104e3c00104078000004e00012033200a0002000b3
:104e4c00d09b8800200337006022220081c2b3006f
:104e5c000148780060002000d09b88001a033700be
:104e6c0060222200104078008040e900602222007d
:104e7c000148780060222200104078000004e00015
:104e8c0002033a00a0002000d09b88000e033700dc
:104e9c000f0307000004e000fe023200b000200007
:104eac00d09b880060222200a1c0b300014878008a
:104ebc0005033700060307000004e000550032002c
:104ecc0060222200104078000004e0004b003a0001
:104edc00a0ae2000104078000004e000ef023a0081
:104eec00b6e6a800b6c6a800ca06a800ca26a8003e
:104efc006ce402000100000000352c002ee40200de
:104f0c000100000010c0b3009ac7020001000000ad
:104f1c00aee3a80040d680000000d10061406000e4
:104f2c000080fb00801f780000362c00801f78006a
:104f3c00e0bc20001a05020000000000e4875700c6
:104f4c00e0bc20002ee4020001000000f0cc800048
:104f5c000000d100614060008081fb00f0cc80003b
:104f6c00614060000081fb00f0aa21001040780035
:104f7c008080fb0010a92100104078000080fb000d
:104f8c00831f7800821f7800811f7800801f7800b3
:104f9c0060372c00801f7800e0bc20001a0502004e
:104fac0000000000ea875700e0bc20002ee402005d
:104fbc000100000062002000c1392c00e0bc200080
:104fcc004205020000000000e1bc2000e0bc200013
:104fdc00908502000000000010b120002ee40200b9
:104fec0001000000203a2c002ee402000100000019
:104ffc00c0002000d09b8800b30237006022220042
:10500c00104078008040e9006022220001487800be
:10501c00ad02370050002000d09b8800dac7020098
:10502c00010000000004e0009e0232000040eb0092
:10503c009ac7020001000000a3023700a402070077
:10504c000004e00004003200a0ae20001040780004
:10505c000004e0000f0032006ce4020001000000cc
:10506c00403a2c002ee4020001000000dac70200d6
:10507c00010000000004e000030032000040eb00df
:10508c009ac702000100000050002000d09b88004d
:10509c008d023700dac7020001000000e14f50001a
:1050ac000300320010c0b3009ac7020001000000d8
:1050bc00f0a180000000e00006003200f0a18000aa
:1050cc00e50f500003003200f0a18000e60f500005
:1050dc0076023a006022220041c0b30001487800f9
:1050ec0062002000c1392c00e0bc20004205020007
:1050fc0000000000e1bc2000e0bc20009085020014
:10510c000000000010b120002ee40200010000009d
:10511c00203a2c002ee40200010000005c51020039
:10512c0001000000804078007022220001487800c5
:10513c00d0002000d09b880070fe8000e50f50004e
:10514c005c023a00800c2000d09b88005e02370085
:10515c005f0207000004e00004003200a0ae200053
:10516c00104078000004e0000f0032006ce40200f4
:10517c0001000000603b2c002ee402000100000046
:10518c00dac70200010000000004e0000300320056
:10519c000040eb009ac70200010000005000200004
:1051ac00d09b880048023700f0a180000000e0008e
:1051bc0006003200f0a18000e50f50000300320021
:1051cc00f0a18000e60f50003c023a006022220061
:1051dc00104078000004e000d5013a00e000200007
:1051ec00d09b880000f020004e5e02000100000001
:1051fc0000f0200090407800a0c7200010407800fc
:10520c0080cf500008003400a0c720001040780068
:10521c008040780000f020001040780000c0500062
:10522c00784f400006003700a0c7200010407800df
:10523c008040780000f020001040780000cf500033
:10524c009e407800c00320000088b9000000780060
:10525c0080407800b0c720001040780000417800f2
:10526c0010f02000104078000040510000c04000b9
:10527c00204798000040eb00104798002e4090000b
:10528c000004e00003003a0010c0b300104798007f
:10529c00080037002e409000fd4f500003003e00e8
:1052ac00ae4090001147980002003700e0c1b300f7
:1052bc00104798001e4090000080fb00801f780073
:1052cc00803c2c00801f7800e0bc20001a050200f6
:1052dc0000000000e4875700e0bc20002ee4020030
:1052ec00010000001e4190008040eb0000f0200007
:1052fc00885f02000100000011c0b30070c0b30051
:10530c00f2600200010000001e4090006f4040005f
:10531c008040780000f0200048620200010000008c
:10532c0021c0b30070c0b300406302000100000054
:10533c0000c120008040eb0001487800e0c0200054
:10534c008040eb0001487800f0c020008040eb006a
:10535c00014878000040eb000284020001000000cc
:10536c00843a0200010000001a360200010000001d
:10537c00b6e6a800b6c6a800ca06a800ca26a800a9
:10538c001100200010c1b3004273020001000000a4
:10539c000000eb00e0738800a20120008000eb000d
:1053ac0060c2200050050200000000000060fe00fa
:1053bc008000eb00703d2c00908502000000000086
:1053cc0010b120002ee402000100000010b12000fa
:1053dc008040eb00014878006022210011c0b3002e
:1053ec00014878000000eb00e0738800a013210056
:1053fc00f1c3b30001487800a08020008040eb008e
:10540c000148780000000000d11c80000010200032
:10541c00008060000000e000fbff3200811d800076
:10542c0000102000008060000000e000f6ff320059
:10543c008fa6a800a2c6a800a2e6a9000019200009
:10544c007058880030c420008040eb000148780080
:10545c0000b1200010407800804078000114a100b9
:10546c0000b1200001487800803d2c002ee40200a1
:10547c000100000000000000d11c80000010200082
:10548c00008060000000e000fbff3200811d800006
:10549c0000102000008060000000e000f6ff3200e9
:1054ac000060fe000100370000000000d11c8000ed
:1054bc0000102000008060000000e000faff3200c5
:1054cc00811d800000102000008060000000e000c2
:1054dc00f5ff320041048000008020000080600055
:1054ec000000e000f0ff3a005104800000002400ae
:1054fc00008060000000e000ebff3a0050048000e8
:10550c00680060000000e000e7ff3a0000000000c7
:10551c0098e3a800aee3a80000000000c02621001c
:10552c008040eb0001487800d11c80000010200066
:10553c00008060000000e00063003200811d8000ec
:10554c0000102000008060000000e0005e003200cf
:10555c004104800000802000008060000000e0001a
:10556c0059003a00510480000000240000806000c3
:10557c000000e00054003a00500480006800600015
:10558c000000e00050003a0041378000002020006d
:10559c00008060000000e0004b003a00a136800063
:1055ac0000042000008060000000e00046003a008b
:1055bc00000000000040fe00603e2c002ee40200c3
:1055cc0001000000500480004300de0061406000d8
:1055dc000082fb00500480004e00de006140600041
:1055ec008081fb00400480004b00de0061406000c5
:1055fc000081fb00801d80004800de0061406000df
:10560c008080fb00d01c80004800de006140600000
:10561c000080fb00841f7800831f7800821f7800b5
:10562c00811f7800801f7800503f2c00801f78006d
:10563c00e0bc20001a05020000000000ec875700b7
:10564c0000000000e0bc20002ee40200010000007d
:10565c00c0262100104078008001fb00a03680009d
:10566c004200de00614060000081fb00a03680003b
:10567c004600de00614060008080fb004037800007
:10568c004900de00614060000080fb00831f780051
:10569c00821f7800811f7800801f780040422c0008
:1056ac00801f7800e0bc20001a05020000000000fa
:1056bc00ea87570000000000e0bc20002ee4020046
:1056cc00010000003a00370020452c002ee40200b7
:1056dc0001000000500480004e00de0061406000bc
:1056ec008081fb00400480004b00de0061406000c4
:1056fc000081fb00801d80004800de0061406000de
:10570c008080fb00d01c80004800de0061406000ff
:10571c000080fb00831f7800821f7800811f7800b7
:10572c00801f780010462c00801f7800e0bc200001
:10573c001a05020000000000ea8757000000000074
:10574c00e0bc20002ee4020001000000a036800026
:10575c004600de00614060000081fb0040378000a5
:10576c004900de00614060008080fb005004800036
:10577c004300de00614060000080fb00821f780067
:10578c00811f7800801f780070482c00801f7800e3
:10579c00e0bc20001a05020000000000e88757005a
:1057ac0000000000e0bc20002ee40200010000001c
:1057bc00c0262100104078000004e00003003200f5
:1057cc0050e7200011c0b300014878000060fe00d3
:1057dc00f074020001000000865b02000100000072
:1057ec0000f020004e5e0200010000000040eb00c3
:1057fc00426502000100000012620200010000007c
:10580c007464020001000000a0918000e10f4000d0
:10581c0003003200a09180000000e800a0918800f5
:10582c00d0338000680060000000e0000600320009
:10583c00b0918000e10f400003003200b091800075
:10584c000000e800b09188004036800070006000d5
:10585c000000e00006003a00c0918000e10f40001b
:10586c0003003200c09180000000e800c091880065
:10587c004136800000022000008060000000e00043
:10588c000c00320040368000680060000000e00030
:10589c000800320040368000640060000000e00028
:1058ac0004003200b0358000640060000000e000ad
:1058bc0006003a00d0918000e10f40000300320056
:1058cc00d09180000000e800d09188008000eb00af
:1058dc00703d2c00908502000000000010b12000eb
:1058ec002ee4020001000000203a2c002ee40200fd
:1058fc000100000010b120008040eb00014878004e
:10590c0030cc200011c0b3000148780040062000c4
:10591c00c0978800d1968000f00f2000808f500037
:10592c0068003a00e01f2000d0968800660037001f
:10593c0060222200104078008040e90060222200a2
:10594c000148780060003700dac70200010000004f
:10595c000004e000030032000040eb009ac7020094
:10596c00010000000000eb00e0738800f000200054
:10597c00d09b88005400370030cc200011c0b300fd
:10598c00014878000000eb00e073880070222200d0
:10599c00104078000004e00003003200703d22004b
:1059ac008040eb00014878006ce40200010000002c
:1059bc00d0968000801f7800504a2c00801f780001
:1059cc00e0bc20001a05020000000000e48757002c
:1059dc00e0bc20002ee4020001000000d196800003
:1059ec00b00c2000808f500004003a00007d200095
:1059fc0001002000e0968800f196880000f020005d
:105a0c004e5e02000100000050002000d09b880078
:105a1c002d00370000000000000000000000000016
:105a2c0000000000000000000000000098e3a90046
:105a3c00aee3a9000000eb00d09b880022003700e9
:105a4c00104c2c002ee402000100000068730200d0
:105a5c000100000083e0a90000000000000000002d
:105a6c000000000000000000000000000000fe002c
:105a7c00150037000000eb00d09b880000000000f0
:105a8c0011003700000000000f003700000000007c
:105a9c000d003700000000000b0037000000000074
:105aac00090037000000000007003700000000006c
:105abc000500370000000000030037000000000064
:105acc0001003700000000000080fa000000060012
:105adc000200fa0070fe8000e10f500002003a0054
:105aec000040eb0081003700d1968000f00f2000c1
:105afc00808f500002003a0010c0b3007b003700ca
:105b0c00d1968000700e2000808f50000600360069
:105b1c00d1968000d00e2000808f500002003e00f5
:105b2c000040eb0071003700d1968000d01f2000a0
:105b3c00808f500006003600d19680000020200097
:105b4c00808f500002003e000040eb0067003700e1
:105b5c00d1968000100f2000808f500002003a0078
:105b6c000040eb0061003700d1968000b0032000ac
:105b7c00808f500006003600d19680000004200073
:105b8c00808f500002003e000040eb0057003700b1
:105b9c00c1c68000000e2000008060000000e00004
:105bac00020032000040eb00500037003080200033
:105bbc00104078000004e000020032000040eb00ce
:105bcc004a00370070c32000104078000004e00049
:105bdc00020032000040eb0044003700a03d2100e1
:105bec00104078000004e00002003a000040eb0096
:105bfc003e00370050998000e20f50000200360042
:105c0c000040eb0039003700409a80000000e000b3
:105c1c00020032000040eb0034003700909a800004
:105c2c000000e000020032000040eb002f003700c3
:105c3c00e09a80000000e000020032000040eb001f
:105c4c002a003700309b80000000e0000200320088
:105c5c000040eb0025003700809680000000e0003b
:105c6c00020032000040eb0020003700209c800036
:105c7c00e10f5000020032000040eb001b00370027
:105c8c000000eb00000f78000800370030c4200043
:105c9c001e00400010407800e54f500002003a0012
:105cac000040eb00110037001e0fe8001e007800ca
:105cbc00e30f5000f5ff340020372200104078002d
:105ccc000004e0000800320000c4200010407800fe
:105cdc000080fb00640060000000e0000200320065
:105cec000040eb000100370010c0b3000080fa0048
:105cfc00000006000200fa00c09c8000f00f50006b
:105d0c0008023200f00f500010003e00ec0f500063
:105d1c0000013200ec0f500007003e00e10f500074
:105d2c003c003200e10f500020003900eb0f500016
:105d3c00e900320010033700ee0f5000a2013200d0
:105d4c00ee0f5000bc013e005e013700910c2000ac
:105d5c00810f50006f023200910c2000810f500017
:105d6c0008003e00f50f500052023200810c20005a
:105d7c00810f500058023200f40f5000f201320033
:105d8c00fd023700b10c2000810f5000e2023200fe
:105d9c00b10c2000810f5000a4023900a10f20008b
:105dac00810f5000f1023200f30237000080eb004b
:105dbc009029890010c42000904078007053220074
:105dcc000148780020c420009040780090532200b5
:105ddc0001487800405e22009040780080532200f9
:105dec0001487800805e220010407800e540600099
:105dfc0060532200014878000171220040c1b300b9
:105e0c00427302000100000010002000c09c8800ba
:105e1c00f8023700a02c2100104078000004e000ac
:105e2c0009003200a02c21008040eb0001487800d2
:105e3c00205122008040eb0001487800900c20009b
:105e4c00c09c8800eb023700b05322008040eb006e
:105e5c0001487800805e220010407800654f600099
:105e6c0060532200104078009e4f50000b0032000f
:105e7c000040eb005e17020001000000e14f5000f3
:105e8c0006003a00b05322001040780080407800a1
:105e9c000124a000b053220001487800a053220036
:105eac00104078000004e0001c003200805e2200ec
:105ebc00104078000080fb00640060000000e000ef
:105ecc0016003200805e2200104078008080fb00bb
:105edc0000032000008060000000e0000f003a008a
:105eec00a05322008040eb0001487800b053220000
:105efc0010407800804078000124a000b0532200ac
:105f0c0001487800b053220010407800804078009f
:105f1c000134a000b05322000148780070532200d5
:105f2c009040780010c420001040780080cf5000c2
:105f3c000c003a00905322009040780020c42000be
:105f4c001040780080cf500006003a00916280002b
:105f5c00c01881008080600090298100808f5000e3
:105f6c000b0032000040eb005e1702000100000045
:105f7c00e14f500006003a00b05322001040780068
:105f8c00804078000104a000b05322000148780042
:105f9c008053220090407800405e22001040780030
:105fac0080cf500014003200d03122001040780015
:105fbc000004e00010003d000040eb005e17020002
:105fcc0001000000e14f50000b003a00b0532200da
:105fdc0010407800804078000114a000b0532200db
:105fec00014878006ce402000100000060dc2c0029
:105ffc002ee4020001000000b05322001040780093
:10600c000004e0002f00320050998000e10f500096
:10601c002c003a00f0a18000e30f500029003a0058
:10602c0060c52000104078000004e000250034001a
:10603c009eca0200010000000004e00021003a00aa
:10604c00f0aa2100104078000004e0001d003a0086
:10605c0090628000a0298900a1298100c0188100cc
:10606c000080600090298900405e220090407800fa
:10607c00805322000148780020c420009040780012
:10608c00905322000148780010c420009040780002
:10609c007053220001487800805e22001040780086
:1060ac00e540600060532200014878002051220036
:1060bc008040eb0001487800c0002000c09c8800a4
:1060cc004c023700a10f200040c1b3004273020004
:1060dc0001000000470237002051220010407800d8
:1060ec008040e80020512200014878002051220015
:1060fc0010407800e94f500003003600a00f20003c
:10610c00c09c88003b023700c0002000c09c880067
:10611c003802370020512200104078000080fb002c
:10612c0070298900702981004600dd0070298900e2
:10613c00702981001004b0007029890031512200af
:10614c00702981000080e800a53d2200c43d22009a
:10615c008101780012c0b3008000780000c5b30044
:10616c00e05902000100000030512200104078007c
:10617c00804078000053220001487800b0002000d5
:10618c00c09c880000532200104078008080fb00e7
:10619c0000042000008060000000e00023003200ba
:1061ac00020120008000eb00c01f210050050200fe
:1061bc0000000000c11f2100702981007200400006
:1061cc00a53d2200c43d220081017800f2c0b3003d
:1061dc008000780000c5b300e05902000100000007
:1061ec0031512200c01f2100f4dd0200010000002b
:1061fc0030512200104078000004e000e20132002f
:10620c00305122008ee00200010000000000e0008e
:10621c00df013200d0002000c09c8800f013210068
:10622c0041c1b30001487800f2013700b05322009d
:10623c00104078000080fb00680060000000e00067
:10624c00d5013200020120008000eb00c01f2100ac
:10625c005005020000000000c11f210070298100c0
:10626c0072004000a53d2200c43d2200810178004f
:10627c00f2c0b3008000780000c5b300e059020002
:10628c000100000031512200c01f2100f4dd02008a
:10629c000100000030512200104078000004e000a2
:1062ac00bf013200305122008ee0020001000000dc
:1062bc000000e000bc01320040012000c09c8800be
:1062cc00cc01370030512200104078000004e0006f
:1062dc0034003200c0c68000610060000000e000a5
:1062ec0032003a0010a92100104078000004e000b0
:1062fc000400320010a9210010407800e34f500038
:10630c002a003a00f0aa2100104078000004e000b6
:10631c0004003200f0aa210010407800e34f500036
:10632c0022003a00b0532200104078000080fb009d
:10633c0061006000004078000004e00016003200ac
:10634c0000532200104078008040780000c8b30051
:10635c0080c06000a02981008041eb0001417800e1
:10636c0080007800305122006a30020001000000e9
:10637c00411f200040c1b300427302000100000025
:10638c00e0002000c09c8800f0132100a1c0b300e5
:10639c000148780005003700f0002000c09c880000
:1063ac0002003700b0002000c09c8800f0132100d0
:1063bc00104078000004e0007d013a00b00020009d
:1063cc00c09c88008b013700c0c680006140600013
:1063dc000080fb00610060000000e00011003a004a
:1063ec00f013210041c1b300014878000053220092
:1063fc00104078000004e00003003d004001200044
:10640c00c09c880002003700f0002000c09c88006f
:10641c00411f200040c1b300427302000100000084
:10642c00740137002103200040c1b3004273020005
:10643c00010000006f01370030512200104078003d
:10644c000004e0002e003200c0c680006100600035
:10645c000000e0002c003a0010a921001040780048
:10646c000004e0000400320010a921001040780064
:10647c00e34f500024003a00f0aa210010407800ad
:10648c000004e00004003200f0aa21001040780063
:10649c00e34f50001c003a00b0532200104078002b
:1064ac000080fb00620060000000e0001100320080
:1064bc0030de2c002ee40200010000008040eb00d6
:1064cc00305122009c30020001000000411f2000ce
:1064dc0040c1b30042730200010000000001200023
:1064ec00c09c8800f0132100a1c0b30001487800c3
:1064fc000500370040012000c09c880002003700d6
:10650c00b0002000c09c8800f013210010407800df
:10651c000004e00028013a00b0002000c09c880074
:10652c0034013700c0c68000614060000080fb0071
:10653c00610060000000e00021013a0040012000f1
:10654c00c09c88002b01370030512200104078008d
:10655c000004e0004a00320000c420001040780023
:10656c000080fb00640060000000e000440032008a
:10657c00b0532200104078000080fb006c006000db
:10658c000000e0003e003200805e220010407800e7
:10659c000080fb00700060000000e00038003a0052
:1065ac00c0c68000610060000000e0003a003a00c4
:1065bc0010a92100104078000004e0000400320013
:1065cc0010a9210010407800e34f50002f003a0032
:1065dc00f0aa2100104078000004e0000400320012
:1065ec00f0aa210010407800e34f500029003a0037
:1065fc0000532200104078000004e00009003d0028
:10660c0031df2c00e0bc20009cdf02000100000008
:10661c0031512200e0bc2000729f020000000000fb
:10662c0008003700a1df2c00e0bc20009cdf02003a
:10663c000100000031512200e0bc2000ac980200a7
:10664c000000000012c0b30011b120003051220034
:10665c003ab1020000000000411f200040c1b3000d
:10666c00427302000100000050012000c09c880011
:10667c00f0132100a1c0b3000148780006003700d8
:10668c00b0002000c09c8800030037000000000010
:10669c000100370000000000f013210010407800ca
:1066ac000004e000c8003a00b0002000c09c880044
:1066bc00d0003700c0c68000614060000080fb0045
:1066cc00610060000000e000c1003a00b000200052
:1066dc00c09c8800c7003700205122001040780071
:1066ec008040e8002051220001487800205122000f
:1066fc0010407800e94f500003003600a00f200036
:10670c00c09c8800bb003700900c2000c09c880007
:10671c00b800370020512200104078000080fb00a8
:10672c0070298900702981004600dd0070298900dc
:10673c00702981001004b0007029890031512200a9
:10674c00702981000080e800a53d2200c43d220094
:10675c008101780012c0b3008000780000c5b3003e
:10676c00e059020001000000305122001040780076
:10677c00804078000053220001487800800c2000f3
:10678c00c09c880000532200104078008080fb00e1
:10679c0000042000008060000000e0008e00320049
:1067ac00020120008000eb00c01f210050050200f8
:1067bc0000000000c11f2100702981007200400000
:1067cc00a53d2200c43d220081017800f2c0b30037
:1067dc008000780000c5b300e05902000100000001
:1067ec0031512200c01f2100f4dd02000100000025
:1067fc0030512200104078000004e0007800320094
:10680c00305122008ee00200010000000000e00088
:10681c0075003200a00c2000c09c8800f0132100f1
:10682c0041c1b3000148780072003700305122009a
:10683c00104078000004e0002e003200c0c680003a
:10684c00610060000000e0002c003a0010a921005b
:10685c00104078000004e0000400320010a9210070
:10686c0010407800e34f500024003a00f0aa2100b9
:10687c00104078000004e00004003200f0aa21006f
:10688c0010407800e34f50001c003a00b053220037
:10689c00104078000080fb00610060000040780030
:1068ac000004e0001500320031512200e0df2c0022
:1068bc00c6a402000000000012c0b30011b12000f9
:1068cc00305122003ab1020000000000411f2000ac
:1068dc0040c1b3004273020001000000b00c200064
:1068ec00c09c8800f0132100a1c0b30001487800bf
:1068fc0002003700800c2000c09c8800f01321009f
:10690c00104078000004e00039003a00800c2000b0
:10691c00c09c880037003700c0c680006140600012
:10692c000080fb00610060000000e0000a003a00fb
:10693c00f013210041c1b30001487800800c200005
:10694c00c09c8800411f200040c1b300427302006c
:10695c0001000000270037002103200040c1b300d4
:10696c0042730200010000002200370010002000da
:10697c00c09c88001f00370010002000c09c8800bd
:10698c00000000001b003700000000001900370059
:10699c000000000017003700000000001500370051
:1069ac000000000013003700000000001100370049
:1069bc00000000000f003700000000000d00370041
:1069cc00000000000b003700000000000900370039
:1069dc000000000007003700000000000500370031
:1069ec000000000003003700000000000100370029
:1069fc00000000000080fa00000006000600fa000b
:106a0c00200798000040eb0020479800ae00900053
:106a1c00010f78000d0037002e4090006a00b9007d
:106a2c0000007800204798001e0078001040780085
:106a3c00804078002e40900080c0400000cdb30014
:106a4c0000c04000204798001e0fe8001e00780090
:106a5c0090407800f0c2b30080cf500005003400a5
:106a6c001e0078009040780090c3b30080cf500097
:106a7c00e9ff34002e4090000080fa000000060070
:106a8c000800fa0030079800be009000110798002b
:106a9c001e00900090407800d0c2b30080cf500010
:106aac0006003a001e0090000000e8001007980055
:106abc0000c0eb00004f78000200370010c0b3009c
:106acc00004f78000040eb00404798001000370062
:106adc004e4090006a00b900000078000040780039
:106aec00404798001e0090001040780080407800cd
:106afc004e40900080c0400000cdb30000c040006c
:106b0c00404798001e0090000000e8001007980015
:106b1c001e00900090407800f0c2b30080cf50006f
:106b2c00050034001e0090009040780090c3b30024
:106b3c0080cf5000e6ff34001e407800ce4090001d
:106b4c008180fb000088b9000000780000407800cc
:106b5c000080fa00000006000800fa0030079800d8
:106b6c006000b8001007980021079800be00900044
:106b7c00010f78001c0037002e0090006a00b9004d
:106b8c00000178001e0090006000b9000000780041
:106b9c00000141009e009000a00020000008b800f9
:106bac00010141008200780010079800210798002d
:106bbc0010079800210798001e00780010407800fc
:106bcc000000fb000003b100cf80de001e0190002e
:106bdc00ae0190000200400083804800100798002e
:106bec00210798001e0fe8001e00780090407800e6
:106bfc00f0c2b30080cf5000050034001e007800b6
:106c0c009040780090c3b30080cf5000daff34007e
:106c1c001e009000ae0090000080fa0000000600fc
:106c2c000800fa002007980031079800be00900079
:106c3c00010f7800ae009000f0702200808f5000a1
:106c4c00170036002e009000c400de0070342000c7
:106c5c000008b8004308de00004078000043b00094
:106c6c00804078003e009000014878003e00900083
:106c7c000000e800300798002e019000c410de00e0
:106c8c00703420000008b800c308de000071220038
:106c9c000088b9000000780000005100200798001f
:106cac00ae009000703e2000808f5000180036001f
:106cbc002e009000c300de00500c22000008b8002b
:106ccc004408de00004078000043b00080407800ab
:106cdc003e009000014878003e0090000000e80063
:106cec00300798002e019000c310de00500c2200db
:106cfc000008b800c408de00803e20000088b900ff
:106d0c000000780000005100200798000a003700ae
:106d1c003e0090009e007800808f500006003200ec
:106d2c003e00900001c3b300014878003e00900083
:106d3c000000e80030079800ae00900030062000fc
:106d4c00808f5000180036002e009000c200de002c
:106d5c00b04721000008b8000100d10000407800c5
:106d6c000043b000804078003e009000014878005d
:106d7c003e0090000000e800300798002e019000c3
:106d8c00c210de00b04721000008b8008100d1001d
:106d9c00400620000088b900000078000000510077
:106dac00200798000a0037003e0090009e007800f3
:106dbc00808f5000060032003e00900001c3b300eb
:106dcc00014878003e0090000000e8003007980071
:106ddc002e009000e90f50000d003600ae00900020
:106dec00d0cc2c000008b8004308de00004078002e
:106dfc000043b000804078003e00900001487800cd
:106e0c003e0090000000e800300798000a003700b0
:106e1c003e0090009e007800808f500006003200eb
:106e2c003e00900001c3b300014878003e00900082
:106e3c000000e800300798002e019000d0cc2c0008
:106e4c000010b8004308de006a00b90000007800aa
:106e5c0000005100200798002e00900000407800a0
:106e6c000043b000804078003e009000014878005c
:106e7c003e0090000000e800300798003e009000b3
:106e8c008040eb0001487800be0090001e007800a6
:106e9c0000805000100798001e0090000080fa003f
:106eac00000006000200fa00004f7800f0c2b300a8
:106ebc009e40780080cf50000800340090c3b3008f
:106ecc009e40780080cf500004003c009e4078002b
:106edc0000cdb30000c040000d00370000c4b3006b
:106eec009e40780080cf50000800340060c4b3008e
:106efc009e40780080cf500004003c009e407800fb
:106f0c0090ccb30000c04000010037000040eb0003
:106f1c000080fa00000006000200fa00004f780022
:106f2c001e4078000004e000060035001e4078008a
:106f3c00e94f500003003c001e4078000043b000b5
:106f4c000a0037001e407800e94f5000060034005c
:106f5c001e407800ef4f500003003c001e407800ac
:106f6c007043b0000100370000c3b3000080fa008a
:106f7c00000006000400fa00100798000000eb0067
:106f8c00000f78001e0090000000e00008003200a6
:106f9c00010037001e0fe8001e0078009e009000d4
:106fac0000804000104078000004e000f9ff3a0037
:106fbc001e0078000080fa00000006000400fa00b1
:106fcc00100798000000eb00000f78001e009000e6
:106fdc000000e00008003200010037001e0fe8003e
:106fec001e0078009e009000008040001040780049
:106ffc000004e000f9ff3a001e0078000080fa005f
:10700c00000006000a00fa0040479800310798007b
:10701c00024f9800be009000010f7800ce40900007
:10702c0030c6b30080cf500003003e000e489000e5
:10703c00e24f5000190036004e4090000080fb00db
:10704c00c200de00b04721000008b8000100d100ea
:10705c00004078000043b000804078003e00900073
:10706c00014878003e0090000000e80030079800ce
:10707c004e4090000081fb00c210de00b0472100a2
:10708c000008b8008100d100400620000088b9003b
:10709c000000780000005100404798004e409000de
:1070ac00e94f50000e0036004e4090008080fb00ef
:1070bc00d0cc2c000008b8004308de00004078005b
:1070cc000043b000804078003e00900001487800fa
:1070dc003e0090000000e800300798000d003700db
:1070ec003e0090009e007800808f500003003a0014
:1070fc000e489000e14f5000060036003e00900014
:10710c0001c3b300014878003e0090000000e80085
:10711c00300798004e4090000081fb00d0cc2c0032
:10712c000010b8004308de006a00b90000007800c7
:10713c0000005100404798004e4090000043b000c2
:10714c00804078003e009000014878003e0090009e
:10715c000000e800300798003e0090008040eb00f3
:10716c00014878003e009000804078001e007800b6
:10717c000040780000c05000204798002e4090003e
:10718c000080fb000080fa00000006000e00fa00f0
:10719c00300798004107980052079800434f980019
:1071ac003e009000ce009000e00f5000e08f5800a1
:1071bc004d0032004e489000004fe9001e80fb004d
:1071cc00de009000008040008040eb000148780019
:1071dc00180037001e4fe9003e009000ce009000d2
:1071ec00a200200003002000c604020000000000e2
:1071fc0010079800210798001e80fb00de0090000d
:10720c00008040009e009000814078000143b00057
:10721c00014878003e009000ce009000a2002000b3
:10722c0003002000a60402000000000030079800b4
:10723c00410798001e4078000004e0000500320071
:10724c003e009000ce009000e00f5000e08f580000
:10725c00e0ff3a001e4078000004e0001f003200fe
:10726c000040eb00104798000d0037001e409000c6
:10727c000080fb00de009000008040009e80fb0040
:10728c005e01900081004100914078000148780037
:10729c001e4090000040e800104798001e4fe80088
:1072ac001e80fb00de009000008040001040780043
:1072bc000004e000edff3a001e4090000080fb004f
:1072cc00de009000008040008040eb000148780018
:1072dc001e4090000080fb000b0037004e489000d1
:1072ec000080fb00080037005e00900001c3b30073
:1072fc00014878005e0090000000e8008040eb0040
:10730c0001487800100020000080fa000000060000
:10731c000600fa00881f7800204798002107980083
:10732c002e4090006f4f6000ae40900000cfb30035
:10733c0000c06000104798001e4090000080fb00c9
:10734c004400de00104798001e409000f2fe07003b
:10735c00804078002e009000014878002e009000ac
:10736c000004e8001e407800ebfe0700004c78009b
:10737c002e0090000080e8008040eb00014878006f
:10738c00200020004f0478000080fa000000060066
:10739c000600fa00200798000000eb001007980088
:1073ac00ae009000010f78000c0037001e0090001a
:1073bc006a00b90000007800100798001e007800e1
:1073cc00104078008000fb001e0090000080400000
:1073dc000003b100100798001e0fe8001e00780093
:1073ec0090407800f0c2b30080cf5000050034000c
:1073fc001e0078009040780090c3b30080cf5000fe
:10740c00eaff34001e0090000080fa000000060025
:10741c000800fa00604798006e4090008080fb00e6
:10742c000e007800811f780041e12c00811f78004c
:10743c001a05020000000000e48757000e007800d7
:10744c00f6160200010000000080fa0000000600a1
:10745c000c00fa0050079800de009000811f7800a5
:10746c0040e12c00801f78000e0078001a05020005
:10747c0000000000e48757000e007800f6160200aa
:10748c00010000000080fa00000006000600fa006f
:10749c0020079800ae0090001107980003003700f9
:1074ac001e0090000000e800100798001e009000dd
:1074bc009040780000c2b30080cf5000f8ff32003b
:1074cc002200200071e12c001e00900080060200ba
:1074dc00000000000000e000150032002200200037
:1074ec00a1e12c001e0090008006020000000000ac
:1074fc000000e0000e0032001e009000904078006a
:10750c0080c7b30080cf5000090032001e009000ed
:10751c009040780080c5b30080cf5000040032004a
:10752c001e00900035fd0700004f78004a00370020
:10753c001e0090009040780080c7b30080cf5000b0
:10754c00050032001e0090009040780080c5b3000a
:10755c0080cf500004003a001e0090000000e800ac
:10756c0010079800030037001e0090000080e80010
:10757c00100798000040eb00004f78002d003700fa
:10758c001e4078004400dd00004f78001e00900083
:10759c0090407800f0c2b30080cf50000b00340054
:1075ac001e0090009040780090c3b30080cf500034
:1075bc0006003c001e009000104078009e404000e9
:1075cc0000cdb30000cf4000170037001e00900024
:1075dc009040780000c6b30080cf50000d003400fe
:1075ec001e0090009040780060c6b30080cf500021
:1075fc0008003c001e00900010407800804078008d
:10760c0000ceb30000c04000804078001e00900007
:10761c00014878001e009000104078009e40400009
:10762c0090ccb30000cf40001e0090000000e8009a
:10763c00100798001e009000104078000004e00035
:10764c00050032001e0090009040780000c2b3008c
:10765c0080cf5000caff3a001e4078000080fa002c
:10766c00000006000000fa007a46a800c0978000cf
:10767c008000eb004206200003002000820f500027
:10768c00838f5800ce023e0000600100640037007a
:10769c00850037008e003700ab003700b400370090
:1076ac00d1003700df003700f80037000101370048
:1076bc002a013700330137008e013700990137005a
:1076cc00b3013700be023700bd023700bc023700e1
:1076dc00bb023700ba023700b9023700b8023700d4
:1076ec00b7023700b6023700b5023700b4023700d4
:1076fc00b3023700b2023700b1023700b0023700d4
:10770c00af023700ae023700ad023700ac023700d3
:10771c00ab023700aa023700a9023700a8023700d3
:10772c00a7023700a6023700a5023700a4023700d3
:10773c00a3023700a2023700a1023700a0023700d3
:10774c009f0237009e0237009d0237009c023700d3
:10775c009b0237009a0237009902370098023700d3
:10776c0097023700960237009502370094023700d3
:10777c0093023700920237009102370090023700d3
:10778c008f0237008e0237008d0237008c023700d3
:10779c008b0237008a0237008902370088023700d3
:1077ac0087023700860237008502370084023700d3
:1077bc0083023700820237008102370080023700d3
:1077cc007f0237007e0237007d0237007c023700d3
:1077dc007b0237007a0237007902370078023700d3
:1077ec0077023700760237007502370074023700d3
:1077fc0073023700720237007102370070023700d3
:10780c006f0237006e0237006d0237006c023700d2
:10781c006b0237006a0237006902370061023700d9
:10782c00405d22008040eb0001487800e20020001f
:10783c008000eb00605d220050050200000000009b
:10784c0020cc20008040eb0001487800405e2200f4
:10785c008040eb000148780030cc20008040eb00e9
:10786c00014878000000eb00006688000000eb0087
:10787c002066880060cc20008040eb000148780036
:10788c007a66a900b6e6a800b6c6a900411f20007a
:10789c0040c0b30042730200010000001000200041
:1078ac00c09788004902370060c0b3000e75020013
:1078bc000100000020002000c0978800a1002000db
:1078cc0040c0b30042730200010000003f023700c9
:1078dc001c75020001000000302f8900312f81003f
:1078ec00400220000088b90000007800b02e89000a
:1078fc00b12e810080a92300808f500004003c0031
:10790c00b12e810030902200808f500004003c008a
:10791c00a02e81000000a100a02e890003003700da
:10792c00a02e81000000a000a02e8900a100200044
:10793c0040c0b30042730200010000003000200080
:10794c00c09788002102370070c0b3000e7502008a
:10795c000100000040002000c0978800a10020001a
:10796c0040c0b30042730200010000001702370050
:10797c001c75020001000000302f8900312f81009e
:10798c00400220000088b90000007800c02e890059
:10799c00c12e8100c00c2100808f500004003c00df
:1079ac00c12e810070bb2000808f500004003c0071
:1079bc00a02e81000010a100a02e8900030037002a
:1079cc00a02e81000010a000a02e8900a100200094
:1079dc0040c0b300427302000100000050002000c0
:1079ec00c0978800f9013700a02e81000020a0006c
:1079fc00a02e890030002000d02e890080c0b3005a
:107a0c000e7502000100000060002000c097880085
:107a1c00a100200040c0b30042730200010000002e
:107a2c00ea0137001c75020001000000302f8900ac
:107a3c00312f8100400220000088b900000078003e
:107a4c00e02e8900e12e8100c0762000808f50004e
:107a5c0004003c00e12e8100306a2000808f500031
:107a6c0004003c00a02e81000030a100a02e890053
:107a7c0003003700a02e81000030a000a02e89004a
:107a8c0070002000c0978800d001370050c0b300b0
:107a9c000e7502000100000080002000c0978800d5
:107aac00a100200040c0b30042730200010000009e
:107abc00c60137001c75020001000000302f890040
:107acc00312f8100400220000088b90000007800ae
:107adc00f02e8900d0338000680060000000e000c8
:107aec000b003a00f02e8100102f890030cc2000c2
:107afc0010407800e14f500003003a0030cc2000d9
:107b0c0021c0b300014878000000eb00006688003b
:107b1c0001928000f02e8100808f500008003d0003
:107b2c00f02e81000092880000f0200010407800b8
:107b3c0012c4b30082404000402421000148780068
:107b4c0090002000c0978800a100200040c0b30026
:107b5c0042730200010000009c01370040c0b300da
:107b6c000e75020001000000a0002000c0978800e4
:107b7c00a100200040c0b3004273020001000000cd
:107b8c00920137001c75020001000000302f8900a3
:107b9c00312f8100400220000088b90000007800dd
:107bac00002f8900e1918000002f8100808f500010
:107bbc0008003d00002f8100e091880000f02000bb
:107bcc001040780012c4b3008240400020242100f1
:107bdc0001487800f1918000002f8100808f5000c7
:107bec0008003400002f8100f091880000f0200084
:107bfc001040780012c4b3008240400030242100b1
:107c0c0001487800002f810080007800902f8100bf
:107c1c00401fb000808f50000500360011c0b3002b
:107c2c00200020003e360200010000000900370051
:107c3c00002f810080007800902f8100808f5000f1
:107c4c000400310011c0b300200020007036020087
:107c5c0001000000f12e810080af2200808f5000c7
:107c6c000500340011c0b300800020003e36020035
:107c7c000100000018003700f12e8100f07c20007c
:107c8c00808f500014003c0000f020001040780061
:107c9c008000fb0040c22000104078000080fb00f8
:107cac00808f50000c00350000f020001040780050
:107cbc008000fb0050c22000104078000080fb00c8
:107ccc00808f500004003d0011c0b30080002000e4
:107cdc007036020001000000b0002000c097880040
:107cec00a100200040c0b30042730200010000005c
:107cfc003601370030cc200010407800e24f5000a5
:107d0c000800360030cc20008040eb0001487800a1
:107d1c000000eb0000668800c0002000c0978800bf
:107d2c002a01370060cc2000104078000004e000ed
:107d3c00140032006ce402000100000080a92c0049
:107d4c002ee402000100000061cc2000c0aa2c002f
:107d5c0022960200000000000041eb0011b120004f
:107d6c0060cc20003ab102000000000010b12000ed
:107d7c008040eb000148780060cc20008040eb0094
:107d8c0001487800d0002000c09788000f01370010
:107d9c0030cc200010407800e24f500003003a0035
:107dac0030cc200031c0b30001487800612f810035
:107dbc00702f8100808f500021003900400d23006e
:107dcc00602f8900c05e2200a53d2200c43d220028
:107ddc008001780022c0b300f12e200000c5b30052
:107dec008c58020001000000006b2300702f8900ea
:107dfc00e05e2200a53d2200c43d220080017800f7
:107e0c0022c0b300112f200000c5b3008c58020013
:107e1c0001000000401f2000802f8900005f22001d
:107e2c00a53d2200c43d22008001780022c0b30091
:107e3c00312f200000c5b3008c5802000100000057
:107e4c0020cc2000104078000080fb00e10f500097
:107e5c004b003200e20f5000a90032000000e0009d
:107e6c00c0003a00002f810080007800602f810054
:107e7c00808f50000b003100f02e810080007800c4
:107e8c00002f810000017800802f8100000041004c
:107e9c00808f500003003600206680000000e00058
:107eac0003003d00206680000000e0001b00340051
:107ebc00405e220011c0b300014878007a66a80029
:107ecc00b6e6a900b6c6a80020cc200011c0b300ad
:107edc0001487800405f2200104078000081fb00d0
:107eec00f12e8100002f8100821f7800811f780005
:107efc00801f780010ab2c00801f7800e0bc2000a5
:107f0c001a05020000000000e8875700e0bc2000c2
:107f1c002ee4020001000000060037007a66a9007a
:107f2c00b6e6a800b6c6a900405e22008040eb0071
:107f3c000148780030cc2000104078000004e000ac
:107f4c008c0032007a66a900b6e6a800b6c6a90075
:107f5c0020cc200021c0b30001487800b2012000e1
:107f6c0051ad2c00e0bc20004205020000000000d6
:107f7c00e0bc20002ee4020001000000820037006b
:107f8c007a66a800b6e6a900b6c6a80020668000ee
:107f9c000000e0002b003500206680000000e000af
:107fac0044003a00405f2200104078000080fb0043
:107fbc00610060000000e0003e003a00002f8100ec
:107fcc0080007800702f8100808f500004003e00ec
:107fdc00f12e8100002f8100808f500006003c00a4
:107fec00405f2200104078000080fb0062006000bf
:107ffc000000e00013003200002f810080007800a8
:10800c00702f8100808f500008003e00112f8100de
:10801c00002f8100808f500004003400f12e81006d
:10802c0080382100808f500022003c00405f2200ed
:10803c00104078000080fb00620060000000e0004f
:10804c001c003200405e22008040eb0001487800aa
:10805c007a66a900b6e6a800b6c6a90020cc200016
:10806c008040eb0001487800405f2200104078000f
:10807c008081fb00122f8100f12e8100002f8100e6
:10808c00831f7800821f7800811f7800801f780082
:10809c0000af2c00801f7800e0bc20001a05020005
:1080ac0000000000ea875700e0bc20002ee402002c
:1080bc000100000030cc2000104078000004e000eb
:1080cc002e0032007a66a900b6e6a800b6c6a90052
:1080dc0020cc200021c0b30001487800b201200060
:1080ec00b1b12c00e0bc20004205020000000000f1
:1080fc00e0bc20002ee4020001000000220037004a
:10810c007a66a900b6e6a800b6c6a90030cc200055
:10811c00104078000004e0001a003a007a66a800cb
:10812c00b6e6a900b6c6a80020cc20008040eb0023
:10813c0001487800102f8100801f780060b32c005c
:10814c00801f7800e0bc20001a050200000000002f
:10815c00e4875700e0bc20002ee402000100000080
:10816c000900370020cc20008040eb00014878004b
:10817c00050037000000000003003700000000007d
:10818c00010037000000000010002000c09788009c
:10819c00813e200040c0b300427302000100000089
:1081ac000a00370010002000c0978800a1002000b2
:1081bc0040c0b3004273020001000000030037000e
:1081cc000000eb00c0978800000000000080fa005f
:1081dc00000006000400fa00204798003147980080
:1081ec002e4090000080fb0031c4200061407800dc
:1081fc000080fb00e40f500060003200e40f5000e0
:10820c000c003c00e10f500029003200e10f50003f
:10821c0003003c000000e0000f003200f8003700c3
:10822c00e20f500033003200e30f50003a003200ee
:10823c00f3003700e60f5000a4003200e60f5000a8
:10824c005a003500e70f5000c5003200e80f50000f
:10825c00d7003200ea0037003e4090000004e000f6
:10826c0006003a002e4090000080fb0031c4200034
:10827c0012c0b30082707800030137002e409000ca
:10828c00e34f5000eb003a009162800000082000a0
:10829c00008060000000e000e800320011c0b30074
:1082ac00000820003e36020001000000f6003700f6
:1082bc003e4090000004e00005003a002e40900083
:1082cc000080fb0031c4200022c0b3008270780013
:1082dc003e409000e14f5000da003a002e409000f2
:1082ec000080fb0031c420000041eb00827078005c
:1082fc00e50037003e409000e14f5000d3003a00bb
:10830c002e4090000080fb0031c420000041eb00a7
:10831c0082707800dc0037002e409000e34f500054
:10832c0009003a0091628000000820000080600083
:10833c000000e00004003a0011c0b3000008200067
:10834c0070360200010000002e409000e24f5000f9
:10835c00c0003a0091628000004020000080600064
:10836c000000e000bd003a0011c0b3000040200046
:10837c007036020001000000c30037002e40900050
:10838c000080fb0081c42000000040000080400001
:10839c008000eb00010878002e4090000080fb006c
:1083ac0031c4200052c0b300827078003e4090006f
:1083bc00e14f50000d003a002e4090000080fb0071
:1083cc0031c420000041eb00827078002e409000f8
:1083dc000080fb0081c420000000400000804000b1
:1083ec008000eb0001087800a70037002e409000b9
:1083fc00e34f50000a003a0011c0b30000082000ff
:10840c0070360200010000002e4090000080fb003e
:10841c0031c4200072c0b300827078009a0037001b
:10842c002e409000e24f50000a003a0011c0b300f9
:10843c000040200070360200010000002e40900029
:10844c000080fb0031c4200082c0b3008270780031
:10845c008d0037002e4090000080fb0082c420006d
:10846c008000400081004100910078008100e8000c
:10847c0082c4200000004000000041000108780088
:10848c002e4090000080fb0081c4200000004000c2
:10849c000080400090007800007d2000808f50000c
:1084ac00700036002e4090000080fb0031c420008c
:1084bc0062c0b3008270780011c0b300400020008d
:1084cc0070360200010000006f0037003e40900043
:1084dc00e14f500065003a002e4090000080fb00f8
:1084ec0031c420000041eb00827078002e409000d7
:1084fc000080fb0081c42000000040000080400090
:10850c008000eb00010878000040eb00004f780081
:10851c00080037001e80fb0031c420006140780049
:10852c00e64f500002003a0060c0b300004f7800e4
:10853c001e4fe8001e407800e34f5000f5ff360058
:10854c001e407800e44f50004a003a0011c0b300be
:10855c00400020003e360200010000004a003700b7
:10856c003e409000e14f500044003a002e409000f5
:10857c000080fb0031c420000041eb0082707800c9
:10858c002e4090000080fb0081c4200000004000c1
:10859c00008040008000eb000108780011c0b3009f
:1085ac00000820003e3602000100000036003700b3
:1085bc003e409000e14f500032003a002e409000b7
:1085cc000080fb0031c420000041eb008270780079
:1085dc002e4090000080fb0081c420000000400071
:1085ec00008040008000eb000108780011c0b3004f
:1085fc00004020003e36020001000000220037003f
:10860c002e4090000080fb0031c420000041eb00a4
:10861c00827078002e4090000080fb0081c4200006
:10862c0000004000008040008000eb000108780052
:10863c001500370000000000130037000000000098
:10864c0011003700000000000f0037000000000090
:10865c000d003700000000000b0037000000000088
:10866c000900370000000000070037000000000080
:10867c000500370000000000030037000000000078
:10868c0001003700000000000080fa000000060026
:10869c000400fa0020479800314798000040eb0096
:1086ac00004f78002e409000e34f5000f4003e0045
:1086bc00c05f220081c0b300014878009062800046
:1086cc000000e00007003a00805e220010407800b5
:1086dc000080fb0061006000004078000004e000b6
:1086ec0006003200c05f2200104078008040780005
:1086fc000124a000c05f2200014878000080200007
:10870c00104078000080fb006a0060000000e00070
:10871c00040032001080200010407800e24f50001e
:10872c0006003a00e09a80000000e00009003200e8
:10873c00e09a8000e80f500006003e00c05f220067
:10874c0010407800804078000104a000c05f220037
:10875c000148780000802000104078000080fb0069
:10876c00640060000000e000100032000080200077
:10877c00104078000080fb00680060000000e00002
:10878c000a003a001080200010407800e24f5000a0
:10879c0006003200c05f2200104078008040780054
:1087ac000114a000c05f220001487800e09a80000c
:1087bc00e60f500012003a00c05f22001040780013
:1087cc00804078000114a000c05f220001487800ae
:1087dc002e4090000080fb004200dd000080e8008d
:1087ec00b1c6200061407800e14f500007003a000c
:1087fc00d05f220011c0b30001487800030037009d
:10880c00d05f22008040eb0001487800805e22009f
:10881c00104078000080fb00640060000000e00065
:10882c0006003200c05f22001040780080407800c3
:10883c000144a000c05f22000148780070978000be
:10884c000000e0000900320070978000e30f500038
:10885c0006003e00c05f2200104078008040780087
:10886c000154a000c05f220001487800509980009c
:10887c00e20f500006003600c05f22001040780066
:10888c00804078000174a000c05f2200014878008d
:10889c0090802000104078000080fb006300600096
:1088ac000000e0000d0032009080200010407800a5
:1088bc008080fb00000e2000008060000000e000c3
:1088cc0006003a00c05f220010407800804078001b
:1088dc000164a000c05f2200014878002e40900087
:1088ec000080fb004200dd00a1c62000e1407800c2
:1088fc00c05f22001040780000c060000004e0005f
:10890c001700320010c0b300004f7800c05f220087
:10891c00104078008080fb00000220000080600086
:10892c000000e000270032002e4090000080fb0089
:10893c004200dd00a1c62000614078008080fb0071
:10894c0000022000008060000000e0001d003200ea
:10895c00a080200061c0b3000148780019003700e6
:10896c00d0c72000104078000004e0001500320051
:10897c002e4090000080fb004200dd00b1c62000bc
:10898c00e1407800c05f22001040780000c0600019
:10899c000004e0000200320010c0b300004f780069
:1089ac002e4090000004e00006003a008080200079
:1089bc00104078000004e0000200320010c0b30048
:1089cc00004f78002e4090000080fb004200dd003c
:1089dc000080e800a1c62000614078000004e0009f
:1089ec00080032001e4078000004e0000300320052
:1089fc000040eb00004f78000200370010c0b300bd
:108a0c00004f78003e4090009e40780080cf500090
:108a1c000d0032002e4090000080fb004200dd0073
:108a2c00a1c62000614078008080fb00000220007d
:108a3c00008060000000e00003003200a0802000f5
:108a4c0061c0b300014878002e4090000080fb000c
:108a5c004200dd000080e800b1c6200061407800d3
:108a6c000004e00006003200d05f220010407800c5
:108a7c00e14f500002003a0010c0b300004f7800e4
:108a8c001e4078000080fa00000006009c00fa00ee
:108a9c00889fbe008a1f7800a02221001040780019
:108aac000080fb00000f78001e007800e40f5000df
:108abc0002003e0050002000000f78009e0078005d
:108acc0050c0b300427302000100000070588000d7
:108adc000000e00018003a00403680004400de0040
:108aec0061406000804078000040eb00b9fd070059
:108afc00403680004500de00614060008040780018
:108b0c0010c0b300b3fd0700403680004300de0008
:108b1c00614060008040780020c0b300adfd0700cc
:108b2c00403680004200de006140600080407800ea
:108b3c0030c0b300a7fd0700109880000000e800cb
:108b4c001098880090222100104078000080fb00d3
:108b5c00620060000000e0006700320010988000a6
:108b6c00e10f500003003200e40f500021003200ee
:108b7c0053003700f0cc80000000d1006140600051
:108b8c008082fb00f0cc8000614060000082fb0022
:108b9c00f3a18000c0c68000614060000081fb0032
:108bac00d19680000e80e800851f7800841f780025
:108bbc00831f7800821f7800811f7800a1c82c00c9
:108bcc00811f780061092000e6040200000000000b
:108bdc00ec8757000040eb00005f99006ce402004a
:108bec00010000000e80e8002ee4020001000000ed
:108bfc0041003700a0132100104078000085fb00d5
:108c0c0079978000d8968000579980004036800074
:108c1c004500de00614060000083fb0040368000b0
:108c2c004400de00614060008082fb00a0802000d8
:108c3c00104078000082fb00b080200010407800cb
:108c4c008081fb0040c42000104078000081fb00b4
:108c5c0030c42000104078008080fb000e80e800bb
:108c6c008a1f7800891f7800881f7800871f78007a
:108c7c00861f7800851f7800841f7800831f78007a
:108c8c00821f7800811f780081cc2c00811f780016
:108c9c0061092000e604020000000000f68757007e
:108cac000040eb00005f99006ce402000100000042
:108cbc000e80e8002ee40200010000000e003700d8
:108ccc0011988000518f9800027d20001e007800c2
:108cdc0080017800110009000381d800de88900023
:108cec00808f5000030039000000eb0010988800c2
:108cfc0001003700000000004f0578004f04be0053
:108d0c000080fa00000006000800fa001007980026
:108d1c0021079800624798000000eb00000f7800d4
:108d2c00c0c68000610060000000e00008003a004e
:108d3c001e009000104078000004e0000400320097
:108d4c002e009000104078000004e00002003a0071
:108d5c000040eb00410037000000eb00000f7800f2
:108d6c00080037001e0078009e0090000080400034
:108d7c0090407800a09721001e0040000148780028
:108d8c001e0fe8001e0078009e009000008040003e
:108d9c00104078000004e000030032001e00780050
:108dac00f80f5000efff3400a09721001e00400088
:108dbc008040eb00014878000000eb00000f7800c9
:108dcc00080037001e007800ae00900000804000c4
:108ddc0090407800808d21001e00400011409800ca
:108dec001e0fe8001e007800ae00900000804000ce
:108dfc00104078000004e00004003200f00920006c
:108e0c009e007800808f5000eeff3400808d210092
:108e1c001e0040008040eb0011409800c0c680004e
:108e2c000010a100c0c68800c0c680000000a000d1
:108e3c00c0c688006e409000614060000080fb005e
:108e4c00610060004400dd00c1c680000140a1004b
:108e5c0001007000c0c6880010c0b3000080fa008a
:108e6c00000006000600fa00100798002107980081
:108e7c0001b0800000002100008060000000e000d4
:108e8c0008003a001e009000104078000004e0003a
:108e9c00040032002e009000104078000004e00026
:108eac0002003a000040eb001d0037000000eb0010
:108ebc00000f7800080037001e007800ae0090000c
:108ecc000080400090407800805021001e0040003f
:108edc00014878001e0fe8001e007800ae009000dc
:108eec0000804000104078000004e00004003200d4
:108efc00f00920009e007800808f5000eeff3400b7
:108f0c00004421001e0040008040eb000148780026
:108f1c0000b0800000c0a00000b0880010c0b300fa
:108f2c000080fa00000006000200fa00004f7800f2
:108f3c001e80fb00e10f50000b003200e20f5000ce
:108f4c00100032000000e00015003a0040d680000e
:108f5c000010a10040d6880040d680000000a1007f
:108f6c0040d688000e00370040d680000010a000cc
:108f7c0040d6880040d680000000a10040d6880072
:108f8c000700370040d680000010a10040d68800b2
:108f9c0040d680000000a00040d6880000000000f1
:108fac000080fa00000006000000fa0040d68000a5
:108fbc00620060000000e00006003a0040d680002d
:108fcc00610060000000e00002003a000040eb008d
:108fdc002100370040d68000620060000000e000f5
:108fec0006003a0040d68000610060000000e000fe
:108ffc000200320020c0b3001700370040d68000ba
:10900c00620060000000e0000600320040d68000e4
:10901c00610060000000e00002003a0010c0b300e4
:10902c000d00370040d68000620060000000e000b8
:10903c000800320040d68000610060000000e000b3
:10904c000400320010c0b300b7ff070010c0b3001b
:10905c0001003700c0c0b3000080fa000000060019
:10906c000000fa00f0a18000004078000080fa00b7
:10907c00000006000000fa00502f8100004078002c
:10908c000080fa00000006000000fa0010a9210080
:10909c00104078000004e00009003a00f0aa21001a
:1090ac00104078000004e00005003a00f0a18000b8
:1090bc00e30f500002003a0010c0b300010037006b
:1090cc000040eb000080fa00000006000800fa00e7
:1090dc0020079800614798000000eb00000f780013
:1090ec002e009000c0b7020001000000100798008d
:1090fc00e5ff07000004e0000b0032001e009000aa
:10910c00f90f500008003c001e0090000000e00029
:10911c00050032002e0090008ee0020001000000dd
:10912c000000e00002003a000040eb001e00370097
:10913c00a0d480000010a100a0d48800c0bf2c00d7
:10914c002ee4020001000000f0aa210011c0b300bf
:10915c0001487800920120008000eb0050a921000a
:10916c0050050200000000000000eb00000f78002a
:10917c00080037001e007800ae0090000080400010
:10918c009040780040a921001e004000114098003a
:10919c001e0fe8001e0090009e007800808f50008b
:1091ac00f4ff350010c0b3000080fa000000060088
:1091bc000000fa0010a92100104078000004e00023
:1091cc0004003a00f0aa2100104078000004e000ee
:1091dc000200320010c0b300010037000040eb0069
:1091ec000080fa00000006000000fa006eff070085
:1091fc000004e0000d003a006ce4020001000000e5
:10920c00c0c22c002ee4020001000000b0d380008c
:10921c000000a000b0d38800a0d480000000a00003
:10922c00a0d4880010c0b300010037000040eb0050
:10923c000080fa00000006000200fa00004f7800df
:10924c006ce402000100000020c42c002ee402009b
:10925c000100000020ab2100900078000160a1000b
:10926c00010878001e80fb00d1042000810f500003
:10927c0039003200d1042000810f500004003c0062
:10928c0041042000810f5000080032006c003700b0
:10929c0001052000810f500019003200410520000b
:1092ac00810f5000460032006500370050c120008d
:1092bc009040780020ab21001140980050c1200054
:1092cc009040780020ab21004140980020ab210059
:1092dc008040eb005140980020ab21008040eb0017
:1092ec006140980020ab21008040eb007140980059
:1092fc0000c52c002ee402000100000055003700d0
:10930c0010c120009040780020ab21001140980043
:10931c0010c120009040780020ab21004140980003
:10932c0020c120009040780020ab210051409800d3
:10933c0020ab21008040eb006140980020ab210065
:10934c008040eb0071409800b0c52c002ee4020068
:10935c00010000003f00370030c120009040780031
:10936c0020ab21001140980030c1200090407800c3
:10937c0020ab21004140980040c120009040780073
:10938c0020ab21005140980020ab21008040eb0025
:10939c006140980020ab21008040eb0071409800a8
:1093ac0000c62c002ee402000100000020ab2100be
:1093bc00900078000160a0000108780025003700bb
:1093cc0020ab21008040eb001140980020ab210025
:1093dc008040eb006140980020ab21008040eb0006
:1093ec007140980070c12000104078000004e0002b
:1093fc0008003a0090c1200011c0b3000148780069
:10940c0070c120009040780020ab210011409800e2
:10941c000700370090c120008040eb000148780025
:10942c0070c120009040780020ab210011409800c2
:10943c0080c62c002ee4020001000000050037005d
:10944c00e0c62c002ee40200010000000040eb00fe
:10945c001300370020ab210010409000e84f500063
:10946c000300360020ab210041c0b300114098002e
:10947c0020ab21009e4078002140980020ab2100b9
:10948c00900078000100a0000108780020ab2100ba
:10949c00900078000110a1000108780010c0b30002
:1094ac000080fa00000006000000fa0010a921005c
:1094bc0010407800e24f500007003a00b0d3800013
:1094cc00620060000000e00003003200b0d38000b6
:1094dc000020a000b0d388000040eb000080fa0010
:1094ec00000006000200fa00004f78009e40780051
:1094fc0061c060000080fb00610060000000400063
:10950c00b1d380000110a10001007000b0d388001d
:10951c000080fa00000006000000fa00b0d38000c2
:10952c000000d100614060000080fa0000000600dd
:10953c000000fa0010a92100104078000080fa0009
:10954c00000006000000fa0090d480000080fa00b1
:10955c00000006000000fa0080d580000080fa00b0
:10956c00000006000600fa0010079800414798001a
:10957c00524798000040eb00004f78004e4090009e
:10958c00ea4f500009003e004e4090000004e000fd
:10959c00060032005e409000f44f500003003e0085
:1095ac005e4090000004e00002003a000040eb0036
:1095bc00360037000040eb00004f780022003700e7
:1095cc001e80fb009e009000008040001040780040
:1095dc000000fb0091032000810f50000a003c00aa
:1095ec0001032000810f50000a003d0031022000d1
:1095fc00810f500007003200a1022000810f5000a3
:10960c00040032000e0037001004b100e30f5000cc
:10961c000b003e001e81fb001e80fb009e00900094
:10962c00008040001040780080407800a0ab210002
:10963c0000004100114098001e4fe8000200370066
:10964c000040eb00110037004e4090009e40780027
:10965c0080cf5000daff390070ac2100ce40900072
:10966c000148780060ac2100de4090000148780091
:10967c00d0d580000010a100d0d58800d0d58000b6
:10968c000000a000d0d5880010c0b3000080fa0004
:10969c00000006000000fa00d0d580006140600098
:1096ac000080fa00000006000000fa00d0d580000f
:1096bc000000d100614060000080fa00000006004c
:1096cc000200fa000040eb00004f7800d0cb2000e5
:1096dc00104078000080fb00e10f500013003500b3
:1096ec00e20f500005003400e30f50000f003a0069
:1096fc0010c0b300004f780012003700c0c68000c5
:10970c00610060000000e0000b003a00c1c6800060
:10971c00000e2000008060000000e00008003a000d
:10972c0010c0b300004f7800060037000000eb00bb
:10973c00209c880003003700000000000100370067
:10974c00000000001e4078000080fa0000000600b7
:10975c000200fa00000f7800d0cb200010407800f7
:10976c000080fb00e20f50001f003200e30f50009e
:10977c0003003200e10f50000800320030003700c7
:10978c008001eb000001eb008000eb001e00780074
:10979c0048a9020000000000290037008001eb00fe
:1097ac000001eb0081c820001e00780048a90200cf
:1097bc000000000010b12000104078000004e00010
:1097cc001c0032000041eb0011b1200080c82000c9
:1097dc003ab102000000000010b120008040eb0004
:1097ec0001487800160037008001eb000001eb0007
:1097fc0021ca20001e00780048a9020000000000c9
:10980c0010b12000104078000004e0000b00320082
:10981c000041eb0011b1200020ca20003ab1020037
:10982c000000000010b120008040eb0001487800df
:10983c0003003700000000000100370000000000aa
:10984c000080fa00000006001600fa00209c800040
:10985c00e70f5000f2003200e70f500010003e00fe
:10986c00e20f500071003200e20f500005003e0084
:10987c000000e0001b003200e10f50002800320015
:10988c00af013700e50f50009a003200e50f500091
:10989c00b4003e00e30f50007d003200a8013700f9
:1098ac00ea0f50003c013200ea0f500005003e0068
:1098bc00e80f500006013200e90f50001d01320084
:1098cc009f013700ec0f500065013200ec0f500087
:1098dc004a013900810c2000810f500079013200bf
:1098ec0097013700c0cb20008040eb000148780086
:1098fc00d0cb20008040eb000148780080c82000cd
:10990c008040eb000148780020ca20008040eb002a
:10991c000148780010002000209c88008b01370043
:10992c00c0cb2000104078000004e00008003a0092
:10993c0080c82000104078000004e00004003a00c9
:10994c0020ca2000104078000004e00032003200f1
:10995c00c0cb2000104078000004e0000c00320066
:10996c00d0cb200031c0b30001487800c0cb200020
:10997c0010407800e14f500003003a002000200016
:10998c00209c88000200370090002000209c88005a
:10999c0080c82000104078000004e0000c00320069
:1099ac00d0cb200011c0b30001487800e0cb2000e0
:1099bc0010407800e14f500003003a0020002000d6
:1099cc00209c88000200370090002000209c88001a
:1099dc0020ca2000104078000004e0000c00320087
:1099ec00d0cb200021c0b30001487800f0cb200080
:1099fc0010407800e14f500003003a002000200096
:109a0c00209c88000200370090002000209c8800d9
:109a1c00000000004d013700411f200020c1b300a1
:109a2c0042730200010000004801370024ff0700c8
:109a3c000004e000080032000e80e80061d82c0021
:109a4c009cdf0200010000000e80e80040ff0700d0
:109a5c0030002000209c8800d0cb200010407800e3
:109a6c00e34f500005003a00810c200020c1b300e8
:109a7c00427302000100000034013700813e2000d7
:109a8c0020c1b30042730200010000002f01370017
:109a9c000bff07000004e000080032000e80e80015
:109aac00c1d82c009cdf0200010000000e80e800f1
:109abc0027ff070050002000209c8800d0cb2000fe
:109acc0010407800e34f500005003a00810c200054
:109adc0020c1b30042730200010000001b013700db
:109aec00813e200020c1b30042730200010000003f
:109afc0016013700f2fe07000004e0000b003200f4
:109b0c000e80e80021d92c009cdf0200010000002f
:109b1c000e80e8000eff0700606022008040eb0022
:109b2c000148780060002000209c8800d0cb2000e9
:109b3c0010407800e34f500005003a00810c2000e3
:109b4c0020c1b3004273020001000000ff00370087
:109b5c00813e200020c1b3004273020001000000ce
:109b6c00fa003700d6fe07000004e0001e003200a9
:109b7c000e80e80071d92c009cdf0200010000006f
:109b8c00000f78001e0078008e80e8008080400076
:109b9c0060602200104078000041eb0008b8020021
:109bac00010000001e0f40000e80e800e8fe0700d8
:109bbc0060602200104078008040e8006060220065
:109bcc00014878006060220010407800e94f500096
:109bdc000500360070002000209c88006060220088
:109bec0011c0b30001487800d0cb200010407800a1
:109bfc00e34f500005003a00810c200020c1b30057
:109c0c004273020001000000d0003700813e2000aa
:109c1c0020c1b3004273020001000000cb003700ea
:109c2c00a7fe07000004e0001b0032000e80e800d5
:109c3c00e1d92c009cdf020001000000000f78002d
:109c4c001e0078008e80e80080804000606022005a
:109c5c00104078000041eb0008b802000100000041
:109c6c001e0f40000e80e800b9fe07006060220065
:109c7c00104078008040e8006060220001487800c5
:109c8c006060220010407800e44f50000200360063
:109c9c0080002000209c8800d0cb20001040780051
:109cac00e34f500005003a00810c200020c1b300a6
:109cbc004273020001000000a4003700813e200026
:109ccc0020c1b30042730200010000009f00370066
:109cdc007bfe07000004e000080032000e80e80064
:109cec0051da2c009cdf0200010000000e80e8001d
:109cfc0097fe070090002000209c8800d0cb20000d
:109d0c0010407800e34f500005003a00810c200011
:109d1c0020c1b30042730200010000008b00370029
:109d2c00813e200020c1b3004273020001000000fc
:109d3c008600370062fe07000004e00008003200d5
:109d4c000e80e800d1da2c009cdf0200010000003c
:109d5c000e80e8007efe0700a0002000209c8800fa
:109d6c00d0cb200010407800e34f500005003a00a3
:109d7c00810c200020c1b3004273020001000000de
:109d8c0072003700813e200020c1b30042730200f4
:109d9c00010000006d00370049fe07000004e000e0
:109dac00080032000e80e80001db2c009cdf020072
:109dbc00010000000e80e80065fe0700b0002000e6
:109dcc00209c8800d0cb200010407800e34f50003e
:109ddc0005003a00810c200020c1b3004273020040
:109dec000100000059003700813e200020c1b30063
:109dfc0042730200010000005400370030fe0700df
:109e0c000004e000080032000e80e80051db2c005a
:109e1c009cdf0200010000000e80e8004cfe0700f1
:109e2c00c0002000209c8800d0cb2000104078007f
:109e3c00e34f500005003a00810c200020c1b30014
:109e4c00427302000100000040003700813e2000f8
:109e5c0020c1b30042730200010000003b00370038
:109e6c0017fe07000004e000080032000e80e80036
:109e7c00a1db2c009cdf0200010000000e80e8003a
:109e8c0033fe0700800c2000209c8800d0cb2000e3
:109e9c0010407800e34f500005003a00810c200080
:109eac0020c1b300427302000100000027003700fc
:109ebc00813e200020c1b30042730200010000006b
:109ecc0022003700e0db2c002ee402000100000031
:109edc00d0cb2000104078000080fb00e20f500037
:109eec000d003200e30f500003003200e10f500070
:109efc00050032000c003700c0cb20008040eb0086
:109f0c00014878000800370080c820008040eb0032
:109f1c00014878000400370020ca20008040eb0084
:109f2c000148780000000000d0cb20008040eb00fe
:109f3c000148780010002000209c880003003700a6
:109f4c000000eb00209c8800000000000080fa005c
:109f5c00000006000000fa00881f7800e09a8000dc
:109f6c008000eb00e201200003002000820f500073
:109f7c00838f5800c1013e00006001001e003700b5
:109f8c00be0137008a003700bc013700bb01370027
:109f9c00ba013700cb003700b8013700ed003700ad
:109fac00fc00370014013700190137002701370076
:109fbc006901370090013700b0013700af0137005d
:109fcc00ae013700ad013700ac013700930137000b
:109fdc00aa013700a9013700a8013700a7013700f3
:109fec00a6013700a5013700a4013700a3013700f3
:109ffc00a20137009b0137009eca0200010000003d
:10a00c00e34f50001d003a0050c4b300883c0200de
:10a01c00010000006ce402000100000020162c007e
:10a02c002ee402000100000070192c002ee4020046
:10a03c000100000070a721002ee4020001000000c6
:10a04c00101a2c002ee4020001000000e0c02000d9
:10a05c0011c0b3000148780000c5b30022c902004a
:10a06c000100000011c0b300000420003e360200c5
:10a07c000100000060002000e09a88009eca0200e7
:10a08c0001000000e24f50007f013a0092ca02002a
:10a09c0001000000e14f50007d013a0050c4b300b4
:10a0ac00883c0200010000006ce40200010000008a
:10a0bc00301a2c002ee402000100000070192c0054
:10a0cc002ee402000100000070a721002ee4020023
:10a0dc0001000000101a2c002ee402000100000008
:10a0ec0060c820008040eb0001487800e0c02000f0
:10a0fc0011c0b30001487800a53d2200c43d2200e8
:10a10c009322210012c0b300e103200000c5b3006c
:10a11c00e05902000100000090222100104078005c
:10a12c000080fb00700060000000e00006003200c0
:10a13c0073052000e200200011c0b300301d2c007c
:10a14c006ab802000000000011c0b3000004200037
:10a15c003e3602000100000020002000e09a88003a
:10a16c00a53d2200c43d2200d357220012c0b300eb
:10a17c00e12f200000c5b300e059020001000000ef
:10a18c00d0572200104078008080fb0000a62e00e3
:10a19c000088b90080007800005327000080400040
:10a1ac00cf80de00f09a8800019b880047013700c1
:10a1bc0050c4b300883c020001000000f09a8000fb
:10a1cc00019b8000e00f5000e08f58000b003a001c
:10a1dc00fac8020001000000eab80200000000000a
:10a1ec0080002000e09a88006ce40200010000006e
:10a1fc00f01d2c002ee402000100000060c82000bd
:10a20c0010407800e14f500020003a00eab80200fc
:10a21c000000000060c820008040eb00014878007e
:10a22c00e0c0200011c0b3000148780000c5b300a5
:10a23c0022c90200010000006ce4020001000000d1
:10a24c0060608000801f780030232c00801f780015
:10a25c00e0bc20001a05020000000000e487570053
:10a26c00e0bc20002ee40200010000006000200091
:10a27c00e09a88005aca020001000000411f200029
:10a28c00e0c0b30042730200010000009eca02004d
:10a29c00010000000004e000ff003a00eab80200f0
:10a2ac000000000080002000e09a88006ce40200ae
:10a2bc000100000070242c002ee4020001000000bc
:10a2cc000201370090c4b300883c0200010000007a
:10a2dc00606080000000e00012003200a8ca02009a
:10a2ec000100000061608000810f50000d003600fd
:10a2fc006ce402000100000000282c002ee4020097
:10a30c0001000000fac802000100000080002000db
:10a31c00e09a8800c15d2000e0c0b30042730200e7
:10a32c00010000009eca0200010000000004e000d1
:10a33c00db003a0080002000e09a88006ce4020008
:10a34c0001000000802a2c002ee402000100000015
:10a35c00de00370070ea20008040eb0001487800f6
:10a36c00a30b2000e20020008040eb00102e2c00fc
:10a37c006ab802000000000090002000e09a8800fb
:10a38c0081382100e0c0b3004273020001000000dc
:10a39c00ce003700e0c020008040eb000148780080
:10a3ac00d0c4b300883c0200010000009eca020029
:10a3bc00010000000004e00003003a00a0002000af
:10a3cc00e09a8800c1003700fac8020001000000c2
:10a3dc0070ea2000104078008040e80070ea20000d
:10a3ec0001487800c15d2000e0c0b3004273020058
:10a3fc0001000000b5003700e05522008040eb0062
:10a40c0001487800c0002000e09a8800af003700b7
:10a41c00e0552200104078008040e800e055220012
:10a42c0001487800e055220010407800e94f5000b8
:10a43c000300360040012000e09a8800a30037009a
:10a44c00c0002000e09a8800a0003700e0552200f0
:10a45c00104078000080fb00d02b8900d02b8100ad
:10a46c004600dd00d02b8900d02b81001004b000f9
:10a47c00d02b8900f1552200d02b81000080e80000
:10a48c00a53d2200c43d22008101780012c0b3001a
:10a49c008000780000c5b300e05902000100000004
:10a4ac00f0552200104078008040780000c8b300be
:10a4bc0080c06000c057220001487800b000200026
:10a4cc00e09a8800f0552200104078000000fb0054
:10a4dc00680060000000e000730032000201200000
:10a4ec008000eb00c01f210050050200000000009e
:10a4fc00c11f2100d02b810072004000a53d22001d
:10a50c00c43d220081017800f2c0b30080007800c5
:10a51c0000c5b300e059020001000000f155220013
:10a52c00c01f2100f4dd020001000000f0552200e4
:10a53c00104078000004e0005d003200d0002000e4
:10a54c00e09a880000e2240001002000f09a8800c4
:10a55c00019b88005d003700f05522001040780008
:10a56c000004e0001a003200c0c6800061006000e8
:10a57c000000e00018003a00c05722001044780098
:10a58c00a8ca02000100000080007800e0552200fb
:10a59c00104078008042eb0008427800810178007e
:10a5ac0072a72100f15522008eb2020000000000bb
:10a5bc000004e00003003200e0002000e09a880074
:10a5cc0005003700b0002000e09a88000200370038
:10a5dc00b0002000e09a8800f09a8000019b800077
:10a5ec00e00f5000e08f580033003a00b00020001c
:10a5fc00e09a880035003700c0c6800061406000da
:10a60c000080fb00610060000000e0002c003a00bc
:10a61c00b0002000e09a88002c0037000000eb000e
:10a62c00e09a880020c5b300883c020001000000bd
:10a63c0000c42000104078008080fb000002200045
:10a64c00008060000000e0001f003a006ce4020093
:10a65c0001000000e02e2c002ee40200010000009e
:10a66c001a0037000000eb00e09a8800c0c72000f9
:10a67c0011c0b30001487800140037000000eb0053
:10a68c00e09a880011003700000000000f0037002e
:10a69c00000000000d003700000000000b00370028
:10a6ac000000000009003700000000000700370020
:10a6bc000000000005003700000000000300370018
:10a6cc0000000000010037000000000070ea2000cc
:10a6dc0010407800e34f5000060036006ce4020096
:10a6ec0001000000e0302c002ee40200010000000c
:10a6fc00ffff37004f0478000080fa0000000600ce
:10a70c000000fa0080968000e60f50001a0132001b
:10a71c00e60f500009003e00e10f50007a003200b5
:10a72c00e10f50000e003900e20f5000a60032007d
:10a73c00e30f5000fa003200b1013700e80f50006f
:10a74c006d013200e80f50001e013900ef0f500070
:10a75c0092013200f00f50009e013200a801370028
:10a76c0070222100104078000004e0002a00320022
:10a77c000040eb005e170200010000000004e00046
:10a78c0025003200a013210090407800f0c3b300e4
:10a79c0080cf500020003200602221001040780051
:10a7ac000004e0001c003a00a03d2100104078009d
:10a7bc00e14f500018003a00a08c21009040780026
:10a7cc0010c3b30080cf500005003200a08c2100d4
:10a7dc009040780050c3b30080cf50000e003a0078
:10a7ec006ce402000100000000732c002ee4020057
:10a7fc0001000000702221008040eb00014878002d
:10a80c00c05322008040eb0001487800200020005b
:10a81c00809688003b003700e1b3800000002700e1
:10a82c00008060000000e00018003200e1b38000fe
:10a83c0000202000008060000000e00013003a00bf
:10a84c00a10020000040eb00427302000100000058
:10a85c006ce402000100000000742c002ee40200e5
:10a86c0001000000c05322008040eb00014878003a
:10a87c00005327000100200090968800a1968800c4
:10a88c0080002000809688001e00370070fe80003b
:10a89c00e10f50001600360070fe8000e40f5000ef
:10a8ac0013003e00a10020000040eb0042730200a8
:10a8bc00010000006ce402000100000090752c0007
:10a8cc002ee4020001000000c05322008040eb0087
:10a8dc0001487800f0002000809688000053270083
:10a8ec000100200090968800a19688000500370092
:10a8fc00017d20000040eb004273020001000000cb
:10a90c005401370053013700c05322001040780027
:10a91c008040e800c053220001487800c053220058
:10a92c0010407800e94f50000b0036006ce4020038
:10a93c000100000050772c002ee402000100000002
:10a94c00702221008040eb00014878000000eb00f1
:10a95c008096880007003700200020008096880031
:10a96c006ce4020001000000c0782c002ee4020010
:10a97c0001000000a08c21009040780010c3b300af
:10a98c0080cf500022013200a08c21009040780032
:10a99c0050c3b30080cf50001f0132006ce40200a2
:10a9ac0001000000c0792c002ee402000100000020
:10a9bc00702221008040eb00014878000000eb0081
:10a9cc008096880023013700c05322001040780085
:10a9dc000080fb00c02a8900c02a81004600dd00ef
:10a9ec00c02a8900c02a81001004b000c02a890046
:10a9fc00d1532200c02a81000080e800a53d22002e
:10aa0c00c43d22008101780012c0b30080007800a0
:10aa1c0000c5b300e059020001000000d053220031
:10aa2c001040780080407800a05522000148780042
:10aa3c001000200080968800a0552200104078005d
:10aa4c008080fb0000042000008060000000e0001b
:10aa5c00f3003200a0552200104078000004e00002
:10aa6c00f1003500020120008000eb00c01f210026
:10aa7c005005020000000000c11f2100c02a810007
:10aa8c0072004000a53d2200c43d220081017800e7
:10aa9c00f2c0b3008000780000c5b300e05902009a
:10aaac0001000000d1532200c01f2100f4dd020080
:10aabc0001000000d0532200104078000004e00098
:10aacc00db003200d05322008ee0020001000000b7
:10aadc000000e000d8003200300020008096880092
:10aaec00005327000100200090968800a196880052
:10aafc006ce4020001000000f07b2c002ee402004c
:10ab0c0001000000d05322002ee4020001000000de
:10ab1c00107d2c002ee4020001000000cd00370057
:10ab2c00c0c68000610060000000e0000a003a002e
:10ab3c0010b1200086550200000000000041eb001f
:10ab4c0011b12000d05322003ab1020000000000e5
:10ab5c00100020008096880090968000a1968000be
:10ab6c00e00f5000e08f5800b5003a0010002000b4
:10ab7c0080968800b7003700c05322001040780040
:10ab8c008040e800c053220001487800c0532200e6
:10ab9c0010407800e94f5000070036000000eb0031
:10abac0080968800e1b38000f0ff280000806000f0
:10abbc00e0b38800a7003700700020008096880062
:10abcc00a4003700c0532200104078000080fb0026
:10abdc00c02a8900c02a81004600dd00c02a8900f5
:10abec00c02a81001004b000c02a8900c055220080
:10abfc00a53d2200c43d22008001780022c0b30094
:10ac0c005141200000c5b300e059020001000000d2
:10ac1c006000200080968800c0532200104078000d
:10ac2c000080fb00110020000008dd00800078008f
:10ac3c00e02a8100008060000000e0002e0032005d
:10ac4c00020120008000eb00c01f21005005020013
:10ac5c0000000000c11f2100c02a810072004000ca
:10ac6c00a53d2200c43d220081017800f2c0b30052
:10ac7c008000780000c5b300e0590200010000001c
:10ac8c00d1532200c01f2100f4dd0200010000009e
:10ac9c00d0532200104078000004e000160032006f
:10acac00d05322008ee00200010000000000e00002
:10acbc00110032008000200080968800005327008d
:10accc000100200090968800a19688006ce4020098
:10acdc0001000000f07b2c002ee4020001000000bb
:10acec00d05322002ee4020001000000107d2c0045
:10acfc002ee4020001000000c0c68000610060006c
:10ad0c000000e00050003a001029210010407800ab
:10ad1c000004e00011003200102921008ee0020036
:10ad2c00010000000000e0000c003200307d2c001f
:10ad3c002ee40200010000008040eb0010292100ed
:10ad4c00c430020001000000e1b38000f0ff2800d5
:10ad5c0000806000e0b388000d003700a07e2c005e
:10ad6c002ee402000100000090a42000a03a020092
:10ad7c000100000090a420002ee40200010000005d
:10ad8c00e1b38000f0ff280000806000e0b3880091
:10ad9c000000eb00809688002e003700c0c68000b3
:10adac00610060000000e00029003a0000802c00e7
:10adbc002ee40200010000008040eb00b02a2100cc
:10adcc00ec30020001000000000120008096880099
:10addc002000370070fe8000e20f500003003a00a4
:10adec005000200070fe8800020037000000eb00cd
:10adfc0070fe88000000eb0080968800150037007c
:10ae0c000000eb0080968800000000001100370065
:10ae1c00000000000f003700000000000d0037009c
:10ae2c00000000000b003700000000000900370094
:10ae3c00000000000700370000000000050037008c
:10ae4c000000000003003700000000000100370084
:10ae5c00000000000080fa00000006000400fa0068
:10ae6c00409a8000e10f500045013200e10f500084
:10ae7c0003003900e20f50005d0132006d01370014
:10ae8c00c0c68000610060000000e0003b003a009a
:10ae9c00f0cc8000610060000000e00037003a0058
:10aeac00f0cc8000620060000000e00033003a004b
:10aebc00f0cc8000640060000000e0002f003a003d
:10aecc00f0312200104078000004e0002b0032002a
:10aedc00f0312200104078000080fb00e10f5000a0
:10aeec0003003200e20f5000080032001e00370051
:10aefc006ce402000100000040d12c002ee40200a2
:10af0c00010000000000fe001700370021638000e4
:10af1c00f00f2f0000806000206388002063800009
:10af2c0000d0a10020638800a0ac2100f1c3b300c5
:10af3c0001487800b0ac21008040eb00014878005b
:10af4c00a08c2100f1c3b30001487800a08c210033
:10af5c0090407800a013210001487800800e20005a
:10af6c00d096880000000000f03122008040eb00f9
:10af7c0001487800800e2000d0968800f0cc80002c
:10af8c00614060000080fb006100600000407800c0
:10af9c000004e000f2003200f0cc8000620060009f
:10afac000000e000ee003a006ce40200010000003a
:10afbc0040d22c002ee402000100000000a421006d
:10afcc002ee402000100000020d32c002ee402002d
:10afdc0001000000a0a521002ee4020001000000e9
:10afec0090d32c002ee402000100000030a62100ba
:10affc002ee402000100000010d42c002ee402000c
:10b00c000100000060d38000801f780070d42c00f9
:10b01c00801f7800e0bc20001a0502000000000030
:10b02c00e4875700e0bc20002ee402000100000081
:10b03c00a0d42c002ee4020001000000f0992100a5
:10b04c002ee402000100000020d52c002ee40200aa
:10b05c000100000051d52c0010b120009cdf020033
:10b06c0001000000100798009e00900010b1200015
:10b07c0000804000a1a521009cdf0200010000001f
:10b08c009e00900000804000100798009e009000e9
:10b09c0010b120000080400091d52c009cdf0200f4
:10b0ac00010000009e0090000080400010079800f6
:10b0bc009e00900010b120000080400031a62100bd
:10b0cc009cdf0200010000009e0090000080400008
:10b0dc001007980012c0b3008000eb0010b12000e4
:10b0ec00d2770200000000000000eb00000f780097
:10b0fc0082c0b300b1d52c00f099210066df0200ac
:10b10c00010000000000e00024003a0072c0b3000f
:10b11c0041d62c00f099210066df020001000000ee
:10b12c000000e0001d003a0017003700e0992100f4
:10b13c001e0040009040900000c6b30080cf50002d
:10b14c0010003400e09921001e0040009040900057
:10b15c00a0c7b30080cf50000a003c00e09921004a
:10b16c001e004000104090008040780000ceb300dc
:10b17c0000c0400080407800e09921001e00400093
:10b18c00114098001e0fe800e09921001e004000bd
:10b19c00104090000004e000e4ff3a00f0cc800086
:10b1ac000000a100f0cc8800f0cc80000010a000c2
:10b1bc00f0cc8800f09921009040780020c5b300b5
:10b1cc0080cf500005003a00009a21009040780092
:10b1dc0000c2b30080cf500014003200f09921005f
:10b1ec009040780090c4b30080cf500018003a0013
:10b1fc00009a21009040780000c5b30080cf500029
:10b20c0013003a00109a21009040780010c4b3004b
:10b21c0080cf50000e003a00209a21009040780018
:10b22c0050c5b30080cf500009003a008042eb00bb
:10b23c0034a62100a3a5210002a42100f19921002c
:10b24c00c0d62c00da520200000000004400370087
:10b25c008042eb0034a62100a3a5210002a421000a
:10b26c00f199210040d72c00da52020000000000b6
:10b27c00c0d72c002ee4020001000000f099210040
:10b28c002ee402000100000030d82c002ee4020055
:10b29c000100000010b120008040eb000148780054
:10b2ac0000a421008ee00200010000000000e0007c
:10b2bc002b00320033a62100a2a5210001a42100fd
:10b2cc00f099210048a902000000000010b12000f4
:10b2dc00104078000004e00021003200c0c680005d
:10b2ec00610060000000e00008003a000041eb0043
:10b2fc0011b1200000a421003ab1020000000000ae
:10b30c0020002000409a88000a00370011b120006c
:10b31c00101421009cdf02000100000001a4210098
:10b32c00a05b22009cdf0200010000001000200046
:10b33c00409a880000e2240001002000509a880006
:10b34c00619a880010b120008040eb000148780021
:10b35c0011c0b300000120003e36020001000000c5
:10b36c00409a80000000e00036003a0021032000e3
:10b37c00c0c0b3004273020001000000340037006b
:10b38c00c0c68000610060000000e0000c003a00c4
:10b39c000041eb0011142100a05b22003ab1020025
:10b3ac000000000020002000409a880000e22400e9
:10b3bc0001002000509a8800619a88000400370030
:10b3cc0021032000c0c0b300427302000100000042
:10b3dc00509a8000619a8000e00f5000e08f580076
:10b3ec001a003a000000eb00409a88001800370061
:10b3fc00c0c68000610060000000e0000500320063
:10b40c00509a8000619a8000e00f5000e08f580045
:10b41c0003003a000000eb00409a88000c00370053
:10b42c0021032000c0c0b3004273020001000000e1
:10b43c00070037000000eb00409a88000000000075
:10b44c00030037000000000001003700000000007e
:10b45c000080fa00000006002600fa00709c8000b4
:10b46c00e10f50001d003200e10f500003003900c5
:10b47c00e20f5000ba0032004301370050b02000f8
:10b48c0010407800e14f50000400320050b0200012
:10b49c0010407800e24f50000b003a00d19680002b
:10b4ac00f00f2000808f50000700320050b02000b9
:10b4bc009040780080602200014878001000200045
:10b4cc00709c88003c013700411f200030c1b30044
:10b4dc00427302000100000037013700c0c6800033
:10b4ec00610060000000e0002e013a00a03d210048
:10b4fc0010407800e14f50002c013a0060222100ee
:10b50c00104078000004e0002a013a0002012000fb
:10b51c008000eb00c01f210050050200000000005d
:10b52c00c01f2100a53d2200c43d220080017800ef
:10b53c00f2c0b3006102200000c5b300e059020064
:10b54c00010000000e80e80080007800c01f210080
:10b55c00f4dd0200010000000e80e8008ee0020025
:10b56c00010000000000e0006e003200209d2c0065
:10b57c002ee40200010000007e0047004e5e020037
:10b58c00010000000000eb00000f78009e00780026
:10b59c0060b02000808040006e58900022c0b30044
:10b5ac0008b80200010000001e0f40009e00780049
:10b5bc0060b02000808040007e58900022c0b30014
:10b5cc0008b80200010000001e0f40009e00780029
:10b5dc0060b02000808040000e60900022c0b3005c
:10b5ec0008b80200010000001e0f4000819d2c00d5
:10b5fc0010b120009cdf020001000000000f780059
:10b60c009e00780010b1200000804000819e2c002c
:10b61c009cdf0200010000001e0f40009e0078001d
:10b62c0010b12000008040008e80e8009cdf0200fa
:10b63c00010000001e0f40009e00780010b1200099
:10b64c0000804000e19e2c009cdf02000100000005
:10b65c001e0f40009e00780010b1200000804000ba
:10b66c0061b020009cdf0200010000001e0f4000b2
:10b67c000e80e80012c0b30011b120003ab10200f4
:10b68c000000000010b120008040eb000148780061
:10b69c0050b0200031c0b3000148780020002000d9
:10b6ac00709c8800813e200030c1b30042730200c0
:10b6bc0001000000906022008040eb0001487800ff
:10b6cc0050b0200031c0b300014878006ce4020097
:10b6dc0001000000309f2c002ee40200010000004d
:10b6ec0080602200104078000080fb00e10f5000c9
:10b6fc0003003200e20f500005003200ae003700ac
:10b70c0040a12c002ee402000100000004003700d0
:10b71c00f0a12c002ee4020001000000000000004b
:10b72c00a50037006ce4020001000000a0a22c0070
:10b73c002ee402000100000050b020008040eb001d
:10b74c00014878008138210030c1b30042730200f7
:10b75c00010000000000eb00709c88009600370090
:10b76c0050b0200010407800e14f5000040032002f
:10b77c0050b0200010407800e24f500002003a0018
:10b78c0010002000709c880050b020001040780001
:10b79c00e44f50002d003a007c00470022002000ae
:10b7ac008000eb0050050200000000007c00470008
:10b7bc00a53d2200c43d22008001780012c0b300d8
:10b7cc005103200000c5b300e05902000100000045
:10b7dc00ce58900010c3b30080cf50000d00320043
:10b7ec007c00470051a52c00dadf020001000000ac
:10b7fc007c004700a53d2200c43d2200800178005a
:10b80c0012c0b3005103200000c5b3008c580200d5
:10b81c000100000050b020008040eb00014878008f
:10b82c0060b020008040eb00014878000000eb0085
:10b83c00709c88006ce402000100000070a52c00d4
:10b84c002ee40200010000005b0037009060220033
:10b85c00104078008040e800906022000148780099
:10b86c0090602200104078000004e00041003a0093
:10b87c0080602200104078000080fb00e10f500037
:10b88c0003003200e20f5000260032003100370076
:10b89c007c004700220020008000eb0050050200d5
:10b8ac00000000007c004700a53d2200c43d2200a2
:10b8bc008001780012c0b3005103200000c5b30012
:10b8cc00e059020001000000ce58900000c3b30004
:10b8dc0080cf50000d0032007c00470011a72c00d7
:10b8ec00dadf0200010000007c004700a53d2200c9
:10b8fc00c43d22008001780012c0b3005103200027
:10b90c0000c5b3008c580200010000006ce402007a
:10b91c000100000030a72c002ee402000100000002
:10b92c000c003700a2cc8000b3cc80002027810013
:10b93c0031278100800f5100818f590004003a009b
:10b94c0010a921008040eb0001487800010037006d
:10b95c00000000000000eb00709c880060b020002c
:10b96c008040eb000148780050b020008040eb0094
:10b97c0001487800411f200030c1b300427302001f
:10b98c00010000000c0037000000eb00709c8800e8
:10b99c0060b020008040eb000148780000000000ff
:10b9ac000500370000000000030037000000000015
:10b9bc0001003700000000000080fa0000000600c3
:10b9cc000a00fa0030079800410798000000eb00cd
:10b9dc00000f780002012000f10f20004e009000b3
:10b9ec0050050200000000003e009000104078005e
:10b9fc008000fb00b0022000808f50000a003a004b
:10ba0c004e009000b1cbb30001487800100020002c
:10ba1c00100798001000200020079800100020004c
:10ba2c00000f7800190037003e009000904078001d
:10ba3c00f0c2b30080cf50000f0034003e009000e5
:10ba4c009040780090c3b30080cf50000a003c00b7
:10ba5c004e009000a1cab300014878000000eb0032
:10ba6c0010079800100020002007980010002000fc
:10ba7c00000f7800050037004e009000c1cfb300d6
:10ba8c00014878000000eb00000f78001e007800e1
:10ba9c000000e0004f0032003d0037002e00900007
:10baac00ce009000008040009e0090003e0190006f
:10babc0081004100914078008100fb000103b1003e
:10bacc00c408dd0081407800014878001e00900019
:10badc000000e800100798001e009000be009000c7
:10baec000080400090407800f0c2b30080cf50003e
:10bafc001b0034001e009000be009000008040002f
:10bb0c009040780090c3b30080cf500014003c00ec
:10bb1c002e009000ce00900000804000ae009000ff
:10bb2c004e01900081004100114178009e00900070
:10bb3c00be019000818041009140780081417800e5
:10bb4c0001cdb30081c041008140710001487800f3
:10bb5c001e0090000000e800100798000900370054
:10bb6c002e009000ce00900000804000ae009000af
:10bb7c004e0190008100410091407800f140b300eb
:10bb8c00014878002e0090000000e8002007980083
:10bb9c001e009000be009000008040009040780095
:10bbac00f0c2b30080cf50000a0034001e00900099
:10bbbc00be009000008040009040780090c3b3001d
:10bbcc0080cf500003003c001e009000f80f500086
:10bbdc00b2ff34000080fa00000006000c00fa00ee
:10bbec0040079800510798000000eb00000f780008
:10bbfc00a20120008000eb005e00900050050200c6
:10bc0c00000000004e009000104078000080fb0007
:10bc1c00a10a2000810f50000d003200b10b200052
:10bc2c00810f500011003a005e009000b1c2b300c9
:10bc3c000148780010002000100798001000200028
:10bc4c002007980010002000000f78000c0037002f
:10bc5c000000eb001007980010002000200798004f
:10bc6c0010002000000f7800050037005e009000e7
:10bc7c00a1c5b300014878000000eb00000f78006c
:10bc8c001e0078000000e000450032000040eb0090
:10bc9c0060479800390037002e009000ce009000cd
:10bcac0000804000104078008000fb00000f200056
:10bcbc0080806000000f2000808f50002d0032002b
:10bccc001e009000de00900000804000ae0090004e
:10bcdc004e01900081004100914078000101fb0071
:10bcec00010f200081006100c488de0081407800d3
:10bcfc000143b000014878001e0090000000e800ed
:10bd0c00100798002e009000ce009000008040009c
:10bd1c00104078000000fb006f006000ef0f500037
:10bd2c00110032001e009000de00900000804000e8
:10bd3c00ae0090004e0190008100410091407800cf
:10bd4c00efc060000143b000014878001e00900075
:10bd5c000000e800100798002e0090000000e8009a
:10bd6c00200798000500370010c0b300604798000a
:10bd7c000200370010c0b300604798001e0090000e
:10bd8c00f80f500006003c002e009000ee0f500003
:10bd9c0003003c006e4090000004e000beff320047
:10bdac001e0078000080fa00000006000800fa006f
:10bdbc0020079800310798000000eb00100798004e
:10bdcc000000eb00000f78003e009000c0b70200ae
:10bddc0001000000100798000000eb00000f780035
:10bdec000d0037001e007800ae009000008040006f
:10bdfc00904078001e0078003e0190000000410049
:10be0c001040780080cf5000020032000000eb00a0
:10be1c00060037001e0fe8001e0090009e00780000
:10be2c00808f5000efff3500100020000080fa00da
:10be3c00000006000800fa0020079800310798005f
:10be4c000000eb00100798000000eb00000f7800da
:10be5c003e009000e4b702000100000010079800bb
:10be6c000000eb00000f78000e0037001e00780079
:10be7c00ae009000008040001040780080407800b8
:10be8c001e0078003e019000000041001040780038
:10be9c0080cf5000020032000000eb00060037009b
:10beac001e0fe8001e0090009e007800808f50004e
:10bebc00eeff3500100020000080fa0000000600a4
:10becc000800fa00100798002107980062479800b4
:10bedc000000eb00000f78000d0037001e0078000a
:10beec009e00900000804000904078001e0078007a
:10befc002e019000000041001040780080cf5000cf
:10bf0c00020032000000eb00060037001e0fe800b4
:10bf1c006e4090000080fb009e0f5000efff3c0035
:10bf2c00100020000080fa00000006000a00fa0051
:10bf3c003007980041079800ce0090001107980038
:10bf4c00be009000010f78000000eb002007980065
:10bf5c000b0037001e009000904078001e00780007
:10bf6c00014878001e0090000000e80010079800bf
:10bf7c001e0fe8002e0090000000e800200798003b
:10bf8c001e009000104078000004e000f1ff3a0021
:10bf9c001e0078008040eb00014878002e009000d5
:10bfac000080fa00000006000a00fa003007980032
:10bfbc0041079800ce00900011079800be00900039
:10bfcc00010f78000000eb00200798000b003700f1
:10bfdc001e009000904078001e0078000148780008
:10bfec001e0090000000e800100798001e0fe800eb
:10bffc002e0090000000e800200798001e00900022
:10c00c00104078000004e000f1ff3a001e007800b8
:10c01c008040eb00014878002e0090000080fa0070
:10c02c00000006000e00fa00400798005107980027
:10c03c00424f9800de00900011079800ce0090004f
:10c04c00010f78000000eb00200798000040eb0087
:10c05c00604798000e0037001e009000904078005a
:10c06c001e007800014878001e0090000000e800d7
:10c07c00100798001e0fe8002e0090000000e8004a
:10c08c00200798006e4090000040e8006047980040
:10c09c001e009000104078000004e0000700320001
:10c0ac006e4090008000fb004e4890000000fb00aa
:10c0bc000000e900808f5000e7ff35001e0078007b
:10c0cc008040eb00014878002e0090000080fa00c0
:10c0dc00000006000200fa00004f7800f0c2b30026
:10c0ec009e40780080cf50000600340090c3b3000f
:10c0fc009e40780080cf500002003c0010002000d1
:10c10c00010037000000eb000080fa000000060080
:10c11c000400fa00100798000000eb00000f7800f4
:10c12c001e00900090407800b0c2b30080cf500049
:10c13c0009003a001e0090000000e800100798006b
:10c14c00060037001e0090000000e8001007980061
:10c15c001e0fe80001003700000000001e009000d8
:10c16c0010407800dbff07000000e000f5ff3a000c
:10c17c001e009000104078000004e0000200320025
:10c18c000000eb00000f78001e0078000080fa0021
:10c19c00000006000800fa001007980041479800bc
:10c1ac00320798000040eb00004f78000f0037007a
:10c1bc001e80fb009e009000008040001040780024
:10c1cc008000fb004e4090000080fb00808f5000f0
:10c1dc0005003a009e80fb003e00900001087800ac
:10c1ec0010002000080037001e4fe8001e80fb00e6
:10c1fc009e00900000804000104078000004e00099
:10c20c00ebff3a000000eb000080fa000000060093
:10c21c000c00fa003007980041079800520798006c
:10c22c000000eb00000f78000000eb0020079800e6
:10c23c004e00900010407800204798001e007800b7
:10c24c00be00900000804000e4004700010178002f
:10c25c00ae409000cfff0700e10f50000f003a00f6
:10c26c002e0090001e004000be0090000080400098
:10c27c00ce009000dcde020001000000e10f500057
:10c28c0008003a002e0090009e0040005e009000d6
:10c29c000108780010002000060037000000eb00b9
:10c2ac00040037002e0090001e0f40001e0fe80007
:10c2bc00e2ff37000080fa00000006000a00fa00d6
:10c2cc003007980041079800be00900011079800b5
:10c2dc00030037001e0090000000e80010079800d3
:10c2ec001e009000104078000004e000f9ff3a00b6
:10c2fc00ce00900021079800030037002e0090001c
:10c30c000000e800200798002e00900010407800f4
:10c31c000004e000f9ff3a000040eb00004f780009
:10c32c00070037001e4fe8001e0090000000e900d7
:10c33c00100798002e0090000000e90020079800dc
:10c34c001e009000904078002e0090001040780065
:10c35c0080cf500008003a009e0090003e009000f4
:10c36c00808f500004003900ae0090004e00900009
:10c37c00808f5000ebff31001e4078000080fa00e7
:10c38c00000006000a00fa001007980041479800c8
:10c39c0032079800430798003e0090008040eb0065
:10c3ac00014878004e0090008040eb000148780076
:10c3bc001c0037003e009000104078006a00b90065
:10c3cc000000780000407800804078003e0090002b
:10c3dc00014878003e0090001040780080407800c2
:10c3ec001e0090001040780080c0400000cdb300cb
:10c3fc0000c04000804078003e009000014878006a
:10c40c001e0090000000e800100798004e009000fd
:10c41c00104078000040e800804078004e0090000a
:10c42c00014878001e0090001040780070e0020077
:10c43c00010000000000e000deff3a001e0090004a
:10c44c00904078004e40900080cf500004003200a5
:10c45c001e009000104078000004e00003003a0039
:10c46c0010002000000f7800020037000000eb00e5
:10c47c00000f78001e0078000080fa000000060013
:10c48c000400fa0070978000e30f50004c0032005b
:10c49c00e30f500005003e00e10f50001600320083
:10c4ac00e10f50003f003e0009003700a10f2000b3
:10c4bc00810f50006b003200b10f2000810f500033
:10c4cc0070003200ea0f50004b0032007900370048
:10c4dc0050998000e20f50007a003600519980008c
:10c4ec00b0122000808f500078003e001000200019
:10c4fc00709788007a0037000000eb00000f78007e
:10c50c000000eb00100798000e0037001e00900092
:10c51c004200dd00a1c62000614078008080fb0055
:10c52c0000022000008060000000e00002003200e9
:10c53c0010002000000f78001e0090000000e800a2
:10c54c00100798001e009000e30f5000efff34001e
:10c55c001e0078000000e0000b003a008040eb0069
:10c56c00001020003e36020001000000017d20007a
:10c57c0030c0b30042730200010000000000eb0069
:10c58c007097880056003700017d200030c0b30042
:10c59c004273020001000000200020007097880008
:10c5ac004f003700017d200030c0b3004273020001
:10c5bc000100000030002000709788004800370010
:10c5cc00a0802000104078000004e000030032003e
:10c5dc00a00020007097880041003700a00f2000b9
:10c5ec00709788008040eb00001020003e3602005f
:10c5fc00010000003a003700b080200010407800a5
:10c60c000004e0000c0032008040eb000010200021
:10c61c003e3602000100000090802000104078009f
:10c62c00804078000114a000908020000148780020
:10c63c00a00f200070978800a08020001040780088
:10c64c000004e00023003a008040eb0000102000c2
:10c65c007036020001000000a00f200070978800c7
:10c66c001f00370090802000104078008040780038
:10c67c000154a1009080200001487800b00f2000e8
:10c68c007097880050998000e10f500013003e0015
:10c69c009080200010407800804078000154a10068
:10c6ac0090802000014878000000eb007097880013
:10c6bc000b0037000000eb007097880000000000b2
:10c6cc0007003700000000000500370000000000e4
:10c6dc0003003700000000000100370000000000dc
:10c6ec000080fa00000006000200fa00004f7800fb
:10c6fc0020122200104078009e4f500003003a0098
:10c70c00100981000090a000100989001e407800db
:10c71c00ea4f5000030032001e407800ed4f5000ed
:10c72c0014003a0000fd2100104078000004e000e5
:10c73c001e00320000fd2100104078000080fb003c
:10c74c0011fd21000041eb00827078008001eb00ac
:10c75c000001eb008000eb0010fd210048a9020055
:10c76c000000000000fd21008040eb000148780033
:10c77c000e0037001e407800ed4f50000b003200c9
:10c78c0000fd2100104078000080fb001e41780065
:10c79c0011fd21008270780000fd2100104078000e
:10c7ac008040e80000fd2100014878000080fa007c
:10c7bc00000006000000fa0080002000701d8800b8
:10c7cc00b023ef0020022000b01d8800b823ef003a
:10c7dc009bc0a800afe3a800b143a800b183a80098
:10c7ec00b686a8000080fa00000006000200fa00dd
:10c7fc00000f78001e007800104078000004e00064
:10c80c0011003200000000000100370000000000a1
:10c81c00811d800000102000008060000000e000fe
:10c82c00fbff32001e007800104078000000fb0077
:10c83c00901d88001e0fe8001e0078001040780044
:10c84c000004e000f1ff3a000080fa00000006004e
:10c85c000200fa00000f78001e007800e3ff0700ca
:10c86c000080fa00000006000200fa00000f7800b9
:10c87c001e007800104078000004e0001100320027
:10c88c00000000000100370000000000811d800046
:10c89c0000102000008060000000e000fbff320070
:10c8ac001e007800104078000080fb00901d88006e
:10c8bc001e0fe8001e007800104078000004e00015
:10c8cc00f1ff3a000080fa00000006000000fa00b8
:10c8dc0060e02c00deff07000080fa00000006007c
:020000040000fa
:020000040003f7
:10c8ec003c2500002200000080000000f62500001e
:10c8fc0006000000800000007223000068000000a9
:10c90c0080000000ba2500001a0000008000000022
:10c91c003a2400005c000000800000005e2500004e
:10c92c002000000080000000962400004e00000053
:10c93c0080000000042600000200000082000000bd
:10c94c00feff000026220000ce0000008000000048
:10c95c0006260000020000008000000008260000ef
:10c96c0002000000800000000a2600000200000007
:10c97c0082000000ffff0000da13000038070000ff
:10c98c0080000000122500002a000000800000003a
:10c99c00d42500001400000080000000fc250000dd
:10c9ac000400000080000000da230000600000009a
:10c9bc008000000024210000020100008000000023
:10c9cc00d01f00005401000080000000e42400008f
:10c9dc002e000000800000007e2500001e000000dc
:10c9ec00820000002346230049234e0023542300d9
:10c9fc0052234100234e2300532350002341230094
:10ca0c0052234500234e2300540000000008000070
:10ca1c00da0b000080000000f42200007e00000011
:10ca2c0080000000e82500000e00000080000000df
:10ca3c00121b0000f2020000800000000026000023
:10ca4c000400000082000000ffffff00ff00000058
:10ca5c00041e0000cc010000800000009c2500009a
:10ca6c001e00000082000000286e69006c29000086
:10ca7c0025006800076c09004c836a009074a000c4
:10ca8c007ac000008068880000846c0082008100fd
:10ca9c000c260000020000008000000000000000d6
:020000040000fa
:020000040003f7
:10caac000000fa0020978000e10f50001e003200b9
:10cabc00e10f500003003900e20f50002400320057
:10cacc002c003700ca06a900ca26a800a08c210099
:10cadc009040780010c3b30080cf500005003200a6
:10caec00a08c21009040780050c3b30080cf500040
:10cafc0005003a00419c200020c0b30042730200a4
:10cb0c000100000004003700411f200020c0b300ca
:10cb1c004273020001000000209780000000e80032
:10cb2c002097880016003700ca06a900ca26a9005b
:10cb3c00411f200020c0b30042730200010000001e
:10cb4c00209780000000e800209788000c00370038
:10cb5c00ca06a800ca26a900411f200020c0b300a5
:10cb6c0042730200010000000000eb0020978800d7
:10cb7c00030037000000eb00209788000000000045
:10cb8c000080fa00000006000200fa00004f780056
:10cb9c00114798001e407800e54f50000200360007
:10cbac0050c0b300004f7800d02f81000000e0008f
:10cbbc0024003a00909a80000000e00021003a0026
:10cbcc00e09a80000000e0001e003a0050998000be
:10cbdc00e10f50001b003a001e80fb00d02f890093
:10cbec001e409000614060000080fb00610060000e
:10cbfc00b12f81000100a10001007000b02f89004d
:10cc0c00b02f81000010a000b02f89001e409000b2
:10cc1c000004e00003003a00800c2000c02f8900c3
:10cc2c0002003700401f2000c02f8900f0c02000f8
:10cc3c0011c0b3000148780040c5b30022c90200fe
:10cc4c0001000000d02f8100004078000080fa0025
:10cc5c00000006000000fa00b09880000000e00020
:10cc6c000c003a008fc6a900a2c6a900a2e6a90032
:10cc7c000b000700a100200070c0b300427302003b
:10cc8c000100000020002000b09888000000000087
:10cc9c0001003700000000000080fa0000000600d0
:10ccac000000fa00402222008040eb00014878008e
:10ccbc0080002000201e8800c623ef0030192000c1
:10cccc00601e8800ce23ef00a240a800c5e3a80098
:10ccdc00c743a8000080fa00000006000000fa001c
:10ccec00c5e3a900c743a9000080fa0000000600b4
:020000040000fa
:020000040003f7
:10ccfc00f03fb1000180b10006003500ee030900e1
:10cd0c0000000000403fb1000180b100fbff3d007e
:10cd1c001000b000203fb000020035000080090078
:08cd2c000000000000000600f9
:020000040000fa
:02000004000af0
:04be0000ffffff0041
:020000040000fa
:02000004000af0
:04be2000ff1f000000
:020000040000fa
:02000004000af0
:04be300009ffff0007
:020000040000fa
:02000004000af0
:04be380043ffff00c5
:020000040000fa
:02000004000af0
:04be4000bbffff0045
:020000040000fa
:02000004000af0
:04be4800ffffff00f9
:020000040000fa
:02000004000af0
:04be5000df7fff0091
:020000040000fa
:02000004000af0
:04be5800ffffff00e9
:020000040000fa
:020000040100f9
:04300000feffff00d0
:00000001FF
