:020000040000fa
:080000000001040000000000f3
:020000040000fa
:04000800760400007a
:020000040000fa
:04000c007604000076
:020000040000fa
:040010007604000072
:020000040000fa
:04001400760400006e
:020000040000fa
:04001800760400006a
:020000040000fa
:04001c007604000066
:020000040000fa
:040020007604000062
:020000040000fa
:04002400760400005e
:020000040000fa
:0400280004020000ce
:020000040000fa
:04002c007604000056
:020000040000fa
:040030007604000052
:020000040000fa
:040034006202000064
:020000040000fa
:04003800760400004a
:020000040000fa
:04003c007604000046
:020000040000fa
:040040007604000042
:020000040000fa
:040044005202000064
:020000040000fa
:040048005a02000058
:020000040000fa
:04004c007604000036
:020000040000fa
:040050007604000032
:020000040000fa
:040054008403000021
:020000040000fa
:04005800760400002a
:020000040000fa
:04005c007604000026
:020000040000fa
:040060007604000022
:020000040000fa
:04006400760400001e
:020000040000fa
:04006800760400001a
:020000040000fa
:04006c007604000016
:020000040000fa
:040070007604000012
:020000040000fa
:04007400ba030000cb
:020000040000fa
:040078001e02000064
:020000040000fa
:04007c007604000006
:020000040000fa
:040080007604000002
:020000040000fa
:0400840076040000fe
:020000040000fa
:0400880076040000fa
:020000040000fa
:04008c0076040000f6
:020000040000fa
:0400900076040000f2
:020000040000fa
:0400940076040000ee
:020000040000fa
:0400980076040000ea
:020000040000fa
:04009c003802000026
:020000040000fa
:0400a0004e0300000b
:020000040000fa
:0400a40076040000de
:020000040000fa
:0400a80076040000da
:020000040000fa
:0400ac0076040000d6
:020000040000fa
:0400b00076040000d2
:020000040000fa
:0400b40076040000ce
:020000040000fa
:0400b80076040000ca
:020000040000fa
:0400bc0076040000c6
:020000040000fa
:0400c00076040000c2
:020000040000fa
:0400c40076040000be
:020000040000fa
:0400c80076040000ba
:020000040000fa
:0400cc0076040000b6
:020000040000fa
:0400d00076040000b2
:020000040000fa
:0400d40076040000ae
:020000040000fa
:0400d80076040000aa
:020000040000fa
:0400dc0076040000a6
:020000040000fa
:0400e00076040000a2
:020000040000fa
:0400e400760400009e
:020000040000fa
:0400e800760400009a
:020000040000fa
:0400ec007604000096
:020000040000fa
:0400f0007604000092
:020000040000fa
:0400f400760400008e
:020000040000fa
:0400f800760400008a
:020000040000fa
:0400fc007604000086
:020000040000fa
:040100007604000081
:020000040000fa
:04010400760400007d
:020000040000fa
:040108007604000079
:020000040000fa
:04010c007604000075
:020000040000fa
:040110007604000071
:020000040000fa
:04011400760400006d
:020000040000fa
:040118007604000069
:020000040000fa
:04011c007604000065
:020000040000fa
:040120007604000061
:020000040000fa
:04012400760400005d
:020000040000fa
:040128007604000059
:020000040000fa
:04012c007604000055
:020000040000fa
:040130007604000051
:020000040000fa
:04013400760400004d
:020000040000fa
:040138007604000049
:020000040000fa
:04013c007604000045
:020000040000fa
:040140007604000041
:020000040000fa
:04014400760400003d
:020000040000fa
:040148007604000039
:020000040000fa
:04014c007604000035
:020000040000fa
:040150007604000031
:020000040000fa
:04015400760400002d
:020000040000fa
:040158007604000029
:020000040000fa
:04015c007604000025
:020000040000fa
:040160007604000021
:020000040000fa
:04016400760400001d
:020000040000fa
:040168007604000019
:020000040000fa
:04016c007604000015
:020000040000fa
:040170007604000011
:020000040000fa
:04017400760400000d
:020000040000fa
:040178007604000009
:020000040000fa
:04017c007604000005
:020000040000fa
:040180007604000001
:020000040000fa
:0401840076040000fd
:020000040000fa
:0401880076040000f9
:020000040000fa
:04018c0076040000f5
:020000040000fa
:0401900076040000f1
:020000040000fa
:0401940076040000ed
:020000040000fa
:0401980076040000e9
:020000040000fa
:04019c0076040000e5
:020000040000fa
:0401a00076040000e1
:020000040000fa
:0401a40076040000dd
:020000040000fa
:0401a80076040000d9
:020000040000fa
:0401ac0076040000d5
:020000040000fa
:0401b00076040000d1
:020000040000fa
:0401b40076040000cd
:020000040000fa
:0401b80076040000c9
:020000040000fa
:0401bc0076040000c5
:020000040000fa
:0401c00076040000c1
:020000040000fa
:0401c40076040000bd
:020000040000fa
:0401c80076040000b9
:020000040000fa
:0401cc0076040000b5
:020000040000fa
:0401d00076040000b1
:020000040000fa
:0401d40076040000ad
:020000040000fa
:0401d80076040000a9
:020000040000fa
:0401dc0076040000a5
:020000040000fa
:0401e00076040000a1
:020000040000fa
:0401e400760400009d
:020000040000fa
:0401e8007604000099
:020000040000fa
:0401ec007604000095
:020000040000fa
:0401f0007604000091
:020000040000fa
:0401f400760400008d
:020000040000fa
:0401f8007604000089
:020000040000fa
:0401fc007604000085
:020000040000fa
:100200000f4a22000eff27000e01880000000000a8
:10021000000020000000e000020032000001200089
:100220002002880014000700b20107000000e0006f
:1002300003003a0020352c00110020000200370096
:100240000000200001002000810f7000010032003a
:1002500014000700000020000000e000020032004f
:100260000000020000000000785a020001000000b7
:100270000040da000000fe004440a900e0782300be
:100280000000e00003003200002020009001880000
:100290004440a800000006008a1f78008b1f7800e9
:1002a00000000600a1028800800478000000eb0036
:1002b0001f003700e284440054a0b4009905ba003e
:1002c000e284440054a0b4009906ba00e2844400d9
:1002d00054a0b4000006eb00476fde00fd07b2003b
:1002e000ae018800636ce10003003a00eaff0700fa
:1002f0000000eb000e003700606ce10008003a00df
:10030000004deb000a05e800020039003420ec0043
:100310000af0a0008b05e900f9ff3e000400370059
:100320006168e100010032000086eb000b0007006d
:1003300019c7ba001905ba000e04e00003003a001c
:100340000a00e000dbff3a0000000600fe07b200f2
:10035000ae0288008a047800f5ff37000cd0a300b5
:10036000e20f4d001c00390089027800354dba00bb
:100370000a05e800020039003420ec000af0a00071
:100380008b05e9000f003200254dba000a05e80090
:10039000020039003420ec000af0a0008b05e900cf
:1003a000080032000c00e0000600320015cdba0053
:1003b0000a05e800020039003420ec000af0a00031
:1003c0008b05e9008984e80054a0b4000b00e0002c
:1003d000e2ff3a00000006009902ba00055d7800cd
:1003e0008b05e900f7ff3200c82ade00055d7800c2
:1003f0008b05e900f3ff32000c00e000f1ff320052
:1004000019ddba00eeff37003200f8003400f800c2
:10041000881f780018002000a8018800082020000c
:10042000980188004f0478000000fa000080fa006c
:100430003400f9003200f900004006003200f800f4
:100440003400f800881f780018002000a8018800f8
:1004500008202000980188004f0478000000fa006e
:100460000080fa003400f9003200f9000040060074
:100470003200f8003400f800881f780018002000cf
:10048000a801880008202000980188004f04780007
:100490000000fa000080fa003400f9003200f90090
:1004a000004006000000fa0088e0a9000080fa0081
:1004b000004006000000fa008900a9000080fa0050
:1004c00000400600809fbe00829fbe000200fa002e
:1004d000c0048000680060000000e0006a00320094
:1004e00040048000680060000000e0006600320008
:1004f000e03c210011c0b300014878006013810086
:100500000000e00003003200601381000000e900f9
:1005100060138900f02b2200104078000004e000f6
:1005200005003200f02b2200104078008040e900e6
:10053000f02b220001487800705880000000e00095
:1005400003003200705880000000e90070588800f5
:100550000040eb00004f7800480037001e80fb0091
:100560006a00b90080007800a02c210000804000c3
:1005700010407800e14f500027003a001e80fb0039
:100580006a00b900000078008080e800a02c2100fb
:1005900000804000100078000000e0000e003200f3
:1005a0009e81fb001e80fb006a00b90000007800fd
:1005b0008080e800a02c210000804000100078001e
:1005c0000001e9006a18b90080007800c02c210001
:1005d00000804000020878001e80fb006a00b9001d
:1005e000000078008080e800a02c210000804000fe
:1005f000100078000000e00007003a001e80fb00b9
:100600006a00b90080007800a02c21000080400022
:100610008040eb00014878001e80fb006a00b900b2
:1006200000007800e6004000a02c2100008040007f
:100630001000be00e00f5000e08f58000e003200a6
:100640001e81fb006a10b90000007800e60040003f
:10065000a02c2100008040001000be00610050006e
:10066000e08058006a11b90082017800022d210053
:10067000028141000089be001e4fe8001e40780044
:10068000f94f5000b5ff36008860a9000080fa00dd
:100690004f01be004f00be00004006003600f800cb
:1006a000809fbe00829fbe00849fbe00869fbe00ca
:1006b0000000fa0002003700285602000100000086
:1006c000801d8000610060000000e000faff3a0039
:1006d0008bc0a900c026210010407800804078001f
:1006e0000144a000c0262100014878000080fa00e3
:1006f0004f03be004f02be004f01be004f00be00c0
:100700003600f900004006003600f800809fbe0069
:10071000829fbe00849fbe00869fbe000000fa003c
:10072000020037009408020001000000d01c800085
:10073000610060000000e000faff3a008960a90053
:10074000c026210010407800804078000154a000ad
:10075000c0262100014878000080fa004f03be0047
:100760004f02be004f01be004f00be003600f90030
:10077000004006003600f800809fbe00829fbe0049
:10078000849fbe00869fbe000000fa00d004800057
:10079000680060000000e0004d003200500480005e
:1007a000680060000000e00049003200413780002e
:1007b00000202000008060000000e0000c003200fb
:1007c00080992c000ac3020001000000007d200077
:1007d000d0738800e926a900c026210010407800c7
:1007e000804078000124a000c02621000148780044
:1007f000a136800000042000008060000000e000be
:1008000011003200603d210010407800e14f50009f
:1008100006003a00609a2c000ac3020001000000a2
:10082000603d21008040eb0001487800d4c6a9005b
:10083000c026210010407800804078000114a000fc
:10084000c026210001487800a036800064006000c6
:100850000000e00007003200d446a900c0262100b5
:1008600010407800804078000104a000c0262100dc
:1008700001487800a0368000680060000000e000b9
:1008800001003200d466a900a136800000022000d9
:10089000008060000000e00001003200d4a6a90042
:1008a000a0368000700060000000e000010032000f
:1008b000d486a9008a60a900c026210010407800d3
:1008c000804078000134a000c02621000148780053
:1008d0000080fa004f03be004f02be004f01be0071
:1008e0004f00be003600f900004006000040da006c
:1008f0000000fe00000005006022b8000602200093
:100900000000d0008180d2000482d2008582d20013
:100910000000a0000202520083825a00030031004e
:100920000202420083824a000000a1000603e9009f
:10093000f3ff3a0000000600efff07000400be00ce
:10094000000006000000fa00e88157004fb9970048
:10095000cb0207000080fa0000000600ef0007004d
:10096000470107007b010700f70107001f0207008e
:1009700040030700eb0237000000fa00e88157004f
:100980004fb99700be0207000080fa000000060081
:10099000e20007003a010700eb010700130207001d
:1009a0006c01070033030700de0237000000fa0085
:1009b00068815700cfb89700d60207000080fa0080
:1009c00000000600d50007002d01070061010700a7
:1009d000dd0107000502070026030700d1023700ea
:1009e0000000fa0068815700cfb89700c9020700dd
:1009f0000080fa0000000600c80007002001070080
:100a0000d1010700f901070052010700190307008f
:100a1000c40237000000fa0068815700cfb8970081
:100a2000bc0207000080fa00000006004901370000
:100a30008001780002003700b15978000201e90016
:100a40000200e000fcff3a0000000600889fbe00a4
:100a50008a9fbe00800478000200e0005b00320044
:100a600001407800814c780082814400f1f99f00b8
:100a7000e20f51005500360091449800a1449800bf
:100a8000e1f99f00d1f99f00e60f51004f003600b9
:100a9000b1449800c1f99f00e80f51004b003600a7
:100aa0000905ea00630565000a8444000a0551004f
:100ab000c1ff2f00010565000080fb008000eb00f6
:100ac000121020001310200008060700008cbe0042
:100ad0000a01440060b99f0071b99f00e80f5500fa
:100ae0003a00360020049800310498004004980031
:100af0005104980020b99f0031b99f0040b99f0070
:100b000051b99f00f80f550030003600600498007e
:100b100071049800000c9800110c9800200c9800ab
:100b2000310c9800400c9800510c980020b19f00a7
:100b300031b19f0040b19f0051b19f0060b19f0053
:100b400071b19f0000b99f0011b99f00640164005a
:100b50007801410002044400020555006011b8000c
:100b60000203be000002be000403be006022b80003
:100b700000007200818072000201730083817300a3
:100b800010003700009cbe000294be004004980094
:100b9000510498006204980073049800000c9800b7
:100ba000110c9800220c9800330c9800400c98000f
:100bb000510c9800620c9800730c98000a02b10066
:100bc0000802b000ff0f5500eeff3e00090078005c
:100bd0004f05be004f04be0000000600889fbe0007
:100be0000004be0008007800180007000000440060
:100bf000890078000e000700080078004f04be004e
:100c00000000060081017800000278003041780081
:100c1000b14f510002003a000204e000f9ff3a002f
:100c20009480fb001380fb00008050000000060051
:100c3000881f78000004780008007800e7040700a7
:100c4000080078004f04780000000600800078005b
:100c5000040037003104e00002003a0000005100b7
:100c600000000600010178000108a300f9ff3a0026
:100c70008101780031017800f4ef2f000202420078
:100c80000281ea00020162000408280004016100f8
:100c9000f7ff320083007800010178003104e000a2
:100ca000fdff3a0000005100000006008001eb004b
:100cb0000200e0001000320000027800010378001a
:100cc000b44178000304e00008003200b14278002b
:100cd0000504e0000500320082034000848f5300c9
:100ce0000200320085cf5100f4ff32008381fb0007
:100cf0001680fb0080815100030078000000060090
:100d0000881f78000004780008007800d3040700ea
:100d1000080078004f04780000000600ec874700c8
:100d2000889fbe008a9fbe008c9fbe008e1f7800e9
:100d3000000678000104780018079000280590004c
:100d400098067800cdb79f00b80590003202be002b
:100d50002203be000400be000601be004f18de00e4
:100d60006011b8008000eb00d0b79f00e1b79f0092
:100d7000f2b79f0083bf9f00800478000900e00065
:100d8000060032006000b8006011b8000402500094
:100d90008582580006035900878359000e00e00041
:100da000020035000d10a100cdb79f000900e00042
:100db00005003a004fb097000028a30002003a0057
:100dc0000038a300020032008a00e9000100370069
:100dd0008a007800f8815700a200200008007800ff
:100de000860007000900e00003003a00cfb097003a
:100df0000128a300080032000000e900008145003e
:100e0000b1c2b3000900e00001003200d1c2b3005a
:100e100001497800050037000138a30003003200c3
:100e20000000e90001c2b30081757800480190001c
:100e30000201e90000015100808045004fb2970097
:100e40008a0178000c007800550207009c00900091
:100e50000188a3000400320098009000810f500028
:100e600001003d00010078004f0778004f06be00ea
:100e70004f05be004f04be00cf00b10000000600c9
:100e80000200fa00889fbe008a9fbe00800578009d
:100e900001047800020078001801900028059000f5
:100ea00098007800b1bf9f00b80490000200e000f5
:100eb000020035000110a100b1bf9f00ea81570078
:100ec000820020008a0078003002be002003be00ad
:100ed00008007800490007003fb99700f000610062
:100ee000030032000000e90001c3b3008174780000
:100ef0003fb99700e8006100030032000000e900fc
:100f000001c2b30081747800480190000201e90039
:100f100000015100808044003fba97008a017800a8
:100f20000b0078001e0207009b0090000188a300c0
:100f30000400320098009000810f500001003d0035
:100f4000010078004f05be004f04be000080fa008b
:100f500000000600ea874700889fbe008a9fbe0007
:100f60008e1f780000047800030078007287570015
:100f700084e2260055c72600049fbe00c3962200c7
:100f8000030f78006c875700004feb0011059000ad
:100f9000a1049000910578000200e00002003200f8
:100fa0000207780001003700728757000000e00058
:100fb00002003a000e00780024ff07000a00e0005b
:100fc000030035008a0f5000010036000a00780047
:100fd0000b02780089017800000178008e0078000b
:100fe00008007800ee0107004f0778004f05be00ab
:100ff0004f04be00af00b10000000600f4874700b8
:10100000889fbe008a9fbe008c9fbe008e1f780006
:101010000605be000404be0081bf9f0082b79f008a
:10102000f3b79f00b0009000e1b79f001301780074
:1010300092b79f0090069000400090000000e900e9
:10104000000678000d00e00001003d001d002000ba
:101050008040eb00efb19700817178001e00200006
:101060001f0037000c06e9000fb09700cf80de00ac
:101070006109b900a0b79f00b1b79f00c2b79f0038
:10108000d3b79f000203be000002be000800be00ee
:101090000a01be003b050700000778000e407800fb
:1010a0000043b000efb0970080707e008d06e9002d
:1010b0000fb997000201e90082bf9f002fb297008d
:1010c000bfb297004fb39700dfb397000800be0090
:1010d0000a01be00240507000205be000004be0090
:1010e0000c00e0000d003400e00f5400e08f5c00c5
:1010f000e00f5d00e08f5d00daff3a000d00e000d8
:10110000d8ff3c008fb997000300e00003003400d3
:101110001fb097000018a300d2ff3a000e00e000b5
:1011200002003a00ffb097001140a1000c007800c7
:101130004f0778004f06be004f05be004f04be00ab
:101140004f01b100000006000200fa00889fbe00b7
:101150008a9fbe0000057800010478000200780034
:1011600018019000a804900098007800b1bf9f007b
:10117000b80590000200e000020035000110a10057
:10118000b1bf9f00ea815700a200200089007800cb
:101190003002be002003be000800780097ff070061
:1011a000480190000201e9000001510080804500e3
:1011b0003fba9700890178000a007800780107009b
:1011c0009a0090000188a30004003200980090006b
:1011d000810f500001003d00010078004f05be0066
:1011e0004f04be000080fa0000000600fa874700a6
:1011f000889fbe008a9fbe008c9fbe008e1f780015
:1012000080047800010478008205780018019000bd
:101210002805900018077800b80090000200e00050
:10122000020035000e10a10001003700120020005e
:1012300070006700e0b79f00090032003b02be006b
:101240002b03be00e00f5200e08f5a00e00f5b005e
:10125000e08f5b00020032008a86e900010037005f
:101260008a067800e8026700f5b79f0001003200a7
:101270008d06e9003b02be002b03be00e4af9f00d9
:10128000f5af9f0086b79f0097b79f004806900074
:101290000c06e9000040eb0080707e00efb2970082
:1012a0007fb297008903780081047800d8af9f004f
:1012b000020478008bbf9f008a0578000345780000
:1012c0002a0037000c06e9006fab97006f0063003f
:1012d000e90f500002003c000003b000010037009d
:1012e0007005b0000a03fb001604b100f90f5300ab
:1012f0000c003e00000378000650a0001606b10066
:10130000f90f530007003e00b4b79f00a5b79f0038
:10131000c7b79f008d030700cfb39700afb2970008
:101320003fb2970080747e000804e9008d06e90052
:101330006fa89700ffa897000fb197009fb1970083
:10134000460020008301d1000281d3008180d300b8
:101350000080d3000603e900faff3a00e0af9f00e7
:10136000f1af9f0082b79f0093b79f00e10f560037
:101370000f0034006fa89700ffa897000fb19700e7
:101380009fb19700e00f5000e08f5800e00f590028
:10139000e08f5900cbff3a000800e000c9ff3c0095
:1013a0000d00e000020034000e18a300c5ff3a0053
:1013b00089007800f4b79f00870478005fac97003d
:1013c0008a4178000b0578008fbd97000500e0008a
:1013d000100032003b02be002b03be00e4af9f00b2
:1013e000f5af9f0086b79f0097b79f00e00f5200b0
:1013f000e08f5a00e00f5b00e08f5b0005003200d9
:101400000c06e90083707e000c06e90000c3b300ff
:1014100080707e00ffb297000500e00003003200fc
:101420000c06e90000c2b30080707e004801900005
:101430000201e9000c0151008c8040000e0278008e
:101440008a01780009007800d50007009900900013
:101450000188a3000400320098009000810f500022
:1014600001003d00010078004f0778004f06be00e4
:101470004f05be004f04be00af01b10000000600e2
:10148000f28747008e1f780002027800030178007f
:101490000000e00002003200000778000100370081
:1014a000728757008002eb000100e000010032006b
:1014b0008102e90070805700060009000018eb0067
:1014c0000080eb0080bf9f002310200093bf9f008f
:1014d000aebf9f00b1bf9f00c5bf9f000100e000ed
:1014e00003003d00b1042000f1248900060037000c
:1014f000004feb00eebf9f00debf9f00840078002e
:1015000070805700180307004f0778002f01b100c3
:10151000000006008201780001017800f1ff270039
:10152000d7ff370084082000848f50001d00320050
:101530000d003c0014082000848f5000270032006a
:1015400002003c00040820000400370024082000aa
:10155000848f50003400320044082000848f5000f3
:1015600043003a0036003700040a2000848f500000
:101570002700320004003c0004092000848f500042
:101580003b003a0028003700020c2000828f5000f8
:101590002f003200020f2000828f500034003a00ea
:1015a0002b0037009380e9000200e00005003200c4
:1015b000810978001102fb00cfa2de00612bb90087
:1015c0002800370081097800114278000482fb006e
:1015d0008002eb006033b80022003700130278006d
:1015e000e40052000200e0000500320081097800aa
:1015f0001102be004fabde008603780019003700f1
:10160000810978001102be006033b8001500370070
:101610009380e9008109780011027800cfa2de00f2
:10162000612bb9000f00370093027800e880520068
:10163000810978003102be002103be000900370095
:101640009380e9000200e00002003200f1ff370061
:101650009380e90081097800110278008002eb0094
:101660006033b8000498be000690be00100005006c
:101670000000050044082000848f5000250032003f
:1016800008003c0014082000848f50001400320031
:1016900024082000848f5000240032000408200019
:1016a0000c00370004092000848f50001f00320016
:1016b00004003c0084082000848f500024003a007d
:1016c0000e003700040a2000848f50001100320001
:1016d000040c2000848f50001d003a000d003700dc
:1016e0009380e90081097800910078000108780072
:1016f000cf91de008288be00140037009380e9009d
:10170000810978009100780001087800824878000b
:101710000e0037009380e90081097800910078007d
:101720000108780082087800080037009380e900fb
:101730008109780091007800010878006112b900f1
:10174000612bb9008498be008690be001000050091
:1017500000000500889fbe0000047800480090004b
:1017600082047800808f54000100360080047800e5
:101770000901780058009000adfc07005800900067
:101780000900400050049800c8009000898450006f
:10179000490498000048eb004f04be00000006001a
:1017a000f2874700889fbe008a9fbe008c9fbe00c4
:1017b0008e1f78008004780001057800020478000c
:1017c000830578006107620002003a008b0f540025
:1017d00008003900080178008a00780009007800c4
:1017e000dcff07008b0f54000200390088057800e9
:1017f0001e003700088655000c017800f00f5600d7
:101800000100360002012000010220007e80570006
:101810008efc07008c0678000500370002012000ce
:10182000fe80570009007800caff0700f0865600c6
:10183000ef8f5600f9ff3e004461de0000ff2f00ed
:101840000091b90002014600fe80570009007800af
:10185000c0ff07000e00e00004003a000801780015
:101860008a00780009007800baff07000b007800b2
:101870004f0778004f06be004f05be004f04be0064
:101880002f01b10000000600000005000000050067
:1018900000000500000178000040eb008080fb00a4
:1018a000818040006343220063c278000404e000aa
:1018b00003003a007043220060c078000000060078
:1018c00092017800934f520004003a0070432200c6
:1018d00060c078000309e800010037000040e8001c
:1018e000ea4f5000edff360000000600f687470083
:1018f000889fbe008a9fbe008c9fbe008e1f78000e
:10190000000578000104780083057800040678005b
:101910000000eb00c0b79f008080eb00d1b79f00b4
:10192000e0b79f00f2b79f000008200080bf9f0033
:1019300098007800010078008004eb000100370077
:101940008904e800304178000204e000030032001e
:1019500053c2b300834f5100f9ff3a000900e00081
:1019600004003200090178000a00780079ff0700be
:10197000188c44001807780050c2b3009e4f100026
:101980003f013a000e07e8000e0c78001000370007
:10199000cfb097000100a0000b003700cfb0970038
:1019a0000110a00008003700cfb097000120a00070
:1019b00005003700cfb097000130a00002003700cb
:1019c000cfb097000140a000c1b79f00000ce80015
:1019d0001800780090407800b2c2b30082cf500067
:1019e000f1ff320007003c0002c2b30082cf50007a
:1019f000f0ff320032c2b30082cf500007003a003d
:101a0000efff3700d2c2b30082cf5000e0ff3200b8
:101a100002c3b30082cf5000e0ff3200a2c2b30085
:101a200082cf50000d003a00000ce8001c80e90055
:101a3000000e780010007800e0b79f000000e00082
:101a40000f003d00cfb097000100a200c1b79f007a
:101a50000000ea00e0b79f000900370039010700e5
:101a6000e0b79f0001003700000ce8001800780084
:101a70009000fb000103b100e98f5000faff36002f
:101a80004fb097000008a300020032000010a10030
:101a9000c0b79f0018007800e1c2b30090cf1000db
:101aa00016003a008000eb00d1b79f000000e8006c
:101ab000000c7800a1c2b30090cf100006003a00dd
:101ac000000ce8001c80e900000e7800100078008f
:101ad000d0b79f00090037001a010700d0b79f0058
:101ae00001003700000ce800180078009000fb00af
:101af0000103b100e98f5000faff360008007800ba
:101b000064ff070080467800180078001000fb0092
:101b10008701070091062000810f50003800320035
:101b200012003c0041062000810f500034003200ba
:101b30000a003c0011062000810f500020003200f6
:101b400031062000810f5000a00032005102200019
:101b5000810f5000bc003a00b4003700710620002d
:101b6000810f5000b8003c008800370001072000ba
:101b7000810f50005c00320007003c00e1062000ad
:101b8000810f50007a003200f1062000810f5000d2
:101b9000ad003a003900370051072000810f500096
:101ba0002700320081072000810f500042003200e0
:101bb00031072000810f5000a3003a008f0037004a
:101bc0008d80fb000c01780000fe2f000f0040000c
:101bd000730107000000e000a80032001800780040
:101be000000ce8009041780002fe2f000f01410038
:101bf000f88057000a00780024ff07000e00370025
:101c00008d80fb008c0178001200200000fe2f0068
:101c10000f00400043fe07000000e0009700320084
:101c2000180ce80002fe2f000f014100f880570059
:101c30000a00780039fc07008084440090003700d7
:101c40008d80fb008c0178000001eb0000fe2f006e
:101c50000f00400033fe07000000e0008700320064
:101c6000180ce80002fe2f000f014100f880570019
:101c70000a00780034fd0700efff37008d80fb007d
:101c80008c0178000001eb0000fe2f000f004000e7
:101c900024fe07000000e00078003200180ce80085
:101ca00002fe2f000f014100f88057000a00780063
:101cb00073fc0700e0ff37008d80fb008c0178008b
:101cc0000001eb0000fe2f000f00400015fe070092
:101cd0000000e0006900320018007800000ce80005
:101ce000904178001c0037008c0178000001eb0067
:101cf000010f200000fe2f000f00400009fe07002a
:101d00000000e0005d003200180ce8000fb0970002
:101d10009fb097002fb19700bfb19700e00f500020
:101d2000e08f5800e00f5900e08f590009003a0099
:101d3000cfb597006fb49700e0422200c3fb0700c5
:101d40000b0278008801780000017800e14222004f
:101d50004700370083c7b30002fe2f000f01410088
:101d6000f88057000a00780020fd0700b2ff370016
:101d70000b8144008d80fb008c01780000fe2f0059
:101d80000f0040003bfe07003c0037008d80fb0049
:101d90000c01780000fe2f000f004000000107003a
:101da0000000e0003500320018007800000ce80068
:101db0009041780002fe2f000f014100f88057008b
:101dc0000a007800b1fe07009bff370000c8b3008f
:101dd00080cf560029003a00180ce8001c80e9006a
:101de000000e780010407800e0df9f001300200014
:101df000e2fd2f000f0141000800370000c8b300ca
:101e000080cf56001d003a00180ce8001c80e90045
:101e1000000e78008001eb0010017800f880570078
:101e20000a0078004bfc070083ff370000c8b300ae
:101e300080cf560011003a00180ce8004fb297000e
:101e4000efb19700080037000e0c78000000eb009f
:101e5000c0b79f00e0b79f000080eb00d0b79f00a5
:101e60000002eb00840178001200200041432200b0
:101e70000a0078004afe07006fff3700180ce800e0
:101e8000090078004f0778004f06be004f05be00de
:101e90004f04be006f01b100000006008200fa008e
:101ea000889fbe008a1f78000005780082047800b1
:101eb000c13f9f000004eb001000370009027800ca
:101ec00088017800a2f72f000f01410081f72f0051
:101ed0008f8040000a00780084fe07000800400060
:101ee000880f500004003d00b0042000f024890059
:101ef0000084eb0004003700000478004f3897009e
:101f00001004e000edff3a00080078004f0578006b
:101f10004f04be000080fa00000006008000780038
:101f20001000200002022000828f500004003200c6
:101f3000e9805000e48f5000010036000000eb0003
:101f400000000600889fbe008a1f78000005780008
:101f50000a047800984478000805e8000900fb00ae
:101f6000eeff07000000e000f9ff3a00b0c2b30046
:101f700080cf540005003200d0c2b3008000eb00d7
:101f800080cf540005003a00020037008000eb00cb
:101f900001003700110020000804e8000000eb00f9
:101fa000030037006a02b900020052000003b000cb
:101fb0003801fb0003fd2f0082814100e98f5100b1
:101fc000f8ff36000100e00001003a000000ea00de
:101fd0004f0578004f04be000000060001017800a4
:101fe00080017800008268000408a3000500320028
:101ff0001300370032407800805978000004e00078
:1020000014003200030278000208a300f9ff3a002e
:102010000300780001003700031878008200780080
:10202000b2017800f5ef2f00838242000382ea00bc
:10203000048262000508280005026200f6ff3200f3
:102040000002780031417800025878000204e00074
:10205000fbff3a000400780000000600881f7800ab
:102060008101780000027800808268000508a300e2
:1020700002003200210037000201e900030078006d
:10208000040478000308a300070032000200e00007
:1020900021003200b3407800015a78000104e000ca
:1020a000f5ff3a00020037000200e0001a0032009b
:1020b0001004e00003003a0017003700031c78000a
:1020c0000281e90080007800e10f5100080036002d
:1020d000b0017800f5ef2f00838242000382ea000e
:1020e000048262000508280005026200f3ff320046
:1020f00008007800010037000201e90000047800c0
:102100000200e00004003200b1417800035878007a
:102110000304e000f8ff3a008000eb0008007800bc
:102120004afa0700080078004f0478000000060013
:10213000f1fb2f0080804000f98f500001003e002d
:102140000050a00000000600f9ff3700f1f92f0051
:1021500080804000f98f500001003e00f005b20081
:1021600000000600f9ff37000200fa00881f78001f
:1021700000047800e2bf9f006481570008007800e7
:1021800046ff0700980090000148a30001003200bc
:102190000080eb004f0478000080fa000000060089
:1021a000881f78000004780000082000808f50000d
:1021b0001700350010082000808f50000b003400fd
:1021c00030082000808f500011003a009200780003
:1021d00068805000000978003002be002003be0075
:1021e000049cbe000694be000700370092027800ef
:1021f00064805200000978001000be00070007004c
:10220000009cbe000294be001000200001003700b8
:102210000000eb004f047800000006008103780006
:102220001d0007000001be006000b8000478a30094
:1022300013003a006220e10015003e000d00390055
:102240008301d1000281d3008180d3008301d100ba
:102250000281d3008180d3008301d1000281d300a9
:102260008180d3000538b000c42add00f300b2003d
:102270008381720007f0a70003f0a00000000600b1
:1022800083ff2700020020006110b900f9ff37002a
:1022900003ff2700f7ff3700c70ade00f107b2008f
:1022a000f50fb20008003200e1cf42000200320018
:1022b0000170a00024000500810f700001003200b1
:1022c0000408050044000500810f700002003a0078
:1022d000140005008502e9000000400081c04800ac
:1022e000fcff3b000170a00024000500020ab900b9
:1022f000001bb9000200b8008100420081004300c9
:1023000000000600889fbe008a9fbe003004420085
:10231000b0844a0030054b0090854b006000b1004e
:102320000898be000a90be000440e10005c8e10024
:1023300006d0e10007d8e10002003100680040004b
:102340001008e8004f05be004f04be000000060064
:10235000889fbe008a9fbe003004be002005be00dc
:102360000418540005985c0006185d0007985d008d
:10237000110020000440e10005c8e10006d0e100a2
:1023800007d8e100010039008000eb001088100040
:102390004f05be004f04be00000006001200fa0008
:1023a000889fbe008a9fbe008c9fbe00e0b79f0042
:1023b000f1b79f0082bf9f0093bf9f000605be003c
:1023c0000404be000000eb00d0b79f00c0b79f0020
:1023d000b0b79f00a0b79f0090b79f00000678009d
:1023e0005fb19700cfb09700820141003fb09700e6
:1023f0000200e00004003d00370007007e80570027
:10240000c0ff070003003700330007007e8057003d
:10241000cfff0700dfb697000d00e0000c0035008d
:102420006fb29700ffb297000fbb97009fbb97005a
:1024300010002000010020006011b80000027200ae
:102440008182720002037300838373001b00070004
:102450000c06e80001042000810f5600e0ff3a005e
:102460000d00e00004003d000802be000a03be00ab
:102470007e805700a3ff07005fa897000000e000e0
:1024800005003a001fb29700afb297003fb3970024
:10249000cfb39700090007006fb09700ffb0970017
:1024a0000fb997009fb997004f06be004f05be00b9
:1024b0004f04be000080fa00000006000100070083
:1024c00000000600a4b79f00b5b79f00c6b79f00e5
:1024d000d7b79f00000006004f09de00828171001f
:1024e000b3b79f004f01de00818040008280700002
:1024f000a1b79f008fb097004f09de000000400099
:102500000200700090b79f007fa897004f01de0087
:10251000818040008280700081b79f000d0007001d
:102520004f3ade000000400004007000f0af9f0052
:10253000080007000402420085824a0006034b009f
:1025400087834b00dfff07000802be000a03be00be
:10255000000006002fb29700bfb297004fb397005c
:10256000dfb3970000000600881f780018002000e5
:10257000881f780089ff07008f87e9004f047800e3
:1025800000000600801feb0084ff07008f87e90032
:1025900000000600889fbe008a9fbe00e00f50002a
:1025a000e08f5800e00f5900e08f59000c003d000b
:1025b0006044b8006055b8000000540081805c00a1
:1025c00002015d0083815d001800200015000700f6
:1025d00008003d00180007000004eb00050037006c
:1025e0000004eb000f00070002003d00120007008e
:1025f00018002000dcff07000800e00006003200a1
:102600006022b8006033b8000000520081805a0098
:1026100002015b0083815b004f05be004f04be00da
:1026200000000600e00f5200e08f5a00e00f5b0050
:10263000e08f5b00000006006044b8006055b80001
:102640000402540085825c0006035d0087835d0000
:1026500000000600889fbe008a9fbe008c1f780085
:10266000e00f5000e08f5800e00f5900e08f590054
:102670000d003d006044b8006055b80000005400f3
:1026800081805c0002015d0083815d001c002000f0
:102690000820e10009a8e1000ab0e1000bb8e10060
:1026a0000d003d00080037000006eb00e00f52006f
:1026b000e08f5a00e00f5b00e08f5b0006003d00fa
:1026c0006044b8006055b8000402540085825c0084
:1026d00006035d0087835d00aaff07000c00e00091
:1026e000060032006022b8006033b80000005200db
:1026f00081805a0002015b0083815b004f067800f5
:0c2700004f05be004f04be0000000600a4
:020000040000fa
:10270c002573000020460000696300003d25000091
:10271c0073200000646500006d3d0000256400001e
:10272c002065000074610000743d00002564000009
:10273c0020650000757200003d250000642000003b
:10274c00256400000a000000453a00002f3100000b
:10275c006b350000687a00002e770000617600006f
:10276c00004500003a2f0000313500006b68000076
:10277c007a2e0000776100007600000044650000ae
:10278c006d6100006e640000650000004172000085
:10279c0072650000740000000d0a00005220000059
:1027ac00525800004d4f000044200000000d000066
:1027bc000a0000000d0a00005220000054580000ce
:1027cc004d4f000044200000000a00000063000090
:1027dc006d640000004300004f4e00004e450000a9
:1027ec0043540000003c00003c3c000045630000ea
:1027fc00686f0000206400006574000065630000d1
:10280c00746500003e3e00003e0a0000002b0000f4
:10281c00434d0000474c00003a20000000450000ea
:10282c00525200004f520000002b0000434d00009c
:10283c005320000045520000524f0000520000008f
:10284c002b4300004d450000204500005252000073
:10285c004f520000002b000057410000565300005f
:10286c0054410000544500003a20000077610000fc
:10287c0076200000706c000061790000207300006d
:10288c00746f0000700000005244000059000000fa
:10289c00526500006365000070740000696f0000f1
:1028ac006e2000004d65000073730000616700002e
:1028bc0065200000505200004554000020530000d9
:1028cc00696d0000436f00006d0a0000002b0000d2
:1028dc0043470000444300004f4e0000543a0000b0
:1028ec0020000000696d0000730000002b43000005
:1028fc0047410000545400003a2000003000000012
:10290c002b43000047410000545400003a200000c3
:10291c00310000002b4300004348000041440000fc
:10292c00445200003a200000002b000048540000e4
:10293c005450000041430000544900004f4e000029
:10294c003a200000004800005454000050200000c1
:10295c005355000043430000455300005300000052
:10296c004854000054500000204500005252000012
:10297c004f5200000a000000485400005450000060
:10298c002053000055430000434500005353000002
:10299c000a0000002b480000545400005052000064
:1029ac004541000044460000494c0000453a0000f7
:1029bc00200000002b48000054540000505f000021
:1029cc0050450000455200005f4300004c4f000092
:1029dc0053450000440000002b48000054540000f4
:1029ec00505f00004e4f00004e450000545f000049
:1029fc0045560000454e0000540000002b430000db
:102a0c00434800005354000041520000543a000067
:102a1c00200000002b4300004348000053540000ea
:102a2c004f5000003a200000300000002b43000003
:102a3c00434800004f500000454e00003a20000073
:102a4c00002b0000434300004845000056450000a1
:102a5c004e540000002b0000434300004c4b000080
:102a6c003a200000002b00004343000048520000b5
:102a7c0045430000563a0000204400004154000039
:102a8c00410000002b430000434800005245000069
:102a9c00435600003a200000302c000030000000ab
:102aac002b43000043480000434c00004f530000f0
:102abc00453a0000200000002b4300004348000072
:102acc005f52000045430000565f0000434c00007d
:102adc004f530000454400003a0000002b43000017
:102aec00434800005f50000045450000525f000065
:102afc00434c00004f530000454400003a000000d6
:102b0c002b43000046540000524100004e5400007c
:102b1c00583a00002030000000550000706700009b
:102b2c002052000065740000727900002043000000
:102b3c006f7200007275000070740000696f000005
:102b4c006e0a000000550000706700002052000063
:102b5c006574000072790000204900006e76000058
:102b6c00616c0000696400000a0000002b43000047
:102b7c0046540000524100004e540000583a0000e8
:102b8c002044000041540000412c00000043000090
:102b9c0046540000524100004e54000058200000e2
:102bac0044410000544100002055000052430000f5
:102bbc0020450000525200004f5200000a00000055
:102bcc0074610000696c00006c650000203d000021
:102bdc0020250000640a0000002b0000434c00007c
:102bec00434300003a2000000041000070700000d8
:102bfc00656c0000206500006e74000072610000be
:102c0c006e740000203e000020490000474e00007a
:102c1c004f52000045200000425000000a00000006
:102c2c0041700000706500006c200000736f0000a4
:102c3c0072740000616e000074200000656e00006c
:102c4c00206300006f750000727300002c200000e0
:102c5c00696700006e6f000072650000206500005f
:102c6c006e740000726100006e7400000a000000b7
:102c7c00524900004e470000206c000075200000f7
:102c8c005374000061740000757300003d41000036
:102c9c0050500000454c00005f54000052410000b1
:102cac0049540000454d0000454e000054200000e2
:102cbc00204300007074000053650000634900005d
:102ccc00676e00006f7200006541000070700000bc
:102cdc00656c00003d3100000a000000303000003f
:102cec003030000030300000303000003030000058
:102cfc0030300000303000000041000070700000e7
:102d0c00656c0000206500006e74000072610000ac
:102d1c006e740000202d00003e2000004150000089
:102d2c00504500004c5f0000414c00004552000033
:102d3c00540a000000460000696e0000206100008b
:102d4c0070700000656c0000203f00003f0a00001e
:102d5c000050000075720000676500002043000001
:102d6c006f0a0000005600004f4900004345000068
:102d7c0020430000414c00004c3a0000204500006c
:102d8c004e44000000520000494e00004700000075
:102d9c00524900004e470000206c000075200000d6
:102dac00696700006e6f0000726500002000000073
:102dbc0020410000544100003d0000002041000073
:102dcc00535300003d0000002d2d00002d2d000060
:102ddc002d2d00002d2d00002d2d00002d54000058
:102dec00494d0000452000004f55000054200000c4
:102dfc002d2000004341000053450000200000003e
:102e0c0025640000002d00002d2d00002d2d00004c
:102e1c002d2d00002d2d00002d0d0000005b00005d
:102e2c00473100003d250000642000003c3c0000c0
:102e3c0020250000645d00000a00000047310000fe
:102e4c002e250000642000007374000061720000e5
:102e5c00742000000a000000494e00004954000094
:102e6c0020470000312000003120000031200000fc
:102e7c003100000041540000264600000d00000007
:102e8c0041540000453000000d000000415400008a
:102e9c002b490000464300003d3000002c30000060
:102eac000d0000002d2d00002d2d00002d610000c7
:102ebc00707700004b4f0000666600002d2d00005f
:102ecc002d2d00002d000000415400002b49000066
:102edc00505200003d31000031350000323000000e
:102eec00300d000000410000542b0000434700004f
:102efc00534e00000d000000494d000045490000f4
:102f0c0020450000727200006f7200000a00000081
:102f1c00494d0000454900003a20000000410000e6
:102f2c00542b0000434700004d5200000d000000e0
:102f3c002b430000474d0000523a000020000000d7
:102f4c00434700004d520000204500007272000003
:102f5c006f7200000a000000415400002b43000077
:102f6c00474d00004d0d000000410000542b0000a7
:102f7c0043500000494e00003f0d0000002b0000a4
:102f8c0043500000494e00003a200000524500001a
:102f9c0041440000590000002b4300005049000040
:102fac004e3a000020530000494d00002050000014
:102fbc00494e0000002b000043500000494e000019
:102fcc003a200000534900004d20000050550000ed
:102fdc004b000000415400002b43000050490000fe
:102fec004e3d000022000000220d000000430000b6
:102ffc006f64000065200000504900004e20000066
:10300c0070610000732000007061000072610000ac
:10301c006d65000074720000652c000020760000c5
:10302c006f69000072200000434600005049000008
:10303c004e0a000000570000415200004e490000ab
:10304c004e4700003a2000004f4e00004c59000043
:10305c00204f00004e450000204100005454000059
:10306c00454d000050540000204600004f52000017
:10307c0020500000494e0000204c00004546000046
:10308c00542c00002043000048450000434b000036
:10309c0020520000454700004953000054450000f1
:1030ac005245000044200000504900004e00000032
:1030bc00415400002b4300004943000043490000e9
:1030cc00440d0000002b0000494300004349000060
:1030dc00443a000020000000434300004944000033
:1030ec0020450000727200006f7200000a000000a0
:1030fc00415400002b430000534d0000533d000091
:10310c00300d000000410000542b00004353000020
:10311c00510d0000002b000043530000513a0000f9
:10312c0020000000473100002e2500006420000024
:10313c0045630000686f0000446500007465000082
:10314c0063740000653e00003e2000003531000035
:10315c00302000000d000000415400002b43000003
:10316c004d450000453d0000320d000000410000bf
:10317c00542b0000434d0000474600003d31000039
:10318c000d00000041540000533000003d300000a1
:10319c003b530000373d000032350000350d000078
:1031ac0000410000542b0000434300004643000044
:1031bc003d3000002c3000000d0000004154000098
:1031cc002b430000523d0000300d00000043000076
:1031dc00434600004320000045520000524f0000bf
:1031ec00520a000000410000542b00004352000022
:1031fc00433d0000300d000000410000542b000046
:10320c0043460000554e00003d3100000d0000000b
:10321c00415400002b43000056480000553d00006f
:10322c00300d000000410000542b0000434c000006
:10323c00434300003d3100000d00000041540000ec
:10324c002b4300004c490000503d0000300d0000a5
:10325c0000410000542b0000434c00004952000078
:10326c003d3000000d000000415400002b430000d5
:10327c004f4c0000503d0000300d0000004100009c
:10328c00542b0000434c0000564c00003d31000014
:10329c003b2b0000434f00005554000047410000f9
:1032ac00494e00003d0000000d000000415400009c
:1032bc002b43000047440000434f00004e540000d5
:1032cc003f0d000000410000542b0000434700005c
:1032dc00444300004f4e0000543d0000312c0000d0
:1032ec0022490000502200002c2200000022000085
:1032fc002c220000302e0000302e0000302e00005a
:10330c00302200002c2c00002c0d0000004100008d
:10331c00542b00004347000041540000543f000070
:10332c000d000000415400002b43000047410000f9
:10333c00435400003d3100002c3100000d00000012
:10334c00415400002b430000535300004c43000039
:10335c00464700003d220000737300006c760000ad
:10336c0065720000736900006f6e0000222c000073
:10337c00302c0000330d000000410000542b0000e5
:10338c0043530000534c000043460000473d0000ef
:10339c00226300006163000065720000742200006b
:1033ac002c3000002c22000000630000615f000044
:1033bc0063650000727400002e700000656d0000e3
:1033cc0000410000542b000043530000534c0000fc
:1033dc0043460000473d0000226300006c6900007a
:1033ec00656e0000746300006572000074220000ba
:1033fc002c3000002c220000006300006c5f0000e9
:10340c0063650000727400005f6f00006e65000061
:10341c002e700000656d000000410000542b000070
:10342c0043530000534c000043460000473d00004e
:10343c00226300006c690000656e0000746b000074
:10344c0065790000222c0000302c000022000000c6
:10345c00636c00005f6b0000657900005f6f00001b
:10346c006e6500002e700000656d000000410000cc
:10347c00542b000043530000534c00004346000003
:10348c00473d00002261000075740000686d00006b
:10349c006f640000652200002c3000002c3000000e
:1034ac000d000000415400002b430000535300005a
:1034bc004c430000464700003d22000061750000af
:1034cc00746800006d6f000064650000222c000021
:1034dc00302c0000310d000000410000542b000086
:1034ec0043530000534c000043460000473d00008e
:1034fc002261000075740000686d00006f640000ac
:10350c00652200002c3000002c3200000d00000061
:10351c00415400002b430000535300004c43000067
:10352c00464700003d220000656e0000616200000d
:10353c006c650000534e0000492200002c30000046
:10354c002c3100000d000000436c00006967000086
:10355c002032000020500000696e0000206f000037
:10356c006b0a0000005500006e2000004d65000045
:10357c007373000061670000652000004d6f000050
:10358c00646500006d2000004f4b00000a00000035
:10359c0053e90000637500002041000070700000ca
:1035ac00656c00000a000000486100006e670000b6
:1035bc0020550000700a0000003f00003f3f000053
:1035cc0000520000656200006f6f00007420000064
:1035dc0064750000206d00006f640000656d0000d4
:1035ec002041000075630000756e00002053000040
:1035fc004d5300000a00000052650000626f00008d
:10360c006f740000206d00006f640000656d000099
:10361c00206500007461000070650000203200001d
:10362c00303000002c200000657400006174000034
:10363c00206900006e6300006f720000726500006c
:10364c00637400000a000000415400002b4300008a
:10365c0047500000533d0000300d000000410000b9
:10366c00542b000043450000445200005853000006
:10367c003d3100002c3400002c22000030300000c2
:10368c0031300000220d000000470000312e0000f8
:10369c002564000020540000494d00004520000026
:1036ac004f550000540d000000470000312e000063
:1036bc002564000020450000727200006f7200004b
:1036cc005265000063750000204500007272000016
:1036dc006f7200005265000063750000202000002e
:1036ec000d0000003c3c00003c3c00003c3c000059
:1036fc003c3c0000473100002e25000064200000f7
:10370c0045630000686f00004465000074650000ac
:10371c0063740000652000003e200000353100007d
:10372c00302000003e3e00003e3e00003e3e0000c9
:10373c003e3e00003e3e00003e3e000020350000b4
:10374c0031300000200d00000052000065700000b8
:10375c00726900007365000020470000312e0000e4
:10376c002564000020470000313700003d25000093
:10377c0064000000415400002b430000454400004d
:10378c0052580000533d0000300d00000041000075
:10379c00542b00004353000044560000433d0000ee
:1037ac00330d000000410000542b0000564d00006a
:1037bc0055540000453d0000310d00000041000053
:1037cc00542b0000434300004d580000504c0000a7
:1037dc004159000057410000563d000022000000f6
:1037ec00222c0000320d000000470000312e00009a
:1037fc0032310000312000006c69000074200000a0
:10380c00002a0000455200005245000055520000ad
:10381c0000640000656d0000616e000064650000ce
:10382c0020660000696300002074000065730000ce
:10383c00742000006f6c0000640a0000004100005e
:10384c00542b0000434300004d580000535400001b
:10385c004f50000057410000560d0000004500007d
:10386c00525200004f520000204900004e530000fd
:10387c004552000054200000504900004e2000002a
:10388c0057480000454e0000204300004152000004
:10389c004420000049530000205500004e50000009
:1038ac004f570000455200004544000020540000d2
:1038bc00484500004e2000005452000059200000e2
:1038cc0041470000414900004e0a0000004500003d
:1038dc00525200004f520000205400004f4f000085
:1038ec00204d0000414e00005920000054520000b1
:1038fc0049450000533a000020530000494d000098
:10390c00204200004c4f0000434b00004544000097
:10391c00204300004f44000045200000505500009b
:10392c004b2000004e45000045440000454400007b
:10393c000a000000415400002b4300004e4d0000d3
:10394c00493d0000322c0000312c0000302c0000ce
:10395c00302c0000300d000000410000542b000002
:10396c00434300004841000044440000520d000055
:10397c0000410000542b0000434d0000474c000058
:10398c003d220000414c00004c2200000d000000c4
:10399c00415400002b4300004d470000443d000003
:1039ac00002c0000300d000000410000542b0000e2
:1039bc00434d0000474400003d3100002c34000012
:1039cc0000410000542b000043520000454700000a
:1039dc003f0d0000002b0000435200004547000043
:1039ec003a200000302c0000310000002b43000076
:1039fc0052450000473a0000203000002c350000f2
:103a0c00002b000043520000454700003a20000004
:103a1c00302c000033000000526500006769000084
:103a2c007374000072610000746900006f6e000016
:103a3c0020640000656e00006965000064200000d1
:103a4c006f6e000020720000656300006f6d000057
:103a5c006d6500006e630000650a0000002b00001d
:103a6c0043520000454700003a200000302c000073
:103a7c00300000002b43000052450000473a000084
:103a8c00203000002c34000000530000657500004d
:103a9c00696c000020700000726500006365000016
:103aac00646500006e740000206400006566000010
:103abc0061750000742000007265000073650000e1
:103acc00617500000a000000526500006c61000086
:103adc006e630000652000007461000063680000e4
:103aec00652000006d6f0000646500006d20000013
:103afc0063610000722000006465000066610000d4
:103b0c0075740000206900006e7300006372000081
:103b1c0069700000746900006f6e00000a000000fc
:103b2c002b43000052450000473a000020310000b2
:103b3c00002b000043520000454700003a200000d3
:103b4c0032000000415400002b430000524500009d
:103b5c00473d0000300d0000004c00006563000084
:103b6c007475000072650000204300005351000082
:103b7c000a000000415400002b4300004553000094
:103b8c00510d0000002b0000434500005351000074
:103b9c003a200000002b0000434500005351000068
:103bac003a200000393900002c390000392c000073
:103bbc00002b000043450000535100003a20000048
:103bcc00393900002c390000392c00003235000046
:103bdc00352c000032350000352c0000004100006f
:103bec00542b0000434d0000475300003d220000c1
:103bfc0000540000696d0000654f000075740000f2
:103c0c0031200000656e0000766f00006920000016
:103c1c00534d0000530a0000002f0000200000004c
:103c2c00202f00000a000000256300000053000054
:103c3c004d530000454e000056200000005400007b
:103c4c00696d0000654f00007574000032200000a3
:103c5c00656e0000766f000069200000534d000077
:103c6c00530a0000004500007272000065750000e8
:103c7c0072200000473100002e3600003220000078
:103c8c00656e0000766f000069200000534d000047
:103c9c00530a0000005300004d5300004552000031
:103cac005220000000410000542b0000434c000047
:103cbc00434300000d00000041540000410d000082
:103ccc0000410000542b000043450000434d000010
:103cdc003d3100000d000000415400002b4300005a
:103cec004f55000054470000414900004e3d000074
:103cfc00256400000d000000415400002b4300001f
:103d0c004d49000043470000414900004e3d000072
:103d1c00256400000d000000415400002b430000fe
:103d2c0050530000493f00000d00000041540000ba
:103d3c00533700003d3000000d00000041540000de
:103d4c00440000003b0d0000004500003a2f00002d
:103d5c006761000072640000652e0000776100004e
:103d6c0076000000415400002b5600004d55000019
:103d7c00544500003d3000000d000000415400008f
:103d8c00480d000000410000542b0000435300007c
:103d9c0044560000433d0000300d0000004e000072
:103dac004f4b00002d3e000032330000322000004b
:103dbc004d6c00003d00000043500000494e0000d7
:103dcc0020540000696d0000654f00005554000040
:103ddc002d3e000032330000320a0000003f00008c
:103dec0000410000542b0000434f000050530000d2
:103dfc003f0d0000002b0000434f0000505300000b
:103e0c003a000000415400002b4300004f550000c5
:103e1c0054470000414900004e3d0000004700009f
:103e2c00312e00003131000034200000506f0000b2
:103e3c0073480000503d000000250000640a00009b
:103e4c0000470000312e0000313100003520000009
:103e5c0047610000696e0000732000006f6b00006a
:103e6c000a000000415400002b430000525800008f
:103e7c00564f00004c3d0000307800003030000000
:103e8c00303000000d000000415400002b430000b6
:103e9c0052580000564f00004c3d00003078000096
:103eac0030460000464600000d0000004154000062
:103ebc002b43000052580000564f00004c3d0000b0
:103ecc003078000031460000464600000d0000002e
:103edc00415400002b43000052580000564f000084
:103eec004c3d000030780000324600004646000091
:103efc000d000000415400002b43000052580000fc
:103f0c00564f00004c3d0000307800003346000056
:103f1c00464600000d000000415400002b430000f9
:103f2c0052580000564f00004c3d00003078000005
:103f3c0034460000464600000d00000041540000cd
:103f4c002b43000052580000564f00004c3d00001f
:103f5c003078000035460000464600000d00000099
:103f6c00415400002b43000052580000564f0000f3
:103f7c004c3d0000307800003646000046460000fc
:103f8c000d000000415400002b430000525800006b
:103f9c00564f00004c3d00003078000037460000c2
:103fac00464600000d000000476500006e4600000c
:103fbc007174000020670000313d000031360000b4
:103fcc0030200000706f000073680000703d00002e
:103fdc0000410000542b0000434c0000564c0000e4
:103fec003d3000000d00000043740000726c0000b6
:103ffc00476500006e460000717400002e4c0000f6
:10400c00616e000063650000653d0000310a000030
:10401c0000410000542b000056540000443d0000a9
:10402c0000410000542b000056540000533d00008a
:10403c000073000069200000706100007320000014
:10404c006d61000072630000686500002c200000a8
:10405c00746500007374000065720000206100003c
:10406c0076650000632000002c200000656e0000c7
:10407c007472000065200000636100007220000073
:10408c00647400006d66000000410000542b0000b9
:10409c0043520000454700003d3200000d00000077
:1040ac00415400002b430000504f0000460d00000f
:1040bc0000520000454200004f4f00005420000009
:1040cc00536f000066740000204d00006f64000008
:1040dc00656d00000a0000002d460000696e0000ae
:1040ec0020740000656d0000706f00002047000018
:1040fc00312e0000256400002d0d00000052000040
:10410c00454200004f4f000054200000656c000039
:10411c006563000074720000697100007565000031
:10412c00204d00006f640000656d00000a00000067
:10413c005761000069740000696e00006720000080
:10414c0025640000200d000000520000200000003b
:10415c00415400002b4300004e4d0000503f000026
:10416c000d0000002b4300004e4d0000503a0000a3
:10417c0020000000415400002b4300004e4d000075
:10418c00503d0000256400000d00000023230000ba
:10419c002344000045420000554700002042000027
:1041ac0061730000637500006c65000020760000f0
:1041bc006572000073200000334700000a00000005
:1041cc002323000023440000454200005547000013
:1041dc002042000061730000637500006c650000f4
:1041ec002076000065720000732000003447000048
:1041fc000a0000000a230000232300005452000090
:10420c00414e00005350000041520000454e00004a
:10421c005420000043500000543d000030200000aa
:10422c0023230000230a000000410000545a000020
:10423c000d000000415400002b43000043480000d7
:10424c00434c00004f530000453d0000300d000072
:10425c0000410000542b0000485400005450000052
:10426c0054450000524d00003d3000000d00000090
:10427c00415400002b430000434800004d4f000008
:10428c00444500003d3000000d000000415400008a
:10429c002b4300004348000053450000543d0000f0
:1042ac00302c0000310d000000410000542b0000a8
:1042bc004343000048530000544100005254000096
:1042cc000d000000415400002b4300004348000047
:1042dc004f500000454e00003d3000002c220000e5
:1042ec0025730000222c0000256400002c310000f6
:1042fc000d000000415400002b4300004348000017
:10430c00534500004e4400003d3000002c250000b9
:10431c00640d000000410000542b000043430000da
:10432c004c4b00003f0d000000410000542b0000de
:10433c00434300004852000045430000563d000036
:10434c00302c0000256400000d00000041540000da
:10435c002b43000043480000535400004f50000012
:10436c000d000000415400002b430000544300009a
:10437c00504b0000413d0000312c0000352c00005a
:10438c00350d000000410000542b00004e4500008c
:10439c00544300004c4f0000534500000d0000003a
:1043ac004854000054500000204900006e69000081
:1043bc0074690000616c0000697300006174000096
:1043cc00696f00006e0a000000410000542b0000d1
:1043dc004854000054500000494e0000495400005d
:1043ec000d00000048540000545000002050000004
:1043fc0061720000616d000020550000524c0000fd
:10440c000a000000415400002b48000054540000e6
:10441c005050000041520000413d00002255000068
:10442c00524c0000222c0000226800007474000022
:10443c00707300003a2f00002f250000732f00002e
:10444c00257300003a250000642200000d000000d6
:10445c00415400002b480000545400005050000000
:10446c0041520000413d000022550000524c00001a
:10447c00222c00002268000074740000707300008d
:10448c003a2f00002f250000732f00002573000029
:10449c00220d000000410000542b00004854000085
:1044ac005450000050410000524100003d220000d9
:1044bc00535300004c43000046470000222c0000e0
:1044cc00300d000000410000542b00004854000047
:1044dc005450000050410000524100003d220000a9
:1044ec0055410000222c0000220000004154000025
:1044fc002b4800005454000050440000415400006c
:10450c00413d0000256400002c310000350d0000f9
:10451c00004400004f5700004e4c00004f4100007b
:10452c004400000048540000545000002047000094
:10453c00455400000a000000415400002b460000c6
:10454c0053430000443d0000463a00002f0d00008c
:10455c0000410000542b000046530000434400006f
:10456c003d4500003a2f00000d00000041540000b2
:10457c002b4300004345000052540000444500000a
:10458c004c4500003d22000025730000220d000068
:10459c00005300007570000070720000657300001d
:1045ac00736900006f6e0000206e000065770000dc
:1045bc00736f0000667400002e65000078650000c3
:1045cc000a000000415400002b4600005344000038
:1045dc00454c00003d22000025730000220d000018
:1045ec0000530000757000007072000065730000cd
:1045fc00736900006f6e0000200000004154000041
:10460c002b4800005454000050410000435400005b
:10461c00494f00004e3d0000310d000000410000ec
:10462c00542b00004854000054500000414300003b
:10463c00544900004f4e00003d3000000d000000ba
:10464c00415400002b48000054540000505200000c
:10465c004541000044460000494c0000453d000027
:10466c0022250000732200002c3400000d000000f5
:10467c00415400002b4800005454000050520000dc
:10468c004541000044460000494c0000453d0000f7
:10469c0022250000732200002c3100000d000000c8
:1046ac00415400002b4800005454000050520000ac
:1046bc004541000044460000494c0000453d0000c7
:1046cc0022250000732200002c3300000d00000096
:1046dc0045720000726f00007220000053740000dd
:1046ec006f700000204e00006f7700000a00000081
:1046fc00415400002b48000054540000505400005a
:10470c00455200004d0d000000410000542b0000ec
:10471c0046530000434400003d4600003a0d0000a3
:10472c0000410000542b000046530000415400008f
:10473c0054520000493d00000075000070640000f8
:10474c00745f0000736f00006674000077610000f6
:10475c00726500002e68000065780000002b0000d8
:10476c00465300004154000054520000493a0000e6
:10477c00200000006c3100005f3100003a20000086
:10478c00256c0000750a0000002c0000256c000050
:10479c00752c0000256400000d0000004154000041
:1047ac002b43000046540000524100004e540000c0
:1047bc00583d0000224600003a2f00000022000065
:1047cc000045000072720000657500007220000048
:1047dc005570000067200000646f000069740000d1
:1047ec0020730000746f0000700a0000005000007d
:1047fc00726f00006772000065730000736900003f
:10480c006f6e0000203a0000202500006c7500003f
:10481c000a000000456e0000642000005265000094
:10482c00616400000a000000537700006170000012
:10483c00205000006172000074690000746900006f
:10484c006f6e0000204f00004b0a00000053000068
:10485c00776100007020000050610000727400004d
:10486c0069740000696f00006e2000004661000052
:10487c00696c00000a0000004d6100007820000007
:10488c00534d0000532000006a6f00007572000049
:10489c0020610000757400006f72000069730000e5
:1048ac0065200000646500007061000073730000f7
:1048bc00650a000000000000522000004346000082
:1048cc00412000004c3d000000200000453d000050
:1048dc0000200000443d000000200000433d00008b
:1048ec0000200000583d000000200000563d000054
:1048fc0000200000533d000000200000493d000056
:10490c00002000004d3d0000005a00000020000077
:10491c00543d000000200000483d00000031000024
:10492c000030000000520000205300004d530000e6
:10493c00204e0000554d00003d00000020450000b9
:10494c00503d0000002000004c4e0000473d000090
:10495c000020000043500000453d000000200000f6
:10496c0043500000533d0000000a000000200000ee
:10497c00434f0000523d0000002000004e55000047
:10498c004d3d00000020000044540000453d000057
:10499c000020000044540000453d000030000000a1
:1049ac0020480000524500003d0000002048000057
:1049bc00524500003d300000005400004350000000
:1049cc00533d000000200000545300004d530000e4
:1049dc003d00000042550000473d00000052000021
:1049ec00204d000041500000504900004e4700008f
:1049fc0000200000470000003d0000002053000094
:104a0c0000200000440000002f0000005f000000a8
:104a1c003a00000052200000494e0000464f0000b2
:104a2c0020480000423d00000020000048430000e8
:104a3c003d00000020480000524f00004b3d00009c
:104a4c0000200000485200004b4f00003d000000c9
:104a5c00204d0000453d0000002000004e54000099
:104a6c004f3d000000200000444500004e4900006e
:104a7c00454400003d00000020540000523d000061
:104a8c0000200000484c0000453d000000420000a2
:104a9c00434c00003d00000046490000433d00002f
:104aac00004500003a2f00006761000072640000ae
:104abc00652e00007761000076000000453a00008a
:104acc002f66000069700000686f00002e770000f0
:104adc0061760000005500006e2000005465000057
:104aec00737400000a000000453a00002f700000ab
:104afc00617500006f6b00002e770000617600007e
:104b0c00004500003a2f0000697300006f6c000034
:104b1c00652e00007761000076000000453a000029
:104b2c002f3100006b350000687a00002e770000f2
:104b3c0061760000004500003a2f0000313500007e
:104b4c006b6800007a2e0000776100007600000090
:104b5c00453a00002f77000061690000742e0000b8
:104b6c007761000076000000453a00002f6e0000cf
:104b7c006f6e0000616200002e770000617600000d
:104b8c0000460000494e00003d000000522000008d
:104b9c004d530000475400004553000054200000c2
:104bac00444500004d3d0000002000004243000041
:104bbc004c3d0000005400004f3d00000049000037
:104bcc0043520000413d0000004300004d440000f2
:104bdc003d000000436d0000642000006d6f00007c
:104bec00646500006d2000003a000000464f000094
:104bfc00524300004547000052410000463d000072
:104c0c0000470000312000003e3e00003e20000026
:104c1c00256400000a00000052450000424f0000cd
:104c2c004f5400003d00000052650000626f000010
:104c3c006f740000207300006f6600007420000089
:104c4c00696d00006d65000064690000617400000e
:104c5c0020640000752000006d6f0000646500008a
:104c6c006d0a000000520000656200006f6f0000ca
:104c7c007420000064750000206d00006f6400005b
:104c8c00656d00002061000070720000657300000b
:104c9c00205300004d5300002045000072610000bd
:104cac00736500000a00000052650000626f00008e
:104cbc006f740000206500006c65000063740000d8
:104ccc00726900007175000065200000696d0000bc
:104cdc006d650000646900006174000020640000d0
:104cec00752000006d6f0000646500006d0a000007
:104cfc0000520000656200006f6f0000742000001d
:104d0c00656c00006563000074720000697100003e
:104d1c007565000020640000752000006d6f0000b8
:104d2c00646500006d200000617000007265000079
:104d3c0073200000534d000053200000457200000a
:104d4c0061730000650a00000052000065620000fb
:104d5c006f6f000074200000706100007220000072
:104d6c00415400005a200000696d00006d65000080
:104d7c006469000061740000206e000000520000a5
:104d8c00656200006f6f0000742000004154000049
:104d9c005a20000064750000206d00006f64000054
:104dac00656d0000206100007072000065730000ea
:104dbc00205300004d53000020450000726100009c
:104dcc00736500000a0000005453000054500000aa
:104ddc00494e00003d00000044430000443d0000eb
:104dec0000440000495400003d0000004454000001
:104dfc004d4600003d000000494e0000464f0000ab
:104e0c003d000000522000004d4f000044450000c2
:104e1c004d20000052650000717500004f660000c7
:104e2c00663d000000200000526500007175000016
:104e3c00536c000065650000703d00000020000010
:104e4c00475300004d5f000053740000653d0000a7
:104e5c0000500000575200005f4f00004646000013
:104e6c0000500000575f00004f4e00000043000050
:104e7c004f4e000046490000470000005052000011
:104e8c0045540000004e00004f5f000053490000e5
:104e9c00474e0000414c0000005300004c45000000
:104eac004550000000450000525200004f520000d7
:104ebc00003f00003f3f000000200000542800008d
:104ecc0020700000696e00003d00000020200000f2
:104edc0072730000736900003d0000002020000088
:104eec00636100006c6c00003d000000202000009d
:104efc00736d0000733d00000020000029200000ad
:104f0c0000200000204e0000627400006f3d000085
:104f1c000045000046460000414300004552000099
:104f2c00534d0000533d000000200000545200007f
:104f3c0041430000453d000000520000204d0000a0
:104f4c004f440000454d0000205400005241000029
:104f5c00434500003d000000204400004344000095
:104f6c003d00000020440000495400003d000000ba
:104f7c005220000050430000205000005245000019
:104f8c003d000000522000004f5000004552000030
:104f9c0041540000455500005220000052450000cd
:104fac00473d0000002000004e4f00004d3d00002a
:104fbc0022000000220000004f500000543d000071
:104fcc000054000050460000453d00000052000017
:104fdc00494e0000473d000000520000544f0000b5
:104fec003d000000522000004f50000054490000ca
:104ffc004f4e0000002000004f500000543d0000b8
:10500c000020000054500000464500003d00000008
:10501c0020520000494e0000473d000000200000d7
:10502c00525400004f3d000000410000435400006a
:10503c003d00000052200000414d0000504c00008b
:10504c004920000041430000543d00000043000093
:10505c004f550000525400003d3100000054000038
:10506c00504100003d00000055520000473d00003b
:10507c00004e0000554d00003d0000005220000085
:10508c0041500000504500004c2000004e550000df
:10509c004d3d00000020000054500000413d000038
:1050ac000020000055520000473d00000020000089
:1050bc00434f000055520000543d000000200000fa
:1050cc00444500004d3d0000310000004c3d000007
:1050dc00004e00003d00000052200000424900003c
:1050ec00502000004e3d0000002000004c3d000010
:1050fc00004500004646000041430000453d0000cd
:10510c00005200002043000046500000414d0000ba
:10511c0044500000004d00004450000020430000ab
:10512c00616e0000616c0000205000006f72000086
:10513c007420000073e9000072690000650a000029
:10514c0000520000415a00003d000000454500009f
:10515c00505200004f4d0000206500006d700000a3
:10516c0074790000202d0000204d0000656d0000ba
:10517c006f720000792000003d20000025730000b4
:10518c000a000000204d0000445000003d000000cb
:10519c00444d0000433d00000052000054520000fa
:1051ac003d00000054410000433d0000004d000054
:1051bc0044530000433d00000057000044530000de
:1051cc00563d00000057000044530000543d0000c1
:1051dc000057000044530000473d000000570000fa
:1051ec0044560000413d000000440000533d0000c7
:1051fc0000480000544a00003d000000484d0000eb
:10520c00415800003d000000484d0000494e000090
:10521c003d0000004e4f00004d3d000000540000ca
:10522c00454c00003d0000005220000043460000a9
:10523c0050410000552000004e4f00004d3d000035
:10524c0000200000445400004d4600003d000000ca
:10525c0020480000544a00003d000000204400009b
:10526c004d4300003d00000020540000454c000060
:10527c003d00000020440000533d000000200000d1
:10528c00565400003d000000204d00004453000027
:10529c00433d00000020000052540000523d00002d
:1052ac000020000057440000535600003d00000051
:1052bc002057000044530000543d00000020000023
:1052cc0057440000534700003d00000020570000e9
:1052dc0044560000413d00000020000054410000f5
:1052ec00433d000000200000484d000041580000e4
:1052fc003d000000204800004d4900004e3d0000dc
:10530c0000500000494e00003d00000050490000d4
:10531c004e2000004c550000203d000020000000f5
:10532c005220000043460000504900004e2000006f
:10533c00504900004e3d0000002000004356000084
:10534c003d000000522000004346000053200000a6
:10535c00533d000000200000463d0000004d0000c1
:10536c004a4100003d000000522000004350000064
:10537c005420000043500000453d00000020000078
:10538c00454a00003d00000020450000483d00005b
:10539c0000200000534a00003d0000002053000094
:1053ac00483d000000200000534a0000413d000031
:1053bc000020000053480000413d00000020000088
:1053cc00534a0000453d00000020000053480000f7
:1053dc00453d0000002000004d4a0000413d00000a
:1053ec0000200000454100003d000000522000005c
:1053fc005354000041540000555300004f5300001b
:10540c00432000000053000051330000473d0000d2
:10541c000053000051340000473d000000520000d2
:10542c0053520000503d0000005200005352000047
:10543c00513d000000450000434e00004f3d000070
:10544c000052000053430000503d00000052000089
:10545c00205200004553000045410000552000003b
:10546c0057530000343600003d2500006420000036
:10547c0054590000504500003d25000064200000f8
:10548c00535100003d250000642000002d2d00002c
:10549c002053000051340000473d000025640000fb
:1054ac002052000053520000513d000025640000c2
:1054bc002052000053520000503d000025640000b3
:1054cc00202d00002d200000535100003347000018
:1054dc003d250000642000005253000043500000a2
:1054ec003d25000064200000454300004e4f0000a5
:1054fc003d250000642000002d2d0000204c0000f4
:10550c0041530000545f0000344700005f5300001b
:10551c00513d000025640000204c00004153000068
:10552c00545f0000344700005f52000053520000eb
:10553c00513d000025640000204c00004153000048
:10554c00545f0000344700005f52000053520000cb
:10555c00503d000025640000005200002044000073
:10556c00555200004545000020000000204e000070
:10557c00535600004a3d000000200000535200002a
:10558c00454a00003d000000205300005048000038
:10559c00494a00003d000000205300005048000024
:1055ac004f4a00003d000000204e00005356000002
:1055bc00483d000000200000535200004548000008
:1055cc003d000000205300005048000049480000f6
:1055dc003d00000020530000504800004f480000e0
:1055ec003d000000522000004445000042550000e0
:1055fc0047200000002000004d6f00006465000093
:10560c006d4f00006b3d000000200000546f000047
:10561c00473100003d000000205300006d73000076
:10562c00547000003d000000204c0000536f00003f
:10563c006e2e0000446500006d3d0000002000004f
:10564c004c5300006f6e00002e450000746100008a
:10565c00743d0000002000002e460000696300002d
:10566c00302100003d300000002000002e460000dc
:10567c0069630000303d00003d3000000020000058
:10568c00414300002e41000054720000616900008b
:10569c0074650000723d0000002000002e500000d8
:1056ac006f73000069740000696f00006e6e00007b
:1056bc00653d0000002000002e54000079700000b1
:1056cc00506f0000733d00000020000057440000a4
:1056dc003d00000052200000445400002000000057
:1056ec00202800006d730000713d000000290000af
:1056fc0000520000204600005245000051200000de
:10570c0041430000543d0000005500005349000087
:10571c004e4500003d000000505300003d000000cd
:10572c00485000004e3d0000004d0000434e00006c
:10573c003d000000485000004d4500003d000000b9
:10574c004d4300004d4500003d0000004850000056
:10575c00443d000000480000505400003d00000093
:10576c004d430000505400003d000000474600002f
:10577c00543d000000520000204700004149000049
:10578c004e200000563d0000532000004850000001
:10579c004e3d0000002000004d4300004e3d000037
:1057ac0000200000485000004d4500003d00000066
:1057bc00204d0000434d0000453d0000002000003e
:1057cc0048500000443d00000020000048500000fc
:1057dc00543d0000002000004d43000050540000d8
:1057ec003d00000020470000465400003d00000032
:1057fc002000000047410000494e000020500000ee
:10580c00533d000033200000485000004e3d000086
:10581c00352000004d4300004e3d000036200000b6
:10582c00485000004d4500003d340000204d000064
:10583c00434d0000453d000034200000485000005e
:10584c00443d00003320000048500000543d00004f
:10585c00332000004d490000505400003d3300003f
:10586c0020470000465400003d3200003535000052
:10587c00200000005220000047520000414600006a
:10588c0000200000474300003d00000052200000b3
:10589c0047530000494d0000434f00004d000000ed
:1058ac00204c0000564c00003d0000004c560000ff
:1058bc004c3d0000002000004f550000543d0000fe
:1058cc00004f0000555400003d000000204d00002a
:1058dc00494300003d0000004d490000433d0000dd
:1058ec0000460000545000002041000043540000ca
:1058fc003d3000002054000059500000453d000090
:10590c005041000055200000495000003d3000007f
:10591c002e3000002e3000002e30000020500000f1
:10592c004f520000543d000032310000204900006d
:10593c00443d00005a200000505700003d5a000022
:10594c00004300004650000041550000204e00006e
:10595c004f4d00003d550000534900004e450000de
:10596c0020540000454c00003d5a0000204400002b
:10597c00544d0000463d0000313200003320000041
:10598c00485400004a3d0000323400003a30000018
:10599c0030200000444d0000433d00003130000039
:1059ac00204800004d410000583d000031360000f9
:1059bc00204800004d4900004e3d000031300000f1
:1059cc0020440000533d00000043000046500000fe
:1059dc00415500002057000044530000563d000084
:1059ec0031320000372000005744000053540000af
:1059fc003d310000323700002057000044530000b6
:105a0c00473d0000313200003720000057440000b1
:105a1c00564100003d31000032370000204d00009f
:105a2c0044530000433d0000004700004149000082
:105a3c004e20000055530000494e0000453d00002b
:105a4c003100000043460000412000004c3d0000a6
:105a5c000020000045460000464100004345000080
:105a6c003d3100000043000046530000205300006d
:105a7c003d310000204600003d3300003420000082
:105a8c00433d000036350000204900003d30000049
:105a9c00204400003d30000000430000465300004d
:105aac00205300003d000000204600003d30000067
:105abc00204300003d300000204900003d30000034
:105acc00204400003d300000005200002047000040
:105adc0055530000494e00004500000052200000c4
:105aec00494d00004f440000205600003d000000ce
:105afc0052440000523d000000440000454e00009e
:105b0c0049450000443d0000005300004d53000087
:105b1c003d000000522000004c4500005252000095
:105b2c004f520000204800004c4500003d00000092
:105b3c0020470000313d000000200000543d0000d3
:105b4c00270000002700000020450000313c000029
:105b5c00204800004c4500003d000000273e00009e
:105b6c0000520000204c0000434f00004e46000045
:105b7c00204300004f4e0000533d00000020000069
:105b8c00534d0000533100003d0000002053000035
:105b9c004d530000323d000000200000494400003d
:105bac00583d00000052000020520000414300000c
:105bbc00435200004f4300004845000020410000c4
:105bcc00435400003d0000005220000052450000ec
:105bdc00424f00004f5400000052000020520000c1
:105bec00455000004f4e000044520000452000007c
:105bfc0041430000543d000000430000413d0000c3
:105c0c0000430000433d0000005200002053000000
:105c1c00534c0000434f00004e4600002043000050
:105c2c00413d000000200000434300003d00000007
:105c3c004e4500003d00000052200000534900007a
:105c4c004d5500004c450000204e0000453d000025
:105c5c0000470000534d00003d00000052200000a2
:105c6c00534c0000454500005020000047530000f5
:105c7c004d3d00005300000052200000534c00002a
:105c8c004545000050200000475300004d3d0000ea
:105c9c004e000000574400003d000000524400003c
:105cac00503d000000520000444100003d00000047
:105cbc0053520000563d0000004f000050450000bc
:105ccc003d00000041550000545200003d00000012
:105cdc0052200000534d0000534600004149000083
:105cec004c2000004e4200003d00000020530000fc
:105cfc004d5300003d00000020480000523d0000c4
:105d0c000020000041550000545200003d000000ee
:105d1c0020520000415a00003d31000000430000b9
:105d2c00505400003d00000052200000545200006e
:105d3c00414e00005350000041520000454e0000ff
:105d4c005420000043500000543d0000002000008f
:105d5c00464900004e3d0000002000005045000068
:105d6c003d31000000530000593d0000310000009f
:105d7c0052200000544500005354000041550000cf
:105d8c00444900004f20000041430000543d0000f6
:105d9c0000670000736d00007374000061740000f4
:105dac00653d0000256900002041000053530000b0
:105dbc003d2500006920000041450000533d0000d6
:105dcc0025690000200a0000004400004543000043
:105ddc003d000000464f000052430000453d0000ce
:105dec0000530000424300003d00000053480000f7
:105dfc00433d00000044000050420000433d0000c1
:105e0c00004d0000433d00000053000042410000e3
:105e1c004c3d000000520000204800004852000099
:105e2c00204800003d0000005220000048540000b3
:105e3c00545000005347000045540000002000005f
:105e4c00555200004c3d000000550000524c000023
:105e5c003d0000006874000074700000733a00008c
:105e6c002f2f000000200000504f00005254000063
:105e7c003d000000504f0000525400003d00000057
:105e8c0020540000595000003d00000054590000ff
:105e9c00503d000000630000615f0000636500007e
:105eac00727400002e700000656d0000006300002d
:105ebc006c5f000063650000727400005f7400008a
:105ecc00776f00002e700000656d0000006300000d
:105edc006c5f00006b650000795f00007477000058
:105eec006f2e0000706500006d00000075700000e2
:105efc00647400005f7300006f660000747700002c
:105f0c0061720000652e00006865000078000000da
:105f1c0041550000443d0000004500003a2f0000b0
:105f2c00726900006e6700002e7700006176000039
:105f3c000020000041550000443d000000520000cc
:105f4c004551000055450000544500002045000017
:105f5c004e200000434f000055520000530000003b
:105f6c00435500003d000000445400002000000098
:105f7c00522000005645000052490000464e0000d9
:105f8c00554d0000544500004c5000004155000098
:105f9c00205600004e5000003d0000005220000032
:105fac005645000052530000494f00004e2000009f
:105fbc00474500004e3d0000004d000054560000c7
:105fcc00344700003100000020550000433d000024
:105fdc00003100002e3000002e3000002d6100003a
:105fec006c70000068610000002000004e5300003f
:105ffc003d000000565500003d00000020560000fa
:10600c00553d0000002000004343000049440000bf
:10601c003d0000002043000043490000443d0000c7
:10602c005a000000204900004d450000493d000089
:10603c0000200000494d0000454900003d5a000079
:10604c00002000004d4f0000443d000000410000c6
:10605c00524e0000533d0000004e0000533d000026
:10606c000052000020460000545000002041000067
:10607c00435400003d300000204400004546000021
:10608c00494e0000453d000030200000004d00004e
:10609c00535100003d000000563d0000005200002e
:1060ac002044000045460000494e000045200000f9
:1060bc000020000044550000414c00005f450000ea
:1060cc00544f00004e3d000030000000204c0000fa
:1060dc004f520000413d000030000000204c0000f9
:1060ec00495400005f410000525200003d30000056
:1060fc0000200000434f00004e4600005f410000ae
:10610c0050500000454c00003d30000000200000c5
:10611c0047500000533d00003000000020520000aa
:10612c00455000004f4e0000534500005f410000f9
:10613c00555400004f3d000030000000204100008d
:10614c0055540000485f00004d4f000044450000ce
:10615c003d30000000200000534f0000465400006a
:10616c005f41000056450000435f000046540000ac
:10617c00503d00003000000020530000493d00005d
:10618c003100000041500000504500004c00000060
:10619c00414d0000504c00004900000042490000f5
:1061ac005000000043460000410000004346000040
:1061bc00504100004d4400005000000043460000d8
:1061cc0050410000550000004346000050490000bb
:1061dc004e000000434600005300000043500000f6
:1061ec005400000043540000524c00005245000083
:1061fc005345000041550000004400004546000096
:10620c00494e0000450000004454000000440000ca
:10621c004542000055470000004400005552000064
:10622c0045450000004400004f4400004f000000b2
:10623c00465200004551000000460000545000003a
:10624c000046000043540000004600004f5200007e
:10625c004345000045540000415400000047000035
:10626c00414900004e00000047520000414600002a
:10627c000047000055530000494e00004500000047
:10628c0047530000494d0000434f00004d000000f3
:10629c0048480000520000004854000054500000d0
:1062ac005347000045540000004900004d4f0000ca
:1062bc0044000000494e0000464f0000004c000016
:1062cc00434f00004e460000004c000045520000b9
:1062dc00524f0000520000004c450000525200008a
:1062ec0045550000520000004d4100005050000088
:1062fc00494e0000470000004d4f0000444500008f
:10630c004d0000004d530000475400004553000061
:10631c00540000004f500000455200004154000052
:10632c0045550000520000004f5000005449000039
:10633c004f4e000000500000430000005041000090
:10634c00555300005441000000500000415500001e
:10635c00545300005400000052410000434300001d
:10636c00524f000043480000450000005245000019
:10637c00504f00004e4400005245000000520000f7
:10638c00454200004f4f00005400000053530000e2
:10639c004c4300004f4e00004600000053540000d8
:1063ac0041540000555300004f53000043000000bf
:1063bc0053540000005300004d53000000530000e4
:1063cc0020000000534900004d5500004c450000d2
:1063dc00005300004d53000046410000494c0000a2
:1063ec0000530000594e00000054000052410000c0
:1063fc0043450000005200002054000052410000b0
:10640c004345000020430000593d000000540000ab
:10641c00574400004700000054450000535400004e
:10642c000054000045530000544100005544000046
:10643c00494f000000540000524100004e53000030
:10644c0050410000524500004e5400000056000020
:10645c00414e000041000000564500005253000020
:10646c00494f00004e000000564500005249000004
:10647c00464e0000554d0000544500004c500000a5
:10648c004155000000520000204600004149000028
:10649c004c200000005000006173000020640000dc
:1064ac006520000072650000706f00006e730000c4
:1064bc006520000066610000696c0000206100002e
:1064cc00203a000020000000534d00005341000012
:1064dc005454000020000000534d000053440000b1
:1064ec004e540000200000004950000041550000af
:1064fc004d530000472000004e4f00004d3d000062
:10650c00002000004d530000473d0000002000001b
:10651c00494e00003d000000522000005041000098
:10652c005541000055440000494f00002050000028
:10653c00415500003d220000004900005041000080
:10654c005552000041450000204e00004f4d000008
:10655c003d00000022200000544500004c3d00008e
:10656c00002000005354000050410000553d000035
:10657c0000200000434f00004d3d0000004900008a
:10658c00504100005552000041530000204e0000c5
:10659c004f4d00003d0000004950000041550000e7
:1065ac0041410000532000004e4f00004d3d0000c3
:1065bc000052000020410000505000004b4f0000e2
:1065cc0020500000415500003d2200000049000011
:1065dc00504100005545000041530000204e000082
:1065ec004f4d00003d000000204e00004f3d0000cc
:1065fc0000200000455800003d0000002045000030
:10660c00525200003d00000049500000415500006e
:10661c00444d0000522000004e4f00004d3d000044
:10662c000049000050410000554500004553000052
:10663c00204e00004f4d00003d000000982f000040
:10664c008a4200009144000037710000cffb00002b
:10665c00c0b50000a5db0000b5e900005bc200007e
:10666c0056390000f1110000f1590000a48200001d
:10667c003f920000d55e00001cab000098aa000001
:10668c0007d80000015b000083120000be850000eb
:10669c0031240000c37d00000c550000745d000027
:1066ac00be720000feb10000de800000a7060000f4
:1066bc00dc9b000074f100009bc10000c16900006c
:1066cc009be4000086470000beef0000c69d000062
:1066dc00c10f0000cca100000c2400006f2c0000a6
:1066ec00e92d0000aa840000744a0000dca9000017
:1066fc00b05c0000da880000f9760000525100000e
:10670c003e9800006dc6000031a80000c8270000ac
:10671c0003b00000c77f000059bf0000f30b00005e
:10672c00e0c6000047910000a7d5000051630000af
:10673c00ca0600006729000029140000850a000021
:10674c00b7270000382100001b2e0000fc6d000054
:10675c002c4d0000130d0000385300005473000042
:10676c000a650000bb0a00006a7600002ec9000012
:10677c00c2810000852c000072920000a1e800008c
:10678c00bfa200004b6600001aa80000708b00002e
:10679c004bc20000a35100006cc7000019e80000b8
:1067ac0092d100002406000099d600008535000027
:1067bc000ef4000070a000006a10000016c100006a
:1067cc00a4190000086c0000371e00004c77000074
:1067dc0048270000b5bc0000b0340000b30c00002a
:1067ec001c3900004aaa0000d84e00004fca000015
:1067fc009c5b0000f36f00002e680000ee8200002e
:10680c008f7400006f630000a578000014780000fe
:10681c00c884000008020000c78c0000faff0000ca
:10682c00be900000eb6c000050a40000f7a3000029
:10683c00f9be0000f278000071c600006368000029
:10684c00617200005b250000645d0000203a0000ce
:10685c0020250000630a0000005300007065000052
:10686c00636b000020690000692000003a200000e2
:10687c00256400000a000000637c0000777b0000a8
:10688c00f26b00006fc5000030010000672b0000a8
:10689c00fed70000ab760000ca820000c97d000064
:1068ac00fa59000047f00000add40000a2af000080
:1068bc009ca4000072c00000b7fd000093260000ed
:1068cc00363f0000f7cc000034a50000e5f10000d5
:1068dc0071d800003115000004c7000023c300006c
:1068ec0018960000059a00000712000080e20000d4
:1068fc00eb270000b2750000098300002c1a000081
:10690c001b6e00005aa00000523b0000d6b30000e2
:10691c0029e300002f84000053d1000000ed00009b
:10692c0020fc0000b15b00006acb0000be39000007
:10693c004a4c000058cf0000d0ef0000aafb00002a
:10694c00434d00003385000045f90000027f000034
:10695c00503c00009fa8000051a30000408f000095
:10696c00929d000038f50000bcb60000da21000052
:10697c0010ff0000f3d20000cd0c000013ec00005f
:10698c005f97000044170000c4a700007e3d000084
:10699c00645d000019730000608100004fdc000092
:1069ac00222a00009088000046ee0000b814000077
:1069bc00de5e00000bdb0000e03200003a0a000053
:1069cc0049060000245c0000c2d30000ac62000049
:1069dc0091950000e4790000e7c80000376d0000d5
:1069ec008dd500004ea900006c560000f4ea0000a2
:1069fc00657a0000ae080000ba780000252e000071
:106a0c001ca60000b4c60000e8dd0000741f0000e6
:106a1c004bbd00008b8a0000703e0000b566000084
:106a2c0048030000f60e00006135000057b9000065
:106a3c0086c100001d9e0000e1f8000098110000c6
:106a4c0069d900008e9400009b1e000087e90000ad
:106a5c00ce55000028df00008ca10000890d00003d
:106a6c00bfe6000042680000419900002d0f0000b5
:106a7c00b0540000bb160000520900006ad500009b
:106a8c0030360000a5380000bf400000a39e000077
:106a9c0081f30000d7fb00007ce30000398200008a
:106aac009b2f0000ff870000348e00004344000041
:106abc00c4de0000e9cb0000547b000094320000df
:106acc00a6c20000233d0000ee4c0000950b000018
:106adc0042fa0000c34e0000082e0000a166000020
:106aec0028d9000024b20000765b0000a249000007
:106afc006d8b0000d125000072f80000f6640000d8
:106b0c008668000098160000d4a400005ccc00003d
:106b1c005d650000b69200006c70000048500000eb
:106b2c00fded0000b9da00005e15000046570000cc
:106b3c00a78d00009d84000090d80000ab000000e1
:106b4c008cbc0000d30a0000f7e4000058050000dc
:106b5c00b8b3000045060000d02c00001e8f0000ca
:106b6c00ca3f00000f020000c1af0000bd030000cf
:106b7c00011300008a6b00003a91000011410000e3
:106b8c004f670000dcea000097f20000cfce000057
:106b9c00f0b40000e673000096ac00007422000014
:106bac00e7ad000035850000e2f9000037e8000091
:106bbc001c750000df6e000047f100001a71000028
:106bcc001d290000c58900006fb70000620e00008f
:106bdc00aa180000be1b0000fc5600003e4b000033
:106bec00c6d20000792000009adb0000c0fe000035
:106bfc0078cd00005af400001fdd0000a83300001f
:106c0c0088070000c7310000b112000010590000c5
:106c1c0027800000ec5f0000605100007fa900009d
:106c2c0019b500004a0d00002de500007a9f000008
:106c3c0093c900009cef0000a0e000003b4d000059
:106c4c00ae2a0000f5b00000c8eb0000bb3c000011
:106c5c008353000099610000172b0000047e000094
:106c6c00ba770000d6260000e1690000146300002a
:106c7c00552100000c7d00008d0100000204000075
:106c8c000810000020400000801b0000364100006e
:106c9c0045530000204200006c6f0000630a0000a6
:106cac0000500000616400005f6c0000656e000025
:106cbc00203a000020250000640a0000004100007a
:106ccc00424300004445000046470000484900008c
:106cdc004a4b00004c4d00004e4f0000505100003c
:106cec0052530000545500005657000058590000ec
:106cfc005a61000062630000646500006667000072
:106d0c00686900006a6b00006c6d00006e6f00001b
:106d1c0070710000727300007475000076770000cb
:106d2c00787900007a3000003132000033340000f2
:106d3c003536000037380000392b00002f000000da
:106d4c004142000043440000454600004748000013
:106d5c00494a00004b4c00004d4e00004f500000c3
:106d6c005152000053540000555600005758000073
:106d7c00595a0000616200006364000065660000ff
:106d8c0067680000696a00006b6c00006d6e0000a3
:106d9c006f70000071720000737400007576000053
:106dac0077780000797a000030310000323300002f
:106dbc003435000036370000383900002b2f000026
:106dcc000044000065620000757400002042000061
:106ddc00617300006536000034200000446500003b
:106dec00636f0000646500000a000000206500006d
:106dfc006e6300006f640000656400005f6c00004f
:106e0c00656e0000203a000020250000640a000096
:106e1c0000450000727200006575000072200000d1
:106e2c003a2000006c6f00006e6700007565000072
:106e3c0075720000206900006e760000616c000025
:106e4c0069640000650a0000002000006f750000f6
:106e5c0074700000757400005f6c0000656e0000bb
:106e6c0067740000682000003a20000025640000d0
:106e7c000a000000612000002d20000062200000ac
:106e8c002d200000632000002d2000006420000055
:106e9c003a20000025640000202d00002025000071
:106eac00642000002d20000025640000202d00002f
:106ebc0020250000640a00000050000072650000ec
:106ecc006d69000065720000204f000063740000c3
:106edc0065740000203a00002025000030320000cc
:106eec00580a000000000000522000005041000031
:106efc005553000054410000205000004155000043
:106f0c003d220000002200002053000054500000dd
:106f1c00415500003d000000205300005447000084
:106f2c00505300003d00000052200000535400005c
:106f3c00204d0000453d0000002000004e3d0000ab
:106f4c00002000004e3d00005a00000020470000c9
:106f5c004d3d000000200000475300003d000000a4
:106f6c0020470000453d0000002000005153000068
:106f7c003d00000020510000534d00003d0000007a
:106f8c00204900004e3d0000002000004f5500003d
:106f9c00543d00000020000047500000533d00000d
:106fac000020000053520000563d0000003000004d
:106fbc0000310000002000004f500000453d000053
:106fcc0000200000574400003d000000205300004a
:106fdc00483d00000020000053480000413d0000e7
:106fec0000200000545200003d000000204500002d
:106ffc00453d000000200000414700003d0000001e
:10700c000a00000020480000583d000025630000e5
:10701c0025630000256300002f2500006325000078
:10702c00632500006300000052200000464300006e
:10703c0054200000435600003d78000025780000e5
:10704c002f2500007820000053520000453d000021
:10705c00782500006c7800002f2500006c7800006b
:10706c0020530000504900003d78000025780000b6
:10707c002f25000078200000535000004f3d0000e9
:10708c0078250000782f00002578000020530000a0
:10709c00493d000078250000782f0000257800007d
:1070ac00205300004f3d000078250000782f000091
:1070bc002578000020530000453d00007825000095
:1070cc00782f00002578000020560000433d00007a
:1070dc0078250000782f0000257800002052000051
:1070ec00425000003d780000257800002f2500005c
:1070fc007820000052450000413d0000782500003a
:10710c00782f00002578000020560000583d000024
:10711c0078250000783a0000257800003a25000018
:10712c00782f0000257800003a250000783a0000fe
:10713c002578000020480000425200003d25000048
:10714c00303200006425000030320000642500005d
:10715c003032000064250000303200006420000052
:10716c006a3d00002530000032640000253000002c
:10717c00326400002f68000000520000205600000e
:10718c00414e00004120000056310000323d00000d
:10719c0000200000563400002e3200003d0000009c
:1071ac0020560000332e0000333d0000002000006c
:1071bc0056450000343d00000020000056450000fc
:1071cc00333d00000020000056450000323d000019
:1071dc000020000056450000313d0000300000004a
:1071ec0020560000505600003d00000020430000d7
:1071fc00423d00003100000020430000423d0000f1
:10720c0030000000204600004f52000043450000b3
:10721c003d000000256400000020000053420000e7
:10722c00433d00000020000053480000433d000097
:10723c000020000044500000424300003d000000cc
:10724c00204d0000433d0000002000005342000090
:10725c00414c00003d0000002028000020480000a8
:10726c004d410000583d000000200000484d00003a
:10727c00494e00003d000000202900000052000093
:10728c00204800005454000050530000200000001f
:10729c00504f0000535400002000000047450000f0
:1072ac0054200000005300005543000043450000eb
:1072bc005353000000450000525200004f52000092
:1072cc003d530000454e0000444900004e4700006d
:1072dc0000450000525200004f5200003d53000088
:1072ec004552000056450000520000004552000077
:1072fc00524f0000523d000045580000544500001c
:10730c00524e0000414c000000450000525200005b
:10731c004f5200003d4900004e5400004552000001
:10732c004e4100004c00000045520000524f00003e
:10733c00523d0000464f0000524d000041540000e9
:10734c000020000000200000555200004c3d0000c1
:10735c000068000074740000707300003a2f000085
:10736c002f250000732f000025730000006800001b
:10737c0074740000707300003a2f00002f25000079
:10738c00732f0000257300003a25000064000000f4
:10739c0052200000534f0000465400004d410000a5
:1073ac004a000000204e00004f4d00003d00000040
:1073bc002053000055430000434500005353000088
:1073cc000020000045520000524f00005200000007
:1073dc0053740000617400007573000020520000ab
:1073ec0053530000490a00000052000053530000a0
:1073fc00492000002d2000004e6200005f4d00006f
:10740c0065730000203d0000202500006420000072
:10741c003b20000041630000715f00004d6f0000d5
:10742c00792000003d20000025640000004500008c
:10743c007272000065750000722000003a20000096
:10744c00706100007320000064270000616e000072
:10745c00746500006e6e00006520000064e9000099
:10746c0074e9000063740000e9650000004300004b
:10747c006c6900006720000033200000527300008c
:10748c00736900006f6b00000a00000023230000ea
:10749c0023440000454200005547000020510000e5
:1074ac00756100006c69000074e900002064000044
:1074bc007520000053690000676e0000616c0000cd
:1074cc002050000061730000204f00004b20000092
:1074dc000042000061730000637500006c650000e1
:1074ec00203d0000203100000a0000004261000035
:1074fc0073630000756c0000652000003d200000e7
:10750c00300a000000230000232300004445000043
:10751c00425500004720000052530000525000001a
:10752c002050000061730000204f00004b0a000047
:10753c0000230000232300004445000042550000b6
:10754c004720000052530000525100002050000010
:10755c0061730000204f00004b0a00000023000064
:10756c002323000044450000425500004720000042
:10757c00454300004e4f0000205000006173000096
:10758c00204f00004b0a0000005200002053000066
:10759c00594e0000200000003a0000005a00000084
:1075ac003a300000003a0000310000004572000043
:1075bc0072490000326300002025000063200000a7
:1075cc00653d0000256400002025000064200000bb
:1075dc002564000020200000200a00000045000067
:1075ec00525200004f52000020490000326300004c
:1075fc003a200000544900004d450000204f000087
:10760c005554000020490000444c0000450a00007d
:10761c0000450000525200004f520000204900006b
:10762c00324300003a200000544900004d45000050
:10763c00204f00005554000020530000544100001e
:10764c00525400000a00000045520000524f000046
:10765c005220000049320000433a00002054000040
:10766c00494d0000452000004f55000054200000fb
:10767c00524500005354000041520000540a0000cf
:10768c0000530000574900005443000048200000fc
:10769c004932000043200000446500006661000090
:1076ac00756c0000742000003a2000003078000057
:1076bc00253000003258000020280000256400000e
:1076cc002064000065630000696d0000616c0000bf
:1076dc00290a000000450000525200004f520000e1
:1076ec0020490000324300003a20000054490000b9
:1076fc004d450000204f0000555400002041000073
:10770c004444000052450000535300000a0000009e
:10771c0045520000524f0000522000004932000038
:10772c00433a000020540000494d00004520000061
:10773c004f5500005420000044410000544100000b
:10774c000a00000045520000524f00005220000079
:10775c0049320000433a000020540000494d00001b
:10776c00452000004f5500005420000053540000e9
:10777c004f5000000a00000045520000524f00001c
:10778c005220000049320000433a0000205400000f
:10779c00494d0000452000004f55000054200000ca
:1077ac00414300004b2000004e4f000054200000cd
:1077bc005245000043450000495600004544000076
:1077cc000a00000045520000524f000052200000f9
:1077dc0049320000433a000020540000494d00009b
:1077ec00452000004f550000542000004d41000082
:1077fc005354000045520000204e00004f5400002e
:10780c002052000045410000445900002054000063
:10781c004f2000005245000043450000495600002f
:10782c00450a000000450000525200004f52000073
:10783c003a20000042550000532000004e4f00003b
:10784c005420000052450000414400005900000043
:10785c0045520000524f0000523a000020530000e5
:10786c005441000052540000204e00004f540000c0
:10787c0020530000454e000044000000455200001b
:10788c00524f0000523a00002041000044440000d6
:10789c00524500005353000020570000524900008d
:1078ac0054450000204e00004f54000020530000af
:1078bc00454e00004400000045520000524f0000ad
:1078cc00523a000020520000454700004953000086
:1078dc0054450000522000004e4f00005420000080
:1078ec00534500004e440000004500005252000079
:1078fc004f5200003a200000444100005441000067
:10790c00204e00004f54000020530000454e000054
:10791c004400000045520000524f0000523a000053
:10792c0020530000544f0000502000004e4f000028
:10793c0054200000534500004e4400000045000058
:10794c00525200004f5200003a20000052450000f5
:10795c005354000041520000542000004e4f0000d0
:10796c0054200000534500004e4400000045000028
:10797c00525200004f5200003a20000041440000d7
:10798c0044520000455300005320000052450000b3
:10799c0041440000204e00004f54000020530000d2
:1079ac00454e00004400000045520000524f0000bc
:1079bc00523a0000204400004154000041200000d5
:1079cc004e4f00005420000052450000434500007b
:1079dc00495600004544000000520000544300008a
:1079ec00204900004e490000540a000000520000db
:1079fc00544300002050000043460000383500007e
:107a0c003236000033410000202d000020430000de
:107a1c006f6e000066690000672000006e6f00004a
:107a2c007420000073650000740a0000005200000e
:107a3c0054430000204300006f6e00006669000094
:107a4c0067200000696e0000697400006961000025
:107a5c006c650000206e00006f6e0000207200004c
:107a6c00e96100006c69000073e900000a00000085
:107a7c005254000043200000524100005a0a0000fa
:107a8c000057000072690000746500002049000076
:107a9c003243000020520000617a000020450000b3
:107aac00727200006f7200000a000000414c00006e
:107abc00415200004d200000322000004f4e0000cb
:107acc000a000000414c00005f4500004e20000001
:107adc005772000069740000652000004f4b0000d5
:107aec000a000000494e00005442000020570000dc
:107afc007269000074650000204f00004b0a000002
:107b0c000052000054430000204700004554000080
:107b1c00204600004c410000470a000000520000c3
:107b2c0054430000204300004c450000415200002b
:107b3c00204600004c410000470a000000000000f5
:107b4c0041700000706500006c2000007572000030
:107b5c00676500006e7400000a0000006865000094
:107b6c006c6c00006f00000000440000454d0000ec
:107b7c00414e000044450000204400002741000015
:107b8c0050500000454c0000205300004f520000a4
:107b9c00544100004e540000202d00003e200000f7
:107bac00004e0000b0200000544500004c200000a6
:107bbc003a200000000a0000004900004d5000006f
:107bcc004f53000053490000424c00004520000078
:107bdc004445000020500000415300005345000074
:107bec00522000004c27000041500000504500007e
:107bfc004c0a000000490000735600006f69000039
:107c0c0063650000436100006c6c0000526500006d
:107c1c0061640000793d00003d3000000a00000066
:107c2c00453a00002f670000617200006465000097
:107c3c002e7700006176000000460000696e00009f
:107c4c002061000070700000656c00002070000066
:107c5c006172000020540000504100000a00000036
:107c6c004c27000061700000706500006c20000063
:107c7c0061200000e9630000686f000075e90000f6
:107c8c00207300007461000074750000733d0000e7
:107c9c000020000000730000656e000064440000ca
:107cac00544d0000462d0000702d000020000000f7
:107cbc000d0a000000730000656e000064440000b3
:107ccc00544d0000463d00003d3000000a0000000d
:107cdc00736500006e640000445400004d460000c3
:107cec002d740000312d0000200000000d0a000052
:107cfc005452000041430000454900004e4600002c
:107d0c004f200000002500007320000047310000c8
:107d1c003345000031330000312000002d3e0000bf
:107d2c0020310000340a000000730000656e000072
:107d3c0064440000544d0000462d000074320000d5
:107d4c002d2000004d4500003d000000415000007a
:107d5c00504500004c20000054450000524d0000de
:107d6c00494e0000452000007061000072200000a8
:107d7c00746500006d7000006f0a00000041000087
:107d8c0050500000454c00002054000045520000ab
:107d9c004d4900004e450000206300006175000055
:107dac00736500002061000070700000656c0000bd
:107dbc002075000072670000656e0000740a0000f8
:107dcc000041000050500000454c000020530000c2
:107ddc004f520000544100004e540000204e000051
:107dec004f4e000020410000424f0000555400004f
:107dfc00490a0000004500003a2f00006e6f000099
:107e0c006e610000622e00007761000076000000b9
:107e1c0041500000504500004c200000534f000022
:107e2c0052540000414e0000542000005445000004
:107e3c00524d0000494e0000452000002d2000004e
:107e4c006c650000206300006f7200006573000019
:107e5c00706f00006e640000616e00007420000002
:107e6c00e0200000636f000075700000e920000046
:107e7c006c610000206300006f6e00006e650000f6
:107e8c0063740000696f00006e0a0000004500007a
:107e9c003a2f000066690000706800006f2e000029
:107eac007761000076000000415000005045000052
:107ebc004c200000534f000052540000414e000073
:107ecc0054200000434f0000555200005420000085
:107edc0054450000524d0000494e00004520000062
:107eec007061000072200000706800006f6e00006e
:107efc00696500000a000000417000007065000018
:107f0c006c20000074650000726d0000696e00004a
:107f1c00e92000006176000065630000207300001a
:107f2c007563000063650000730a000000410000e7
:107f3c0070700000656c0000206500006e20000071
:107f4c004563000068650000632000006731000095
:107f5c0033200000323000003e200000363000009c
:107f6c000a00000053610000626f000072640000a0
:107f7c006167000065200000706100007220000045
:107f8c005741000054430000484400004f47000094
:107f9c00207300007569000074650000206100000a
:107fac0062730000656e00006365000020640000d1
:107fbc00652000007261000063630000726f0000b6
:107fcc0063680000e90a0000000000004150000056
:107fdc00504500004c200000454e0000545200005b
:107fec00414e000054200000444500005445000060
:107ffc0043540000452000002d3e0000204d0000a1
:10800c004f44000045200000444500002052000071
:10801c00455000004f4e0000534500002041000029
:10802c00555400004f4d00004154000049510000d0
:10803c0055450000004e0000b020000054450000e3
:10804c004c2000003a200000000a00000041000013
:10805c0050500000454c0000204500004e540000dc
:10806c00524100004e5400002044000045540000d2
:10807c004543000054450000202d00003e20000028
:10808c004d4f0000444500002044000045200000f6
:10809c0052450000504f00004e5300004520000098
:1080ac004d4100004e550000454c000000450000bd
:1080bc003a2f0000726900006e6700002e770000f6
:1080cc00617600000041000050500000454c00005b
:1080dc00204500004e540000524100004e54000058
:1080ec0020540000455200004d4900004e45000050
:1080fc0020320000203d00003e2000004c650000b6
:10810c002050000041200000e020000072610000bf
:10811c0063630000726f000063680000e9200000d8
:10812c006170000072e800007320000065780000a8
:10813c007069000072610000746900006f6e0000cd
:10814c00206400007520000064e900006c610000f0
:10815c00692000006465000020730000e9630000e2
:10816c007572000069740000e90a0000004100000b
:10817c006e740000692d0000426100007661000001
:10818c0072640000204400004d4300003d250000b7
:10819c00640a00000041000050500000454c0000f3
:1081ac00204500004e540000524100004e54000087
:1081bc0020540000455200004d4900004e4500007f
:1081cc0020320000203d00003e2000004c650000e5
:1081dc00206300006f720000726500007370000075
:1081ec006f6e0000646100006e74000020e00000ff
:1081fc002072000061630000637200006f63000076
:10820c0068e900000a0000004150000050450000e1
:10821c004c200000454e000054520000414e00001e
:10822c005420000054450000524d0000494e0000ff
:10823c0045200000362000003d3e0000204100009b
:10824c006e740000692d0000426100007661000030
:10825c00726400000a00000041500000504500000c
:10826c004c200000454e000054520000414e0000ce
:10827c005420000054450000524d0000494e0000af
:10828c0045200000362000003d3e0000204c000040
:10829c0065200000636f00007272000065730000bf
:1082ac00706f00006e640000616e000074200000ae
:1082bc00e02000007261000063630000726f000038
:1082cc0063680000e90a0000004500003a2f000036
:1082dc0066690000706800006f2e00007761000076
:1082ec007600000050730000206400006520000040
:1082fc007465000073740000206100007070000051
:10830c00656c0000206500006e7400007261000056
:10831c006e74000020540000414300003d3000000a
:10832c000a00000053610000626f000072640000dc
:10833c006167000065200000706100007220000081
:10834c005741000054430000484400004f470000d0
:10835c002073000075690000746500002061000046
:10836c0062730000656e000063650000206400000d
:10837c00652000007261000063630000726f0000f2
:10838c0063680000e90a0000000000005b47000081
:10839c00313700003d250000642000003c20000027
:1083ac00256400000a0000004172000072650000a4
:1083bc0074200000656e0000206300006f750000e3
:1083cc00727300000a0000004731000037200000e3
:1083dc00646500006d200000534c00004545000012
:1083ec0050200000727300003d2500006420000046
:1083fc000a0000002020000041650000733d0000d1
:10840c002564000020410000737300003d2500002e
:10841c00642000007365000061740000723d000070
:10842c0025640000202000007365000061650000d9
:10843c00666600003d250000642000000a00000074
:10844c0047520000414600000a0000000a000000ec
:10845c0041620000616e0000646f00006e2000003d
:10846c00617200007265000074200000313200005f
:10847c000a00000041620000616e0000646f0000a1
:10848c006e20000061720000726500007420000014
:10849c00313300000a000000447300002053000038
:1084ac006c65000065700000203d00002025000078
:1084bc00640a0000000000000a0a0000476f000078
:1084cc00205300006c650000657000002829000036
:1084dc000a0000000a0a0000466900006e20000035
:1084ec00736c00006565000070280000293a0000dc
:1084fc0000540000524d0000543100003d25000096
:10850c0064200000545200004d540000323d000025
:10851c00256400002055000031520000584900002d
:10852c00463d00002564000020550000325200003a
:10853c0058490000463d0000256400002049000019
:10854c004f430000494600003d2500006400000038
:10855c00494f000043460000473900003d2500000c
:10856c0064200000494f00004346000046360000de
:10857c003d25000064200000494f000043460000e8
:10858c00463200003d2500006420000049740000c4
:10859c005265000076650000696c00003d780000b3
:1085ac0025300000325800000a0000000a0a0000c2
:1085bc004e4f0000207300006c65000065700000d9
:1085cc0028290000203a000000540000524d000001
:1085dc00543100003d25000064200000545200007e
:1085ec004d540000323d0000256400002055000071
:1085fc003152000058490000463d0000256400003f
:10860c00205500003252000058490000463d000041
:10861c0025640000004900004f430000494600005b
:10862c003d25000064200000494f00004346000037
:10863c00473900003d25000064200000494f000030
:10864c0043460000463600003d250000640a000049
:10865c00005300006f720000746900006520000078
:10866c0064650000207300006f6d00006d650000f4
:10867c00696c0000203100003520000047310000fb
:10868c003d250000640a00000053000075630000e3
:10869c0063650000737300002052000065730000d6
:1086ac00657400000a0000005220000053540000c2
:1086bc00204900004e3d0000000a00000049000067
:1086cc004e490000542000004739000020480000ab
:1086dc004d5400003d0000003a0000000d0a00005f
:1086ec005452000041430000454900004e46000032
:1086fc004f200000002500007320000047390000c7
:10870c002e3100002025000030320000643a0000b9
:10871c002530000032640000205400003d2500008c
:10872c0030320000643a0000253000003264000052
:10873c000a000000432700004553000054200000ad
:10874c004c27000048450000555200004520000011
:10875c0054450000535400000d0a00000044000072
:10876c0065620000757400002074000065730000e1
:10877c00743300003e3400000a0000004155000034
:10878c00444900004f2000004f4b00000a0000003d
:10879c00524500004c4100004e43000045200000b3
:1087ac0054450000535400000a00000046490000e4
:1087bc004e20000054450000535400000a000000f5
:1087cc0044e9000066610000757400002050000050
:1087dc00686f00006e690000650a000000730000fd
:1087ec006d73000020530000590a00000073000054
:1087fc006d730000205300005441000054550000dc
:10880c00530a0000007300006d7300002046000046
:10881c00435400000a000000736d00007320000038
:10882c00535900004e0a0000007300006d730000e5
:10883c0020560000414e0000410a0000004a000092
:10884c006f75000072200000736100006e730000f1
:10885c002056000045520000494600004e550000cd
:10886c004d0a000000470000726100006620000005
:10887c00392000002d2000006465000066610000b6
:10888c00756c0000740a0000004100006d7000005f
:10889c00204f0000666600000d000000416d0000d6
:1088ac00702000004f6e00000d000000456e0000af
:1088bc00766f000069200000534d0000532000002b
:1088cc00494e0000464f00000a000000456e0000b3
:1088dc00766f0000692000004854000054500000de
:1088ec005320000053740000617400007573000085
:1088fc00204900006e6600006f0a00000045000071
:10890c006e7600006f690000205300006f66000057
:10891c00742000004d6100006a20000053740000b8
:10892c006174000075730000204900006e66000041
:10893c006f0a000000460000494e0000204f000066
:10894c004b200000456e0000766f0000692000008f
:10895c00534d000053200000494e0000464f0000cc
:10896c000a000000534d000053200000494e000047
:10897c00464f000020310000203e00002032000055
:10898c000a000000464900004e200000456e000021
:10899c00766f000069200000534d0000532000004a
:1089ac00494e0000464f0000207300007572000015
:1089bc00206500007272000020760000616c0000df
:1089cc0072650000670a0000005300004d53000060
:1089dc00204900004e4600004f20000032200000cd
:1089ec003e330000203e00003e200000000a000044
:1089fc00004500006e7600006f6900002048000002
:108a0c005454000050200000535400004154000006
:108a1c005553000020500000415500000a00000092
:108a2c00456d00006574000020480000545400009f
:108a3c0050200000535400004154000055530000d6
:108a4c0020500000415500000a000000456e000057
:108a5c00766f000069200000534f00004654000060
:108a6c00204d0000414a00002053000054410000fa
:108a7c00545500005320000050410000550a0000de
:108a8c0000000000576f000072640000203d0000e1
:108a9c002030000078250000303600006c580000b3
:108aac000a00000057720000697400006520000085
:108abc0046610000696c00000a000000536500006c
:108acc0074200000496e00006163000074690000ae
:108adc00766500002050000061720000746900008f
:108aec00746900006f6e00000a00000053770000ec
:108afc006170000020410000637400006976000082
:108b0c0065200000320a000000530000776100006d
:108b1c00702000004163000074690000766500005d
:108b2c00203100000a0000004642000054530000af
:108b3c00455100002061000063740000203d0000de
:108b4c002030000078250000303600006c58000002
:108b5c000a0000004642000054530000455100003a
:108b6c00206900006e61000063740000203d00006d
:108b7c002030000078250000303600006c580000d2
:108b8c000a00000045720000726f000072200000a5
:108b9c00566100006c690000646900007479000083
:108bac000a0000004e6f000074200000636f00008c
:108bbc006d7000006c6500007465000020480000ba
:108bcc0065780000204c0000696e0000650a00000a
:108bdc00004a0000756d000070200000436f00001b
:108bec006e66000069670000757200006174000019
:108bfc00696f00006e200000576f00007264000067
:108c0c00730a0000006900006e61000063740000cc
:108c1c003d30000078250000303800006c58000012
:108c2c00206c00006173000074410000646400005b
:108c3c00723d00003078000025300000386c0000d8
:108c4c00580a000000000000496700006e6f000029
:108c5c00726500002041000070700000656c00001f
:108c6c000a000000536900006d7000006c65000084
:108c7c002041000070700000756900000a000000bf
:108c8c00204900004d500000554c00005345000099
:108c9c0020310000202d000020520000e96300006c
:108cac0065700000746900006f6e000020410000c8
:108cbc0070700000656c0000204500006e740000b0
:108ccc00726100006e7400000a0000002d4200006a
:108cdc0070200000726500006c6100006368000089
:108cec00652d00003e320000353000000a00000007
:108cfc004c690000676e00006520000056610000a2
:108d0c006c690000646500000a000000436100000b
:108d1c00736500002041000070700000656c00005d
:108d2c00205300006f720000746100006e7400002c
:108d3c000a00000041540000542000005241000081
:108d4c0050500000454c0000200000000a000000bc
:108d5c005041000053200000444500002052000008
:108d6c0041500000504500004c20000052450000ce
:108d7c0043550000204f00004e20000041500000e1
:108d8c00504500004c4c0000450a0000004100001a
:108d9c0050500000454c0000204500004e5400008f
:108dac00524100004e5400000a00000044450000ef
:108dbc004d4100004e440000452000004150000091
:108dcc00504500004c200000564f00004958000050
:108ddc000a000000453a00002f6e00006f6e000084
:108dec00616200002e770000617600000000000038
:108dfc00545600003d3100000a00000056450000aa
:108e0c0052490000464e0000554d000054450000ec
:108e1c004c5000004155000020000000204e000086
:108e2c00554d00003d00000020430000553d000062
:108e3c00004500006d69000073730000696f00004d
:108e4c006e20000064750000205300004d5300009c
:108e5c002064000065200000766500007269000047
:108e6c006669000063610000746900006f6e0000a9
:108e7c002000000064750000206e0000756d00007d
:108e8c00657200006f0a000000640000752000008d
:108e9c007265000073650000617500000a00000037
:108eac0041750000637500006e200000534d0000fa
:108ebc0053200000766500007269000066200000f7
:108ecc00656d0000697300002c2000004346000013
:108edc005041000055200000544500004c2000007b
:108eec00696e0000636f0000727200006563000021
:108efc00740a000000310000005300004d530000c4
:108f0c002064000065200000766500007269000096
:108f1c006669000063610000746900006f6e0000f8
:108f2c002072000065630000750a0000003000002c
:108f3c00005300004d530000206400006520000029
:108f4c0076650000726900006669000063610000cc
:108f5c00746900006f6e0000204e00004f4e000040
:108f6c002072000065630000752c00002056000084
:108f7c00543d0000300a000000000000456e000067
:108f8c00766f000069200000534d00005320000054
:108f9c00766100006e6100002064000065630000d3
:108fac000a000000564100004e410000000a00007b
:108fbc005220000043480000415200004745000089
:108fcc0020730000746100007274000020620000c5
:108fdc00617400003d2500006420000070730000e7
:108fec003d250000642000004d4300003d2500009d
:108ffc00640a0000000a00005220000043480000f0
:10900c00415200004745000020300000203e000087
:10901c003e2000004d650000737500007265000075
:10902c0020560000505600000a0000000a520000b2
:10903c00204300004841000052470000452000003a
:10904c0041520000524500005420000062610000b3
:10905c00743d00002564000020700000733d00008a
:10906c002564000020200000707600003d250000e3
:10907c00642000004d4300003d250000640a000000
:10908c00000a00005220000043480000415200003a
:10909c004745000020310000203e00003e2000002b
:1090ac004d650000737500007265000020560000cd
:1090bc00505600000a0000000a5200002043000035
:1090cc004841000052470000452000005265000056
:1090dc00746f000075720000206100007574000050
:1090ec006f20000056500000563d00002564000023
:1090fc000a0000002d2d00002d2d00002d2d00004c
:10910c004341000053450000203200003030000085
:10911c002041000050500000454c0000205300003e
:10912c004f520000544100004e5400002d2d000001
:10913c002d4d0000414b0000455600004f490000ea
:10914c0043450000434100004c4c00002d2d000015
:10915c000a000000446500006d6100006e640000b0
:10916c0065200000504100002052000061630000a7
:10917c00637200006f630000686500000a00000065
:10918c00446500006d6100006e6400006520000005
:10919c0067610000696e0000200000004469000057
:1091ac006666000075730000696f00006e0a0000af
:1091bc0000500000686f00000a00000050680000ba
:1091cc006f2000004d4500000a00000054650000af
:1091dc00737400000a0000004d61000075760000f9
:1091ec006169000073200000506100007261000092
:1091fc006d200000436f00006e6600006967000080
:10920c002041000075640000696f00000a00000036
:10921c00473100003d25000064200000534d000044
:10922c00535300006f720000742e00004154000074
:10923c003d25000064200000477300006d530000c2
:10924c0074610000746500003d250000642000007e
:10925c00534d0000534500006e7400002e41000079
:10926c00543d000025640000205300004d530000c5
:10927c00456e0000742e0000416600006163000022
:10928c003d250000642000000a0000004766000035
:10929c00303d0000256400002047000066310000ce
:1092ac003d2500006420000042700000543d000089
:1092bc00256400002053000065630000496700002e
:1092cc00417000003d250000642000004531000085
:1092dc003d25000064200000453200003d250000c3
:1092ec0064200000473900003d2500006420000088
:1092fc00473100003d25000064200000473300008a
:10930c003d250000642000004465000072560000fa
:10931c00616c000052650000673d00002563000091
:10932c000a000000414c0000415200004d45000075
:10933c00204d00004f440000454d00000a00000085
:10934c00416c0000617200006d650000205200004d
:10935c00544300000a000000536f000066740000c4
:10936c002053000074610000727400000a000000b9
:10937c00436c000069670000203100002070000081
:10938c006f77000065720000206f00006e0a00000d
:10939c0000520000656300006f6e000066690000fb
:1093ac006720000052540000430a000000550000e2
:1093bc00706700002e540000656d0000706f000097
:1093cc00203d00003d200000300a0000005200004b
:1093dc0020730000656300007520000064650000c8
:1093ec00636f00006e6e0000656300007465000022
:1093fc007263000068610000726700006575000010
:10940c00723d0000310a000000470000524100008c
:10941c00460a0000000a000000000000526500002f
:10942c00626f00006f74000020640000656d000026
:10943c00616e0000646500000a000000534d0000de
:10944c00532000005245000043550000204e000000
:10945c00544500003d000000204400004154000031
:10946c00453d00000020000048450000555200001a
:10947c00453d00000020000049440000583d00001c
:10948c000025000064000000205400004558000036
:10949c00544500003d0000000d0a0000004400008f
:1094ac00542000000020000000480000545400002c
:1094bc005053000047450000540000004346000094
:1094cc00504100004d44000050000000534d00007e
:1094dc00535200004550000020000000534d000086
:1094ec00534300004d44000020000000434d000099
:1094fc00442000003a200000000a00000000000098
:10950c004346000050410000550000004346000057
:10951c00504900004e00000047410000494e000039
:10952c000043000046410000204c00003d000000bc
:10953c004346000053200000533d0000005600003d
:10954c0045520000534900004f4e000000530000ec
:10955c0054000000564100004e410000004900003c
:10956c004d4f000044000000475000005300000025
:10957c004c4300006f6e0000660a00000000000003
:10958c004368000067740000543100007c3d00000b
:10959c004d530000515f0000434800004754000049
:1095ac00543100005f560000414e00004120000085
:1095bc0028310000290a0000004500006e760000ea
:1095cc006f690000205300004d530000205600002e
:1095dc00414e0000410a00000056000045520000b8
:1095ec00534900004f4e0000000000000d0a00001f
:1095fc005452000041430000454900004e46000013
:10960c004f20000000000000256400000030000026
:0c961c0078000000305800000000000042
:020000040000fa
:109628000400fa00204798003147980000c4200041
:10963800104f78003e4090000004e0000e00320019
:1096480000c42000904078002e40900080c0600048
:109658002e40900080cf50001600320000c4200039
:10966800904078002e40900080c0700000c4200018
:10967800014878000f00370000c4200090407800af
:109688002e40900080c060002e40900080cf500097
:1096980008003a002e40900080c0ea0000c4200074
:1096a8001040780000c060008040780000c42000ae
:1096b8000148780000c42000104078009e407800df
:1096c80080cf500010003200c5262200e426220078
:1096d80003c4200012c0b300a103200000c5b300da
:1096e8005e3a020001000000c5262200e42622009e
:1096f80003c4200012c0b300a103200000c5b300ba
:10970800b23b02000100000000c4200010407800b5
:109718001e4068000080fa00000006002600fa00db
:10972800406798000000eb00100798004e6090001a
:10973800e94f5000ad013e004e6090000080fb00f4
:10974800200798002e0090004600dd0020079800b2
:109758002e0090001004b0002007980021462a002f
:1097680010b1200078be0200010000003007980008
:10977800be00900010b12000008040000041eb00c6
:10978800800078004e6090005e91020001000000a9
:10979800be009000008040003007980020022000a2
:1097a8000e004000c5262200e42622008001780031
:1097b80012c0b300ae00900000c5b300b23b020077
:1097c80001000000be00900010b1200000804000a1
:1097d800b1462a0078be020001000000be009000d9
:1097e80000804000300798000000eb00000f780070
:1097f800120037002e6090008080fb0022002000bd
:109808001e0078000010dd00008060000000e0000d
:1098180005003200680047001e00400011c3b30075
:109828000148780004003700680047001e00400027
:1098380001c3b300014878001e0fe8001e0078003d
:10984800e30f5000ebff3400680047001e004000a3
:109858008040eb0001487800be00900010b1200065
:1098680000804000e800470078be020001000000c8
:10987800be0090000080400030079800be009000b5
:1098880010b1200000804000f1462a0078be020096
:1098980001000000be0090000080400030079800e2
:1098a8002e6090008080fb00000220000080600095
:1098b8000000e0000300320010c3b300004f98001e
:1098c8000200370000c3b300004f98000040eb00cf
:1098d800104f9800be00900010b12000008040009a
:1098e800e800470078be020001000000be009000ba
:1098f8000080400030079800be00900010b12000a2
:109908000080400031472a0078be020001000000b4
:10991800be00900000804000300798002e60900044
:109928000080fb0061006000004078000004e00057
:109938000300320010c3b300004f98000200370044
:1099480000c3b300004f98000040eb00104f980090
:10995800be00900010b1200000804000e8004700e1
:1099680078be020001000000be00900000804000a8
:1099780030079800be00900010b120000080400021
:1099880071472a0078be020001000000be00900066
:1099980000804000300798002e6090008080fb0017
:1099a80000042000008060000000e0000300320096
:1099b80010c3b300004f98000200370000c3b30083
:1099c800004f98000040eb00104f9800be00900038
:1099d80010b1200000804000e800470078be020077
:1099e80001000000be009000008040003007980091
:1099f800be00900010b1200000804000b1472a004e
:109a080078be020001000000be0090000080400007
:109a180030079800020120008000eb00c01f2100e1
:109a28002605020000000000c11f21002e00900042
:109a380063004000c5262200e42622008101780048
:109a4800f2c0b3008000780000c5b300b23b02004a
:109a5800010000006800470080007800c01f210056
:109a6800d0bc020001000000be00900010b1200030
:109a780000804000e800470078be020001000000b6
:109a8800be0090000080400030079800be009000a3
:109a980010b1200000804000f1472a0078be020083
:109aa80001000000be0090000080400030079800d0
:109ab800020120008000eb00c01f210026050200e3
:109ac80000000000c11f21002e009000720040001d
:109ad800c5262200e426220081017800f2c0b300e6
:109ae8008000780000c5b300b23b0200010000000e
:109af8006800470080007800c01f2100d0bc020029
:109b080001000000be00900010b12000008040005d
:109b1800e800470078be020001000000be00900087
:109b28000080400030079800be00900010b120006f
:109b38000080400031482a0078be02000100000081
:109b4800be009000008040003007980020022000ee
:109b58000e004000220020008000eb0026050200d5
:109b6800000000002e0090000080e8002102200084
:109b78008e804000c5262200e4262200810178005c
:109b880012c0b3008000780000c5b300b23b0200e9
:109b9800010000002e609000e80047000041eb0043
:109ba8005e91020001000000be00900010b120008c
:109bb80000804000e800470078be02000100000075
:109bc800be0090000080400030079800be00900062
:109bd80010b120000080400071482a0078be0200c1
:109be80001000000be00900000804000300798008f
:109bf80068004700a20120008000eb002605020053
:109c080000000000e80047002e0090001002b0009d
:109c1800c5262200e426220081017800c2c0b300d4
:109c28008000780000c5b300b23b020001000000cc
:109c38000040eb00405798000e4890000004e000f8
:109c480004003a0068004700b1482a0078be0200c4
:109c580001000000be00900010b12000008040000c
:109c6800e800470078be020001000000be00900036
:109c78000080400030079800be00900010b120001e
:109c880000804000d1482a0078be02000100000090
:109c9800be0090000080400030079800200220009d
:109ca8000e004000220020008000eb002605020084
:109cb800000000002e0090000000e80021022000b3
:109cc8008e804000c5262200e4262200810178000b
:109cd80012c0b3008000780000c5b300b23b020098
:109ce800010000002e609000e80047000041eb00f2
:109cf8005e91020001000000be00900010b120003b
:109d080000804000e800470078be02000100000023
:109d1800be0090000080400030079800be00900010
:109d280010b120000080400011492a0078be0200ce
:109d380001000000be00900000804000300798003d
:109d4800200220000e004000220020008000eb00ce
:109d580026050200000000001e009000c526220013
:109d6800e42622008001780022c0b300514120007f
:109d780000c5b300b23b0200010000004e60900035
:109d88000080fb00110020000008dd008000780042
:109d98001e009000008060000000e0000a00320011
:109da800be00900010b120000080400051492a00f8
:109db80078be020001000000be0090000080400054
:109dc8003007980009003700be00900010b120004d
:109dd8000080400071492a0078be0200010000009e
:109de800be00900000804000300798000080fa0014
:109df800000006000400fa001007980091492a00a4
:109e08001e00900078be020001000000000f7800dc
:109e1800b0ae2000104078000004e00008003200d6
:109e28001e0078009e00900000804000b1ae200027
:109e380078be0200010000001e0f40000700370036
:109e48001e0078009e00900000804000b1482a0063
:109e580078be0200010000001e0f40001e007800be
:109e68009e00900000804000414a2a0078be02000f
:109e7800010000001e0f4000b0c6800061006000b5
:109e88000000e0000b003a00e0a18000e30f500062
:109e980008003a001e0078009e00900000804000f4
:109ea80051492a0078be0200010000001e0f400040
:109eb800070037001e0078009e00900000804000d8
:109ec80071492a0078be0200010000001e0f400000
:109ed8001e0078009e00900000804000914a2a00f1
:109ee80078be0200010000001e0f40009e007800ae
:109ef80010b12000008040000041eb008000780095
:109f080000cab3005e910200010000001e0f40006d
:109f18001e0078009e00900000804000f14a2a0050
:109f280078be0200010000001e0f40009e0078006d
:109f380010b120000081400070d3800081d38000e0
:109f4800c3c0b30022920200010000001e0f4000af
:109f58001e0078009e00900000804000514b2a00af
:109f680078be0200010000001e0f40009e0078002d
:109f780010b120000081400090cc8000a1cc80006e
:109f8800c3c0b30022920200010000001e0f40006f
:109f98000080fa00000006000c00fa00000f7800ac
:109fa8001107980022079800330798004407980083
:109fb800254f9800b04b2a000ac302000100000098
:109fc8001e0078000ac30200010000002e4890001d
:109fd8000004e00004003200d04b2a000ac302004b
:109fe8000100000003003700304c2a000ac30200b9
:109ff800010000002e0090000ac3020001000000ca
:10a008003e0090000000e00007003200904c2a005b
:10a018000ac30200010000003e0090000ac30200cb
:10a028000100000003003700f04c2a000ac30200b8
:10a03800010000004e0090000000e0000700320020
:10a04800604d2a000ac30200010000004e00900083
:10a058000ac302000100000003003700c04d2a00b7
:10a068000ac30200010000002e4890000004e0002e
:10a0780004003200304e2a000ac30200010000002a
:10a0880003003700904e2a000ac3020001000000b6
:10a098001e0090000ac3020001000000b04b2a0015
:10a0a8000ac30200010000000080fa000000060058
:10a0b8000e00fa00500798006107980064004700f6
:10a0c8003300200000017800014f2a005e00900054
:10a0d8007f2907000000e0000b003200ce4090000e
:10a0e80010c3b30080cf500004003a00202f210095
:10a0f80051c0b3000148780003003700202f210029
:10a108008040eb00014878000000eb001007980041
:10a118008b003700514f2a0010b1200078be020092
:10a1280001000000000f78009e00780010b12000a8
:10a1380000804000f14f2a0078be020001000000b4
:10a148001e0f40009e00780010b120008080400063
:10a158001e0090000040780022c0b3005e9102000b
:10a16800010000001e0f40009e00780010b1200082
:10a178000080400021502a0078be02000100000043
:10a188001e0f40009e00780010b120008081400022
:10a198001e0090006a00b90000007800e40040004a
:10a1a800a02c2100008040001000780000407800ba
:10a1b80032c0b300830078005e9102000100000005
:10a1c8001e0f40009e00780010b120000080400063
:10a1d80041502a0078be0200010000001e0f400016
:10a1e8009e00780010b12000808040001e00900082
:10a1f8000040780022c0b3005e9102000100000018
:10a208001e0f40009e00780010b120000080400022
:10a2180021502a0078be0200010000001e0f4000f5
:10a228009e00780010b12000808140001e00900040
:10a238006a00b90080007800a02c2100008040004e
:10a24800104078000041eb00830078005e91020026
:10a25800010000001e0f40001e0090006a00b900b7
:10a2680080007800a02c2100008040001040780079
:10a27800e14f500025003a009e00780010b1200000
:10a288000080400071502a0078be020001000000e2
:10a298001e0f40009e00780010b120008080400012
:10a2a8001e009000004078000041eb005e91020023
:10a2b800010000001e0f40009e00780010b1200031
:10a2c8000080400021502a0078be020001000000f2
:10a2d8001e0f40009e00780010b120000081400051
:10a2e8001e0090006a00b900000078008080e80035
:10a2f800a02c210000804000100078008200780027
:10a308006c8f0200010000001e0f40009e007800c4
:10a3180010b1200000804000b14b2a0078be020036
:10a32800010000001e0f400010b120000ac3020007
:10a33800010000001e0090000000e80010079800cf
:10a348001e009000f90f500072ff34000080fa00e0
:10a35800000006000600fa00100798002107980080
:10a368001e0090003040900022c0b300ae00900064
:10a378005e91020001000000004f78001e80fb0083
:10a38800ae00900000804000a1502a0078be020074
:10a3980001000000004078001e4f40001e80fb00b6
:10a3a800ae009000808040001e0090004040900069
:10a3b80022c0b3005e910200010000000040780056
:10a3c8001e4f40001e80fb00ae0090000080400041
:10a3d800a1502a0078be0200010000000040780069
:10a3e8001e4f40001e80fb00ae00900080804000a1
:10a3f8001e0090006040900022c0b3005e910200f1
:10a4080001000000004078001e4f40001e80fb0045
:10a41800ae00900000804000c1502a0078be0200c3
:10a4280001000000004078001e4f40001e80fb0025
:10a43800ae009000808040001e0090001040780020
:10a4480022c0b3005e9102000100000000407800c5
:10a458001e4f40001e80fb00ae00900000804000b0
:10a46800e1502a0078be0200010000000040780098
:10a478001e4f40001e80fb00ae0090008080400010
:10a488001e0090001040900022c0b3005e910200b0
:10a4980001000000004078001e4f40001e80fb00b5
:10a4a800ae00900000804000e1502a0078be020013
:10a4b80001000000004078001e4f40001e80fb0095
:10a4c800ae009000808040001e0090002040900068
:10a4d80022c0b3005e910200010000000040780035
:10a4e8001e4f40001e4078000080fa000000060061
:10a4f8000400fa001007980000f020002040020035
:10a508000100000001512a001e00900078be0200e0
:10a5180001000000000f78001e0078009e009000e7
:10a52800008040008000780080f0200089ff07004c
:10a538000080fb001e0f40001e0078009e00900067
:10a5480000804000b1512a0078be020001000000de
:10a558001e0f40001e0078009e0090000080400002
:10a568008000780000f020007aff07000080fb00e0
:10a578001e0f40001e0078009e00900000804000e2
:10a5880001522a0078be0200010000001e0f4000a0
:10a598001e0078009e009000008040008000780037
:10a5a80000f120006bff07000080fb001e0f400039
:10a5b8001e0078009e0090000080400071522a0022
:10a5c80078be0200010000001e0f40001e00780047
:10a5d8009e009000008040008000780080f12000fc
:10a5e8005cff07000080fb001e0f40001e00780083
:10a5f8009e00900000804000e1522a0078be0200d0
:10a60800010000001e0f40001e0078009e00900010
:10a6180080804000906280006c8f02000100000082
:10a628001e0f40001e0078009e0090000080400031
:10a6380031532a0078be0200010000001e0f4000be
:10a648001e0078009e00900080804000f0f12000fd
:10a65800104078000041eb005e910200010000000c
:10a668001e0f40001e0078009e00900000804000f1
:10a6780091532a0078be0200010000001e0f40001e
:10a688001e0078009e0090008080400070802000ae
:10a69800104078000041eb005e91020001000000cc
:10a6a8001e0f40001e0078009e00900000804000b1
:10a6b80021542a0078be0200010000001e0f40004d
:10a6c8001e0078009e0090008080400050c5200049
:10a6d800104078000041eb005e910200010000008c
:10a6e8001e0f40001e0078009e0090000080400071
:10a6f80071542a0078be0200010000001e0f4000bd
:10a708001e0078009e0090000080400080007800c5
:10a71800200221000fff07000080fb001e0f4000f1
:10a728001e0090000080fa00000006001200fa00e7
:10a7380070079800010f980000c3b300004f78001d
:10a748000040eb0010479800640047001300200009
:10a7580000017800d1542a007e009000dc27070011
:10a768000000e00006003200ce40900010c3b300a5
:10a7780080cf500002003a0010c0b3001047980084
:10a7880064004700330020000001780021552a00aa
:10a798007e009000ce2707000000e0006c00320029
:10a7a8004e4090000000fb006101b900f0fb2f0053
:10a7b800f1ff2f0002004000838048003201200092
:10a7c80003002000820f5000838f580060003e0075
:10a7d8000060010013003700420037004a003700cc
:10a7e8005b0037002d003700170037000d003700d9
:10a7f800570037002900370055003700540037004c
:10a808005300370052003700480037001700370060
:10a81800160037004e0037004d0037004c00370057
:10a8280027003700d3312000320620009e409000d8
:10a8380070552a0010ac020000000000ce409000c5
:10a84800014f7800420037003332200032062000e2
:10a858009e40900040562a0010ac02000000000004
:10a86800ce409000014f78003900370010572a0079
:10a878000ac3020001000000a332200032062000b3
:10a888009e409000a0572a0010ac02000000000073
:10a89800ce409000014f78002d0037000333200090
:10a8a800320620009e40900070582a0010ac02002a
:10a8b80000000000ce409000014f780024003700cf
:10a8c80063332000320620009e40900040592a0041
:10a8d80010ac020000000000ce409000014f78004c
:10a8e8001b003700b3332000320620009e40900042
:10a8f800105a2a0010ac020000000000ce40900060
:10a90800014f78001200370003342000320620007f
:10a918009e409000e05a2a0010ac0200000000009f
:10a92800ce409000014f78000900370053342000d2
:10a93800320620009e409000a05b2a0010ac020066
:10a9480000000000ce409000014f78000000000099
:10a95800640047001300200000017800715c2a00a1
:10a968007e0090005a2707000000e0000a0032002d
:10a97800ce40900010c3b30080cf500006003a00cc
:10a9880000c3b300004f78000040eb001047980068
:10a9980090ac020000000000c15c2a0010b1200049
:10a9a80078be0200010000001007980011b12000d5
:10a9b8001e009000008040001e4878001e00900095
:10a9c8000000e800100798009e00900010b12000d9
:10a9d80000804000b15d2a0078be0200010000003e
:10a9e8009e00900000804000100798001e409000d4
:10a9f8000004e0000a0032009e00900010b1200020
:10aa08000080400051492a0078be02000100000081
:10aa18009e00900000804000100798000900370051
:10aa28009e00900010b120000080400071492a006b
:10aa380078be0200010000009e00900000804000e7
:10aa4800100798001e0090000000e800100798000a
:10aa580011b120001e009000008040008040eb00f3
:10aa6800014878000080fa00000006001e00fa0085
:10aa7800881f7800500f9800610f98006400470005
:10aa88003300200000017800115e2a005e08900063
:10aa98000f2707000000e0000600320064004700ae
:10aaa8005a8e020001000000c18a21008048780007
:10aab80003003700c08a210021c0b3000148780094
:10aac800c08a210090407800c0c3b30080cf5000f6
:10aad80003003600c08a2100a1c0b30001487800f5
:10aae800640047003300200000017800515e2a000e
:10aaf8005e089000f62607000000e000050032001e
:10ab08004e40900080407800d08a210001487800ab
:10ab180003003700d08a21008040eb00014878000c
:10ab28007800470000017800b15e2a005e089000b6
:10ab3800eabf0200010000000000e0004900320006
:10ab48004e08900064004000400f98000000eb00a1
:10ab5800100798000f0037004e089000de0890009c
:10ab68000080400010407800804078003288210042
:10ab78001e00900000004100014878004e08900037
:10ab88000000e800400f98001e0090000000e80058
:10ab9800100798009e00900070022000808f5000df
:10aba80012003c004e089000de0890000080400033
:10abb80010407800ea4f50000c0032004e08900018
:10abc800de0890000080400010407800ed4f5000f3
:10abd800060032004e089000de0890000080400019
:10abe800104078000004e000dbff3a0031882100c3
:10abf8001e009000008040008040eb000148780073
:10ac08001e0090000000e0000b00320048c3020064
:10ac180001000000005f2a000ac3020001000000d2
:10ac28003088210016c3020001000000b04b2a0042
:10ac38000ac30200010000006e0890000000e00056
:10ac480004003a00e08a21008040eb0001487800c7
:10ac580004003700ee089000e08a21001806020080
:10ac68000000000064004700430020000001780055
:10ac7800c15f2a005e089000952607000000e000ea
:10ac8800140032006e0890000000e00011003a0045
:10ac9800640047002493020001000000c096880069
:10aca80048c3020001000000c1968000640047000c
:10acb800811f780071602a00811f7800f00402006b
:10acc80000000000e4875700640047000ac3020040
:10acd80001000000640047003300200000017800f4
:10ace80021612a005e089000792607000000e00034
:10acf80046003200ce40900010c3b30080cf500011
:10ad080013003a006e0890000000e00008003a00c6
:10ad180048c3020001000000a0612a000ac3020023
:10ad280001000000b00e2000c0968800080037001f
:10ad3800903d210011c0b3000148780048c30200cb
:10ad48000100000090632a000ac30200010000000d
:10ad5800ce40900020c3b30080cf500013003a00cb
:10ad68006e0890000000e00008003a0048c30200a6
:10ad780001000000a0652a000ac3020001000000cb
:10ad880080112000c096880008003700903d2100ff
:10ad980021c0b3000148780048c302000100000048
:10ada800f0672a000ac3020001000000ce409000ac
:10adb800a0c5b30080cf500014003a006e08900080
:10adc8000000e00009003a0048c30200010000004a
:10add800b06a2a000ac30200010000005080200067
:10ade80011c0b3000148780008003700903d2100e9
:10adf800a1c5b3000148780048c302000100000063
:10ae0800506c2a000ac302000100000064004700d9
:10ae18003300200000017800a16e2a005e0890002f
:10ae28002b2607000000e00009003200ce40900009
:10ae380010c3b30080cf500005003a006022210003
:10ae480011c0b3000148780030382100e073880051
:10ae5800640047003300200000017800216f2a00b9
:10ae68005e0890001a2607000000e0001800320073
:10ae7800640047005a8e02000100000001f2200021
:10ae88008048780000f22000104078000004e000bc
:10ae98000400320000f2200010407800f44f500007
:10aea8000300360000f2200051c0b30001487800ca
:10aeb800c5262200e426220003f2200012c0b300b7
:10aec800c103200000c5b3005e3a02000100000083
:10aed800640047003300200000017800716f2a00e9
:10aee8005e089000fa2507000000e0001800320014
:10aef800640047005a8e02000100000011f2200091
:10af08008048780010f22000104078000004e0002b
:10af18000400320010f2200010407800e64f400094
:10af28000300360010f2200001c5b3000148780084
:10af3800c5262200e426220013f2200012c0b30026
:10af4800d103200000c5b3005e3a020001000000f2
:10af5800c5262200e426220003f2200012c0b30016
:10af6800c103200000c5b300b23b0200010000008d
:10af7800c5262200e426220013f2200012c0b300e6
:10af8800d103200000c5b300b23b0200010000005d
:10af9800640047009300200000017800c16f2a0078
:10afa8005e089000ca2507000000e0000a00320091
:10afb80000f2200010447800640047001691020057
:10afc80001000000804078006400470008417800d4
:10afd80094a902000100000010b120008040eb009d
:10afe8000148780064004700330020000001780021
:10aff80021702a005e089000b52507000000e000d7
:10b00800dd003200ce40900010c3b30080cf500066
:10b01800d9003a0081702a0010b1200078be0200e1
:10b0280001000000000f780030d680006100600049
:10b038000000e000080032009e00780010b12000f7
:10b048000080400051492a0078be0200010000003b
:10b058001e0f4000070037009e00780010b1200046
:10b068000080400071492a0078be020001000000fb
:10b078001e0f40009e00780010b1200000804000a4
:10b0880091712a0078be0200010000001e0f4000e6
:10b0980030d68000620060000000e0000800320046
:10b0a8009e00780010b120000080400051492a001d
:10b0b80078be0200010000001e0f400007003700a4
:10b0c8009e00780010b120000080400071492a00dd
:10b0d80078be0200010000001e0f40009e007800ac
:10b0e80010b120000080400051722a0078be020092
:10b0f800010000001e0f4000e0a18000e30f500097
:10b1080026003200e30f500005003e00e10f50001a
:10b1180012003200e10f500018003e00070037000f
:10b12800e50f50002d003200e50f500023003900d4
:10b13800e60f500031003200380037009e007800da
:10b1480010b1200000804000f1722a0078be020091
:10b15800010000001e0f4000380037009e007800f4
:10b1680010b120000080400071732a0078be0200f0
:10b17800010000001e0f4000300037009e007800dc
:10b1880010b1200000804000d1732a0078be020070
:10b19800010000001e0f4000280037009e007800c4
:10b1a80010b120000080400041742a0078be0200df
:10b1b800010000001e0f4000200037009e007800ac
:10b1c80010b120000080400091742a0078be02006f
:10b1d800010000001e0f4000180037009e00780094
:10b1e80010b120000080400031752a0078be0200ae
:10b1f800010000001e0f4000100037009e0078007c
:10b2080010b120000080400091752a0078be02002d
:10b21800010000001e0f4000080037009e00780063
:10b2280010b1200000804000f1752a0078be0200ad
:10b23800010000001e0f4000000000009e00780082
:10b2480010b120000080400031762a0078be02004c
:10b25800010000001e0f40009e00780010b1200081
:10b2680080804000e07380006c8f020001000000c5
:10b278001e0f40009e00780010b1200000804000a2
:10b28800c1762a0078be0200010000001e0f4000af
:10b298009e00780010b1200080804000c0738000bc
:10b2a8006c8f0200010000001e0f40009e00780015
:10b2b80010b120000080400041772a0078be0200cb
:10b2c800010000001e0f40009e00780010b1200011
:10b2d80080804000d07380006c8f02000100000065
:10b2e8001e0f40009e00780010b120000080400032
:10b2f800c1772a0078be0200010000001e0f40003e
:10b308009e00780010b1200080804000b07380005b
:10b318006c8f0200010000001e0f40009e007800a4
:10b3280010b120000080400031782a0078be020069
:10b33800010000001e0f40009e00780010b12000a0
:10b348000080400071782a0078be020001000000e9
:10b358001e0f40009e00780010b120008080400041
:10b3680040e72000104078000041eb005e910200a9
:10b37800010000001e0f4000640047003300200059
:10b3880000017800f1782a005e089000d0240700b8
:10b398000000e00007003200ce40900010c3b30068
:10b3a80080cf500003003a00e0cc80000020a000cd
:10b3b800e0cc8800640047003300200000017800da
:10b3c800b1792a005e089000c12407000000e0005f
:10b3d80011003200ce40900010c3b30080cf50005f
:10b3e8000a003a0011c0b30010c0b3008cf807007f
:10b3f80090da20008040eb000148780030e7200018
:10b408008040eb0001487800030037008040eb00e3
:10b4180010c0b30082f8070010b120001040780077
:10b428000004e0003b003a00317a2a0010b1200005
:10b4380078be020001000000000f780000c4200060
:10b44800104078000080fb00610060000040780038
:10b458000004e000080032009e00780010b12000cf
:10b468000080400051492a0078be02000100000017
:10b478001e0f4000070037009e00780010b1200022
:10b488000080400071492a0078be020001000000d7
:10b498001e0f40009e00780010b120000080400080
:10b4a800217b2a0078be0200010000001e0f400028
:10b4b8009e00780010b120008080400000f220003b
:10b4c8001040780012c0b3005e9102000100000035
:10b4d8001e0f40009e00780010b120000080400040
:10b4e800817b2a0078be0200010000001e0f400088
:10b4f8009e00780010b120008080400010f22000eb
:10b508001040780012c0b3005e91020001000000f4
:10b518001e0f40004f0478000080fa00000006006b
:10b528000600fa001007980021079800e17b2a001e
:10b5380010b1200078be020001000000000f780062
:10b548009e00780010b1200080804000a0ae20004e
:10b558001040780012c0b3005e91020001000000a4
:10b568001e0f40000080fa00000006000600fa00e6
:10b578001007980021079800817c2a0010b120004c
:10b5880078be020001000000000f7800808c2100c6
:10b59800104078008040780010b120001e00400064
:10b5a800014878001e0fe8009e00780010b12000c6
:10b5b80000804000917d2a0078be02000100000052
:10b5c8001e0f400081ac21001e01780010b1200040
:10b5d8000000410078be0200010000001e0f40007c
:10b5e8009e00780010b1200000804000017e2a00f3
:10b5f80078be0200010000001e0f40009e00780087
:10b6080010b120000080400021542a0078be0200ba
:10b61800010000001e0f40009e00780010b12000bd
:10b628008080400050c52000104078000041eb00a9
:10b638005e910200010000001e0f40000080fa0029
:10b64800000006000c00fa00400798005107980017
:10b65800630047003300200000017800217e2a00a3
:10b668004e0090001a2407000000e000330032006a
:10b67800630047005a8e020001000000204798002e
:10b688009022210010407800ae40900080cf5000fa
:10b698002a00320090222100104078000080fb0030
:10b6a800700060000000e000040032002e409000ae
:10b6b8000044a00020479800030037002e40900067
:10b6c8000044a1002047980090222100ae4090003d
:10b6d80001487800c5262200e42622009322210092
:10b6e80012c0b300e103200000c5b3005e3a0200b7
:10b6f80001000000c5262200e42622009322210032
:10b7080012c0b300e103200000c5b300b23b020041
:10b718000100000090222100104078000080fb000a
:10b72800610060000000e00004003a0011c0b300ae
:10b7380000012000342802000100000063004700d7
:10b748003300200000017800717e2a004e0090002e
:10b75800df2307000000e0002400320063004700f8
:10b768005a8e02000100000020479800a022210004
:10b7780010407800ae40900080cf50001b0032008f
:10b78800a0222100ae40900001487800a0222100ac
:10b798009040780040c6b30080cf500003003600c8
:10b7a800a0222100c1c3b30001487800c5262200a9
:10b7b800e4262200a322210012c0b300f1032000d6
:10b7c80000c5b3005e3a020001000000c526220051
:10b7d800e4262200a322210012c0b300f1032000b6
:10b7e80000c5b300b23b020001000000630047003f
:10b7f8001300200000017800d17e2a004e0090003e
:10b80800b32307000000e00021003200be40900092
:10b8180010c3b30080cf500007003a0090222100e7
:10b8280010407800804078000144a0009022210058
:10b838000148780006003700902221001040780067
:10b84800804078000144a10090222100014878003e
:10b85800c5262200e42622009322210012c0b3004c
:10b86800e103200000c5b3005e3a020001000000b9
:10b87800c5262200e42622009322210012c0b3002c
:10b88800e103200000c5b300b23b02000100000044
:10b89800630047003300200000017800317f2a0050
:10b8a8004e0090008a2307000000e00018003200d4
:10b8b800630047005a8e02000100000020479800ec
:10b8c800ae4090007147980067004700c5262200e7
:10b8d800e42622008001780012c0b300e12f200086
:10b8e80000c5b3005e3a020001000000670047008f
:10b8f800c5262200e42622008001780012c0b30089
:10b90800e12f200000c5b300b23b02000100000097
:10b91800817f2a0010b1200078be020001000000db
:10b92800000f78009e00780010b1200000804000d1
:10b9380011802a0078be0200010000001e0f40009e
:10b948009e00780010b120008080400090222100e5
:10b958001040780012c0b3005e91020001000000a0
:10b968001e0f40009e00780010b1200000804000ab
:10b9780071802a0078be0200010000001e0f4000fe
:10b988009e00780010b1200080804000a022210095
:10b998001040780012c0b3005e9102000100000060
:10b9a8001e0f40000040eb00204798009e007800e2
:10b9b80010b1200000804000e1802a0078be02001b
:10b9c800010000001e0f4000902221001040780066
:10b9d8000080fb00700060000000e00008003200fa
:10b9e8009e00780010b120000080400051492a00d4
:10b9f80078be0200010000001e0f4000070037005b
:10ba08009e00780010b120000080400071492a0093
:10ba180078be0200010000001e0f40009e00780062
:10ba280010b120000080400051812a0078be020039
:10ba3800010000001e0f40009e00780010b1200099
:10ba4800808040007e40900012c0b3005e910200ea
:10ba5800010000001e0f40001e0fe80010b120007a
:10ba68001e0040008040eb00014878000080fa008a
:10ba7800000006000800fa00200798003107980027
:10ba88000e80e8001300200000017800b1812a0030
:10ba98002e0090000e2307000000e0000b0032008b
:10baa800ae40900000c3b30080cf500004003a00bd
:10bab80000c120008040eb000148780003003700f7
:10bac80000c12000e1c1b3000148780001822a00ca
:10bad80010b1200078be020001000000000f7800bd
:10bae800a0358000620060000000e0000500320020
:10baf80010b120001e00400011c3b30001487800b7
:10bb08000400370010b120001e00400001c3b3003c
:10bb1800014878001e0fe80010b120001e00400008
:10bb28008040eb00014878000080fa000000060021
:10bb38002400fa0000179800111798000040eb0045
:10bb4800004f78007e00470000017800d1822a006b
:10bb58000e109000eabf0200010000000000e000a3
:10bb68000300320010c0b3002047980002003700dd
:10bb78000040eb0020479800630047003300200096
:10bb88000001780051832a000e109000d02207008f
:10bb98000000e00005003200630047005a8e0200f2
:10bba80001000000004f780002003700c0c3b30056
:10bbb800004f780063004700130020000001780060
:10bbc800a1832a000e109000c12207000000e000a7
:10bbd80005003200630047005a8e02000100000091
:10bbe80010479800020037000040eb00104798000b
:10bbf800630047009301200000017800f1832a00c8
:10bc08000e109000b22207000000e000650032002c
:10bc180063004700ae43900026c0b3008042eb00ab
:10bc28000042eb009e4190001e4178008040eb00ee
:10bc3800646402000100000041842a0010b1200061
:10bc480078be020001000000700f98007e08900086
:10bc58008000780010b1200000804000e300470019
:10bc680078be020001000000fe08900001004000bc
:10bc7800700f98007e0890008000780010b12000b6
:10bc88000080400011852a0078be020001000000f3
:10bc9800fe08900001004000700f98007e08900098
:10bca8008000780010b120000080400012c0b3006e
:10bcb800800078001e4078005e91020001000000bc
:10bcc800fe08900001004000700f98007e08900068
:10bcd8008000780010b120000080400071852a00a3
:10bce80078be020001000000fe089000010040003c
:10bcf800700f98007e0890008000780010b1200036
:10bd08000080400012c0b300800078001e40900000
:10bd18005e91020001000000fe0890000100400052
:10bd2800700f98007e0890008000780010b1200005
:10bd380000804000d1852a0078be02000100000082
:10bd4800fe08900001004000700f98007e089000e7
:10bd58008000780010b120000080400012c0b300bd
:10bd6800800078002e4090005e91020001000000e3
:10bd7800fe08900001004000700f98007e089000b7
:10bd88008000780010b120000080400051862a0011
:10bd980078be020001000000fe089000010040008b
:10bda800700f98000080fa00000006000c00fa00ee
:10bdb80040079800510798000040eb00004f7800ba
:10bdc8000040eb0010479800640047002300200063
:10bdd80000017800c1862a004e0090003c2207002e
:10bde8000000e00006003200ce40900010c3b3000f
:10bdf80080cf500002003a0010c0b30010479800ee
:10be0800640047002300200000017800f1862a0022
:10be18004e0090002e2207000000e00009003200ca
:10be2800640047005a8e020001000000004f7800ad
:10be38009e4090001e4078009ac402000100000055
:10be4800004f780021872a0010b1200078be020038
:10be580001000000100798009e00900010b120001b
:10be6800008040000041eb00800078001e40780010
:10be78005e910200010000009e00900000804000da
:10be8800100798000080fa00000006004a00fa0037
:10be980030279800412798000000eb002007980001
:10bea8006a0047002300200000017800b1872a00bb
:10beb8003e209000062207000000e000e301320067
:10bec8006a0047005a8e020001000000604798008f
:10bed8006e409000e94f5000dc013e006e4090003b
:10bee8000080fb00400798004e0090004600dd00ef
:10bef800400798004e0090001004b00040079800da
:10bf08006a0047001300200000017800f1872a002a
:10bf18003e209000ee2107000000e00049003200ba
:10bf2800ae48900010c3b30080cf500045003a00df
:10bf38006a004700020120008000eb00260502008d
:10bf480000000000ea0047004e0090006300400037
:10bf5800c5262200e426220081017800f2c0b30041
:10bf68008000780000c5b3005e3a020001000000be
:10bf7800ea0047004e00900072004000c5262200eb
:10bf8800e426220081017800f2c0b3008000780026
:10bf980000c5b3005e3a020001000000ea00470055
:10bfa8004e0090000000e800c5262200e42622008a
:10bfb8008101780012c0b3008000780000c5b3008a
:10bfc8005e3a020001000000ea0047004e009000bf
:10bfd8001002b000c5262200e42622008101780064
:10bfe800c2c0b3008000780000c5b3005e3a02000a
:10bff80001000000ea0047004e0090000080e800c1
:10c00800c5262200e42622008101780012c0b30070
:10c018008000780000c5b3005e3a0200010000000d
:10c028006a004700c5262200e42622008001780025
:10c0380012c0b300ce00900000c5b3005e3a020003
:10c04800010000006a004700930120000001780009
:10c05800b1472a003e2090009d2107000000e00023
:10c0680026003200ae489000a0c5b30080cf500033
:10c0780011003a006a004700020120008000eb002e
:10c088002605020000000000ea0047004e0090006c
:10c0980063004000c5262200e426220081017800c2
:10c0a800f2c0b3008000780000c5b3005e3a020019
:10c0b8000100000011003700610220008e8040005e
:10c0c8006a004700c2bb02000100000061022000b4
:10c0d8008e8040004e00900063004000c52622007c
:10c0e800e426220081017800f2c0b30080007800c5
:10c0f80000c5b3005e3a0200010000006a00470074
:10c108009301200000017800f1472a003e209000aa
:10c118006f2107000000e00026003200ae489000c2
:10c12800a0c5b30080cf500011003a006a00470054
:10c13800a20120008000eb0026050200000000009c
:10c14800ea0047004e00900072004000c526220019
:10c15800e426220081017800f2c0b3008000780054
:10c1680000c5b3005e3a020001000000110037006c
:10c17800610320008e8040006a004700c2bb0200b5
:10c1880001000000610320008e8040004e009000f6
:10c1980072004000c5262200e426220081017800b2
:10c1a800f2c0b3008000780000c5b3005e3a020018
:10c1b800010000006a0047003300200000017800f9
:10c1c800d1482a003e209000412107000000e000ed
:10c1d800100032006a0047005a8e02000100000079
:10c1e800406798004e0090000000e80041022000df
:10c1f8008e804000c5262200e426220081017800b6
:10c2080012c0b3008000780000c5b3005e3a020097
:10c21800010000006a004700c30020000001780008
:10c2280071482a003e209000292107000000e00004
:10c2380014003200ae489000a0c5b30080cf500073
:10c2480005003a006a004700a20120008000eb00c8
:10c258002605020000000000ea0047004e0090009a
:10c268001002b000c5262200e426220081017800d1
:10c27800c2c0b3008000780000c5b3005e3a020077
:10c28800010000006a004700330020000001780028
:10c2980031482a003e2090000d2107000000e000f0
:10c2a800100032006a0047005a8e020001000000a8
:10c2b800406798004e0090000080e800410220008e
:10c2c8008e804000c5262200e426220081017800e5
:10c2d80012c0b3008000780000c5b3005e3a0200c7
:10c2e800010000000040eb00004f78000040eb0028
:10c2f800104798006a0047004300200000017800ba
:10c30800b1462a003e209000f12007000000e0001e
:10c318002c0032000040eb00204798002600370030
:10c328002e4090000080fb0000004700204890004d
:10c338000000fb0001032000810f500006003200be
:10c3480011032000810f50000c0032000000e000b3
:10c3580013003200150037002e4090000080fb00cb
:10c36800210020000008dd00804078001e40900079
:10c3780000c07000104798000c0037002e40900055
:10c388000080fb00210020000008dd0080407800cc
:10c398001e40780000c07000004f7800030037008e
:10c3a80040c0b30020479800000000002e409000d5
:10c3b8000040e800204798002e409000e34f5000ce
:10c3c800d7ff36006a0047001300200000017800fc
:10c3d800f1462a003e209000bd2007000000e00042
:10c3e8000f0032002e4890000000fb0001032000df
:10c3f800810f50000400320011032000810f50000b
:10c4080005003200060037001e4090000054a000ce
:10c4180010479800020037001e54a00000000000da
:10c428006a004700130020000001780031472a0005
:10c438003e209000a62007000000e0000f00320018
:10c448002e4890000000fb0001032000810f5000df
:10c458000400320011032000810f50000500320053
:10c46800060037001e4090000004a0001047980006
:10c47800020037001e04a000000000006a00470008
:10c48800130020000001780071472a003e20900028
:10c498008f2007000000e0000f0032002e489000b7
:10c4a8000000fb0001032000810f5000040032004f
:10c4b80011032000810f50000500320006003700ec
:10c4c8001e4090000064a00010479800020037004a
:10c4d8001e64a000000000001e4078000004e00078
:10c4e80003003a001e4090000004e00021003200e2
:10c4f8006a004700c5262200e42622008001780051
:10c5080012c0b300ce00900000c5b300b23b0200d9
:10c51800010000002e489000304f9800ae4890006f
:10c528001e40780000c07000204f9800ae48900070
:10c538001e40900000c0ea0000c06000204f980034
:10c54800be4890002e48900080cf5000090032006d
:10c558006a004700c5262200e426220080017800f0
:10c5680012c0b300ce00900000c5b3005e3a0200ce
:10c57800010000006a004700130020000001780055
:10c5880011492a003e209000512007000000e000d9
:10c598002c0032002e009000c5262200e42622003e
:10c5a8008001780022c0b3005141200000c5b300cb
:10c5b800b23b0200010000002e4890000000fb0082
:10c5c80001032000810f50000400320011032000f5
:10c5d800810f50000a003200110037006e409000b1
:10c5e8000080fb00110020000008dd000080ea0048
:10c5f800ae00900000806000200798000800370017
:10c608006e4090000080fb00110020000008dd0053
:10c61800ae009000010070002007980000000000a4
:10c628002e009000c5262200e42622008001780012
:10c6380022c0b3005141200000c5b3005e3a020099
:10c64800010000006e40900034f407000080fa00fa
:10c65800000006007200fa0070379800013f980049
:10c6680071882a0010b1200078be02000100000085
:10c67800000f78000e3890000000e00042003a00f9
:10c6880010892a000ac3020001000000d00420001b
:10c698000e0040001300200000017800718a2a0073
:10c6a8007e3090000a2007000000e00036003200cb
:10c6b800dec8900010c3b30080cf500032003a00ab
:10c6c8000040eb0050ef9800d00420000e0040001e
:10c6d80002022000f10f20002605020000000000e1
:10c6e800d00420000e004000c5262200e4262200c7
:10c6f8008001780002c2b3002148200000c5b300c1
:10c708005e3a020001000000d00420000e00400044
:10c71800c5262200e42622008001780022c0b3004a
:10c728000148200000c5b3005e3a02000100000085
:10c73800d00420000e004000c5262200e426220076
:10c748008001780002c2b3002148200000c5b30070
:10c75800b23b0200010000000e80e800d104200076
:10c768008e804000811f7800c18a2a00811f7800ce
:10c77800d604020000000000e48757000e80e8009d
:10c788000ac30200010000000e3890000000e0001b
:10c7980019003a00d00420000e004000c5262200ef
:10c7a800e42622008001780002c2b300214820005c
:10c7b80000c5b300b23b0200010000009e007800f3
:10c7c80010b1200000804000818c2a0078be020051
:10c7d800010000001e0f4000d10420008e804000a0
:10c7e8001e01780010b120000000410078be020050
:10c7f800010000001e0f400010b120001e00400084
:10c808008040eb00014878000080fa000000060034
:10c818007000fa00603798007137980043002000d4
:10c8280022e92000e18c2a006e309000a81f070042
:10c838000000e0000e00320020e920005a8e0200bd
:10c848000100000020ef9800a00620000e00400024
:10c85800c5262200e42622008001780012c0b30019
:10c86800d101200000c5b3005e3a020001000000bb
:10c87800a00620000e004000c5262200e426220063
:10c888008001780012c0b300d101200000c5b300b8
:10c89800b23b0200010000002ee890000080fb007f
:10c8a8006060880061608000c00320000088b900d3
:10c8b80000007800606088003300200022e9200032
:10c8c800318d2a006e309000811f07000000e000c3
:10c8d8000b00320020e920009040780010c3b3001c
:10c8e80000c068000080fb000000e9004f00de0087
:10c8f800004078008040780000c8b30048f3070083
:10c908003300200022e92000818d2a006e3090003b
:10c918006f1f07000000e0000b00320020e9200034
:10c928009040780010c3b30000c068000080fb008e
:10c938000000e9004f00de000040780080407800e9
:10c9480000c2b30036f307005300200022e920009c
:10c95800d18d2a006e3090005d1f07000000e000b6
:10c968001b00320020e9200024930200010000008f
:10c9780040379800ce30900090108100808f500092
:10c9880013003200800620000e004000c526220059
:10c99800e42622008001780022c0b300512f200035
:10c9a80000c5b3005e3a0200010000002021220009
:10c9b800c5262200e42622008001780022c0b300a8
:10c9c800512f200000c5b300b23b02000100000057
:10c9d8003300200022e92000318e2a006e309000ba
:10c9e8003b1f07000000e0001500320020e920008e
:10c9f8005a8e020001000000412122008048780080
:10ca0800c5262200e42622004321220012c0b300da
:10ca1800712f200000c5b3005e3a0200010000003b
:10ca2800c5262200e42622004321220012c0b300ba
:10ca3800712f200000c5b300b23b020001000000c6
:10ca48003300200022e92000918e2a006e309000e9
:10ca58001f1f07000000e0001500320020e9200039
:10ca68005a8e0200010000005121220080487800ff
:10ca7800c5262200e42622005321220012c0b3005a
:10ca8800812f200000c5b3005e3a020001000000bb
:10ca9800c5262200e42622005321220012c0b3003a
:10caa800812f200000c5b300b23b02000100000046
:10cab8003300200022e92000f18e2a006e30900019
:10cac800031f07000000e0001500320020e92000e5
:10cad8005a8e02000100000061212200804878007f
:10cae800c5262200e42622006321220012c0b300da
:10caf800912f200000c5b3005e3a0200010000003b
:10cb0800c5262200e42622006321220012c0b300b9
:10cb1800912f200000c5b300b23b020001000000c5
:10cb28003300200022e92000518f2a006e30900047
:10cb3800e71e07000000e0001500320020e9200091
:10cb48005a8e0200010000007121220080487800fe
:10cb5800c5262200e42622007321220012c0b30059
:10cb6800a12f200000c5b3005e3a020001000000ba
:10cb7800c5262200e42622007321220012c0b30039
:10cb8800a12f200000c5b300b23b02000100000045
:10cb98003300200022e92000b18f2a006e30900077
:10cba800cb1e07000000e0001300320020e920003f
:10cbb8005a8e02000100000070e798007ee09000a5
:10cbc800e44f500002003e00e0c1b30070e7980057
:10cbd800700620000e004000c5262200e426220030
:10cbe8008001780012c0b3006103200000c5b300c3
:10cbf8005e3a020001000000e00520000e0040003f
:10cc08005300200000017800f18f2a006e30900058
:10cc1800af1e07000000e00028003200e0052000f9
:10cc28000e004000100798000040eb0060e79800f5
:10cc3800600620000e00400080017800a2c7200096
:10cc4800a1c3b3001e009000a4c0020001000000b0
:10cc58000000e000190032006ee090000000fb00c8
:10cc68000000e8009e009000008040001007980037
:10cc7800600620000e00400080017800b2c7200046
:10cc880001c2b3001e009000a4c002000100000011
:10cc98000000e00009003200a0c72000c5262200dd
:10cca800e42622008001780022c0b300b1012000f0
:10ccb80000c5b3005e3a0200010000000000eb006e
:10ccc800200798003300200022e9200041902a0024
:10ccd8006e3090007e1e07000000e0001600320053
:10cce80020e920005a8e02000100000051c22000f5
:10ccf8008048780050c220009040780040c2200050
:10cd08001040780080cf50000300310050c220004e
:10cd180001c1b30001487800c5262200e42622009c
:10cd280053c2200012c0b3004141200000c5b30027
:10cd38005e3a020001000000c5262200e426220017
:10cd480053c2200012c0b3004141200000c5b30007
:10cd5800b23b0200010000003300200022e920005d
:10cd6800a1902a006e309000591e07000000e000d4
:10cd78001600320020e920005a8e0200010000004f
:10cd880041c220008048780040c2200090407800ce
:10cd980050c220001040780080cf500003003600b9
:10cda80040c22000a1c0b30001487800c526220077
:10cdb800e426220043c2200012c0b3003141200003
:10cdc80000c5b3005e3a020001000000c52622003b
:10cdd800e426220043c2200012c0b30031412000e3
:10cde80000c5b300b23b020001000000a0c720004c
:10cdf800c5262200e42622008001780022c0b30064
:10ce0800b101200000c5b300b23b020001000000e0
:10ce18004301200022e9200001912a006e30900091
:10ce28002b1e07000000e0000900320020e9200066
:10ce3800c5262200e42622008001780042c1b30002
:10ce48004100200000c5b3005e3a02000100000066
:10ce5800420120008000eb0020e9200026050200a6
:10ce68000000000020e92000c5262200e426220058
:10ce78008001780042c1b3004100200000c5b30022
:10ce8800b23b02000100000060ea20008040eb0095
:10ce980001487800a00520000e0040003300200063
:10cea80000017800c16f2a006e309000081e07004c
:10ceb8000000e0000a003200a00520000e0040003b
:10cec800c5262200e42622008001780032c0b30083
:10ced8008101200000c5b3005e3a02000100000095
:10cee800a00520000e004000320020008000eb006a
:10cef8002605020000000000a00520000e004000ea
:10cf0800c5262200e42622008001780032c0b30042
:10cf18008101200000c5b300b23b020001000000ff
:10cf28000040eb0050df98006600470093012000a6
:10cf38000001780051912a006e309000e41d07002e
:10cf48000000e0003e003200000320000e00400018
:10cf5800020120008000eb0026050200000000000e
:10cf6800000320000e004000c5262200e42622000f
:10cf780080017800f2c0b3006102200000c5b30050
:10cf8800b23b020001000000010420008e80400036
:10cf9800000320000e004000d0bc02000100000089
:10cfa800e6004700000420000e00400002060200d0
:10cfb800000000000000e000210032000102200013
:10cfc8008e80400066004700c2bb020001000000de
:10cfd800000220000e004000c5262200e4262200a0
:10cfe80080017800f2c0b3006102200000c5b300e0
:10cff8005e3a02000100000050b0200011c0b300ea
:10d0080001487800400620000e00400071492a00bf
:10d0180078be020001000000400620000e0040001b
:10d02800c5262200e42622008001780012c0b30041
:10d038005103200000c5b3005e3a02000100000061
:10d04800000220000e004000020120008000eb00da
:10d058002605020000000000000220000e0040002b
:10d06800c5262200e426220080017800f2c0b30021
:10d078006102200000c5b300b23b020001000000bd
:10d08800e6004700000220000e004000d0bc02006d
:10d0980001000000400620000e0040002200200091
:10d0a8008000eb002605020000000000400620007a
:10d0b8000e004000c5262200e426220080017800e8
:10d0c80012c0b3005103200000c5b300b23b0200f8
:10d0d80001000000cee0900010c3b30080cf5000e4
:10d0e80006003200cee0900000c3b30080cf5000ad
:10d0f80002003200a0c5b30040e798000040eb00f2
:10d1080050e79800700620000e004000c526220057
:10d11800e42622008001780012c0b30061032000d9
:10d1280000c5b300b23b020001000000c526220082
:10d13800e426220053c2200012c0b300414120005f
:10d1480000c5b300b23b020001000000c526220062
:10d15800e426220043c2200012c0b300314120005f
:10d1680000c5b300b23b020001000000a1912a00f3
:10d1780010b1200078be020001000000000f780006
:10d188009e00780010b120000080400021e92000b6
:10d1980078be0200010000001e0f40009e007800cb
:10d1a80010b120000080400071922a0078be020071
:10d1b800010000001e0f40009e00780010b1200002
:10d1c80000804000a10520008e80400078be02004b
:10d1d800010000001e0f40009e00780010b12000e2
:10d1e80000804000e1922a0078be020001000000a1
:10d1f8001e0f40009e00780010b120008080400083
:10d20800a0c720001040780022c0b3005e91020041
:10d21800010000001e0f40009e00780010b12000a1
:10d2280000804000e1502a0078be020001000000a2
:10d238001e0f40009e00780010b120008080400042
:10d24800b0c720001040780022c0b3005e910200f1
:10d25800010000001e0f40009e00780010b1200061
:10d268000080400041932a0078be020001000000bf
:10d278001e0f40009e00780010b120008080400002
:10d288002ee8900022c0b3005e9102000100000069
:10d298001e0f40009e00780010b120000080400062
:10d2a800a1932a0078be0200010000001e0f400072
:10d2b8009e00780010b1200000804000e600470082
:10d2c80078be0200010000001e0f40009e0078009a
:10d2d80010b120000080400001942a0078be0200ae
:10d2e800010000001e0f40009e00780010b12000d1
:10d2f800808040007ee090000041eb005e910200db
:10d30800010000001e0f40009e00780010b12000b0
:10d318000080400051942a0078be020001000000fd
:10d328001e0f40009e00780010b1200000804000d1
:10d33800410620008e80400078be020001000000f7
:10d348001e0f40009e00780010b1200000804000b1
:10d35800a1942a0078be0200010000001e0f4000c0
:10d368009e00780010b1200080804000901081005d
:10d378006c8f0200010000001e0f40009e00780024
:10d3880010b120000080400011952a0078be0200ec
:10d39800010000001e0f400000c42000104078006b
:10d3a8000004e00008003d009e00780010b1200055
:10d3b8000080400051492a0078be020001000000a8
:10d3c8001e0f4000070037009e00780010b12000b3
:10d3d8000080400071492a0078be02000100000068
:10d3e8001e0f40009e00780010b120000080400011
:10d3f80071952a0078be0200010000001e0f40004f
:10d408009e00780010b1200080804000402122005a
:10d41800104078000041eb005e910200010000001e
:10d428001e0f40009e00780010b1200000804000d0
:10d43800e1952a0078be0200010000001e0f40009e
:10d448009e00780010b1200080804000502122000a
:10d45800104078000041eb005e91020001000000de
:10d468001e0f40009e00780010b120000080400090
:10d4780051962a0078be0200010000001e0f4000ed
:10d488009e00780010b120008080400060212200ba
:10d49800104078000041eb005e910200010000009e
:10d4a8001e0f40009e00780010b120000080400050
:10d4b800c1962a0078be0200010000001e0f40003d
:10d4c8009e00780010b1200080804000702122006a
:10d4d800104078000041eb005e910200010000005e
:10d4e8001e0f40009e00780010b120000080400010
:10d4f80031972a0078be0200010000001e0f40008c
:10d5080000c42000104078008080fb00000220004a
:10d51800008060000000e000080032009e007800f3
:10d5280010b120000080400051492a0078be020056
:10d53800010000001e0f4000070037009e00780021
:10d5480010b120000080400071492a0078be020016
:10d55800010000001e0f40009e00780010b120005e
:10d568000080400091972a0078be02000100000068
:10d578001e0f40009e00780010b1200080804000ff
:10d5880050c220001040780022c0b3005e91020013
:10d59800010000001e0f40009e00780010b120001e
:10d5a8000080400001982a0078be020001000000b7
:10d5b8001e0f40009e00780010b1200080804000bf
:10d5c80040c220001040780022c0b3005e910200e3
:10d5d800010000001e0f40001e0fe80010b12000df
:10d5e8001e0040008040eb00014878000080fa00ef
:10d5f800000006000e00fa00500798006107980026
:10d608006e0090000000e0001c003a006400470033
:10d61800430020000001780071982a005e00900005
:10d628002b1c07000000e00014003200c0982a00fc
:10d638000ac3020001000000640047000ac3020098
:10d6480001000000b04b2a000ac3020001000000dc
:10d658000040eb00004f980064004700c5262200f8
:10d66800e42622008001780042c0b3008000eb006d
:10d6780000c5b3005e3a02000100000064004700e4
:10d68800420020008000eb00260502000000000098
:10d6980064004700c5262200e426220080017800a5
:10d6a80042c0b3008000eb0000c5b300b23b0200eb
:10d6b800010000000040eb00004f980064004700a4
:10d6c800a31c0700004f780061992a0010b12000c0
:10d6d80078be020001000000100798009e0090002c
:10d6e80010b1200000804000e400470078be02002e
:10d6f800010000009e009000008040001007980084
:10d708009e00900010b1200000804000319a2a004d
:10d7180078be0200010000009e00900000804000da
:10d72800100798009e00900010b120000080400073
:10d738000041eb00800078001e4078005e910200f6
:10d74800010000009e009000008040001007980033
:10d758000080fa00000006000a00fa00004f980056
:10d768000e489000e34f500030003e000e489000f5
:10d778000080fb00000f78001e0078006500b900eb
:10d7880000007800000f7800c04220001e0f400003
:10d798000e80e800c5262200e426220080017800d9
:10d7a80052c0b3009e00780000c5b300b23b02002f
:10d7b800010000000e4890000080fb00ae40900081
:10d7c800a2c620004200dd000000410001487800a8
:10d7d8000e4890000080fb00be409000b2c62000ba
:10d7e8004200dd0000004100014878000e4890002a
:10d7f8000080fb00ce409000a2c620004200dd0061
:10d80800000041000080e800014878000e489000c0
:10d818000080fb00de409000b2c620004200dd0020
:10d82800000041000080e800014878000080fa000c
:10d83800000006000400fa00204798002e409000df
:10d84800e34f50005e003e002e409000c2ff0700ec
:10d85800819a2a0010b1200078be02000100000061
:10d86800000f78009e00780010b1200080804000f2
:10d878002e4090000040e8000041eb005e9102005d
:10d88800010000001e0f40009e00780010b120002b
:10d8980000804000119b2a0078be020001000000b1
:10d8a8001e0f40009e00780010b1200080804000cc
:10d8b8002e4090000080fb004200dd00a2c6200040
:10d8c800624078000041eb005e9102000100000018
:10d8d8001e0f40009e00780010b12000008040001c
:10d8e80031472a0078be0200010000001e0f4000e8
:10d8f8009e00780010b12000808040002e409000eb
:10d908000080fb004200dd00b2c6200062407800c3
:10d918000041eb005e910200010000001e0f400074
:10d928009e00780010b120000080400031482a0095
:10d9380078be0200010000001e0f40009e00780023
:10d9480010b12000808040002e4090000080fb0035
:10d958004200dd000080e800a2c620006240780096
:10d968000041eb005e910200010000001e0f400024
:10d978009e00780010b1200000804000f1462a0087
:10d9880078be0200010000001e0f40009e007800d3
:10d9980010b12000808040002e4090000080fb00e5
:10d9a8004200dd000080e800b2c620006240780036
:10d9b8000041eb005e910200010000001e0f4000d4
:10d9c8000080fa00000006000e00fa0050079800d8
:10d9d80061079800640047002300200000017800d8
:10d9e800f1472a005e009000391b07000000e000a4
:10d9f8008b003200640047005a8e020001000000cc
:10da0800004f78001e4078000004e00084003200d7
:10da18001e407800e44f500081003e001e4fe90090
:10da28001e80fb00100798001e0090006500b900da
:10da380000007800100798009e009000c042200067
:10da48000080400010079800640047003300200061
:10da580000017800119b2a005e0090001c1b070043
:10da68000000e0000d003200640047005a8e0200fa
:10da780001000000004f980068004700c5262200fa
:10da8800e42622008001780012c0b3009e009000b6
:10da980000c5b3005e3a02000100000064004700c0
:10daa800330020000001780031472a005e00900012
:10dab800071b07000000e0000f0032006400470069
:10dac8005a8e020001000000004f98001e009000ce
:10dad8000000e800e8004700c5262200e4262200ee
:10dae8008101780012c0b3008000780000c5b3003f
:10daf8005e3a020001000000640047003300200085
:10db08000001780031482a005e009000f01a0700f2
:10db18000000e0000f003200640047005a8e020047
:10db280001000000004f98001e0090000080e800ef
:10db3800e8004700c5262200e4262200810178007b
:10db480012c0b3008000780000c5b3005e3a02003e
:10db58000100000064004700330020000001780045
:10db6800f1462a005e009000d91a07000000e00084
:10db780029003200640047005a8e020001000000ac
:10db8800004f98000e489000e14f500010003a00f6
:10db9800640047005a8e020001000000004f980000
:10dba8001e00900063004000e8004700c5262200e0
:10dbb800e42622008101780012c0b30080007800ba
:10dbc80000c5b3005e3a02000100000012003700f1
:10dbd8000e4890000004e0000f003a00640047007f
:10dbe8005a8e020001000000004f98001e009000ad
:10dbf80063004000e8004700c5262200e426220012
:10dc08008101780012c0b3008000780000c5b3001d
:10dc18005e3a0200010000001e40780005ff070080
:10dc28000080fa00000006000c00fa004007980087
:10dc3800510798000e80e8001300200000017800ca
:10dc4800718a2a004e009000a11a07000000e00027
:10dc5800140032000e80e8005a8e02000100000015
:10dc68000080fb00000f78009e0078006180600053
:10dc7800004078000004e000030032006000b800b3
:10dc880070d3880081d388009e007800628060008d
:10dc98000000e000030032006000b80090cc88006b
:10dca800a1cc88000e80e800330020000001780035
:10dcb800519b2a004e009000851a07000000e000e2
:10dcc8001a0032000e80e8005a8e0200010000009f
:10dcd80060479800ee4090008021220010407800b4
:10dce80080cf50001100320066004700c526220090
:10dcf800e42622008001780012c0b300b12f200072
:10dd080000c5b3005e3a020001000000c5262200eb
:10dd1800e42622008321220012c0b300b12f200084
:10dd280000c5b300b23b020001000000a19b2a001d
:10dd380010b1200078be020001000000000f78003a
:10dd48009e00780010b120000081400070d3800050
:10dd580081d38000c3c0b3002292020001000000fa
:10dd68001e0f40009e00780010b120000080400087
:10dd7800514b2a0078be0200010000001e0f40002f
:10dd88009e00780010b120000081400090cc8000f7
:10dd9800a1cc8000c3c0b3002292020001000000a1
:10dda8001e0f40009e00780010b120000080400047
:10ddb800519c2a0078be0200010000001e0f40009e
:10ddc8009e00780010b120008080400020a721002c
:10ddd800104078000041eb005e9102000100000055
:10dde8001e0f40009e00780010b120000080400007
:10ddf800a19c2a0078be0200010000001e0f40000e
:10de08009e00780010b120008080400030a72100db
:10de1800104078000041eb005e9102000100000014
:10de28001e0f40009e00780010b1200000804000c6
:10de3800f19c2a0078be0200010000001e0f40007d
:10de48009e00780010b12000808040006099210079
:10de5800104078000041eb005e91020001000000d4
:10de68001e0f40009e00780010b120000080400086
:10de7800419d2a0078be0200010000001e0f4000ec
:10de88009e00780010b12000808040007099210029
:10de9800104078000041eb005e9102000100000094
:10dea8001e0f40009e00780010b120000080400046
:10deb800919d2a0078be0200010000001e0f40005c
:10dec8009e00780010b120008080400080992100d9
:10ded800104078000041eb005e9102000100000054
:10dee8001e0f40009e00780010b120000080400006
:10def800f19d2a0078be0200010000001e0f4000bc
:10df08009e00780010b12000808040009099210088
:10df1800104078000041eb005e9102000100000013
:10df28001e0f40009e00780010b1200000804000c5
:10df3800519e2a0078be0200010000001e0f40001a
:10df48009e00780010b1200080804000a099210038
:10df5800104078000041eb005e91020001000000d3
:10df68001e0f40009e00780010b120000080400085
:10df7800b19e2a0078be0200010000001e0f40007a
:10df88009e00780010b1200080804000b0992100e8
:10df9800104078000041eb005e9102000100000093
:10dfa8001e0f40009e00780010b120000080400045
:10dfb800119f2a0078be0200010000001e0f4000d9
:10dfc8009e00780010b1200080804000802122004f
:10dfd800104078000041eb005e9102000100000053
:10dfe8001e0f40000040eb00540902000100000031
:10dff800204798009e00780010b120000080400063
:10e00800719f2a0078be0200010000001e0f400028
:10e018009e00780010b12000808040002e409000c3
:10e028000041eb005e910200010000001e0f40005d
:10e038000080fa00000006000800fa002007980097
:10e04800310798000e80e800c5262200e426220049
:10e058008001780012c0b300014c200000c5b30055
:10e06800b23b020001000000c19f2a0010b120004d
:10e0780078be020001000000000f78009e007800c2
:10e0880010b12000808040002e4090000080fb00ee
:10e098006c8f0200010000001e0f40001e0fe800f8
:10e0a80010b120001e0040008040eb0001487800bd
:10e0b8000080fa00000006009e00fa00889fbe005b
:10e0c8008a9fbe008c1f7800508f9800618f98003f
:10e0d8000e80e800330020000001780091a02a009b
:10e0e8005e8890007a1907000000e0000e003200f8
:10e0f8000e80e800249302000100000080407800b0
:10e108004026210001487800c5262200e426220086
:10e118004326210012c0b300e141200000c5b3002e
:10e128005e3a020001000000c5262200e426220013
:10e138004326210012c0b300e141200000c5b3000e
:10e14800b23b0200010000000e80e800330020000e
:10e1580000017800f1a02a005e8890005c19070091
:10e168000000e0000e0032000e80e8002493020058
:10e178000100000080407800102621000148780046
:10e18800c5262200e42622001326210012c0b3006f
:10e19800b141200000c5b3005e3a02000100000052
:10e1a800c5262200e42622001326210012c0b3004f
:10e1b800b141200000c5b300b23b020001000000dd
:10e1c8000e80e800430020000001780051a12a00d9
:10e1d8005e8890003e1907000000e0000e00320043
:10e1e8000e80e800249302000100000080407800bf
:10e1f8003026210001487800c5262200e4262200a6
:10e208003326210012c0b300d141200000c5b3005d
:10e218005e3a020001000000c5262200e426220022
:10e228003326210012c0b300d141200000c5b3003d
:10e23800b23b0200010000000e80e800430020000d
:10e2480000017800b1a12a005e889000201907001b
:10e258000000e0000e0032000e80e8002493020067
:10e268000100000080407800202621000148780045
:10e27800c5262200e42622002326210012c0b3006e
:10e28800c141200000c5b3005e3a02000100000051
:10e29800c5262200e42622002326210012c0b3004e
:10e2a800c141200000c5b300b23b020001000000dc
:10e2b8000e80e800430020000001780011a22a0027
:10e2c8005e889000021907000000e0000e0032008e
:10e2d8000e80e800249302000100000080407800ce
:10e2e8006026210001487800c5262200e426220085
:10e2f8006326210012c0b3000142200000c5b3000c
:10e308005e3a020001000000c5262200e426220031
:10e318006326210012c0b3000142200000c5b300eb
:10e32800b23b0200010000000e80e800430020001c
:10e338000001780071a22a005e889000e4180700a6
:10e348000000e0000e0032000e80e8002493020076
:10e358000100000080407800502621000148780024
:10e36800c5262200e42622005326210012c0b3004d
:10e37800f141200000c5b3005e3a02000100000030
:10e38800c5262200e42622005326210012c0b3002d
:10e39800f141200000c5b300b23b020001000000bb
:10e3a80080262100104078000086fb00902621007e
:10e3b800104078008085fb0070262100104078000e
:10e3c8000085fb0060262100104078008084fb0057
:10e3d80050262100104078000084fb0040262100d0
:10e3e800104078008083fb00302621001040780020
:10e3f8000083fb0020262100104078008082fb006b
:10e4080010262100104078000082fb0000c6200082
:10e41800104078008081fb0050c520001040780033
:10e428000001fb0000262100104078008080fb00de
:10e438000e80e8008c1f78008b1f78008a1f7800f8
:10e44800891f7800881f7800871f7800861f78004a
:10e45800851f7800841f7800831f7800821f78004a
:10e46800811f7800d1a22a00811f7800d6040200fb
:10e4780000000000fa8757000e80e800800078004e
:10e4880010b1200078be020001000000000f7800e3
:10e4980010b120001e0040008040eb0001487800c9
:10e4a8004f0678004f05be004f04be000080fa00fa
:10e4b800000006000600fa001007980021079800df
:10e4c80031ab2a0010b1200078be02000100000024
:10e4d800000f78009e00780010b1200000804000f6
:10e4e800c1ab2a0078be0200010000001e0f4000e8
:10e4f8009e00780010b1200080804000a09180002c
:10e508006c8f0200010000001e0f40009e00780082
:10e5180010b120000080400031ac2a0078be020013
:10e52800010000001e0f40009e00780010b120007e
:10e5380000814000609180007191800000007800a7
:10e54800820078006c8f0200010000001e0f40005e
:10e558009e00780010b1200000804000a1ac2a0085
:10e5680078be0200010000001e0f40009e007800e7
:10e5780010b1200080804000809180006c8f0200e4
:10e58800010000001e0f40009e00780010b120001e
:10e598000080400021ad2a0078be02000100000082
:10e5a8001e0f40009e00780010b1200080804000bf
:10e5b800909180006c8f0200010000001e0f400047
:10e5c8009e00780010b1200000804000a1ad2a0014
:10e5d80078be0200010000001e0f40009e00780077
:10e5e80010b1200080804000709280006c8f020083
:10e5f800010000001e0f40009e00780010b12000ae
:10e608000080400011ae2a0078be02000100000020
:10e618001e0f40009e00780010b1200000814000cd
:10e6280030928000419280000000780082007800db
:10e638006c8f0200010000001e0f40009e00780051
:10e6480010b120000080400081ae2a0078be020090
:10e65800010000001e0f40009e00780010b120004d
:10e6680080804000509280006c8f02000100000002
:10e678001e0f40009e00780010b12000008040006e
:10e6880001af2a0078be0200010000001e0f400002
:10e698009e00780010b120008080400060928000c9
:10e6a8006c8f0200010000001e0f40000080fa007d
:10e6b800000006000400fa00000f78001107980017
:10e6c80010b1200098280200010000000080fa0024
:10e6d800000006000600fa001007980021079800bd
:10e6e80081af2a0010b1200078be020001000000ae
:10e6f800000f78009e00780010b1200000804000d4
:10e7080011b02a0078be0200010000001e0f400070
:10e718009e00780010b1200080804000803d2100dc
:10e728001040780012c0b3005e91020001000000a2
:10e738001e0f40009e00780010b1200000804000ad
:10e74800b1b02a0078be0200010000001e0f400090
:10e758009e00780010b1200000814000d096800013
:10e76800e196800000007800820078006c8f02003b
:10e77800010000001e0f40009e00780010b120002c
:10e788000080400021b12a0078be0200010000008c
:10e798001e0f40009e00780010b1200080804000cd
:10e7a800b0c680004500de006740600012c0b300bc
:10e7b8005e910200010000001e0f40009e007800dc
:10e7c80010b1200000804000a1b12a0078be0200ec
:10e7d800010000001e0f40009e00780010b12000cc
:10e7e8008080400060c220001040780012c0b30052
:10e7f8005e910200010000001e0f40009e0078009c
:10e8080010b120000080400051b22a0078be0200fa
:10e81800010000001e0f40009e00780010b120008b
:10e828008080400070c320001040780012c0b30000
:10e838005e910200010000001e0f400070c220001f
:10e84800104078000004e000080032009e007800c4
:10e8580010b120000080400011b32a0078be0200e9
:10e86800010000001e0f4000070037009e007800de
:10e8780010b1200000804000b1b32a0078be020029
:10e88800010000001e0f40009e00780010b120001b
:10e898000080400051b42a0078be02000100000048
:10e8a8001e0f40009e00780010b1200080804000bc
:10e8b80000ab2100100078006140600012c0b30076
:10e8c8005e910200010000001e0f40009e007800cb
:10e8d80010b120000080400031b52a0078be020047
:10e8e800010000001e0f40009e00780010b12000bb
:10e8f8008080400000ab2100100078000000d100ab
:10e908006140600012c0b3005e9102000100000087
:10e918001e0f40009e00780010b1200000804000cb
:10e9280011b62a0078be0200010000001e0f400048
:10e9380000ab2100304090000004e00007003200e6
:10e9480000ab2100304090008040780010b12000da
:10e958001e004000014878000400370010b1200074
:10e968001e004000a1c7b300014878001e0fe80050
:10e9780010b120001e0040008040eb0001487800e4
:10e988000080fa00000006001400fa0070079800e2
:10e99800010f980022579800030037007e0090006e
:10e9a8000000e800700798007e0090001040780092
:10e9b8000004e0000a0032007e00900090407800d9
:10e9c80000c2b30080cf5000f4ff3a0005003700c2
:10e9d8007e0090000000e8007007980001003700f2
:10e9e800000000007e0090009040780000c2b30054
:10e9f80080cf5000f6ff32007e0090001040780073
:10ea08000004e000990032000e80e8007200200047
:10ea18008000eb0026050200000000000040eb002b
:10ea2800104f9800e90047000e80e800630040009e
:10ea38008101780000017800f1c2b3007e009000e7
:10ea4800a4c00200010000000000e00087003200be
:10ea58001e4890000000fb000000e800fe00900047
:10ea68000080400070079800e90047006a004700ee
:10ea78008101780000017800f1c2b3007e009000a7
:10ea8800a4c00200010000000000e000770032008e
:10ea98002e489000604798001e4890000000fb0038
:10eaa8000000e800fe009000008040007007980019
:10eab800e90047000e80e800660040008101780008
:10eac8000001780001c2b3007e009000a4c00200db
:10ead800010000000000e000640032001e489000c1
:10eae8000000fb00fe0090000080400070079800c6
:10eaf800030037007e0090000000e80070079800cf
:10eb08007e0090009040780000c2b30080cf500093
:10eb1800f8ff3200e90047000e80e8008101780024
:10eb280000017800a1c3b3007e009000a4c00200d9
:10eb3800010000000000e0004c0032001e48900078
:10eb48000000fb000000e800fe009000008040008c
:10eb580070079800e90047000e80e8000000e80010
:10eb68008101780000017800a1c3b3007e00900005
:10eb7800a4c00200010000000000e0003b003200d9
:10eb88001e4890000000fb000000e800fe00900016
:10eb98000080400070079800e90047000e80e800f8
:10eba8000080e800810178000001780001c2b3000c
:10ebb8007e009000a4c00200010000000000e000f8
:10ebc8002a0032002e5090000004e00006003200b7
:10ebd8005e409000204f98000e48900050479800e3
:10ebe8002e489000004f98006b004700130020004b
:10ebf80000017800b1b62a007e009000b416070024
:10ec08000000e000060032003e4890008040780096
:10ec180000cdb30000c04000204f9800020037002c
:10ec280000c0eb00204f98002e48900070479800d5
:10ec38000e80e800bc4002000100000000f0200047
:10ec48002040020001000000a2c0b3008040eb0099
:10ec580000f020005a41020001000000f1c0b3009a
:10ec680000f020001a440200010000002e5090001d
:10ec78000004e0003f003a00e01e22001040780047
:10ec88000004e0003b003a0000f0200020400200b1
:10ec98000100000001b72a0010b1200078be020070
:10eca80001000000000f78009e00780010b12000dd
:10ecb800008040008000780000f02000a5ed0700eb
:10ecc8000080fb001e0f40009e00780010b120005d
:10ecd80000804000b1b62a0078be020001000000a2
:10ece8001e0f40009e00780010b120008080400078
:10ecf80050f020001040780012c0b3005e9102006e
:10ed0800010000001e0f40009e00780010b1200096
:10ed18000080400061b72a0078be020001000000b0
:10ed28001e0f40009e00780010b120008080400037
:10ed380050f02000104078000000fb001200200076
:10ed48000010dd000040780012c0b3005e910200a0
:10ed5800010000001e0f40009e00780010b1200046
:10ed680000804000d1b72a0078be020001000000f0
:10ed78001e0f40000080fa00000006001000fa0094
:10ed8800600798007107980064004700130020008e
:10ed980000017800b1812a006e0090004c1607002f
:10eda8000000e00005003200640047005a8e0200af
:10edb80001000000004f7800020037000040eb001f
:10edc800004f7800f1b72a0010b1200078be020089
:10edd80001000000100798009e00900010b120006c
:10ede800008040000041eb00800078001e40780061
:10edf8005e910200010000009e009000008040002b
:10ee0800100798001e4078000004e0000700320058
:10ee180000c12000e1c1b3000148780000c5b3007b
:10ee2800fea70200010000000300370000c1200017
:10ee38008040eb00014878000080fa0000000600de
:10ee4800c200fa00709f980001a79800640047006c
:10ee58003300200000017800b1b82a007e989000a5
:10ee68001b1607000000e00008003200ce409000aa
:10ee780010c3b30080cf500004003a006a00470076
:10ee88008ea0900093050700900537000040eb0026
:10ee9800004f78006400470033002000000178002c
:10eea80021b92a007e989000091607000000e000aa
:10eeb8009a013200640047005a8e020001000000e7
:10eec800104798009e40900010c3b30080cf5000b8
:10eed8004d003a0010c1200031c0b300014878004d
:10eee800c5262200e426220013c1200012c0b30068
:10eef800f101200000c5b3005e3a020001000000e5
:10ef0800c5262200e426220013c1200012c0b30047
:10ef1800f101200000c5b300b23b0200010000006f
:10ef280020c1200051c0b30001487800c526220046
:10ef3800e426220023c1200012c0b30001022000f1
:10ef480000c5b3005e3a020001000000c526220099
:10ef5800e426220023c1200012c0b30001022000d1
:10ef680000c5b300b23b020001000000f0c1200060
:10ef780011c0b30001487800c5262200e42622000b
:10ef8800f3c1200012c0b3009141200000c5b300b6
:10ef98005e3a020001000000c5262200e426220095
:10efa800f3c1200012c0b3009141200000c5b30096
:10efb800b23b02000100000000c220008040eb00cc
:10efc80001487800c5262200e426220003c220005a
:10efd80012c0b300a141200000c5b3005e3a020090
:10efe80001000000c5262200e426220003c22000fa
:10eff80012c0b300a141200000c5b300b23b02001b
:10f0080001000000430137009e40900020c3b30078
:10f0180080cf50004d003a0010c1200041c0b3001d
:10f0280001487800c5262200e426220013c12000ea
:10f0380012c0b300f101200000c5b3005e3a02001f
:10f0480001000000c5262200e426220013c120008a
:10f0580012c0b300f101200000c5b300b23b0200aa
:10f068000100000020c1200051c0b3000148780011
:10f07800c5262200e426220023c1200012c0b300c6
:10f088000102200000c5b3005e3a02000100000042
:10f09800c5262200e426220023c1200012c0b300a6
:10f0a8000102200000c5b300b23b020001000000cd
:10f0b800f0c1200011c0b30001487800c526220025
:10f0c800e4262200f3c1200012c0b30091412000c1
:10f0d80000c5b3005e3a020001000000c526220008
:10f0e800e4262200f3c1200012c0b30091412000a1
:10f0f80000c5b300b23b02000100000000c22000be
:10f108008040eb0001487800c5262200e426220052
:10f1180003c2200012c0b300a141200000c5b30003
:10f128005e3a020001000000c5262200e426220003
:10f1380003c2200012c0b300a141200000c5b300e3
:10f14800b23b020001000000f20037009e40900030
:10f1580030c3b30080cf50004d003a0010c12000ea
:10f1680051c0b30001487800c5262200e4262200d9
:10f1780013c1200012c0b300f101200000c5b30084
:10f188005e3a020001000000c5262200e4262200a3
:10f1980013c1200012c0b300f101200000c5b30064
:10f1a800b23b02000100000020c1200061c0b30092
:10f1b80001487800c5262200e426220023c1200049
:10f1c80012c0b3000102200000c5b3005e3a02007d
:10f1d80001000000c5262200e426220023c12000e9
:10f1e80012c0b3000102200000c5b300b23b020008
:10f1f80001000000f0c1200011c0b30001487800f0
:10f20800c5262200e4262200f3c1200012c0b30064
:10f218009141200000c5b3005e3a020001000000e1
:10f22800c5262200e4262200f3c1200012c0b30044
:10f238009141200000c5b300b23b0200010000006c
:10f2480000c220008040eb0001487800c52622005b
:10f25800e426220003c2200012c0b300a14120000e
:10f2680000c5b3005e3a020001000000c526220076
:10f27800e426220003c2200012c0b300a1412000ee
:10f2880000c5b300b23b020001000000a100370036
:10f298009e40900040c3b30080cf50004d003a001c
:10f2a80010c1200051c0b30001487800c5262200d3
:10f2b800e426220013c1200012c0b300f10120008f
:10f2c80000c5b3005e3a020001000000c526220016
:10f2d800e426220013c1200012c0b300f10120006f
:10f2e80000c5b300b23b02000100000020c12000ad
:10f2f80061c0b30001487800c5262200e426220038
:10f3080023c1200012c0b3000102200000c5b300d1
:10f318005e3a020001000000c5262200e426220011
:10f3280023c1200012c0b3000102200000c5b300b1
:10f33800b23b020001000000f0c1200011c0b30080
:10f3480001487800c5262200e4262200f3c12000e7
:10f3580012c0b3009141200000c5b3005e3a02001c
:10f3680001000000c5262200e4262200f3c1200087
:10f3780012c0b3009141200000c5b300b23b0200a7
:10f388000100000000c2200011c0b300014878004d
:10f39800c5262200e426220003c2200012c0b300c2
:10f3a800a141200000c5b3005e3a02000100000040
:10f3b800c5262200e426220003c2200012c0b300a2
:10f3c800a141200000c5b300b23b020001000000cb
:10f3d800500037009e40900050c3b30080cf5000cb
:10f3e8004c003a0010c1200061c0b3000148780009
:10f3f800c5262200e426220013c1200012c0b30053
:10f40800f101200000c5b3005e3a020001000000cf
:10f41800c5262200e426220013c1200012c0b30032
:10f42800f101200000c5b300b23b0200010000005a
:10f4380020c1200061c0b30001487800c526220021
:10f44800e426220023c1200012c0b30001022000dc
:10f4580000c5b3005e3a020001000000c526220084
:10f46800e426220023c1200012c0b30001022000bc
:10f4780000c5b300b23b020001000000f0c120004b
:10f4880011c0b30001487800c5262200e4262200f6
:10f49800f3c1200012c0b3009141200000c5b300a1
:10f4a8005e3a020001000000c5262200e426220080
:10f4b800f3c1200012c0b3009141200000c5b30081
:10f4c800b23b02000100000000c220008040eb00b7
:10f4d80001487800c5262200e426220003c2200045
:10f4e80012c0b300a141200000c5b3005e3a02007b
:10f4f80001000000c5262200e426220003c22000e5
:10f5080012c0b300a141200000c5b300b23b020005
:10f518000100000010c0b300004f7800c52622008b
:10f52800e4262200f3c1200012c0b300914120005c
:10f5380000c5b300b23b020001000000c52622004e
:10f54800e426220003c2200012c0b300a14120001b
:10f5580000c5b300b23b0200010000006400470090
:10f56800330020000001780061b92a007e989000dd
:10f57800571407000000e0005c00320064004700f8
:10f588005a8e0200010000001047980010c12000a8
:10f59800104078000080fb000000e8000000e00058
:10f5a8001900350010c12000104078000080fb00d1
:10f5b8000000e800e80f500013003c00ce40900027
:10f5c800b0c2b30080cf50000f003a0010c1200035
:10f5d800104078008040e80010c120000148780001
:10f5e800c5262200e426220013c1200012c0b30061
:10f5f800f101200000c5b3005e3a020001000000de
:10f6080010c0b300004f780010c1200010407800ef
:10f618000080fb000000e9000000e0001900350050
:10f6280010c12000104078000080fb000000e900b5
:10f63800e80f500013003c00ce409000d0c2b30049
:10f6480080cf50000f003a0010c120001040780011
:10f658008040e90010c1200001487800c52622003a
:10f66800e426220013c1200012c0b300f1012000db
:10f6780000c5b3005e3a02000100000010c0b300ec
:10f68800004f780010c12000904078001e40900084
:10f6980080cf500015003200ce409000b0c2b300b9
:10f6a80080cf500011003200ce409000d0c2b3008d
:10f6b80080cf50000d00320010c120009e40900005
:10f6c80001487800c5262200e426220013c1200044
:10f6d80012c0b300f101200000c5b3005e3a020079
:10f6e8000100000010c0b300004f7800c5262200ba
:10f6f800e426220013c1200012c0b300f10120004b
:10f7080000c5b300b23b02000100000064004700de
:10f718003300200000017800b1b92a007e989000db
:10f72800eb1307000000e0005c00320064004700b3
:10f738005a8e0200010000001047980020c12000e6
:10f74800104078000080fb000000e8000000e000a6
:10f758001900350020c12000104078000080fb000f
:10f768000000e800e80f500013003c00ce40900075
:10f77800b0c2b30080cf50000f003a0020c1200073
:10f78800104078008040e80020c12000014878003f
:10f79800c5262200e426220023c1200012c0b3009f
:10f7a8000102200000c5b3005e3a0200010000001b
:10f7b80010c0b300004f780020c12000104078002e
:10f7c8000080fb000000e9000000e000190035009f
:10f7d80020c12000104078000080fb000000e900f4
:10f7e800e80f500013003c00ce409000d0c2b30098
:10f7f80080cf50000f003a0020c120001040780050
:10f808008040e90020c1200001487800c526220078
:10f81800e426220013c1200012c0b3000102200018
:10f8280000c5b3005e3a02000100000010c0b3003a
:10f83800004f780020c12000904078001e409000c2
:10f8480080cf500015003200ce409000b0c2b30007
:10f8580080cf500011003200ce409000d0c2b300db
:10f8680080cf50000d00320020c120009e40900043
:10f8780001487800c5262200e426220023c1200082
:10f8880012c0b3000102200000c5b3005e3a0200b6
:10f898000100000010c0b300004f7800c526220008
:10f8a800e426220023c1200012c0b3000102200078
:10f8b80000c5b300b23b020001000000640047002d
:10f8c800330020000001780001ba2a007e989000d9
:10f8d8007f1307000000e0005c003200640047006e
:10f8e8005a8e0200010000001047980030c1200025
:10f8f800104078000080fb000000e8000000e000f5
:10f908001900350030c12000104078000080fb004d
:10f918000000e800e80f500013003c00ce409000c3
:10f92800b0c2b30080cf50000f003a0030c12000b1
:10f93800104078008040e80030c12000014878007d
:10f94800c5262200e426220033c1200012c0b300dd
:10f958001102200000c5b3005e3a02000100000059
:10f9680010c0b300004f780030c12000104078006c
:10f978000080fb000000e9000000e00019003500ed
:10f9880030c12000104078000080fb000000e90032
:10f99800e80f500013003c00ce409000d0c2b300e6
:10f9a80080cf50000f003a0030c12000104078008e
:10f9b8008040e90030c1200001487800c5262200b7
:10f9c800e426220033c1200012c0b3001102200037
:10f9d80000c5b3005e3a02000100000010c0b30089
:10f9e800004f780030c12000904078001e40900001
:10f9f80080cf500015003200ce409000b0c2b30056
:10fa080080cf500011003200ce409000d0c2b30029
:10fa180080cf50000d00320030c120009e40900081
:10fa280001487800c5262200e426220033c12000c0
:10fa380012c0b3001102200000c5b3005e3a0200f4
:10fa48000100000010c0b300004f7800c526220056
:10fa5800e426220033c1200012c0b30011022000a6
:10fa680000c5b300b23b020001000000640047007b
:10fa7800330020000001780061ba2a007e989000c7
:10fa8800131307000000e0005c0032006400470028
:10fa98005a8e0200010000001047980040c1200063
:10faa800104078000080fb000000e8000000e00043
:10fab8001900350040c12000104078000080fb008c
:10fac8000000e800e80f500013003c00ce40900012
:10fad800b0c2b30080cf50000f003a0040c12000f0
:10fae800104078008040e80040c1200001487800bc
:10faf800c5262200e426220043c1200012c0b3001c
:10fb08002102200000c5b3005e3a02000100000097
:10fb180010c0b300004f780040c1200010407800aa
:10fb28000080fb000000e9000000e000190035003b
:10fb380040c12000104078000080fb000000e90070
:10fb4800e80f500013003c00ce409000d0c2b30034
:10fb580080cf50000f003a0040c1200010407800cc
:10fb68008040e90040c1200001487800c5262200f5
:10fb7800e426220043c1200012c0b3002102200065
:10fb880000c5b3005e3a02000100000010c0b300d7
:10fb9800004f780040c12000904078001e4090003f
:10fba80080cf500015003200ce409000b0c2b300a4
:10fbb80080cf500011003200ce409000d0c2b30078
:10fbc80080cf50000d00320040c120009e409000c0
:10fbd80001487800c5262200e426220043c12000ff
:10fbe80012c0b3002102200000c5b3005e3a020033
:10fbf8000100000010c0b300004f7800c5262200a5
:10fc0800e426220043c1200012c0b30021022000d4
:10fc180000c5b300b23b02000100000064004700c9
:10fc28003300200000017800c1ba2a007e989000b5
:10fc3800a71207000000e0005c00320064004700e3
:10fc48005a8e0200010000001047980050c12000a1
:10fc5800104078000080fb000000e8000000e00091
:10fc68001900350050c12000104078000080fb00ca
:10fc78000000e800e80f500013003c00ce40900060
:10fc8800b0c2b30080cf50000f003a0050c120002e
:10fc9800104078008040e80050c1200001487800fa
:10fca800c5262200e426220053c1200012c0b3005a
:10fcb8003102200000c5b3005e3a020001000000d6
:10fcc80010c0b300004f780050c1200010407800e9
:10fcd8000080fb000000e9000000e000190035008a
:10fce80050c12000104078000080fb000000e900af
:10fcf800e80f500013003c00ce409000d0c2b30083
:10fd080080cf50000f003a0050c12000104078000a
:10fd18008040e90050c1200001487800c526220033
:10fd2800e426220053c1200012c0b3003102200093
:10fd380000c5b3005e3a02000100000010c0b30025
:10fd4800004f780050c12000904078001e4090007d
:10fd580080cf500015003200ce409000b0c2b300f2
:10fd680080cf500011003200ce409000d0c2b300c6
:10fd780080cf50000d00320050c120009e409000fe
:10fd880001487800c5262200e426220053c120003d
:10fd980012c0b3003102200000c5b3005e3a020071
:10fda8000100000010c0b300004f7800c5262200f3
:10fdb800e426220053c1200012c0b3003102200003
:10fdc80000c5b300b23b0200010000006400470018
:10fdd800330020000001780011bb2a007e989000b3
:10fde8003b1207000000e0005c003200640047009e
:10fdf8005a8e0200010000001047980070c12000d0
:10fe0800104078000080fb000000e8000000e000df
:10fe18001900350070c12000104078000080fb00f8
:10fe28000000e800e80f500013003c00ce409000ae
:10fe3800b0c2b30080cf50000f003a0070c120005c
:10fe4800104078008040e80070c120000148780028
:10fe5800c5262200e426220073c1200012c0b30088
:10fe68008140200000c5b3005e3a02000100000096
:10fe780010c0b300004f780070c120001040780017
:10fe88000080fb000000e9000000e00019003500d8
:10fe980070c12000104078000080fb000000e900dd
:10fea800e80f500013003c00ce409000d0c2b300d1
:10feb80080cf50000f003a0070c120001040780039
:10fec8008040e90070c1200001487800c526220062
:10fed800e426220073c1200012c0b3008140200034
:10fee80000c5b3005e3a02000100000010c0b30074
:10fef800004f780070c12000904078001e409000ac
:10ff080080cf500015003200ce409000b0c2b30040
:10ff180080cf500011003200ce409000d0c2b30014
:10ff280080cf50000d00320070c120009e4090002c
:10ff380001487800c5262200e426220073c120006b
:10ff480012c0b3008140200000c5b3005e3a020031
:10ff58000100000010c0b300004f7800c526220041
:10ff6800e426220073c1200012c0b30081402000a3
:10ff780000c5b300b23b0200010000006400470066
:10ff8800330020000001780061bb2a007e989000b1
:10ff9800cf1107000000e0005c0032006400470059
:10ffa8005a8e0200010000001047980080c120000e
:10ffb800104078000080fb000000e8000000e0002e
:10ffc8001900350080c12000104078000080fb0037
:10ffd8000000e800e80f500013003c00ce409000fd
:10ffe800b0c2b30080cf50000f003a0080c120009b
:10fff800104078008040e80080c120000148780067
:020000040001f9
:10000800c5262200e426220083c1200012c0b300c6
:100018001141200000c5b3005e3a02000100000053
:1000280010c0b300004f780080c120001040780055
:100038000080fb000000e9000000e0001900350026
:1000480080c12000104078000080fb000000e9001b
:10005800e80f500013003c00ce409000d0c2b3001f
:1000680080cf50000f003a0080c120001040780077
:100078008040e90080c1200001487800c5262200a0
:10008800e426220083c1200012c0b30011412000e1
:1000980000c5b3005e3a02000100000010c0b300c2
:1000a800004f780080c12000904078001e409000ea
:1000b80080cf500015003200ce409000b0c2b3008f
:1000c80080cf500011003200ce409000d0c2b30063
:1000d80080cf50000d00320080c120009e4090006b
:1000e80001487800c5262200e426220083c12000aa
:1000f80012c0b3001141200000c5b3005e3a0200ef
:100108000100000010c0b300004f7800c52622008f
:10011800e426220083c1200012c0b3001141200050
:1001280000c5b300b23b02000100000064004700b4
:100138003300200000017800c1bb2a007e9890009f
:10014800631107000000e0001e0032006400470051
:100158005a8e020001000000104798001e409000cf
:100168000004e000170032001e409000ee4f5000df
:1001780014003e0060c12000904078001e409000ae
:1001880080cf50000f003200640047005a8e0200f2
:100198000100000061c1200080487800c5262200c7
:1001a800e426220063c1200012c0b30051022000df
:1001b80000c5b3005e3a02000100000010c0b300a1
:1001c800004f7800c5262200e426220063c12000e3
:1001d80012c0b3005102200000c5b300b23b0200b8
:1001e8000100000011bc2a0010b1200078be0200f6
:1001f80001000000100798009e00900010b1200038
:100208008080400010c12000104078000041eb00c1
:100218005e910200010000009e00900000804000f6
:10022800100798009e00900010b120000080400048
:1002380011bd2a0078be0200010000009e00900057
:1002480000804000100798009e00900010b1200028
:100258008080400020c12000104078000041eb0061
:100268005e910200010000009e00900000804000a6
:10027800100798009e00900010b1200000804000f8
:1002880071bd2a0078be0200010000009e009000a7
:1002980000804000100798009e00900010b12000d8
:1002a8008080400030c12000104078000041eb0001
:1002b8005e910200010000009e0090000080400056
:1002c800100798009e00900010b1200000804000a8
:1002d800e1bd2a0078be0200010000009e009000e7
:1002e80000804000100798009e00900010b1200088
:1002f8008080400040c12000104078000041eb00a1
:100308005e910200010000009e0090000080400005
:10031800100798009e00900010b120000080400057
:1003280051be2a0078be0200010000009e00900025
:1003380000804000100798009e00900010b1200037
:100348008080400050c12000104078000041eb0040
:100358005e910200010000009e00900000804000b5
:10036800100798009e00900010b120000080400007
:10037800b1be2a0078be0200010000009e00900075
:1003880000804000100798009e00900010b12000e7
:100398008080400070c12000104078000041eb00d0
:1003a8005e910200010000009e0090000080400065
:1003b800100798009e00900010b1200000804000b7
:1003c80011bf2a0078be0200010000009e009000c4
:1003d80000804000100798009e00900010b1200097
:1003e8008080400080c12000104078000041eb0070
:1003f8005e910200010000009e0090000080400015
:10040800100798009e00900010b120000080400066
:1004180081bf2a0078be0200010000009e00900003
:1004280000804000100798009e00900010b1200046
:100438008080400060c12000104078000041eb003f
:100448005e910200010000009e00900000804000c4
:10045800100798009e00900010b120000080400016
:10046800e1bf2a0078be0200010000009e00900053
:10047800008040001007980011b120001e00900075
:10048800008040008040eb00014878001e40780062
:10049800e14f50000d003a0000ab210030409000c1
:1004a8000004e0000900320000ab210010007800d1
:1004b800610060000000e00004003a0000ab210089
:1004c80030409000fea70200010000000080fa0002
:1004d800000006005000fa00602798007127980075
:1004e80001c02a000e00780078be0200010000005a
:1004f800fe2090000e00780051fa07000080fa00f4
:10050800000006000800fa0020079800310798004c
:1005180001c42a0010b1200078be020001000000ca
:10052800000f78000000eb00100798003a00370031
:100538001e009000f50f5000340032001e0090009d
:10054800e40f5000310032001e009000e50f50000b
:100558002e0032001e009000e60f50002b003200e3
:100568001e009000e70f5000280032001e00900087
:10057800f00f5000250032009e00780010b12000d6
:1005880000804000f14f2a0078be02000100000000
:100598001e0f40009e00780010b1200080804000af
:1005a8001e009000004078000041eb005e910200c0
:1005b800010000001e0f40009e00780010b12000ce
:1005c8000080400021502a0078be0200010000008f
:1005d8001e0f40009e00780010b1200000814000ee
:1005e8001e0090006a00b90000007800e400400096
:1005f800a02c2100008040001000780082007800c4
:100608006c8f0200010000001e0f40001e009000c9
:100618000000e800100798001e009000f90f500035
:10062800c3ff34009e00780010b120000080400015
:1006380071c42a0078be0200010000001e0f4000ad
:100648009e00780010b120008080400020cc20005f
:10065800104078000041eb005e91020001000000ac
:100668001e0f40000080fa00000006000c00fa008f
:1006780040079800510798000040eb00004f7800b1
:10068800c1c42a0010b1200078be02000100000099
:10069800100798009e00900010b1200000804000d4
:1006a80061c52a0078be0200010000009e0090008b
:1006b80000804000100798006500470023002000d4
:1006c80000017800c1c52a004e0090000010070004
:1006d8000000e00015003200650047005a8e020055
:1006e80001000000404798004e409000e54f500040
:1006f8000e003e0064004700c5262200e4262200c2
:100708008001780012c0b3008141200000c5b30009
:100718005e3a020001000000ce409000a0c1200017
:100728000148780010c0b300004f7800640047000b
:10073800120020008000eb002605020000000000e7
:1007480064004700c5262200e426220080017800c4
:1007580012c0b3008141200000c5b300b23b0200c3
:10076800010000009e00900010b120008080400031
:100778004e4090000041eb005e9102000100000035
:100788009e00900000804000100798009e00900096
:1007980010b120000080400011c62a0078be020077
:1007a800010000009e0090000080400010079800a3
:1007b80065004700230020000001780071c62a0068
:1007c8004e009000c20f07000000e0001500320044
:1007d800650047005a8e020001000000404798005b
:1007e8004e409000e84f50000e003e006400470065
:1007f800c5262200e42622008001780012c0b3003a
:100808006141200000c5b3005e3a0200010000000b
:10081800ce409000d0c120000148780010c0b3003d
:10082800004f780064004700120020008000eb00b1
:10083800260502000000000064004700c5262200cb
:10084800e42622008001780012c0b3006141200034
:1008580000c5b300b23b0200010000009e009000fa
:1008680010b12000808040004e4090000041eb0015
:100878005e910200010000009e0090000080400090
:10088800100798009e00900010b1200000804000e2
:10089800c1c62a0078be0200010000009e00900038
:1008a80000804000100798006500470023002000e2
:1008b8000001780021c72a004e009000840f07002d
:1008c8000000e00015003200650047005a8e020063
:1008d80001000000404798004e409000e84f50004b
:1008e8000e003e0064004700c5262200e4262200d0
:1008f8008001780012c0b3007141200000c5b30028
:100908005e3a020001000000ce409000e0c12000e5
:100918000148780010c0b300004f78006400470019
:10092800120020008000eb002605020000000000f5
:1009380064004700c5262200e426220080017800d2
:1009480012c0b3007141200000c5b300b23b0200e1
:10095800010000009e00900010b12000808040003f
:100968004e4090000041eb005e9102000100000043
:100978009e00900000804000100798001e00900024
:100988000000e8001007980011b120001e00900038
:10099800008040008040eb00014878001e4078004d
:1009a8000004e0000400320000ab21009000780051
:1009b8000120a000010878000080fa00000006006d
:1009c800ac00fa0040979800519798000040eb005f
:1009d800404798006600470071c72a0078be0200a9
:1009e8000100000010079800660047007c0b070014
:1009f8000060fe006600470071ca2a0078be020047
:100a080001000000100798001e009000e600470053
:100a1800008040000041eb0080007800e0c1b30096
:100a28005e910200010000009e00900000804000de
:100a380010079800e40047006600470074ef0700bd
:100a48000060fe0066004700b1ce2a0078be0200b2
:100a580001000000100798001e009000e600470003
:100a68000080400080007800e07f20006c8f02004a
:100a7800010000009e0090000080400010079800d0
:100a8800e40047006600470061ef07000060fe00d1
:100a980066004700b1d12a0078be020001000000bc
:100aa80010079800e40047006600470089fe070029
:100ab8000060fe000000eb00000f78001e00370009
:100ac8006600470081d22a0078be020001000000bb
:100ad800100798001e009000e60047008080400044
:100ae8001e007800004078000041eb005e91020093
:100af800010000009e009000008040001007980050
:100b08001e009000e600470000804000f1d22a0055
:100b180078be0200010000009e00900000804000a6
:100b280010079800e400470066004700d7ec07006c
:100b38000060fe001e0fe8001e007800e90f50005c
:100b4800dfff36006600470091d32a0078be020016
:100b58000100000010079800e40047006600470005
:100b680099f3070020002000000f78001e003700ce
:100b78006600470031d52a0078be02000100000057
:100b8800100798001e009000e60047008080400093
:100b98001e007800004078000041eb005e910200e2
:100ba800010000009e00900000804000100798009f
:100bb8001e009000e600470000804000a1d52a00f2
:100bc80078be0200010000009e00900000804000f6
:100bd80010079800e4004700660047007af3070012
:100be8000060fe001e0fe8001e007800e40f5000b1
:100bf800dfff340000c4200001cab30001487800b8
:100c0800c5262200e426220003c4200012c0b30037
:100c1800a103200000c5b3005e3a020001000000f5
:100c2800c5262200e426220003c4200012c0b30017
:100c3800a103200000c5b300b23b02000100000080
:100c480000f2200051c0b30001487800c5262200f8
:100c5800e426220003f2200012c0b300c1032000e2
:100c680000c5b3005e3a02000100000010f2200047
:100c780001c5b30001487800c5262200e4262200f9
:100c880013f2200012c0b300d103200000c5b30046
:100c98005e3a02000100000010c4200051cab300ef
:100ca80001487800c5262200e426220013c420004b
:100cb80012c0b300b12e200000c5b3005e3a020096
:100cc80001000000c5262200e426220013c42000eb
:100cd80012c0b300b12e200000c5b300b23b020021
:100ce80001000000400d2300f0238900e0472200a6
:100cf800c5262200e42622008001780022c0b30025
:100d0800f12e200000c5b3005e3a02000100000089
:100d18000000eb00f0238900e0472200c5262200ee
:100d2800e42622008001780022c0b300f12e2000c2
:100d380000c5b300b23b020001000000006b2300b5
:100d48000024890000482200c5262200e42622004b
:100d58008001780022c0b300112f200000c5b30025
:100d68005e3a0200010000000000eb000024890048
:100d780000482200c5262200e426220080017800cf
:100d880022c0b300112f200000c5b300b23b0200ff
:100d980001000000401f2000102489002048220084
:100da800c5262200e42622008001780022c0b30074
:100db800312f200000c5b3005e3a02000100000098
:100dc8000000eb001024890020482200c5262200dc
:100dd800e42622008001780022c0b300312f2000d1
:100de80000c5b300b23b0200010000000071220000
:100df8002024890040482200c5262200e42622003b
:100e08008001780022c0b300312f200000c5b30054
:100e18005e3a0200010000000000eb002024890077
:100e280040482200c5262200e426220080017800de
:100e380022c0b300312f200000c5b300b23b02002e
:100e4800010000006048220011c0b300014878008a
:100e5800c5262200e42622006348220012c0b300ff
:100e68004102200000c5b3005e3a02000100000004
:100e7800c5262200e42622006348220012c0b300df
:100e88004102200000c5b300b23b0200010000008f
:100e98008021220021c3b30001487800c526220022
:100ea800e42622008321220012c0b300b12f2000c3
:100eb80000c5b3005e3a020001000000c52622000a
:100ec800e42622008321220012c0b300b12f2000a3
:100ed80000c5b300b23b0200010000004001200041
:100ee8001061880020c22000c5262200e4262200c6
:100ef8008001780022c0b3000144200000c5b3007f
:100f08005e3a02000100000020c22000c52622002f
:100f1800e42622008001780022c0b30001442000aa
:100f280000c5b300b23b020001000000902221007e
:100f3800d1c1b30001487800c5262200e42622006a
:100f48009322210012c0b300e103200000c5b300c2
:100f58005e3a020001000000c5262200e4262200b5
:100f68009322210012c0b300e103200000c5b300a2
:100f7800b23b02000100000020c0b3006067990086
:100f8800600a20000e004000c5262200e426220048
:100f98008001780012c0b300e12f200000c5b30023
:100fa8005e3a020001000000a0222100c1c3b30084
:100fb80001487800c5262200e4262200a322210049
:100fc80012c0b300f103200000c5b3005e3a02006e
:100fd80001000000c5262200e4262200a3222100e9
:100fe80012c0b300f103200000c5b300b23b0200f9
:100ff80001000000b1d62a0010b1200078be02001e
:1010080001000000100798000080fa0000000600a8
:101018000800fa00200798003107980041d72a00f5
:1010280010b1200078be020001000000000f780017
:101038000000eb0010079800180037001e00900011
:101048000000e000070034009e00780010b1200086
:1010580000804000a1502a0078be02000100000074
:101068001e0f4000f23e21001e0090007f00b900d4
:1010780000007800800041001e01780010b12000b7
:101088000000410078be0200010000001e0f400071
:101098001e0090000000e800100798001e00900055
:1010a8000000e000e5ff34009e00780010b1200049
:1010b80000804000e1bf2a0078be02000100000065
:1010c8001e0f4000e14021001e01780010b12000f1
:1010d8000000410078be0200010000001e0f400021
:1010e8000080fa00000006000600fa0010079800c9
:1010f80021079800130020000e017800e1d72a008c
:101108001e009000720d07000000e0000f00320082
:101118009e40780010c3b30080cf500004003a000e
:1011280011c0b300000120003428020001000000b3
:101138009e40780020c3b30080cf500003003a00df
:10114800f0f120008040eb000148780013002000f7
:101158000e01780031d82a001e0090005c0d0700af
:101168000000e000070032009e40780010c3b30082
:1011780080cf500003003a00708020008040eb00d0
:1011880001487800130020000e017800b1d82a0029
:101198001e0090004e0d07000000e000070032001e
:1011a8009e40780010c3b30080cf500003003a007f
:1011b8007022210011c0b3000148780010b120004e
:1011c800cbe407000080fa00000006000a00fa00dd
:1011d800300798004107980001d92a0010b1200073
:1011e80078be020001000000000f78009e00780021
:1011f80010b120000080400080007800200221000b
:1012080054e407000080fb001e0f40009e00780099
:1012180010b1200000804000e1d92a0078be020009
:10122800010000001e0f40009e00780010b1200051
:1012380080804000508180006c8f02000100000017
:101248001e0f40009e00780010b120000080400072
:1012580021542a0078be0200010000001e0f400041
:101268009e00780010b1200080804000c00221005c
:10127800104078000041eb005e9102000100000080
:101288001e0f40009e00780010b120000080400032
:1012980031da2a0078be0200010000001e0f40006b
:1012a800e00920001e005000100798001e00900062
:1012b8000000e000150034009e009000f0092000b6
:1012c800808f500011003c009e00900020f220000a
:1012d80000804000904078004147980021f22000ab
:1012e8001e01780010b120000000410078be020005
:1012f800010000001e0f40009e00900020f2200018
:1013080000804000ce409000014878009e007800a0
:1013180010b120000080400081da2a0078be020067
:10132800010000001e0f4000f00420009e0078001d
:10133800808f500058003c009e00780010b12000bb
:1013480000804000a1da2a0078be020001000000f7
:101358001e0f40009e00780010b120000080400061
:1013680080007800e0122100fae307000080fb000b
:101378001e0f40009e00780010b120000080400041
:10138800e1d92a0078be0200010000001e0f4000cb
:101398009e00780010b1200080804000b089800055
:1013a8006c8f0200010000001e0f40009e007800b4
:1013b80010b120000080400021542a0078be0200ad
:1013c800010000001e0f40009e00780010b12000b0
:1013d8008080400080132100104078000041eb001d
:1013e8005e910200010000001e0f40009e00780080
:1013f80010b120000080400031da2a0078be0200d7
:10140800010000001e0f4000e00920001e005000ef
:10141800100798001e0090000000e000170034003c
:101428009e009000f0092000808f500013003c00bf
:101438001e009000c11020008080400020f2200093
:10144800008040009040780041479800e102210068
:101458001e01780010b120000000410078be020093
:10146800010000001e0f40009e009000e0022100d5
:1014780000804000ce409000014878009e0078002f
:1014880010b120000080400041db2a0078be020035
:10149800010000001e0f40000080fa000000060056
:1014a8000800fa0020079800310798000e80e8002d
:1014b8001300200000017800b1812a002e0090005e
:1014c800830c07000000e0003a003200ae409000b4
:1014d80010c3b30080cf500004003200ae4090002b
:1014e80020c3b30080cf500032003a003e00900085
:1014f8000000e00007003a002e409000804078008d
:1015080000cdb30080c04000c0cb20000148780067
:10151800280037003e0090006abf0200010000006a
:101528000000e0002300320080c82000104078004e
:101538000004e0000e003a00be00900080c82000c1
:1015480078be0200010000002e4090008040780024
:1015580000cdb30080c04000e0cb200001487800f7
:10156800e01e220011c0b3000148780011003700c6
:1015780020ca2000104078000004e0000d003a0066
:10158800be00900020ca200078be020001000000c2
:101598002e4090008040780000cdb30080c040000d
:1015a800f0cb200001487800e01e220011c0b300f3
:1015b80001487800e01e2200104078000004e00096
:1015c80052003a0071db2a0010b1200078be0200f8
:1015d80001000000000f78009e00780010b1200084
:1015e80080804000c0cb2000104078000041eb0014
:1015f8005e910200010000001e0f40009e0078006e
:1016080010b120000080400051dc2a0078be0200a2
:10161800010000001e0f400080c820001040780024
:101628000004e000080032009e00780010b120009d
:101638000080400081c8200078be02000100000040
:101648001e0f4000070037009e00780010b12000f0
:1016580000804000b1482a0078be02000100000066
:101668001e0f40009e00780010b12000008040004e
:10167800c1dc2a0078be0200010000001e0f4000f5
:1016880020ca2000104078000004e0000800320062
:101698009e00780010b120000080400021ca200080
:1016a80078be0200010000001e0f4000070037004e
:1016b8009e00780010b1200000804000b1482a0048
:1016c80078be0200010000001e0f40009e00780056
:1016d80010b120000080400031dd2a0078be0200f1
:1016e800010000001e0f40009e00780010b120008d
:1016f80080804000d0cb2000104078000041eb00f3
:101708005e910200010000001e0f40000080fa00f8
:10171800000006000800fa0020079800310798002a
:1017280091dd2a0010b1200078be020001000000ff
:10173800000f78000e80e8001300200000017800f8
:10174800b1812a002e009000e10b07000000e000a4
:101758000a003200ae40900010c3b30080cf5000a2
:1017680003003a00d6a70200010000000500370078
:1017780000c3b300204798000200370000c3b3003d
:1017880020479800ae40900010b120001e00400095
:10179800014878001e0fe80010b120001e0040002c
:1017a8008040eb00014878000080fa000000060045
:1017b8000600fa001007980021079800130020007f
:1017c8000e017800b1812a001e009000c00b0700ae
:1017d8000000e0000e0032009e407800d0c4b30044
:1017e80080cf500003003a009021220021c0b300ae
:1017f800014878009e40780000c5b30080cf5000b3
:1018080003003a009021220011c0b300014878007b
:1018180090212200104078000004e000040032000b
:10182800a1de2a0010b1200078be020001000000ed
:101838000080fa00000006000800fa00200798005f
:10184800310798000e80e80013002000000178009e
:10185800b1812a002e0090009d0b07000000e000d7
:101868001c003200ae40900010c3b30080cf50007f
:1018780007003a00d09a8000e20f500004003a00b6
:1018880060c8200011c0b300014878000300370089
:1018980060c820008040eb000148780031df2a0052
:1018a80010b1200078be020001000000000f78008f
:1018b8009e00780010b120008080400060c82000a1
:1018c800104078000041eb005e910200010000002a
:1018d8001e0f40000080fa00000006000800fa0011
:1018e80020079800310798000e80e80013002000b8
:1018f8000001780031e02a002e009000740b0700e8
:101908000000e00023003200ae40900010c3b30096
:1019180080cf50000e003a00c0af80006800600021
:101928000000e0000a003a00c0af80000030a000cc
:10193800c0af8800c0af80000000a100c0af880021
:10194800c0af80000020a000c0af880011003700a1
:10195800ae40900010c3b30080cf50000d0032009d
:10196800c0af8000680060000000e000090032009d
:10197800c0af80000030a100c0af8800c0af8000b9
:101988000000a100c0af8800c0af80000020a00008
:10199800c0af88000e80e800130020000001780026
:1019a80071e02a002e009000490b07000000e000bb
:1019b80023003200ae40900010c3b30080cf500027
:1019c8000e003a00c0af8000700060000000e00028
:1019d8000a003a00c0af80000040a000c0af8800f5
:1019e800c0af80000000a100c0af8800c0af800079
:1019f8000020a000c0af880011003700ae40900062
:101a080010c3b30080cf50000d003200c0af80007b
:101a1800700060000000e00009003200c0af8000e4
:101a28000040a100c0af8800c0af80000000a10046
:101a3800c0af8800c0af80000020a000c0af880001
:101a4800b1e02a0010b1200078be020001000000b9
:101a5800000f78009e00780010b1200080804000c0
:101a6800c0af80004300de00614060000041eb0031
:101a78005e910200010000001e0f400091e12a0063
:101a880010b1200078be020001000000000f7800ad
:101a98009e00780010b1200080804000c0af800018
:101aa8004400de00614060000041eb005e910200ee
:101ab800010000001e0f40001e0fe80010b12000ba
:101ac8001e0040008040eb00014878000080fa00ca
:101ad800000006000200fa00000f7800b0ae2000f7
:101ae800104078000004e0001c00320001003700bc
:101af8001e0fe8001e0078009040780000c2b30076
:101b080080cf5000070032001e0078001040780097
:101b18000004e000f6ff3a00030037001e0fe8005b
:101b280001003700000000001e0078009040780097
:101b380000c2b30080cf5000f8ff32001e007800ca
:101b4800104078000004e000040032000041eb007f
:101b58009e007800b0ae2000970b070010b120005f
:101b6800a4e007000080fa00000006001c00fa004c
:101b7800500f9800930120000e017800f1832a008d
:101b88005e089000d20a07000000e0000c00320056
:101b98009e407800a0c5b30080cf500004003a00f2
:101ba800b0ae20008040eb00014878000400370008
:101bb8008e007800b0ae200078be02000100000060
:101bc80010b120008be007000080fa00000006003a
:101bd8000a00fa0030079800410798000e80e800d4
:101be8002300200000017800e1e12a003e00900077
:101bf800b70a07000000e000200032002e409000e5
:101c08008040780000cdb30080c0400000c52000af
:101c18000148780000c52000104078000004e0006a
:101c28001300320000c5200010407800e44f500037
:101c38000f003e0021e22a0010b1200078be020009
:101c480001000000000f78009e00780010b120000d
:101c58008080400000c52000104078000041eb0063
:101c68005e910200010000001e0f400003003700d3
:101c780000c520008040eb00014878000080fa0091
:101c8800000006001200fa0070079800010f980083
:101c98000e80e8001300200000017800f1e22a001d
:101ca8007e0090008a0a07000000e0001800320059
:101cb800ae40900030c5b30080cf500008003a0015
:101cc80010c0b30076a602000100000041e32a001c
:101cd80010b1200078be020001000000000f78005b
:101ce800ae409000e0c4b30080cf500008003a0036
:101cf80021e42a0010b1200078be02000100000093
:101d0800000f78000040eb0076a6020001000000fa
:101d18000080fa00000006000400fa00000f7800b6
:101d28001107980090628000520a20008000780015
:101d380010b120006c310200010000000080fa00a0
:101d4800000006000c00fa003007980041079800d0
:101d5800224f98000e00e8001300200000017800d0
:101d680001e52a003e009000590a07000000e00043
:101d7800110032001e4090008040780000cdb30072
:101d880000c04000104798001e409000e64f5000e9
:101d980009003c009e40900050f020000148780067
:101da80000f02000bc4002000100000000f020000c
:101db80020400200010000000e00e800330020006f
:101dc8000001780041e52a003e009000400a070023
:101dd8000000e000080032009e40900010c3b300ed
:101de80080cf500004003a0011c0b3000002200068
:101df80034280200010000000e00e8003300200033
:101e08000001780091e52a003e009000300a0700a2
:101e18000000e000080032009e40900010c3b300ac
:101e280080cf500004003a0011c0b3000004200025
:101e380034280200010000000e00e80033002000f2
:101e480000017800e1e52a003e009000200a070022
:101e58000000e000310032009e40900010c3b30043
:101e680080cf500011003a0010c420009040780044
:101e7800a0c5b30080cf50000c003a0010c4200069
:101e880051cab30001487800c5262200e426220082
:101e980013c4200012c0b300b12e200000c5b30047
:101ea8005e3a020001000000140037009e409000d6
:101eb80000c3b30080cf500010003a0010c42000c7
:101ec80090407800a0c5b30080cf50000b003200ce
:101ed80010c42000a1c5b30001487800c52622001f
:101ee800e426220013c4200012c0b300b12e200043
:101ef80000c5b3005e3a020001000000c5262200ba
:101f0800e426220013c4200012c0b300b12e200022
:101f180000c5b300b23b0200010000000e00e8005b
:101f2800330020000001780031e62a003e009000ce
:101f3800e70907000000e0001a0032000e00e80080
:101f48005a8e020001000000004f780020c42000d3
:101f5800104078009e4f50000a00320020c4200034
:101f68001e487800c5262200e426220023c420004b
:101f780012c0b300e12e200000c5b3005e3a020093
:101f880001000000c5262200e426220023c4200008
:101f980012c0b300e12e200000c5b300b23b02001e
:101fa8000100000090628000530a20002e49900032
:101fb8008000780010b120002024020001000000f9
:101fc8000080fa00000006000a00fa0030079800b6
:101fd800410798000e80e8001300200000017800f7
:101fe80081e62a003e009000b90907000000e000e1
:101ff8000b003200ae40900010c3b30080cf5000f9
:1020080004003a0011c0b30020c0b30084dd07000b
:10201800030037008040eb0020c0b30080dd0700dc
:10202800e1e62a0010b1200078be0200010000009d
:10203800000f78009e00780010b1200080804000da
:10204800a02022001040780012c0b3005e91020068
:10205800010000001e0f40009e00780010b1200013
:1020680000804000c1e72a0078be0200010000009d
:102078001e0f4000001f2200104078000004e000fe
:10208800080032009e00780010b120000080400057
:10209800011f220078be0200010000001e0f400050
:1020a800070037009e00780010b120000080400033
:1020b800b1482a0078be0200010000001e0f40004f
:1020c8009e00780010b120000080400021e82a001e
:1020d80078be0200010000001e0f40009e0078003c
:1020e80010b120000080400080007800b02022005d
:1020f80098e007000080fb001e0f40009e0078005b
:1021080010b120000080400071e82a0078be02006b
:10211800010000001e0f400000c42000104078009d
:102128000080fb00620060000000e0000800320050
:102138009e00780010b120000080400051492a001c
:1021480078be0200010000001e0f400007003700a3
:102158009e00780010b120000080400071492a00dc
:1021680078be0200010000001e0f40000e80e8004b
:102178001300200000017800718a2a003e009000b8
:10218800530907000000e0000e003200ae40900046
:1021980010c3b30080cf50000a003a00a0202200ec
:1021a8008040eb00014878009e00780010b12000c4
:1021b80000804000e1e82a0078be0200010000002b
:1021c8001e0f40000080fa00000006000800fa0018
:1021d800300798000e80e8003300200000017800e6
:1021e80051e92a003e009000390907000000e0008c
:1021f8000a0032000e80e8005a8e0200010000003a
:102208003180200080487800408020008040eb002a
:1022180001487800401f2000c0968800a1e92a00e4
:1022280010b1200078be020001000000000f780005
:102238009e00780010b1200080804000308020008f
:102248001040780032c0b3005e9102000100000027
:102258001e0f40009e00780010b120000080400052
:10226800d1ea2a0078be0200010000001e0f4000db
:10227800014122001e01780010b120000000410039
:1022880078be0200010000001e0f40000080fa0026
:10229800000006000a00fa0030079800410798007d
:1022a800130020000e017800b1812a003e00900042
:1022b800070907000000e0003b0032009e4078005c
:1022c80010c3b30080cf5000040032009e40780055
:1022d80020c3b30080cf500015003a001e4078009c
:1022e8008040780000cdb30080c04000c0c7200007
:1022f80001487800640047000001780031eb2a00ab
:102308003e009000eabf0200010000000000e0006b
:102318000a003200c0c720001040780080407800d2
:102328000134a000c0c7200001487800030037002e
:10233800c0c720008040eb00014878004e009000a4
:102348000000e00018003200a021220010407800b0
:102358000004e00014003a00c20120008000eb00f5
:10236800a02122002605020000000000ce009000f7
:10237800a021220078be020001000000640047008e
:102388000001780091eb2a003e009000eabf0200ad
:10239800010000000000e00003003200502322008a
:1023a80011c0b30001487800c0c720001040780071
:1023b8000004e0000700320010b120008040eb006c
:1023c80001487800e01e220011c0b30001487800df
:1023d80011003700e1eb2a0010b1200078be02009e
:1023e80001000000200798002e009000800078006f
:1023f80010b1200080804000c0c720001040780045
:1024080012c0b3005e91020001000000ae0090000f
:1024180001004000200798000080fa000000060034
:102428000200fa00000f7800f0a8210010407800a0
:102438000081fb00d0aa2100104078008080fb00ba
:10244800e0a18000821f7800811f7800801f78003b
:10245800f0ec2a00801f780010b12000d60402009a
:1024680000000000e88757000080fa00000006001e
:102478000400fa00000f780011079800c0c7200078
:1024880011c0b30001487800e01e220011c0b3005b
:10249800014878001e0090000000e0000e003200a5
:1024a800a0212200104078000004e0000a003a0051
:1024b8009e009000a021220078be020001000000ca
:1024c8004023220011c0b3000148780050232200a5
:1024d8008040eb00014878000080fa000000060008
:1024e8000e00fa0050079800610798000e80e80077
:1024f8001300200000017800b1ee2a005e00900071
:10250800730807000000e0001c003200ae40900095
:1025180010c3b30080cf500018003a0030cc200020
:1025280011c0b300014878006e0090000000e00080
:10253800120032006e009000104078000004e000a5
:102548000e003200ee00900060cc200078be020041
:10255800010000006e0090008040eb000148780008
:10256800a0ae200010407800e94f500003003e0064
:10257800a0ae2000a1c0b300014878000e80e8009a
:10258800330020000001780001ef2a005e0090006f
:102598004f0807000000e0000b0032000e80e80042
:1025a8009c8e0200010000000000fb0020668800ed
:1025b800206680000000e0000300320030cc2000dc
:1025c8008040eb00014878000e80e80053002000ae
:1025d8000001780071ef2a005e0090003c080700b7
:1025e8000000e000220032000e80e8002493020080
:1025f80001000000000f7800f02381009e007800a1
:10260800808f50001a003200f07022009e0078007f
:10261800808f5000160036009e007800f123890054
:10262800e0472200c5262200e42622008001780027
:1026380022c0b300f12e200000c5b3005e3a0200ac
:10264800010000000000eb00f0238900e0472200b1
:10265800c5262200e42622008001780022c0b300ab
:10266800f12e200000c5b300b23b020001000000bb
:102678000e80e8005300200000017800c1ef2a0016
:102688005e009000120807000000e00022003200ff
:102698000e80e8002493020001000000000f78007b
:1026a800002481009e007800808f50001a003200bc
:1026b800400125009e007800808f500016003e00e3
:1026c8009e0078000124890000482200c5262200c7
:1026d800e42622008001780022c0b300112f2000d8
:1026e80000c5b3005e3a0200010000000000eb00e4
:1026f8000024890000482200c5262200e426220082
:102708008001780022c0b300112f200000c5b3005b
:10271800b23b0200010000000e80e80053002000d8
:102728000001780011f02a005e009000e807070019
:102738000000e000220032000e80e800249302002e
:1027480001000000000f7800102481009e0078002e
:10275800808f50001a003200007721009e00780018
:10276800808f500016003e009e00780011248900da
:1027780020482200c5262200e42622008001780095
:1027880022c0b300312f200000c5b3005e3a02001a
:10279800010000000000eb001024890020482200fe
:1027a800c5262200e42622008001780022c0b3005a
:1027b800312f200000c5b300b23b02000100000029
:1027c8000e80e800330020000001780071f02a0034
:1027d8005e009000be0707000000e0001a0032000b
:1027e8000e80e8005a8e020001000000004f980099
:1027f8008e489000604822001040780080cf50003a
:102808001100320068004700c5262200e426220095
:102818008001780012c0b3004102200000c5b30057
:102828005e3a020001000000c5262200e4262200cc
:102838006348220012c0b3004102200000c5b30063
:10284800b23b0200010000000e80e80053002000a7
:1028580000017800b1f02a005e0090009c07070094
:102868000000e0001e0032000e80e8002493020001
:1028780001000000000f7800202481009e007800ed
:10288800808f5000160032009e00780021248900b5
:1028980040482200c5262200e42622008001780054
:1028a80022c0b300c12f200000c5b3005e3a020069
:1028b800010000009e007800212489004048220081
:1028c800c5262200e42622008001780022c0b30039
:1028d800c12f200000c5b300b23b02000100000078
:1028e80010b120001e2a0200010000000080fa003a
:1028f800000006000800fa00200798003107980039
:1029080011f12a0010b1200078be02000100000079
:10291800000f78000000eb00100798009e00780078
:1029280010b12000808040001e0090004200dd00b1
:102938000080e80092ea20006240780022c0b300dc
:102948005e910200010000001e0f40009e0078000a
:1029580010b12000808040001e0090004200dd0081
:1029680082ea20006240780022c0b3005e91020033
:10297800010000001e0f40009e00780010b12000ea
:10298800808040001e0090004200dd0092ea200096
:102998006240780022c0b3005e910200010000008e
:1029a8001e0f40009e00780010b12000808040007b
:1029b8001e0090004200dd000080e80082ea20004e
:1029c8006240780022c0b3005e910200010000005e
:1029d8001e0f40009e00780010b1200000804000cb
:1029e800e1502a0078be0200010000001e0f4000de
:1029f8001e0090000000e800100798001e009000dc
:102a0800f30f500004003c00500920009e0078009d
:102a1800808f5000c1ff34000080fa0000000600db
:102a28008400fa000087980011879800a1f12a0015
:102a380010b1200078be020001000000000f7800ed
:102a4800d1b3800000202000008060000000e0007a
:102a580023013a009e00780010b120000080400059
:102a680051f22a0078be0200010000001e0f40004b
:102a7800660047005306200000017800b1f22a00e2
:102a88000e809000120707000000e00025003200c9
:102a98000000eb0020079800715d210066004700e8
:102aa800030220000101780001f32a00080707004b
:102ab800030037002e0090000000e800200798006f
:102ac8002e009000ff0f500009003c002e009000df
:102ad8008119200080804000e043210000804000f0
:102ae80090409000f0c2b30080cf5000f1ff3a0050
:102af800ae009000605d2100008040008040eb0047
:102b0800114098002e00900069004000e600470040
:102b180000804000800078003060210078be02000c
:102b2800010000009e00780010b1200000804000e5
:102b380001f32a0078be0200010000001e0f4000c9
:102b4800715d21001e01780010b1200000004100d5
:102b580078be0200010000001e0f40009e007800b1
:102b680010b1200000804000a1502a0078be020069
:102b7800010000001e0f40009e00780010b12000e8
:102b8800008040003160210078be02000100000092
:102b98001e0f40009e00780010b120000080400009
:102ba80091f32a0078be0200010000001e0f4000c9
:102bb80066004700530020000001780001f42a0055
:102bc8000e809000c20607000000e00005003200f9
:102bd80066004700249302000100000000b088004e
:102be800020037000000eb0000b088009e0078006b
:102bf80010b120008080400000b080006c8f02007f
:102c0800010000001e0f40009e00780010b1200057
:102c18000080400061f42a0078be02000100000034
:102c28001e0f4000660047001300200000017800d6
:102c3800c1f42a000e809000a50607000000e000fd
:102c48007f003200660047005a8e02000100000033
:102c58002160210080487800206021001040780021
:102c68000004e00005003a0011f52a007066210012
:102c780078be0200010000006d00370020602100ce
:102c880010407800e14f500005003a00d1f52a00c5
:102c98007066210078be0200010000006400370061
:102ca8002060210010407800e24f500005003a00f3
:102cb800d1f62a007066210078be020001000000eb
:102cc8005b0037002060210010407800e34f50007f
:102cd80009003a00c1f72a007066210078be020098
:102ce800010000009e809000902a210078be02001a
:102cf800010000004e0037002060210010407800dd
:102d0800e44f50004a003a006600470013002000d4
:102d180000017800e1f82a000e8090006c06070098
:102d28000000e00042003200660047005a8e0200b0
:102d380001000000204798002e4090000080fb0012
:102d4800e30f500021003200e30f500007003c0061
:102d5800e10f500013003200e10f500016003c0054
:102d68000000e0000a00320031003700e50f500093
:102d780020003200e50f500019003500e60f500022
:102d880021003200e70f50002400320028003700ed
:102d980071552a007066210078be0200010000000b
:102da8002300370041562a007066210078be0200d1
:102db800010000001e003700a15b2a007066210098
:102dc80078be0200010000001900370031f92a001e
:102dd8007066210078be0200010000001400370070
:102de800e15a2a007066210078be02000100000046
:102df8000f003700a1572a007066210078be020034
:102e0800010000000a00370071582a00706621008e
:102e180078be0200010000000500370041592a0071
:102e28007066210078be020001000000000000006a
:102e38009e809000f028210078be0200010000006a
:102e48009e00780010b120008080400020602100a2
:102e58001040780012c0b3005e910200010000002b
:102e68001e0f40002060210010407800e44f500001
:102e780010003a009e00780010b120000080400049
:102e8800f1f92a0078be0200010000001e0f400080
:102e98009e00780010b120000080400012c0b300ee
:102ea800800078002e4090005e9102000100000032
:102eb8001e0f400030602100104078000004e00040
:102ec8000e003200d0b380000090a000d0b388007c
:102ed800d0b3800000b0a100d0b38800070037004d
:102ee8009e00780010b120000080400051fa2a00ae
:102ef80078be0200010000001e0f40001e0fe8000f
:102f080010b120001e0040008040eb00014878000e
:102f18000080fa00000006006e00fa0030379800c2
:102f28004137980052379800633798000e80e800c0
:102f38009301200000017800f1832a003e309000c0
:102f4800e30507000000e000630032007c00470052
:102f5800630020000001780061fb2a003e309000e9
:102f6800db0507000000e000710032007c0047002c
:102f78008000780060b02000020602000000000017
:102f88000000e0006a003a00300220000e00400015
:102f9800020120008000eb0026050200000000006e
:102fa800300220000e004000c5262200e426220040
:102fb80080017800f2c0b3006102200000c5b300b0
:102fc800b23b020001000000310320008e80400067
:102fd800300220000e004000d0bc020001000000ba
:102fe8008e80e800300320000e00400040c0020040
:102ff80001000000e54f50004d00360050b02000a1
:1030080010407800e34f500049003a0050b02000cb
:1030180041c0b300014878004e3090000000e00045
:10302800290032005e3090000000e00026003200e7
:103038006e3090000000e00023003200d004200031
:103048000e004000a1fb2a0078be0200010000002b
:10305800000f78001e007800d10420008e80400008
:1030680000804000de30900078be020001000000c1
:103078001e0f40001e007800d10420008e80400002
:1030880000804000e1bf2a0078be02000100000075
:103098001e0f40001e007800d10420008e804000e2
:1030a80000804000ee30900078be02000100000071
:1030b8001e0f4000d00420000e00400012c0b300d4
:1030c8008000eb0030ee0700e01e220011c0b300c4
:1030d80001487800160037000e80e80093012000b0
:1030e80000017800f1e22a003e30900078050700e0
:1030f8000000e00007003200ae40900010c3b300ab
:1031080080cf500003003a0050b0200021c0b30027
:103118000148780050b02000104078000004e0001a
:1031280003003a0050b0200011c0b30001487800f5
:10313800e1fb2a0010b1200078be02000100000067
:10314800000f78009e00780010b1200080804000b9
:1031580050b02000104078000041eb005e91020062
:10316800010000001e0f40000080fa000000060069
:103178001a00fa00889fbe00300f9800410f98008f
:1031880041fd2a0010b1200078be020001000000b5
:10319800100798009e00900010b1200000804000a9
:1031a80031fe2a0078be0200010000009e00900057
:1031b80000804000100798009e00900010b1200089
:1031c80000804000a1fe2a0078be02000100000035
:1031d8009e00900000804000100798009e0090001c
:1031e80010b1200000804000f1fe2a0078be0200e5
:1031f800010000009e009000008040001007980029
:1032080065004700c5262200e426220080017800d8
:1032180032c0b3007103200000c5b300b23b020006
:10322800010000009e00900010b1200000804000c6
:10323800b1ff2a0078be0200010000009e00900045
:1032480000804000100798005e409000e14f400069
:1032580003003a0010c0b300004f780002003700a6
:103268000040eb00004f78009e00900010b1200055
:10327800808040005e409000e4920200010000005f
:103288009e009000008040001007980010c0b30016
:1032980040479800200037009e00900010b12000a1
:1032a80000804000e1502a0078be020001000000c2
:1032b8009e00900000804000100798009e0090003b
:1032c80010b12000808040004e4090000080fb003c
:1032d8000000470050409000e49202000100000006
:1032e8009e00900000804000100798004e4090001b
:1032f8000080fb000000470050409000e14f400074
:10330800020032000040eb00004f78004e40900071
:103318000040e800404798004e409000e24f5000bf
:10332800ddff36007300470013002000000178001d
:1033380001002b003e089000e50407000000e000b3
:10334800180032000040eb0040579800be50900033
:10335800f0c2b30080cf500007003600be50900086
:1033680090c3b30080cf500003003e001e40780099
:10337800e14f500002003a0000c3b30030579800f4
:1033880073004700c5262200e42622008001780049
:1033980012c0b300e101200000c5b3005e3a02008c
:1033a800010000009e00900010b120000080400045
:1033b80041002b0078be0200010000009e00900032
:1033c800008040001007980073004700c5262200bf
:1033d800e42622008001780012c0b300e101200039
:1033e80000c5b300b23b0200010000000040eb0042
:1033f80040579800be509000f0c2b30080cf5000f4
:103408000b003600be50900090c3b30080cf500030
:1034180007003e00be50900000c3b30080cf5000ac
:10342800100032001e407800e14f50000d003a00b5
:1034380000c3b300305798000040eb004057980095
:1034480073004700c5262200e42622008001780088
:1034580012c0b300e101200000c5b3005e3a0200cb
:1034680001000000f30047001e01900010b1200089
:103478000000410078be0200010000009e0090009c
:10348800008040001007980030422100104078006a
:103498000004e000130032009e00900010b12000ec
:1034a8000080400091002b0078be0200010000005f
:1034b8009e009000008040001007980031422100d3
:1034c8001e01900010b120000000410078be0200eb
:1034d800010000009e009000008040001007980046
:1034e800090037009e00900010b1200000804000c5
:1034f80001012b0078be0200010000009e00900030
:103508000080400010079800a03d2100104078007e
:103518000004e000130032009e00900010b120006b
:103528000080400081012b0078be020001000000ed
:103538009e0090000080400010079800a13d2100e7
:103548001e01900010b120000000410078be02006a
:10355800010000009e0090000080400010079800c5
:10356800090037009e00900010b120000080400044
:10357800f1012b0078be0200010000009e009000bf
:1035880000804000100798009e00900010b12000b5
:103598000080400071022b0078be0200010000008c
:1035a8009e0090000080400010079800f13e210026
:1035b8001e01900010b120000000410078be0200fa
:1035c800010000009e009000008040001007980055
:1035d800690047009300200000017800d1022b0009
:1035e8003e0890003a0407000000e00006003200a0
:1035f8009e48900010c3b30080cf500002003a00ec
:1036080010c0b300004f78001e407800e14f500012
:1036180068003a0069004700930020000001780024
:1036280031032b003e089000290407000000e00049
:10363800600032000040eb00404798000800370067
:103648004e4090000080fb00000047008040eb00e7
:10365800514098004e4090000040e80040479800d4
:103668004e409000e24f5000f5ff36000040eb005e
:10367800404798000000eb0010079800260037002c
:10368800e90047001e00900000804000904078004c
:10369800a0c3b30080cf500004003a004e40900011
:1036a8000040e80040479800180037004e4090005e
:1036b8000080fb00ce4090008180fb008100470025
:1036c800d1409000c408dd00000047005140980038
:1036d8004e4090000084fb004e4090000080fb00ac
:1036e80000004700d0449000e90047001e00900009
:1036f8000080400010407800ae90020001000000f9
:1037080080c0740008004700514098001e009000d7
:103718000000e80010079800e90047001e0090002c
:1037280000804000104078000004e00003003200f0
:103738004e409000e24f5000d1ff36004e409000be
:10374800e24f50001b003a0065004700c5262200e2
:10375800e42622008001780032c0b3007103200003
:1037680000c5b3005e3a02000100000000c3b300c8
:10377800305798000040eb0040579800730047000e
:10378800c5262200e42622008001780012c0b3007a
:10379800e101200000c5b3005e3a0200010000000c
:1037a8000040eb003057980073004700ce089000a7
:1037b8006ffe07001e0090000000e8001007980048
:1037c80011b120001e009000008040008040eb00f6
:1037d800014878004f04be000080fa00000006008f
:1037e8000200fa00000f780071032b0010b12000ce
:1037f80078be0200010000000080fa000000060008
:103808000c00fa0040079800510798000e80e80065
:103818004300200000017800d1042b004e009000e6
:10382800ab0307000000e0001d0032000e80e80036
:103838002493020001000000000f78000e80e800c9
:10384800130020000001780021052b004e00900095
:103858009f0307000000e00011003200ae40900016
:1038680000c3b30080cf500005003a001e00780066
:1038780011c0b3003428020001000000080037001e
:10388800ae40900010c3b30080cf500004003a004f
:103898001e00780011c0b300662802000100000075
:1038a8000080fa00000006000600fa0010079800e1
:1038b8002107980051052b0010b1200078be0200a6
:1038c80001000000000f78009e00780010b1200071
:1038d80000804000f1052b0078be020001000000c6
:1038e8001e0f40009e00780010b1200000804000ac
:1038f800c1062b0078be0200010000001e0f400028
:103908009e00780010b120000080400041072b0085
:1039180078be0200010000001e0f40009e007800e3
:1039280010b1200000804000f1072b0078be020093
:10393800010000001e0f40009e00780010b120001a
:1039480000804000d1082b0078be02000100000072
:103958001e0f40009e00780010b12000008040003b
:1039680041092b0078be0200010000001e0f400034
:103978009e00780010b1200000804000410a2b0012
:1039880078be0200010000001e0f40009e00780073
:1039980010b1200000804000110b2b0078be0200ff
:1039a800010000001e0f40000080fa000000060021
:1039b8000400fa00100798000040eb00004f780060
:1039c8001e0090000000e00003003a0010c0b300a1
:1039d800004f78002400370000c420001040780011
:1039e8000080fb00620060000000e0001700320069
:1039f8001e00900090407800b0c2b30080cf500005
:103a080012003a00a020220010407800e14f500038
:103a180007003e00a0202200104078008040e80007
:103a2800a02022000148780010c0b300004f7800a1
:103a38009e009000001f220078be020001000000d6
:103a4800b020220020400200010000009e009000eb
:103a5800001f220078be020001000000b0202200f2
:103a680020400200010000001e4078000080fa009b
:103a7800000006000e00fa00300798004107980081
:103a8800520798006307980010b120008040eb00af
:103a9800014878006400470000017800210c2b00e1
:103aa8003e009000eabf0200010000000000e000b4
:103ab80004003200e01e220011c0b3000148780063
:103ac80003003700e01e22008040eb000148780028
:103ad8003e009000104078000000fb006101b90032
:103ae800f0fb2f00f1ff2f00020040008380480008
:103af8005201200003002000820f5000838f5800dd
:103b08008f023e00006001001500370027003700d3
:103b1800300037006f003700890237009c003700fb
:103b2800c2003700e6003700f8003700840237008b
:103b38008302370008013700200137008002370070
:103b48003d0137004f0137007d0237006a01370019
:103b58008b013700e201370079023700390237005c
:103b6800810c2b003e009000b8bd0200010000004f
:103b78000000e00003003200ce0090003e009000fc
:103b8800ebdf0700e10c2b003e009000b8bd0200ff
:103b9800010000000000e00048023200ce00900062
:103ba8003e009000b3df070065023700410d2b008f
:103bb8003e009000b8bd0200010000000000e000d7
:103bc80040023200ce0090003e00900077e00700ef
:103bd8005b023700810d2b003e009000b8bd02004b
:103be800010000000000e00003003200ce00900059
:103bf8003e009000a5e00700c10d2b003e0090009c
:103c0800b8bd0200010000000000e000030032001f
:103c1800ce0090003e0090008ee20700410e2b007f
:103c28003e009000b8bd0200010000000000e00066
:103c380003003200ce0090003e009000f4e207003e
:103c4800a10e2b003e009000b8bd0200010000004c
:103c58000000e00003003200ce0090003e0090001b
:103c680064e60700010f2b003e009000b8bd02007b
:103c7800010000000000e00003003200ce009000c8
:103c88003e00900050e70700410f2b003e009000d7
:103c9800b8bd0200010000000000e000030032008f
:103ca800ce0090003e009000dfe70700810f2b0058
:103cb8003e009000b8bd0200010000000000e000d6
:103cc80002023200ce0090003e009000fae80700a1
:103cd8001b02370031102b003e009000b8bd0200d7
:103ce800010000000000e00003003200ce00900058
:103cf8003e009000ecfe0700a1102b003e00900053
:103d0800b8bd0200010000000000e000040032001d
:103d18000041eb00ce0090003e0090001aeb070037
:103d2800d1102b003e009000b8bd02000100000039
:103d38000000e00003003200ce0090003e0090003a
:103d480064ea070031112b003e009000b8bd020064
:103d5800010000000000e00003003200ce009000e7
:103d68003e009000d3e9070091112b003e0090001f
:103d7800b8bd0200010000000000e000d5013200db
:103d880080a4200011c0b30001487800ec0137007e
:103d9800e1112b003e009000b8bd020001000000b8
:103da8000000e000060032004e0090000000e00035
:103db80003003a00ce0090003e009000efeb0700b1
:103dc80031122b003e009000b8bd02000100000037
:103dd8000000e000020032003e00900080fe070074
:103de80071122b003e009000b8bd020001000000d7
:103df8000000e00003003200ce0090003e0090007a
:103e08002cea0700b1122b003e009000b8bd02005a
:103e1800010000000000e000b0013200ce00900078
:103e28003e00900076fe0700c501370051132b00b5
:103e38003e009000b8bd0200010000000000e00054
:103e480003003200ce0090003e009000fceb07001b
:103e5800a1132b003e009000b8bd02000100000035
:103e68000000e00003003200ce0090003e00900009
:103e7800a4f10700f1132b003e009000b8bd02002a
:103e8800010000000000e00003003200ce009000b6
:103e98003e009000caf2070061142b003e0090001b
:103ea800b8bd0200010000000000e0008d013200f2
:103eb800ce0090003e009000ecf10700a001370012
:103ec800e1142b003e009000b8bd02000100000084
:103ed8000000e00003003200ce0090003e00900099
:103ee80084fa070021152b003e009000b8bd02009f
:103ef800010000000000e0007c013200ce009000cc
:103f08003e009000c6fa07008d013700b1152b005e
:103f18003e009000b8bd0200010000000000e00073
:103f280003003200ce0090003e00900038f40700f5
:103f380001162b003e009000b8bd020001000000f1
:103f48000000e0006b013200ce0090003e009000bf
:103f580065f407007a01370051162b003e009000e7
:103f6800b8bd0200010000000000e00003003200bc
:103f7800ce0090003e00900049f50700b1162b00d6
:103f88003e009000b8bd0200010000000000e00003
:103f980006003a0021172b003e009000b8bd020031
:103fa800010000000000e00054013200ce00900043
:103fb8003e00900085f4070061013700a1172b002f
:103fc8003e009000b8bd0200010000000000e000c3
:103fd800060032004e0090000000e00003003a00a6
:103fe800ce0090003e00900031d8070021182b0029
:103ff8003e009000b8bd0200010000000000e00093
:1040080003003200ce0090003e00900097da0700cf
:1040180081182b003e009000b8bd0200010000008e
:104028000000e00037013200ce0090003e00900012
:10403800bed907004201370001192b003e0090004d
:10404800b8bd0200010000000000e00003003200db
:10405800ce0090003e00900044dd0700a1192b001f
:104068003e009000b8bd0200010000000000e00022
:1040780026013200ce0090003e00900071dd07005e
:104088002f013700111a2b003e009000b8bd020026
:10409800010000000000e00003003200ce009000a4
:1040a8003e0090001edd0700411a2b003e009000e4
:1040b800b8bd0200010000000000e000040032006a
:1040c80012c0b300ce0090003e0090001df707001c
:1040d800b11a2b003e009000b8bd0200010000009c
:1040e8000000e0000b013200ce0090003e0090007e
:1040f800dff8070012013700211b2b003e0090005b
:10410800b8bd0200010000000000e0000600320017
:104118004e0090000000e00003003a00ce0090003e
:104128003e0090007bf50700c11b2b003e0090006d
:10413800b8bd0200010000000000e00006003200e7
:104148004e0090000000e00003003a00ce0090000e
:104158003e009000b8f50700511c2b003e0090006f
:10416800b8bd0200010000000000e000eb003200d2
:10417800ce0090003e0090008df50700f00037005b
:10418800c11c2b003e009000b8bd020001000000d9
:104198000000e00003003200ce0090003e009000d6
:1041a800cef50700411d2b003e009000b8bd02006f
:1041b800010000000000e00003003200ce00900083
:1041c8003e0090009ce70700e11d2b003e00900098
:1041d800b8bd0200010000000000e0000500320048
:1041e8000041eb00ce0090003e009000d5f607009d
:1041f800d3003700111e2b003e009000b8bd02000e
:10420800010000000000e000050032004e009000b0
:104218000000e00002003a003e00900053f607005c
:10422800511e2b003e009000b8bd020001000000a6
:104238000000e000050032004e0090000000e000a1
:1042480002003a003e00900022f60700811e2b0073
:104258003e009000b8bd0200010000000000e00030
:1042680003003200ce0090003e00900058f6070090
:1042780031752a003e009000b8bd02000100000020
:104288000000e00003003200ce0090003e009000e5
:104298007cf60700f11e2b003e009000b8bd02001e
:1042a800010000000000e00003003200ce00900092
:1042b8003e00900044f70700711f2b003e0090005d
:1042c800b8bd0200010000000000e00095003200c7
:1042d800ce0090003e0090008ff60700980037004f
:1042e800b11f2b003e009000b8bd02000100000085
:1042f8000000e000290032004e0090000000e000bd
:1043080026003a0060802000104078000004e00099
:1043180004003200608020008040eb0001487800f3
:10432800030037006080200011c0b3000148780006
:1043380011202b0010b1200078be020001000000ff
:10434800200798002e0090008000780010b120000f
:104358008080400060802000104078000041eb0021
:104368005e91020001000000ae00900001004000d4
:10437800200798002e0090008000780010b12000df
:1043880000804000b14b2a0078be02000100000006
:10439800ae0090000100400020079800d1202b00bb
:1043a8003e009000b8bd0200010000000000e000df
:1043b800040032004e0090000000e00001003a00c6
:1043c800ffff370021212b003e009000b8bd0200fe
:1043d800010000000000e000050032004e009000df
:1043e8000000e00002003a003e0090000cf80700d0
:1043f80071212b003e009000b8bd020001000000b2
:104408000000e00003003200ce0090003e00900063
:10441800a0f7070011222b003e009000b8bd020053
:10442800010000000000e000400032004e00900053
:104438000000e0003f003a003e00900063f70700ec
:104448003f003700d1222b003e009000b8bd02008b
:10445800010000000000e00003003200ce009000e0
:104468003e0090001ef8070021232b003e0090001c
:10447800b8bd0200010000000000e00003003200a7
:10448800ce0090003e00900039fb0700a1232b00ce
:104498003e009000b8bd0200010000000000e000ee
:1044a80026003200ee0190005e019000ce009000e0
:1044b8003e00900098fa0700210037000000000035
:1044c8001f003700000000001d003700000000003a
:1044d8001b00370000000000190037000000000032
:1044e800170037000000000015003700000000002a
:1044f8001300370000000000110037000000000022
:104508000f003700000000000d0037000000000019
:104518000b00370000000000090037000000000011
:104528000700370000000000050037000000000009
:104538000300370000000000010037000000000001
:10454800e01e2200104078000004e000070032005e
:1045580010b120008040eb0001487800a0ae200098
:10456800a1c0b300014878005700370010b12000ff
:10457800104078000004e00034003a004e0090003b
:104588000bfd0700204798002e4090000004e00033
:104598002200320091242b0010b1200078be0200c6
:1045a80001000000200798000000eb00000f7800d1
:1045b8000b0037002e0090009e0078003e0190000e
:1045c800810041001141780011b12000827078000b
:1045d8002e0090000000e800200798001e0fe80059
:1045e800ae009000400a2000808f500006003c007a
:1045f8001e007800be009000008040001040780047
:104608000004e000ebff3a002e00900011b12000fa
:104618000041eb00827078001b00370048c302009d
:104628000100000010252b000ac302000100000051
:104638004e0090000ac3020001000000b04b2a009f
:104648000ac30200010000000f0037004e0090006e
:104658000000e00009003200ce009000001f220098
:1046680002060200000000000000e00003003a001b
:10467800a02022008040eb0001487800a0ae200076
:10468800e1c1b300014878004e0090000000e0004e
:104698000d003a0010b12000104078000004e0003e
:1046a8000900320010b120000ac302000100000016
:1046b800b04b2a000ac302000100000010b120001c
:1046c8008040eb00014878000080fa0000000600f6
:1046d8000e00fa003007980041079800520798002a
:1046e800630798000000eb00000f78003e00900080
:1046f8000000e00043003200640047000001780039
:10470800ce0090003e009000eabf020001000000c9
:104718000000e0003b0032004e00900016910200bd
:1047280001000000ae009000010040002007980042
:104738000000eb00100798000e0037001e009000e4
:10474800de00900000804000ae0090003e01900026
:104758008100410091407800014878002e009000c7
:104768000000e800200798001e0090000000e80004
:10477800100798009e0090006e009000808f5000f7
:1047880019003d002e009000be00900000804000ff
:104798009040780000c2b30080cf50001200320071
:1047a8002e009000be00900000804000104078006d
:1047b800ea4f50000c0032002e009000be0090001e
:1047c8000080400010407800ed4f50000600320095
:1047d8002e009000be00900000804000104078003d
:1047e8000004e000d5ff3a001e009000de009000b3
:1047f800008040008040eb00014878001000200055
:10480800000f78001e0078000080fa000000060003
:104818000e00fa00300798004107980052079800e8
:10482800630798000000eb00000f78003e0090003e
:104838000000e000430032006400470000017800f7
:10484800ce0090003e009000eabf02000100000088
:104858000000e0003b0032004e009000169102007c
:1048680001000000ae009000010040002007980001
:104878000000eb00100798000e0037001e009000a3
:10488800de00900000804000ae0090003e019000e5
:104898008100410091407800014878002e00900086
:1048a8000000e800200798001e0090000000e800c3
:1048b800100798009e0090006e009000808f5000b6
:1048c80019003d002e009000be00900000804000be
:1048d8009040780000c2b30080cf50001200320030
:1048e8002e009000be00900000804000104078002c
:1048f800ea4f50000c0032002e009000be009000dd
:104908000080400010407800ed4f50000600320053
:104918002e009000be0090000080400010407800fb
:104928000004e000d5ff3a001e009000de00900071
:10493800008040008040eb00014878001000200013
:10494800000f78001e0078000080fa0000000600c2
:104958000400fa00100798000040eb00004f7800b0
:10496800040037001e0090000000e80010079800bf
:104978001e4fe8001e009000104078004cbf020057
:10498800010000000000e000f6ff3a001e40780039
:10499800e44f500003003a0010c0b300004f780005
:1049a800020037000040eb00004f78001e407800fe
:1049b8000080fa00000006000800fa0010079800be
:1049c80021079800624798006e4090000080fb0025
:1049d80061006000004078000004e0000700320039
:1049e80012c0b300ae0090001e00900066a5020041
:1049f80001000000004f7800060037000041eb007e
:104a0800ae0090001e00900066a5020001000000a4
:104a1800004f78001e407800e14f500008003a002f
:104a28008042eb000002eb008001eb00829721003e
:104a3800718d2100a0262b0057d5070007003700ed
:104a48008042eb000002eb008001eb001e019000a9
:104a5800ae00900020272b004fd507001e4078009d
:104a68000080fa00000006000600fa00100798000f
:104a780021079800ae0090001e00900014a60200c6
:104a880001000000004f78001e407800e14f500000
:104a980008003a0015c0b3000002eb008001eb00eb
:104aa8001e01900061502100a0262b003ad5070076
:104ab8000700370015c0b3000002eb008001eb00cf
:104ac8001e019000ae00900020272b0032d5070071
:104ad8001e4078000080fa00000006000800fa0076
:104ae800204798002107980032079800a1272b003b
:104af80090a4200078be020001000000000f78009a
:104b0800420120008000eb0020e920002605020079
:104b18000000000020e92000c5262200e42622002b
:104b28008001780042c1b3004100200000c5b300f5
:104b3800b23b02000100000060ea20008040eb0068
:104b4800014878009e00780090a420000080400072
:104b580021e9200078be0200010000001e0f40007d
:104b68009e00780090a420000080400071282b004f
:104b780078be0200010000001e0f40009e00780071
:104b880090a4200000804000be00900078be020083
:104b9800010000001e0f40009e00780090a4200035
:104ba80000804000b1872a0078be020001000000a2
:104bb8001e0f40009e00780090a420000080400056
:104bc8000041eb00800078002e4090005e910200ca
:104bd800010000001e0f40009e00780090a42000f5
:104be80000804000e1522a0078be02000100000067
:104bf8001e0f40009e00780090a420008080400096
:104c0800906280006c8f0200010000001e0f4000bf
:104c18009e00780090a4200000804000d1282b003e
:104c280078be0200010000001e0f40009e007800c0
:104c380090a4200000804000202302000100000012
:104c48000080fb001e0f400012c0b30091a420009a
:104c58002e00900058ff07000080fa0000000600b0
:104c68000c00fa00204798002107980032079800a6
:104c780043079800244f9800354f98002e4890001d
:104c88000004e0000600320021292b0090a4200037
:104c980078be020001000000000f78000500370010
:104ca800312a2b0090a4200078be020001000000e9
:104cb800000f7800420120008000eb0020e920006e
:104cc800260502000000000020e92000c526220079
:104cd800e42622008001780042c1b3004100200090
:104ce80000c5b300b23b02000100000060ea2000ea
:104cf8008040eb00014878009e00780090a42000d6
:104d08000080400021e9200078be02000100000078
:104d18001e0f40002e4890000004e00008003200fa
:104d28009e00780090a4200000804000012b2b00fa
:104d380078be0200010000001e0f40000700370087
:104d48009e00780090a4200000804000b1472a000f
:104d580078be0200010000001e0f40009e0078008f
:104d680090a4200000804000be00900078be0200a1
:104d7800010000001e0f40002e4890000004e000d3
:104d880022003a003e4890000004e00010003a007b
:104d98009e00780090a4200000804000b1872a007f
:104da80078be0200010000001e0f40009e0078003f
:104db80090a42000008040000041eb0080007800b3
:104dc8002e4090005e910200010000001e0f40007e
:104dd8009e00780090a4200000804000e1522a0044
:104de80078be0200010000001e0f40009e007800ff
:104df80090a4200080804000906280006c8f0200a8
:104e0800010000001e0f40000e0037009e007800d1
:104e180090a4200000804000712b2b0078be020077
:104e2800010000001e0f40009e00780090a42000a2
:104e380080804000906280006c8f020001000000ba
:104e48001e0f40002e4890000004e00008003200c9
:104e58009e00780090a4200000804000f12b2b00d9
:104e680078be0200010000001e0f40000700370056
:104e78009e00780090a4200000804000f1462a009f
:104e880078be0200010000001e0f40009e0078005e
:104e980090a4200000804000800078004e00900020
:104ea8006c8f0200010000001e0f40003e48900079
:104eb8000004e0000400320091a420002e009000bd
:104ec800e9fe07000400370012c0b30091a42000d7
:104ed8002e009000b8fe07000080fa0000000600cf
:104ee8000c00fa0020479800210798003207980024
:104ef80043079800244f9800512c2b0090a42000c1
:104f080078be020001000000000f78004201200076
:104f18008000eb0020e920002605020000000000c8
:104f280020e92000c5262200e4262200800178001e
:104f380042c1b3004100200000c5b300b23b0200eb
:104f48000100000060ea20008040eb000148780082
:104f58009e00780090a420000080400021e92000f5
:104f680078be0200010000001e0f40009e0078007d
:104f780090a4200000804000b1472a0078be0200bb
:104f8800010000001e0f40009e00780090a4200041
:104f980000804000be00900078be020001000000c2
:104fa8001e0f40009e00780090a420000080400062
:104fb800b1872a0078be0200010000001e0f4000e1
:104fc8009e00780090a42000008040000041eb0083
:104fd800800078002e4090005e91020001000000e1
:104fe8001e0f40009e00780090a420000080400022
:104ff800f1462a0078be0200010000001e0f4000a2
:105008009e00780090a42000008040008000780076
:105018004e0090006c8f0200010000001e0f40003f
:105028009e00780090a4200000804000e1522a00f1
:1050380078be0200010000001e0f40009e007800ac
:1050480090a4200080804000906280006c8f020055
:10505800010000002e4890000004e0000400320027
:1050680091a420002e0090007ffe07000400370066
:1050780012c0b30091a420002e0090004efe07003d
:105088000080fa00000006000a00fa002047980095
:105098002107980032079800034f9800212d2b0014
:1050a80090a4200078be020001000000000f7800e4
:1050b800420120008000eb0020e9200026050200c4
:1050c8000000000020e92000c5262200e426220076
:1050d8008001780042c1b3004100200000c5b30040
:1050e800b23b02000100000060ea20008040eb00b3
:1050f800014878009e00780090a4200000804000bd
:1051080021e9200078be0200010000001e0f4000c7
:105118009e00780090a4200000804000b1472a003b
:1051280078be0200010000001e0f40009e007800bb
:1051380090a4200000804000be00900078be0200cd
:10514800010000001e0f40009e00780090a420007f
:1051580000804000b1872a0078be020001000000ec
:105168001e0f40009e00780090a4200000804000a0
:105178000041eb00800078002e4090005e91020014
:10518800010000001e0f40009e00780090a420003f
:1051980000804000e1522a0078be020001000000b1
:1051a8001e0f40009e00780090a4200080804000e0
:1051b800906280006c8f0200010000000e48900091
:1051c8000004e0000400320091a420002e009000aa
:1051d80025fe07000400370012c0b30091a4200088
:1051e8002e009000f4fd07000080fa000000060081
:1051f8000e00fa002047980021079800320798000f
:10520800034f9800144f9800254f9800364f980088
:10521800474f98004e4890000004e0000600320016
:10522800f12d2b0090a4200078be020001000000a0
:10523800000f780005003700d12e2b0090a4200025
:1052480078be020001000000000f78004201200033
:105258008000eb0020e92000260502000000000085
:1052680020e92000c5262200e426220080017800db
:1052780042c1b3004100200000c5b300b23b0200a8
:105288000100000060ea20008040eb00014878003f
:105298009e00780090a420000080400021e92000b2
:1052a80078be0200010000001e0f40004e4890002a
:1052b8000004e000080032009e00780090a420005e
:1052c80000804000012b2b0078be02000100000086
:1052d8001e0f4000070037009e00780090a42000b1
:1052e80000804000b1472a0078be0200010000009b
:1052f8001e0f40009e00780090a42000008040000f
:10530800be00900078be0200010000001e0f4000a1
:105318004e4890000004e0004f0032009e007800e4
:1053280090a4200000804000712b2b0078be020062
:10533800010000001e0f40009e00780090a420008d
:1053480080804000906280006c8f020001000000a5
:105358001e0f40009e00780090a4200000804000ae
:10536800a12f2b0078be0200010000001e0f400094
:105378009e00780090a42000008040000041eb00cf
:10538800800078000e4890005e9102000100000045
:105398001e0f40009e00780090a42000008040006e
:1053a800a1502a0078be0200010000001e0f400034
:1053b8009e00780090a42000008040000041eb008f
:1053c800800078001e4890005e91020001000000f5
:1053d8001e0f40009e00780090a42000008040002e
:1053e800f12f2b0078be0200010000001e0f4000c4
:1053f8009e00780090a42000008040000041eb004f
:10540800800078003e4890005e9102000100000094
:105418001e0f40009e00780090a4200000804000ed
:1054280041302b0078be0200010000001e0f400032
:105438009e00780090a42000008040000041eb000e
:10544800800078002e4890005e9102000100000064
:105458001e0f40001e0037009e00780090a4200018
:1054680000804000b1872a0078be020001000000d9
:105478001e0f40009e00780090a42000008040008d
:105488000041eb00800078002e4090005e91020001
:10549800010000001e0f40009e00780090a420002c
:1054a80000804000e1522a0078be0200010000009e
:1054b8001e0f40009e00780090a4200080804000cd
:1054c800906280006c8f0200010000001e0f4000f7
:1054d8000ef897000004e0000400320091a42000b8
:1054e8002e00900060fd07000400370012c0b300d2
:1054f80091a420002e0090002ffd07000080fa00e4
:10550800000006000600fa002047980021079800ce
:10551800a1302b0090a4200078be020001000000fa
:10552800000f7800420120008000eb0020e92000f5
:10553800260502000000000020e92000c526220000
:10554800e42622008001780042c1b3004100200017
:1055580000c5b300b23b02000100000060ea200071
:105568008040eb00014878009e00780090a420005d
:105578000080400021e9200078be02000100000000
:105588001e0f40009e00780090a42000008040007c
:10559800b1872a0078be0200010000001e0f4000fb
:1055a8009e00780090a42000008040000041eb009d
:1055b800800078002e4090005e91020001000000fb
:1055c8001e0f40009e00780090a42000008040003c
:1055d800e1522a0078be0200010000001e0f4000c0
:1055e8009e00780090a42000808040009062800097
:1055f8006c8f02000100000022c0b30091a42000bb
:105608002e009000ecfc07000080fa000000060065
:105618000a00fa002047980021079800624798007e
:105628004307980071312b0090a4200078be020037
:1056380001000000000f7800420120008000eb000c
:1056480020e92000260502000000000020e92000d3
:10565800c5262200e42622008001780042c1b3005a
:105668004100200000c5b300b23b02000100000069
:1056780060ea20008040eb00014878009e00780036
:1056880090a420000080400021e9200078be02009c
:10569800010000001e0f40009e00780090a420002a
:1056a80000804000b1472a0078be020001000000d7
:1056b8001e0f40009e00780090a42000008040004b
:1056c800ce00900078be0200010000001e0f4000ce
:1056d8009e00780090a4200000804000a12f2b009d
:1056e80078be0200010000001e0f40009e007800f6
:1056f80090a42000008040000041eb00800078006a
:105708006e4090005e910200010000001e0f4000f4
:105718009e00780090a4200000804000b1872a00f5
:1057280078be0200010000001e0f40009e007800b5
:1057380090a42000008040000041eb008000780029
:105748002e4090005e910200010000001e0f4000f4
:105758009e00780090a4200000804000e1522a00ba
:1057680078be0200010000001e0f40009e00780075
:1057780090a4200080804000906280006c8f02001e
:105788000100000012c0b30091a420002e00900078
:1057980089fc07000080fa00000006009a00fa0061
:1057a800408f9800e3618000d261800070c32000c0
:1057b800104078008080fb0060c220001040780014
:1057c8000080fb00831f7800821f7800811f78000b
:1057d800801f780070c22000801f7800ce8890005b
:1057e800811f780060382900801f78000e0078003b
:1057f800d604020000000000ee8757000040eb00ce
:10580800605799000e0078000ac3020001000000ea
:105818000080fa00000006000800fa00000f780077
:1058280021479800220798003307980060c220009b
:1058380011c0b300014878002e4090000004e00039
:105848000700320060c220001040780080407800d5
:105858000114a00060c2200001487800060037004b
:1058680060c2200010407800804078000114a10038
:1058780060c2200001487800f20020009e007800f5
:1058880070c22000800602000000000060c32000f3
:105898008040eb000148780080c32000e1c1b300dc
:1058a80001487800ae009000d1618800be009000e9
:1058b800e1618800c20020009e007800a03a29001b
:1058c80056060200000000000000e0000700320059
:1058d800c20020009e007800703b29005606020096
:1058e800000000000000e00004003a0040c5b300da
:1058f800fea70200010000000300370040c4b30007
:10590800fea7020001000000403c2900a3ff070099
:105918000080fa00000006000000fa0070c32000b2
:10592800104078000080fb006100600000407800b3
:105938000004e00009003200a20120008000eb0012
:1059480060c22000260502000000000080c320007d
:1059580031c0b3000148780005003700a2012000db
:105968008000eb0060c22000260502000000000055
:10597800c03c290089ff07000080fa0000000600eb
:105988000400fa00204798000040eb00004f780020
:105998002e4090000004e0001300320040e7200091
:1059a800104078008040e80040e720000148780077
:1059b80040e7200010407800ea4f50000d00360004
:1059c800800e2000c0968800f0f12000104078007a
:1059d8008040e800f0f120000148780010c0b300d2
:1059e800004f78000300370040e720008040eb00bc
:1059f800014878001e4078000080fa000000060088
:105a08000200fa00004f780000c42000104078001f
:105a18000080fb0061006000004078000004e000a6
:105a28003d0032001e407800ed4f50000300320068
:105a38001e407800ea4f50001c003a0030e7200072
:105a4800104078000004e0001400320030e7200025
:105a58009040780070ccb30080cf50000f003e001b
:105a680030e72000104078000080fb00a1da200019
:105a78000041eb0082707800203d29000ac3020033
:105a880001000000a0da20000ac3020001000000a3
:105a9800d03d29000ac302000100000030e72000c1
:105aa8008040eb00014878001b00370030e72000f9
:105ab8009040780070ccb30080cf500016003e00b4
:105ac80030e72000104078000080fb001e4178007d
:105ad800a1da20008270780030e7200010407800ba
:105ae8008040e80030e7200001487800d08a210093
:105af800104078009e40780080cf500006003a00a1
:105b0800d08a2100104078000004e0000200320032
:105b1800a0c0b300baff07000080fa00000006002a
:105b28000200fa00004f780000c4200010407800fe
:105b38000080fb0061006000004078000004e00085
:105b4800390032001e407800ed4f5000030032004b
:105b58001e407800ea4f500021003a0090da2000f9
:105b6800104078000004e0002f00320090da200096
:105b78009040780080ccb30080cf500029003e00d0
:105b880090da2000104078000080fb0001ce200051
:105b98000041eb0082707800003e29000ac3020031
:105ba8000100000000ce20000ac30200010000002e
:105bb800b03e29000ac302000100000090da20006c
:105bc8008040eb0001487800820c20008000eb0048
:105bd80000ce200026050200000000001200370059
:105be80090da20009040780070ccb30080cf50004d
:105bf8000d003e0090da2000104078000080fb0085
:105c08001e41780001ce20008270780090da2000d2
:105c1800104078008040e80090da200001487800c1
:105c280001003700000000000080fa0000000600b4
:105c38004800fa00881f780060c798000040eb0011
:105c4800104798000000eb00300f98000040eb0070
:105c5800405798006ec0900069ff0700c08c210073
:105c6800904078006ec0900080cf50000b003a0042
:105c780060c680000090a00060c6880080c2b300a3
:105c88005fff070010c3b3005dff070090c2b300b9
:105c98005bff0700d0c0b30059ff0700e08c21006c
:105ca800904078006ec0900080cf500013003a00fa
:105cb80061c6800000202000008060000000e00035
:105cc8000e003200e08c21008040eb000148780093
:105cd80070c680000090a00070c6880080c2b30023
:105ce80047ff070020c3b30045ff070090c2b30079
:105cf80043ff0700d0c0b30041ff070091c68000f2
:105d080000102000008060000000e0001000320059
:105d18007600470000017800d13e29002068210064
:105d2800eabf020001000000405798004e50900062
:105d38000004e0000600320090c680000090a00039
:105d480090c6880090c680000080a10090c6880098
:105d5800a1c6800000102000008060000000e00064
:105d6800100032007600470000017800113f29003a
:105d780020682100eabf0200010000004057980097
:105d88004e5090000004e00006003200a0c68000db
:105d98000090a000a0c68800a0c680000080a100d6
:105da800a0c6880081c68000001020000080600026
:105db8000000e000580032006ec090000080fb0038
:105dc800ed0f500023003200ed0f500003003c009f
:105dd800ea0f5000310032004f003700b1042000b4
:105de800810f50000f003200f1042000810f500095
:105df80049003a00008d210010407800e24f500021
:105e080004003a00008d210031c0b3000148780039
:105e180041003700008d21008040eb0001487800e8
:105e28003d003700008d210010407800e34f5000fe
:105e380004003a00008d210041c0b30001487800f9
:105e480035003700008d21008040eb0001487800c4
:105e580031003700008d2100104078000004e00078
:105e680004003200008d210010407800e44f5000fb
:105e780006003a00008d2100104078008040e800bc
:105e8800008d21000148780023003700008d210093
:105e980011c0b300014878001f003700008d2100b1
:105ea80010407800e14f500004003200008d2100be
:105eb80010407800e54f500013003a00008d210093
:105ec800104078008040e800008d210001487800eb
:105ed800008d210010407800e64f500008003a007d
:105ee80080c680000090a00080c6880080c6800020
:105ef8000080a10080c688000040eb00a0fe0700db
:105f08000000000004003700008d21008040eb00f5
:105f180001487800000000006ec09000ea4f500071
:105f28005d083a00f0ad210010407800e14f5000c4
:105f38003a003a0081c680000020200000806000fe
:105f48000000e00035003200e0cc80000000a00036
:105f5800e0cc8800e0cc80000010a000e0cc8800f5
:105f680070d3800081d3800061004000e080480049
:105f780070d3880081d3880020a7210010407800c2
:105f8800e14f40000500320020a7210010407800b2
:105f98008040e80020a7210001487800f0ad2100ea
:105fa8008040eb0001487800e0cc80000030a10080
:105fb800e0cc8800c0a6210010407800e14f5000d6
:105fc80016003600c0a62100104078000080fb00b3
:105fd8008000e900c09921000080400090409000b6
:105fe800c0c7b30080cf50000c003a00c0a6210003
:105ff800104078008040e900c0a6210001487800e0
:10600800c0a62100104078008080fb00c0992100c4
:10601800008040008040eb001140980000b48000f0
:106028000000e0002a08320000b480002168210046
:106038000041eb0082707800f0ad2100104078003c
:10604800e14f50000f003a0000b4800021682100a1
:10605800c2c7b3008270780001b48000d00f20005e
:10606800808f500003003e0000b480000000e8006c
:1060780000b4880000b48000216821000041eb00d2
:10608800827078000000eb0020079800008d210046
:1060980010407800e54f500025003200008d2100a7
:1060a80010407800e64f500021003200216821009e
:1060b8002078210078be02000100000080ae210097
:1060c800104078000004e000190032002078210018
:1060d8002606020000000000004078000041780019
:1060e80081ae21002078210042be0200010000009c
:1060f8000000e0000e00320042012000913f29001c
:10610800e0bc20001805020000000000e0bc2000f0
:106118000ac302000100000070ae210011c0b300e4
:106128000148780080ae21008040eb0001487800eb
:10613800605e80000000e00011003500605e8000b5
:106148000000e0000e003c00007a21008040eb00d7
:1061580001487800f23e2100605e80007f00b900af
:10616800000078000000410021782100b6be02003e
:1061780001000000605e80000000e800605e8800aa
:10618800e0cc8000610060000000e000ff013a0000
:10619800e0cc8000620060000000e000fb013a00f3
:1061a80000b48000e70f50007f01360072c0b300d2
:1061b800d14029002068210042be020001000000f1
:1061c8000000e0007801320010c0b300004f7800f2
:1061d800272c0700f0ad2100104078000004e000f3
:1061e800a2013a00f0ad210011c0b30001487800c7
:1061f800e0cc80000020a000e0cc880070c0b30094
:10620800104798000000eb0050d388001f003700ab
:106218001e4090000080fb0021682100e1407800ca
:10622800f0c2b30080cf5000150034001e4090002b
:106238000080fb0021682100e140780090c3b30092
:1062480080cf50000e003c0050d380006a00b90097
:106258000000780050d3880058d380001e4090007a
:106268000080fb002168210061407800ae900200a8
:10627800010000000080fb000000440050d38800ab
:106288001e4090000040e800104798001e40900013
:106298008080fb0000b48000808f50000d0031002a
:1062a8001e4090000080fb002168210061407800ba
:1062b8000004e000070032001e4090000080fb0050
:1062c80021682100e1407800c0c2b30080cf5000af
:1062d800cfff3a001e4090008080fb0000b4800091
:1062e800808f5000270131001e4090000080fb0085
:1062f80021682100e1407800c0c2b30080cf50007f
:1063080020013a001e4090000040e8001047980025
:106318001e4090000080fb00216821006140780049
:106328000004e000070032001e4090000080fb00df
:1063380021682100e1407800c0c2b30080cf50003e
:10634800f0ff3a001e4090000080fb002168210009
:10635800e1407800c0c2b30080cf500009013a0084
:106368001e4090000040e800104798001e40900032
:106378000080fb0021682100e140780020c2b300c2
:1063880080cf5000ff003a000000eb001007980093
:106398001e4090000040e800104798000e003700ab
:1063a8001e4090000080fb0021682100e140780039
:1063b8001e019000e0a32100000041000148780080
:1063c8001e4090000040e800104798001e00900012
:1063d8000000e800100798001e4090008080fb0035
:1063e80000b48000808f5000100031001e409000e3
:1063f8000080fb0021682100614078000004e00073
:106408000a0032001e4090000080fb002168210035
:10641800e140780020c2b30080cf50000300320072
:106428001e009000f80f5000ddff34009e00900021
:10643800e0a32100008040008040eb000148780084
:106448001e4090008080fb0000b48000808f5000c8
:10645800cc0031001e4090000080fb002168210024
:10646800614078000004e000c60032001e40900041
:106478000040e800104798001e4090000080fb0094
:1064880021682100614078000004e0000700320024
:106498001e4090000080fb0021682100e140780048
:1064a800c0c2b30080cf5000f0ff3a001e409000f9
:1064b8000080fb0021682100e1407800c0c2b300e1
:1064c80080cf5000af003a001e4090000040e80026
:1064d800104798001e4090000080fb0021682100b2
:1064e800614078000004e000070032001e40900080
:1064f8000080fb0021682100e1407800c0c2b300a1
:1065080080cf5000f0ff3a001e4090000080fb0052
:1065180021682100e1407800c0c2b30080cf50005c
:1065280098003a001e4090000040e800104798008c
:106538001e4090000080fb0021682100e1407800a7
:1065480020c2b30080cf50008e003a001e40900059
:106558000040e80010479800c0a621008040eb00ea
:106568000148780015003700c0a6210010407800c7
:106578000081fb001e4090000080fb002168210084
:10658800e140780080a52100000041000148780022
:106598001e4090000040e80010479800c0a6210067
:1065a800104078008040e800c0a62100014878002b
:1065b8002e0090000000e800200798001e40900080
:1065c8008080fb0000b48000808f500011003100f3
:1065d8001e4090000080fb00216821006140780087
:1065e8000004e0000b0032001e4090000080fb0019
:1065f80021682100e1407800c0c2b30080cf50007c
:1066080004003200c0a6210010407800e74f500077
:10661800d5ff3600ae009000f0092000808f5000b2
:1066280058003c00c0a62100104078008080fb0084
:1066380080a52100008040008040eb0001487800e0
:10664800030037001e4090000040e8001047980003
:106658001e4090000080fb00216821006140780006
:106668000004e000070032001e4090000080fb009c
:1066780021682100e1407800c0c2b30080cf5000fb
:10668800f0ff3a001e4090000080fb0021682100c6
:10669800e1407800c0c2b30080cf500039003a0012
:1066a8001e4090000040e80010479800c0a6210056
:1066b8008040eb000148780012003700c0a6210096
:1066c800104078000081fb001e4090000080fb0015
:1066d80021682100e140780000a621000000410067
:1066e800114098001e4090000040e80010479800b4
:1066f800c0a62100104078008040e800c0a6210014
:10670800014878001e4090008080fb0000b48000a3
:10671800808f5000110031001e4090000080fb0067
:1067280021682100614078000004e0000b0032007d
:106738001e4090000080fb0021682100e1407800a5
:10674800b0c2b30080cf500004003200c0a62100c0
:1067580010407800e74f5000d8ff3600c0a621004f
:10676800104078008080fb0000a6210000804000d7
:106778008040eb0011409800e0cc80000020a10090
:10678800e0cc8800c0a621008040eb0001487800da
:10679800d09921008040eb000148780020c0b30068
:1067a800004f7800310037000040eb00004f7800c0
:1067b80081c6800000202000008060000000e0000a
:1067c8002a003a00f0ad210010407800e14f500057
:1067d80026003a000040eb001047980012003700ee
:1067e800c0a62100104078000081fb001e409000e8
:1067f8000080fb0021682100e1407800c099210059
:1068080000004100114098001e4090000040e80040
:1068180010479800c0a62100104078008040e8008a
:10682800c0a62100014878001e4090008080fb002f
:1068380000b48000808f500005003100c0a6210000
:1068480090407800f0c9b30080cf5000e4ff3600d4
:10685800c0a62100104078008080fb00c09921006c
:10686800008040008040eb0011409800f0ad21000e
:1068780010407800e14f500044003a001e40780074
:10688800e14f50000500320081c680000020200042
:10689800008060000000e0003c003200e0cc800096
:1068a8000000a000e0cc8800e0cc80000010a00030
:1068b800e0cc880070d3800081d380006100400064
:1068c800e080480070d3880081d38800f0ad2100b3
:1068d8008040eb000148780020a721001040780094
:1068e800e14f40000500320020a721001040780049
:1068f8008040e80020a72100014878001e40780069
:106908000004e00004003200e0cc80000030a00069
:10691800e0cc880003003700e0cc80000030a10004
:10692800e0cc8800c0a6210010407800e14f50005c
:1069380016003600c0a62100104078000080fb0039
:106948008000e900c099210000804000904090003c
:10695800c0c7b30080cf50000c003a00c0a6210089
:10696800104078008040e900c0a621000148780066
:10697800c0a62100104078008080fb00c09921004b
:10698800008040008040eb0011409800f0ad2100ed
:10699800104078000004e000bc053a0052c0b30083
:1069a800514129002068210042be02000100000078
:1069b8000000e0000e003a00a2c0b300b141290077
:1069c8002068210042be0200010000000000e00033
:1069d80007003a00a2c0b3006142290020682100e4
:1069e80042be0200010000000000e0001a00320070
:1069f800e0022100c210200021f220001805020048
:106a08000000000000f0200020400200010000000b
:106a18007200200001f02000200221001805020069
:106a2800000000002168210020f22000b6be02000c
:106a380001000000c09680005081880050c52000e9
:106a480090407800c00221000148780060ae210023
:106a580011c0b3000148780082c1b3001143290076
:106a68002068210042be0200010000000000e00092
:106a78002c00320070c32000104078000080fb001a
:106a8800680060000000e0001600320060c22000cc
:106a9800104078000080fb00640060000000e00007
:106aa80010003a0070c320008040eb0001487800d5
:106ab80060c2200021c0b3000148780060c22000f5
:106ac80010407800804078000104a00060c22000d7
:106ad80001487800e0c3200031c0b30001487800c5
:106ae8001000370060c22000104078000080fb00d2
:106af80061006000004078000004e00004003200fb
:106b080070c320008040eb00014878000500370082
:106b1800a20120008000eb0060c2200026050200d0
:106b28000000000032c0b300a14429002068210001
:106b380042be0200010000000000e0000500320033
:106b4800e04429000ac302000100000010002000f0
:106b5800c0968800a2c0b300d14629002068210051
:106b680042be0200010000000000e0009400320074
:106b7800705a210090407800a0c5b30080cf500023
:106b88008f003a00c0c0b300104798001e40900024
:106b98000080fb006300400021682100e14078008c
:106ba80020c2b30080cf500012003a001e4090006f
:106bb80063404000104798001e4090000080fb0092
:106bc8006300400021682100e140780020c2b30042
:106bd80080cf5000040032001e4090006340400007
:106be8001047980050003700c0c0b3001047980005
:106bf8004d0037001e4090000080fb0064004000fc
:106c080021682100e140780020c2b30080cf500005
:106c180012003a001e40900064404000104798005f
:106c28001e4090000080fb006300400021682100a6
:106c3800e140780020c2b30080cf50000400320049
:106c48001e4090006340400010479800360037000f
:106c5800c0c0b30010479800330037001e409000b2
:106c68000080fb006500400021682100e1407800b9
:106c780020c2b30080cf500012003a001e4090009e
:106c880065404000104798001e4090000080fb00bf
:106c98006300400021682100e140780020c2b30071
:106ca80080cf5000040032001e4090006340400036
:106cb800104798001c003700c0c0b3001047980068
:106cc800190037001e4090000080fb00670040005c
:106cd80021682100e140780020c2b30080cf500035
:106ce80011003a001e40900067404000104798008d
:106cf8001e4090000080fb006300400021682100d6
:106d0800e140780020c2b30080cf50000400320078
:106d18001e40900063404000104798000200370072
:106d2800c0c0b300104798001e409000ec4f5000c0
:106d3800230036000000eb00300798000f003700f2
:106d48001e4090000080fb0021682100614078000f
:106d5800804078003e019000605a21000000410008
:106d6800114098003e0090000000e80030079800ad
:106d78001e4090000040e800104798001e40900018
:106d88000080fb0021682100e140780020c2b300a8
:106d980080cf5000eaff3a00705a210032c0b30099
:106da8008147290042be0200010000000000e00007
:106db80003003200705a2100a1c5b30001487800d1
:106dc80092c0b300c14729002068210042be0200da
:106dd800010000000000e00004003200c0af8000a5
:106de8000000a100c0af88000a00370092c0b300bd
:106df800614829002068210042be0200010000000d
:106e08000000e00003003200c0af80000000a000d6
:106e1800c0af8800a2c0b300014929002068210042
:106e280042be0200010000000000e000070032003e
:106e3800c1682100705c210078be020001000000da
:106e48008022210011c0b30001487800d2c0b300ed
:106e5800b14929002068210042be0200010000005b
:106e68000000e0005e0032001069210090407800c8
:106e780000c3b30080cf500009003a00904a2900af
:106e88000ac3020001000000d1b38000f0ff28000f
:106e98000080600000c0a000d0b388004c0037001c
:106ea800106921009040780070c3b30080cf500073
:106eb8000a003a00604b29000ac3020001000000e2
:106ec800d1b38000f0ff280080806000000025001a
:106ed80001007000d0b388003d0037001069210020
:106ee8009040780010c3b30080cf500038003200c3
:106ef800106921009040780020c3b30080cf500073
:106f080009003a00204c29000ac3020001000000d1
:106f1800d1b38000f0ff28000080600000c0a0000e
:106f2800d0b388002a00370010692100904078000b
:106f380030c3b30080cf500009003a00604b2900ed
:106f48000ac3020001000000d1b38000f0ff28004e
:106f58000080600000e0a000d0b388001c0037006b
:106f6800106921009040780040c3b30080cf5000e2
:106f780009003a00604b29000ac302000100000022
:106f8800d1b38000f0ff28000080600000d0a0008e
:106f9800d0b388000e0037001069210090407800b7
:106fa80050c3b30080cf500009003a00604b29005d
:106fb8000ac3020001000000d1b38000f0ff2800de
:106fc800808060000000230001007000d0b38800ba
:106fd800106921002493020001000000e0b388003a
:106fe800f2c0b300014d29002068210042be020012
:106ff800010000000000e0001800320010692100c4
:107008009040780000c3b30080cf500006003a00db
:10701800d1b38000f0ff28000080600000c0a0000d
:10702800d0b388000a003700d1b38000f0ff2800f1
:10703800808060000000250001007000d0b3880047
:10704800206921002493020001000000e0b38800b9
:10705800d0b3800000f0a000d0b3880012c1b30004
:10706800014e29002068210042be020001000000f4
:107078000000e00003003200d0b380000080a100cf
:10708800d0b3880012c1b300214f29002068210025
:1070980042be0200010000000000e00003003200d0
:1070a800d0b380000080a100d0b38800b2c0b30084
:1070b800415029002068210042be02000100000062
:1070c8000000e0000c003200d068210090407800f9
:1070d80000c3b30080cf500004003200f0af80003e
:1070e8000080a100f0af880003003700f0af8000f7
:1070f8000080a000f0af8800b2c0b30001512900a1
:107108002068210042be0200010000000000e000eb
:1071180003003200f0af80000080a100f0af8800cb
:10712800a2c0b300c15129002068210042be02005c
:10713800010000000000e0000c003200e0682100bf
:107148009040780000c3b30080cf500004003a009c
:10715800f0af80000090a000f0af88000300370077
:10716800f0af80000090a100f0af880092c0b3009b
:10717800715229002068210042be0200010000006f
:107188000000e00003003200f0af800000d0a00053
:10719800f0af880072c0b3001153290020682100a5
:1071a80042be0200010000000000e0004d00320075
:1071b80070c0b300004f98000040eb00104f9800db
:1071c8000f0037001e4890000081fb000e48900019
:1071d8000080fb0021682100e1407800404f210039
:1071e80000004100014878000e4890000040e80087
:1071f800004f98001e4890000040e800104f98008b
:107208000e4890000080fb00216821006140780052
:107218000004e000070032000e4890000080fb00e8
:1072280021682100e1407800c0c2b30080cf50003f
:10723800e4ff3a001e4890008080fb00404f210088
:10724800008040008040eb00014878000e48900024
:107258000040e800004f98000040eb00104f9800f5
:107268000f0037001e4890000081fb001e40900070
:107278000080fb0021682100e1407800c04f210018
:1072880000004100114098000e4890000040e800be
:10729800004f98001e4890000040e800104f9800ea
:1072a8001e4090008080fb0000b48000808f50005a
:1072b800060031000e4890000080fb002168210084
:1072c800614078000004e000e6ff3a001e489000a4
:1072d8008080fb00c04f2100008040008040eb0010
:1072e8001140980060b0210010407800e14f500034
:1072f8007a003a00e05f2100104078000000fb00af
:10730800500798000040eb0010479800f1af80004c
:1073180000002800008060000000e0001300320038
:10732800f0af800000f0a100f0af88005a003700ed
:107338001e4090000080fb0021682100e140780099
:107348005e019000e04d21000000410011409800ce
:107358001e4090000040e800104798005e00900032
:107368000000e80050079800010037000000000006
:107378001e4090008080fb0000b48000808f500089
:10738800100031001e4090000080fb0021682100a1
:10739800614078000004e0000a0032001e409000be
:1073a8000080fb0021682100e1407800c0c2b300e2
:1073b80080cf5000030032005e009000f30f5000b1
:1073c800dbff3400de009000e04d2100008040002b
:1073d8008040eb00114098001e4090000040e800fb
:1073e800104798000000eb00500798002a0037006b
:1073f8001e4090000080fb0021682100e1407800d9
:107408005e019000e043210000004100014878003f
:10741800de009000e043210000804000104078002a
:10742800ea4f500016003a001e4090000080fb0012
:1074380021682100614078000080fb000000ea001c
:107448004f00de00004078009e4090008140e80038
:10745800114798000004e000090032005e00900027
:1074680080407800e05f210001487800de0090004d
:10747800e0432100008040008040eb000148780094
:107488001e4090000040e800104798005e00900001
:107498000000e800500798001e4090008080fb0024
:1074a80000b48000808f500004003100de0090009e
:1074b800f0092000808f5000cdff3400de009000de
:1074c800e0432100008040008040eb000148780044
:1074d80060b021008040eb0001487800e2c0b300b2
:1074e800915329002068210042be020001000000db
:1074f8000000e00021003200f0af800000d0a100c1
:10750800f0af880010c1b300104798000000eb00ee
:1075180060079800100037006e0090006a00b900fc
:1075280000007800600798001e4090008080fb00f3
:107538002068210000804000249302000100000020
:10754800ee00900001004000600798001e40900087
:107558000040e800104798001e4090000080fb00a3
:1075680021682100614078000004e000eaff3a0049
:1075780060b0210011c0b30001487800d2c0b30048
:10758800815429002068210042be02000100000049
:107598000000e00003003200f0af800000e0a0002f
:1075a800f0af8800b2c0b3006155290020682100ff
:1075b80042be0200010000000000e00003003200ab
:1075c800f0af80000090a100f0af8800b2c0b30017
:1075d800015129002068210042be0200010000007c
:1075e8000000e00003003200f0af80000080a1003e
:1075f800f0af880012c1b30021562900206821008d
:1076080042be0200010000000000e000030032005a
:10761800f0af80000090a100f0af880012c1b30065
:10762800415729002068210042be020001000000e5
:107638000000e00003003200f0af80000090a100dd
:10764800f0af8800c2c0b30061582900206821004b
:1076580042be0200010000000000e0000800320005
:10766800e0b0210011c0b3000148780090fc800010
:107678000040a10090fc8800a00f200030f0880096
:1076880090fc8000700060000000e000680032009c
:107698002068210016910200010000005057980050
:1076a80090f921001691020001000000604f980037
:1076b800de5090006e48900080cf500002003600e7
:1076c800de509000614f980020682100ea81020096
:1076d800010000000004e0001700320030592900c2
:1076e8000ac302000100000090fc80000040a100d5
:1076f80090fc880090f921006e4990008000780085
:107708002068210042be0200010000000000e000e5
:107718000300320090fc80000060a00090fc88000c
:1077280022c3b3002168210090f92100f4be0200b1
:10773800010000003e00370020682100de50900064
:1077480068830200010000000004e0001700320016
:10775800905a29000ac302000100000090fc800032
:107768000040a10090fc880090f921006e4990002b
:10777800800078002068210042be0200010000005d
:107788000000e0000300320090fc80000060a000d0
:1077980090fc880022c3b3002168210090f92100e1
:1077a800f4be0200010000002100370012f0800042
:1077b80023f080005e5090000080fb008000eb000a
:1077c800020040008380480010f0880021f0880003
:1077d80010f0800021f0800062004000e080480046
:1077e80010f0880021f0880012f0800023f080005b
:1077f80050d8800061d88000000cb0000180b00033
:10780800800f5100818f59000600360050d8800043
:1078180061d88000000cb0000180b00010f0880032
:1078280021f0880090f921008040eb0001487800a1
:1078380002c1b300c15b29002068210042be0200da
:10784800010000000000e000510032002069210022
:10785800000f98000000eb00100f98000c00370094
:107868001e0890006a00b900800078000e08900099
:10787800104078000000fb000003b10000804000c9
:10788800100f98000e0890000000e800000f980004
:107898000e08900090407800f0c2b30080cf5000ee
:1078a8000a0034000e0890009040780090c3b3009e
:1078b80080cf5000eaff3400050037000e08900022
:1078c8000000e800000f98000100370000000000e9
:1078d8000e0890009040780000c2b30080cf50009e
:1078e800f6ff32009e089000000c2000808f5000a8
:1078f80010003c000e08900010407800ed4f50003a
:10790800080032000e08900010407800ea4f50003e
:10791800040032000e089000104078000004e000d7
:1079280004003a0090fc80000040a00090fc880011
:1079380011003700d05c29000ac3020001000000d2
:10794800780047009e089000811f7800615e29003a
:10795800811f7800d604020000000000e487570069
:10796800780047000ac302000100000090fc800074
:107978000040a10090fc880050d8800061d88000a9
:1079880010f0880021f088000071220030f0880093
:1079980072c0b300315f29002068210042be020096
:1079a800010000000000e0005501320020682100bd
:1079b8002606020000000000eb0f500050013600c0
:1079c80020882100104078008040e80020882100ad
:1079d80001487800b06821009040780010c3b300d7
:1079e80080cf5000f3003a00f0a821001040780042
:1079f8000080fb00e10f500034003200e10f50001e
:107a080003003c000000e00006003200e3003700fd
:107a1800e20f500031013200e30f50007f003200c6
:107a2800de003700a0802000104078000004e0004d
:107a380008003a00a080200021c0b3000148780067
:107a480048c3020001000000b05f29000ac3020019
:107a580001000000d0aa2100104078000004e000d6
:107a68000600320048c302000100000060612900de
:107a78000ac302000100000021013700e0a18000d4
:107a8800e50f500005003a000040eb0076a6020022
:107a98000100000030002000e0a18800f0a82100cb
:107aa80011c0b3000148780048c30200010000007b
:107ab800e06329000ac3020001000000a080200042
:107ac80011c0b300014878000d01370090c0b30021
:107ad800104798000000eb001007980003003700db
:107ae8001e4090000040e800104798001e4090009b
:107af8008080fb0000b48000808f500007003100b8
:107b08001e4090000080fb0021682100e1407800c1
:107b180020c2b30080cf5000f1ff3a001e40900011
:107b28000080fb0021682100e140780020c2b300fa
:107b380080cf500023003a001e4090000040e8002b
:107b4800104798000000eb00100798000e0037005f
:107b58001e4090000080fb0021682100e140780071
:107b68001e01900040a7210000004100114098002c
:107b78001e0090000000e800100798001e409000ca
:107b88000040e800104798001e4090008080fb00ed
:107b980000b48000808f50000a0031001e40900021
:107ba8000080fb0021682100e140780020c2b3007a
:107bb80080cf5000030032001e009000f80f5000e4
:107bc800e3ff34001e0090000000e00005003a00ca
:107bd8004167290050a7210078be0200010000007b
:107be800100798009e00900040a7210000804000e8
:107bf8008040eb0011409800f0a8210021c0b3009c
:107c08000148780048c302000100000030682900dc
:107c18000ac3020001000000b9003700d068210043
:107c28009040780000c3b30080cf5000ad00320010
:107c380090c0b300104798000000eb0010079800b0
:107c4800030037001e4090000040e80010479800ed
:107c58001e4090008080fb0000b48000808f5000a0
:107c6800070031001e4090000080fb0021682100c1
:107c7800e140780020c2b30080cf5000f1ff3a0005
:107c88001e4090000080fb0021682100e140780040
:107c980020c2b30080cf500024003a001e4090005c
:107ca8000040e800104798000000eb00100798001b
:107cb8000f0037001e4090000080fb002168210063
:107cc800e1407800c20220000e0141001e00900031
:107cd80000004100014878001e0090000000e80004
:107ce800100798001e4090000040e80010479800d8
:107cf8001e4090008080fb0000b48000808f500000
:107d08000a0031001e4090000080fb00216821001d
:107d1800e140780020c2b30080cf50000300320059
:107d28001e009000f80f5000e2ff34001e00900083
:107d38000000e00006003a00c00220000e004000eb
:107d48004167290078be0200010000001007980072
:107d5800c10220008e8040001e009000008040007c
:107d68008040eb0001487800c00220000e0040006f
:107d780051a72100b8bd0200010000000000e0008a
:107d88005a003200106a29000ac3020001000000ec
:107d980040062000c096880059003700f06a290084
:107da8000ac302000100000040062000c0968800b7
:107db80053003700b06821009040780000c3b3003a
:107dc80080cf50004e003a00d0aa21001040780021
:107dd8000080fb00e10f50003d003500e20f50002d
:107de80003003400e30f5000310032003800370040
:107df800d06821009040780020c3b30080cf5000a5
:107e080005003200d06821009040780030c3b300ec
:107e180080cf500003003a00d0aa210021c0b3004f
:107e280001487800d06821009040780000c3b30072
:107e380080cf500015003a00d0aa210031c0b3000d
:107e48000148780000ab2100b040900000c5b300a5
:107e580080cf50000d00320000ab210010007800e8
:107e6800610060000000e0000500320000ab210066
:107e7800a040900000c5b30080cf5000030032003e
:107e880000c5b300fea7020001000000d068210071
:107e98009040780060c3b30080cf500015003a00ce
:107ea800d0aa210061c0b30001487800140037004f
:107eb800d06821009040780000c3b30080cf500004
:107ec8000e00320040062000c09688000c003700e3
:107ed80040062000c0968800090037000000000016
:107ee8000700370000000000050037000000000010
:107ef8000300370000000000010037000000000008
:107f0800f2c0b300916b29002068210042be020034
:107f1800010000000000e0000200320040062000de
:107f2800c096880042c0b300916c290020682100e7
:107f380042be0200010000000000e00053003200d1
:107f4800f0a82100104078000004e00021003a0069
:107f5800d0aa2100104078000004e0001d003a007b
:107f6800e0a18000e50f500005003a000040eb005a
:107f780076a602000100000030002000e0a1880081
:107f8800f0a8210011c0b3000148780048c30200de
:107f980001000000e06329000ac30200010000009c
:107fa800a080200011c0b300014878000000eb0059
:107fb800e0738800007d2000d07388000000eb008b
:107fc800b0738800602221008040eb0001487800ef
:107fd8002e00370048c3020001000000e06c2900b1
:107fe8000ac3020001000000e16d2900e0bc200086
:107ff80078be020001000000100798009e00900063
:10800800e0bc200080804000f0a8210010407800eb
:108018000041eb005e910200010000009e0090000c
:108028000080400010079800e0bc20000ac302004e
:1080380001000000416e2900e0bc200078be02006b
:1080480001000000100798009e009000e0bc20008e
:1080580080804000d0aa2100104078000041eb0049
:108068005e910200010000009e0090000080400028
:1080780010079800e0bc20000ac3020001000000bd
:10808800b03e29000ac30200010000000000eb0016
:1080980000b488000e0037006ec09000ed4f50000d
:1080a8000b00320001b48000f0092000808f5000de
:1080b80007003e0000b480006ec1900021682100d6
:1080c8008270780000b480000000e80000b48800e6
:1080d8004f0478000080fa00000006001600fa003d
:1080e800200f9800a06e29000ac3020001000000ba
:1080f800c0968000801f780060702900801f78007b
:108108000e007800d604020000000000e487570043
:108118000e0078000ac302000100000090702900d8
:108128000ac30200010000002e089000c0968800d3
:1081380080c680000090a00080c6880060002000f3
:10814800e0a1880010c0b3000df607000080fa0017
:1081580000000600bc02fa0000c4200010407800ad
:108168000080fb0061006000004078000004e0002f
:1081780004003a0060802000104078000004e0000d
:1081880013003200c1968000e0248100808f5000e7
:108198000f003200e1248100c0968000811f780022
:1081a800801f780050712900801f7800e0bc2000f3
:1081b800d604020000000000e6875700e0bc20005b
:1081c8000ac3020001000000c0968000e024890074
:1081d800c0968000610d2000810f5000ac0e320067
:1081e800610d2000810f500069013e00310320001d
:1081f800810f50002a10320031032000810f5000f7
:1082080099003e00f60f5000c9063200f60f5000e4
:108218003f003e00ea0f5000bd043200ea0f500054
:108228001b003e00e40f5000d0033200e40f500062
:1082380009003e00e10f500082033200e10f5000b8
:10824800ea023900e20f50008e033200e30f5000bb
:10825800a9033200a3233700e70f5000310432008e
:10826800e70f500005003e00e50f5000d90332002b
:10827800e60f5000f70332009a233700e80f50004a
:108288004d043200e90f5000810432009523370075
:10829800f00f5000d0053200f00f50000e003e00e5
:1082a800ed0f50002c053200ed0f500005003e0088
:1082b800eb0f5000bc043200ec0f5000da0432001f
:1082c80088233700ee0f500069053200ef0f500089
:1082d8008705320083233700f30f5000460632002b
:1082e800f30f500005003e00f10f5000d405320096
:1082f800f20f5000ef0532007a233700f40f5000d8
:1083080057063200f50f50006f063200752337000c
:1083180021022000810f5000dd07320021022000d9
:10832800810f500022003e00fc0f50002b07320046
:10833800fc0f50000e003e00f90f5000d906320025
:10834800f90f500005003e00f70f5000920632006a
:10835800f80f5000aa06320062233700fa0f5000c7
:10836800ea063200fb0f5000020732005d23370097
:10837800ff0f500067073200ff0f500005003e0056
:10838800fd0f50002f073200fe0f50004707320044
:108398005423370001022000810f50007707320074
:1083a80011022000810f50009f0732004d23370033
:1083b80091022000810f50000d0f32009102200021
:1083c800810f500014003e0051022000810f500020
:1083d800fd07320051022000810f500007003e00c7
:1083e80031022000810f5000c707320041022000ef
:1083f800810f5000de0732003a2337007102200057
:10840800810f50003009320081022000810f500096
:10841800cf0e320033233700d1022000810f5000e5
:10842800680f3200d1022000810f500007003e0083
:10843800b1022000810f50001b0f3200c102200042
:10844800810f50002b0f320026233700e102200055
:10845800810f5000760f320021032000810f500059
:10846800820f32001f23370061062000810f500061
:108478008c16320061062000810f500062003e0019
:1084880001052000810f50009313320001052000e0
:10849800810f50002e003e00d1032000810f5000b4
:1084a80099123200d1032000810f500014003e00c1
:1084b80061032000810f5000361132006103200053
:1084c800810f500007003e0041032000810f50003b
:1084d8007d10320051032000810f500087103200b8
:1084e8000023370071032000810f5000361132003d
:1084f800c1032000810f500066123200f9223700b4
:1085080001042000810f5000db123200010420001a
:10851800810f500007003e00e1032000810f50004a
:10852800a1123200f1032000810f5000bf12320067
:10853800ec22370011042000810f5000381332005c
:1085480021042000810f500042133200e522370039
:10855800a1052000810f5000e3143200a10520007e
:10856800810f500014003e0031052000810f50009b
:10857800ef13320031052000810f500007003e0044
:1085880011052000810f50006713320021052000db
:10859800810f5000c5133200d22237005105200048
:1085a800810f5000b314320061052000810f500084
:1085b800be143200cb223700d1052000810f5000b5
:1085c80020153200d1052000810f500007003e0021
:1085d800b1052000810f5000d8143200c1052000d9
:1085e800810f5000fc143200be223700e105200044
:1085f800810f5000aa15320041062000810f50005b
:10860800ce153200b7223700c10a2000810f500072
:10861800ec183200c10a2000810f50002e003e00e5
:10862800b1072000810f50007e163200b1072000ec
:10863800810f500014003e0031072000810f5000c8
:108648003317320031072000810f500007003e0029
:1086580071062000810f50001f16320021072000ec
:10866800810f5000d91632009e22370041072000a2
:10867800810f50005e173200a1072000810f5000c3
:108688005616320097223700210a2000810f500029
:1086980066183200210a2000810f500007003e00b2
:1086a800010a2000810f5000ff173200110a200034
:1086b800810f5000231832008a223700a10a2000b7
:1086c800810f500066183200b10a2000810f500057
:1086d8008418320083223700d10c2000810f50000b
:1086e8006f0c3200d10c2000810f500014003e00a6
:1086f800a10c2000810f5000cb0b3200a10c2000f0
:10870800810f500007003e00810c2000810f5000af
:108718009b083200910c2000810f50009e0b320004
:1087280070223700b10c2000810f50000b0c320072
:10873800c10c2000810f5000500c32006922370014
:10874800310d2000810f5000a60c3200310d2000a1
:10875800810f500007003e00e10c2000810f5000ff
:108768005e0c3200210d2000810f5000680c320091
:108778005c223700410d2000810f5000df0c3200d1
:10878800510d2000810f5000370d3200552237005f
:10879800211c2000810f5000ee1b3200211c2000fc
:1087a800810f5000c7003e0081112000810f50004a
:1087b8003819320081112000810f50005f003e00ff
:1087c800010f2000810f500076193200010f2000a0
:1087d800810f50002b003e00a10e2000810f500099
:1087e800d6183200a10e2000810f500011003e0063
:1087f800910d2000810f50004c0d3200910d20008a
:10880800810f500004003e00810d2000810f5000b0
:10881800400d320033223700810e2000810f5000b6
:10882800a2183200910e2000810f5000ac183200bf
:108838002c223700d10e2000810f5000f41832008e
:10884800d10e2000810f500007003e00b10e20001d
:10885800810f5000c6183200c10e2000810f500051
:10886800d01832001f223700e10e2000810f50007f
:10887800fc183200f10e2000810f5000011932005f
:1088880018223700e10f2000810f5000830d3200bd
:10889800e10f2000810f500014003e00b10f2000ae
:1088a800810f5000380d3200b10f2000810f5000a9
:1088b80007003e00110f2000810f500054193200ac
:1088c800a10f2000810f50001e0d32000522370035
:1088d800c10f2000810f50004c0d3200d10f200035
:1088e800810f5000570d3200fe2137005110200033
:1088f800810f50008e19320051102000810f500056
:1089080007003e00f10f2000810f50006d19320062
:1089180041102000810f500074193200f1213700f6
:1089280061102000810f5000ca1932007110200018
:10893800810f5000fa193200ea213700311b20005c
:10894800810f5000831a3200311b2000810f500024
:108958002e003e00d1172000810f5000d2063200b1
:10896800d1172000810f500014003e00b1112000e3
:10897800810f5000ff183200b1112000810f500004
:1089880007003e0091112000810f5000cc183200e2
:10899800a1112000810f5000d4183200d1213700d6
:1089a800c1112000810f5000fa183200c1172000b1
:1089b800810f500092063200ca21370001182000aa
:1089c800810f50005e07320001182000810f50000f
:1089d80007003e00e1172000810f5000e00632003a
:1089e800f1172000810f50001e073200bd2137000b
:1089f80011182000810f500096073200011920003d
:108a0800810f50008a013200b6213700c11b2000b7
:108a1800810f5000c81a3200c11b2000810f50007e
:108a280014003e00911b2000810f50007f1a320075
:108a3800911b2000810f500007003e00411b2000c1
:108a4800810f50004d1a3200811b2000810f500009
:108a5800631a3200a3213700a11b2000810f5000a8
:108a6800921a3200b11b2000810f5000a51a320063
:108a78009c213700f11b2000810f5000ff1a3200a3
:108a8800f11b2000810f500007003e00d11b200081
:108a9800810f5000c21a3200e11b2000810f5000e4
:108aa800e51a32008f213700011c2000810f500089
:108ab800fc1a3200111c2000810f5000121b3200da
:108ac80088213700f1332000810f5000c212320094
:108ad800f1332000810f500062003e00011d20008c
:108ae800810f5000581d3200011d2000810f5000d9
:108af8002e003e00811c2000810f5000a11b320077
:108b0800811c2000810f500014003e00511c2000e1
:108b1800810f5000531b3200511c2000810f500060
:108b280007003e00311c2000810f5000131b32004b
:108b3800411c2000810f50002b1b32006921370097
:108b4800611c2000810f50005f1b3200711c200047
:108b5800810f5000721b320062213700c11c2000b7
:108b6800810f5000fd1b3200c11c2000810f5000f6
:108b780007003e00911c2000810f5000ae1b320000
:108b8800b11c2000810f5000c11b32005521370055
:108b9800d11c2000810f5000061c3200f11c20005f
:108ba800810f5000f31c32004e213700611d200058
:108bb800810f50003e1f3200611d2000810f5000c0
:108bc80014003e00311d2000810f50001c1e320091
:108bd800311d2000810f500007003e00111d2000ac
:108be800810f5000441d3200211d2000810f5000cc
:108bf800d31d32003b213700411d2000810f50005a
:108c0800bd1e3200511d2000810f5000ed1e3200a4
:108c180034213700f11f2000810f500077193200ee
:108c2800f11f2000810f500007003e00411f200067
:108c3800810f500057193200e11f2000810f5000aa
:108c48005e1932002721370001202000810f5000d3
:108c58008119320011202000810f5000b51932000f
:108c680020213700a1482000810f500059163200fa
:108c7800a1482000810f50002e003e00513a2000ec
:108c8800810f5000b3133200513a2000810f500079
:108c980014003e0031342000810f5000cf12320002
:108ca80031342000810f500007003e0001342000bd
:108cb800810f50007a12320021342000810f5000b9
:108cc8009112320007213700213a2000810f50000d
:108cd80074133200313a2000810f5000871332009c
:108ce80000213700213f2000810f50002c14320052
:108cf800213f2000810f500007003e00613a20000c
:108d0800810f5000c4133200a13e2000810f500093
:108d18001b0b3200f3203700313f2000810f500039
:108d28003914320091482000810f5000b7153200e5
:108d3800ec203700d1202100810f5000f41b3200b5
:108d4800d1202100810f500014003e00011d210098
:108d5800810f50002d1b3200011d2100810f500092
:108d680007003e00b1482000810f50003b1632003a
:108d7800e1832000810f50004a0b3200d9203700d0
:108d8800f11e2100810f5000541b3200c120210028
:108d9800810f5000ac1b3200d2203700b1222100d5
:108da800810f50000e1d3200b1222100810f5000aa
:108db80007003e00e1202100810f50000e1c320008
:108dc800f1202100810f50003a1c3200c5203700e5
:108dd800f1232100810f5000261e32003125210089
:108de800810f5000a51e3200be203700b666a800cd
:108df800508020008040eb0001487800bb2007002d
:108e0800e02622008040eb00014878004001200065
:108e180060138900803d21008040eb000148780004
:108e2800903d21008040eb000148780090da200056
:108e38008040eb000148780030e720008040eb00dc
:108e480001487800308821008040eb000148780014
:108e5800e08a21008040eb0001487800d08a210098
:108e68008040eb0001487800308020008040eb0013
:108e780001487800408020008040eb0001487800dd
:108e880048c3020001000000c0968000801f7800df
:108e980040722900801f7800e0bc2000d604020040
:108ea80000000000e4875700e0bc20000ac302006d
:108eb8000100000048c302000100000020732900df
:108ec8000ac3020001000000b03e29000ac30200e4
:108ed800010000000040eb0076a60200010000003f
:108ee80050e720008040eb00014878000000eb00cc
:108ef800b07388000000eb00107488000000eb00dd
:108f0800d07388000000eb00007488000000eb00bc
:108f1800e07388000000eb00f073880050ae210079
:108f28008040eb0001487800208821008040eb0059
:108f38000148780090c120008040eb00014878008b
:108f4800808c2100f1c3b30001487800808c210097
:108f580090407800a01321000148780080ac2100df
:108f6800f1c3b3000148780090ac21008040eb00c9
:108f7800014878000000eb00605e88000c003700b4
:108f8800605e80007f00b90080007800f03e21001c
:108f980000804000e20120008000eb00260502006e
:108fa80000000000605e80000000e800605e88004d
:108fb800605e80000000e000f1ff34000080eb00fc
:108fc800605e8800e08c21008040eb00014878005a
:108fd800c08c21008040eb000148780080ae210061
:108fe8008040eb000148780070ae21008040eb0023
:108ff80001487800dcc6a800b6a6a80040b0210049
:109008008040eb000148780050b021008040eb0020
:109018000148780091fc800000ff2f00008060006c
:1090280090fc880000192000c09688002d20370089
:10903800813e200010c0b300a862020001000000b9
:109048002820370010002000e0a1880088200700b1
:10905800007429005e20070000e2240001002000bf
:10906800d0968800e196880020002000c0968800ed
:109078004106200010c0b300a862020001000000f1
:109088001820370081c68000002020000080600082
:109098000000e0000c003200752007006074290011
:1090a8004b20070000e2240001002000d096880031
:1090b800e196880040c4b300fea70200010000004a
:1090c80030002000c0968800d0968000e19680008d
:1090d800e00f5000e08f580002003a001000200016
:1090e800fefb07004106200010c0b300a862020082
:1090f80001000000fb1f370081c68000002020000f
:10910800008060000000e0000900320058200700dd
:1091180000e2240001002000d0968800e196880033
:10912800c07429002a20070040002000c09688004b
:10913800d0968000e1968000e00f5000e08f580044
:109148001b1f3a00807529000ac3020001000000b5
:1091580001fa200010c0b300a8620200010000005c
:1091680080112000ddfb0700de1f370081c680006c
:1091780000202000008060000000e00009003200ac
:109188003b200700a07629001120070000e22400f8
:1091980001002000d0968800e19688005000200049
:1091a800c0968800d0968000e1968000e00f5000bd
:1091b800e08f580002003a0030002000c7fb07008b
:1091c8004106200010c0b300a862020001000000a0
:1091d800c41f370081c68000002020000080600086
:1091e8000000e0000f003200212007002078210055
:1091f8008040eb000148780060ae21008040eb0021
:109208000148780090772900f11f070000e2240048
:1092180001002000d0968800e196880060002000b8
:10922800c0968800d0968000e1968000e00f50003c
:10923800e08f580002003a0040002000a7fb07001a
:109248004106200010c0b300a8620200010000001f
:10925800a41f370020782100104078000004e000a7
:1092680024003200607921008040eb00014878003a
:1092780021782100a03d2100b6be020001000000b7
:1092880060ae2100104078000004e0000b003200be
:1092980060002000e0a1880048c30200010000002f
:1092a800207829000ac302000100000080c680005f
:1092b8000090a00080c688000c00370048c3020058
:1092c80001000000e07829000ac302000100000044
:1092d800a03d21000ac302000100000000e22400b2
:1092e80001002000d0968800e196880070002000d8
:1092f800c0968800d0968000e1968000e00f50006c
:10930800e08f580002003a005000200073fb07006d
:109318004106200010c0b300a8620200010000004e
:10932800701f370081c68000002020000080600088
:109338000000e00014003200cd1f07002078210053
:109348008040eb000148780060ae21008040eb00cf
:1093580001487800507929009d1f0700e20120008c
:109368008000eb00f03e210026050200000000000e
:1093780000e2240001002000d0968800e1968800d1
:1093880080002000c0968800d0968000e19680007a
:10939800e00f5000e08f580002003a005000200013
:1093a8004efb07004106200010c0b300a86202006f
:1093b800010000004b1f3700207821001040780082
:1093c8000004e0002600320072c0b300e1792900f1
:1093d8002078210042be0200010000000000e000e9
:1093e8000b00320090782100104078000004e00063
:1093f80007003200007a21008040eb000148780025
:10940800f03e210091782100b6be02000100000064
:1094180060ae2100104078000004e0000a0032002d
:1094280060002000e0a1880048c30200010000009d
:10943800607a29000ac302000100000080c680008b
:109448000090a00080c6880000e2240001002000ef
:10945800d0968800e196880090002000c096880089
:10946800d0968000e1968000e00f5000e08f580011
:1094780002003a007000200018fb07004106200097
:1094880010c0b300a862020001000000151f3700d9
:1094980081c6800000202000008060000000e000fd
:1094a8000f003200721f0700207821008040eb0077
:1094b8000148780060ae21008040eb000148780048
:1094c800207b2900421f070000e224000100200041
:1094d800d0968800e1968800a0002000c0968800f9
:1094e800d0968000e1968000e00f5000e08f580091
:1094f80002003a0070002000f8fa07004106200038
:1095080010c0b300a862020001000000f51e370079
:1095180020782100104078000004e0001600320096
:10952800607921008040eb00014878002178210013
:10953800e0402100b6be02000100000060ae21003c
:10954800104078000004e0000500320060002000b0
:10955800e0a1880080c680000090a00080c6880036
:1095680000e2240001002000d0968800e1968800df
:10957800b0002000c0968800d0968000e196800058
:10958800e00f5000e08f580002003a0090002000e1
:10959800d2fa07004106200010c0b300a8620200fa
:1095a80001000000cf1e370081c680000020200087
:1095b800008060000000e0000f00320050ae210083
:1095c8008040eb0001487800291f0700207821001f
:1095d8008040eb0001487800b07b2900fc1e0700a2
:1095e80000e2240001002000d0968800e19688005f
:1095f800c0002000c0968800d0968000e1968000c8
:10960800e00f5000e08f580002003a009000200060
:10961800b2fa07004106200010c0b300a862020099
:1096280001000000af1e37002078210010407800ac
:109638000004e0003c003200c2c0b300517c2900a5
:109648002078210042be0200010000000000e00076
:109658000500320020002000e0a18800e000200082
:10966800c09688002c003700e2c0b300217d290095
:109678002078210042be0200010000000000e00046
:1096880006003200d0002000c096880050ae2100ad
:109698008040eb00014878001f003700e2c0b300ab
:1096a800117e29002078210042be0200010000003e
:1096b8000000e00009003200900d2000c0968800ec
:1096c80011c0b3001000200066280200010000004d
:1096d80060002000e0a188000f00370052c0b300ee
:1096e800514129002078210042be020001000000fb
:1096f8000000e00008003200800d2000c0968800bd
:1097080011c0b3001000200066280200010000000c
:1097180060002000e0a1880000e224000100200091
:10972800d0968800e1968800d0968000e196800067
:10973800e00f5000e08f580002003a00b00020000f
:1097480066fa07004106200010c0b300a8620200b4
:1097580001000000631e3700420020008000eb007b
:1097680000ae2100260502000000000000ae210026
:10977800c5262200e42622008001780042c0b300fa
:109788008000eb0000c5b300b23b020001000000fe
:1097980040ae21008040eb000148780000ae210077
:1097a800aca40200000000000004e0001500320034
:1097b800af1e0700007f2900851e070000ae2100ac
:1097c800831e0700a07f2900811e070000e22400f5
:1097d80001002000d0968800e1968800e000200073
:1097e800c09688004106200010c0b300a86202009d
:1097f8000100000050ae21008040eb0001487800d5
:10980800381e370050ae2100104078008040e80034
:1098180050ae21000148780048c302000100000052
:10982800d07f29000ac30200010000000171220054
:1098380010c0b300a86202000100000080c68000ca
:109848000090a00080c6880050ae2100104078002b
:10985800e24f5000581d3600108229000ac302004a
:1098680001000000f00f2000c09688001d1e370080
:1098780081c6800000202000008060000000e00019
:109888000f0032007a1e0700207821008040eb008c
:109898000148780060ae21008040eb000148780064
:1098a800e08529004a1e070000e22400010020008c
:1098b800d0968800e1968800f0002000c0968800c5
:1098c800d0968000e1968000e00f5000e08f5800ad
:1098d80002003a00c000200000fa070041062000fc
:1098e80010c0b300a862020001000000fd1d37008f
:1098f80020782100104078000004e0002a0032009f
:1099080082c0b300918629002078210042be02005f
:10991800010000000000e0000b003200a0782100e8
:10992800104078000004e00007003200d0792100e0
:109938008040eb0001487800a178210030422100e6
:10994800b6be02000100000060ae210010407800a1
:109958000004e0000e00320060002000e0a1880052
:1099680048c3020001000000208729000ac3020042
:109978000100000080c680000090a00080c688001a
:1099880060ae21008040eb0001487800d51d37000b
:1099980000e2240001002000d0968800e1968800ab
:1099a80000012000c0968800d0968000e1968000d3
:1099b800e00f5000e08f580002003a00e00020005d
:1099c800c6f907004106200010c0b300a8620200d3
:1099d80001000000c31d370081c680000020200060
:1099e800008060000000e00009003200201e07002f
:1099f800e0872900f61d070000e22400010020008e
:109a0800d0968800e196880010012000c096880052
:109a1800d0968000e1968000e00f5000e08f58005b
:109a280002003a00e0002000acf9070041062000df
:109a380010c0b300a862020001000000a91d370091
:109a480081c6800000202000008060000000e00047
:109a58000c003200061e070090882900dc1d070054
:109a680000e2240001002000d0968800e1968800da
:109a780020012000c0968800207821008040eb005b
:109a880001487800d0968000e1968000e00f5000f1
:109a9800e08f580002003a00000120008ff907000b
:109aa8004106200010c0b300a862020001000000b7
:109ab8008c1d370081c680000020200000806000d7
:109ac8000000e0002b00320062c0b30011892900b9
:109ad8002078210042be0200010000000000e000e2
:109ae800200032008078210010407800ae900200fb
:109af800010000000080fb0010079800907821000a
:109b080090407800f0c2b30080cf500011003400bc
:109b1800907821009040780090c3b30080cf500027
:109b28000c003c001e0090006a00b900000078009c
:109b3800100798009078210010407800ae9002003d
:109b4800010000000080fb009e00900000804000a3
:109b5800100798001e00900000407800942e020024
:109b6800010000000000eb00c073880030012000f5
:109b7800c0968800d0968000e1968000e00f5000e3
:109b8800e08f580002003a000001200053f9070056
:109b980070ae2100104078000004e000110032008f
:109ba800c0968000801f780080892900801f780077
:109bb800e0bc2000d604020000000000e487570043
:109bc800e0bc20000ac3020001000000411f200081
:109bd80010c0b300a862020001000000e01f2000ce
:109be800c09688004106200010c0b300a862020099
:109bf800010000003b1d370081c6800000202000c6
:109c0800008060000000e00009003200981d070095
:109c1800208b29006e1d070000e2240001002000af
:109c2800d0968800e196880040012000c096880000
:109c3800d0968000e1968000e00f5000e08f580039
:109c480002003a001001200024f907004106200014
:109c580010c0b300a862020001000000211d3700f7
:109c680081c6800000202000008060000000e00025
:109c7800090032007e1d0700c0742900541d07002a
:109c880000e2240001002000d0968800e1968800b8
:109c980050012000c0968800d0968000e196800090
:109ca800e00f5000e08f580002003a003001200019
:109cb8000af907004106200010c0b300a86202009c
:109cc80001000000071d370081c680000020200029
:109cd800008060000000e00009003200641d0700f9
:109ce800d08b29003a1d070000e224000100200063
:109cf800d0968800e196880060012000c096880010
:109d0800d0968000e1968000e00f5000e08f580068
:109d180002003a0020012000f0f807004106200068
:109d280010c0b300a862020001000000ed1c37005b
:109d380081c6800000202000008060000000e00054
:109d4800090032004a1d0700808c2900201d0700e9
:109d580000e2240001002000d0968800e1968800e7
:109d680070012000c0968800d0968000e19680009f
:109d7800e00f5000e08f580002003a005001200028
:109d8800d6f807004106200010c0b300a862020000
:109d980001000000d31c370081c68000002020008d
:109da800008060000000e00009003200301d07005c
:109db80000e2240001002000d0968800e196880087
:109dc800708d2900021d070080012000c0968800c0
:109dd800d0968000e1968000e00f5000e08f580098
:109de80002003a0060012000bcf80700410620008c
:109df80010c0b300a862020001000000b91c3700bf
:109e080081c6800000202000008060000000e00083
:109e180009003200161d0700408e2900ec1c0700bf
:109e280000e2240001002000d0968800e196880016
:109e380090012000c096880060ae21001040780094
:109e48000004e0000b00320048c3020001000000db
:109e5800d08e29000ac302000100000060ae210074
:109e68008040eb000148780080c680000090a00088
:109e780080c68800d0968000e1968000e00f5000f0
:109e8800e08f580002003a007001200093f80700a4
:109e98004106200010c0b300a862020001000000c3
:109ea800901c370081c680000020200000806000e0
:109eb8000000e00009003200ed1c0700908f290027
:109ec800c31c070000e2240001002000d09688008f
:109ed800e1968800a0012000c0968800d0968000f6
:109ee800e1968000e00f5000e08f580002003a0031
:109ef8008001200079f807004106200010c0b30057
:109f0800a862020001000000761c370081c68000ac
:109f180000202000008060000000e00009003200fe
:109f2800d31c070030902900a91c070000e2240078
:109f380001002000d0968800e1968800b00120003a
:109f4800c0968800d0968000e1968000e00f50000f
:109f5800e08f580002003a00900120005ff80700e7
:109f680081b5210010c0b300a86202000100000002
:109f78005c1c370081c68000002020000080600043
:109f88000000e00009003200b91c070000e22400cc
:109f980001002000d0968800e1968800e090290012
:109fa8008b1c0700d0012000c0968800d096800046
:109fb800e1968000e00f5000e08f580002003a0060
:109fc800a001200045f807004106200010c0b3009a
:109fd800a862020001000000421c370081c6800010
:109fe80000202000008060000000e000090032002e
:109ff8009f1c070000e2240001002000d096880082
:10a00800e196880090912900711c0700d00120007a
:10a01800c0968800d0968000e1968000e00f50003e
:10a02800e08f580002003a00b00120002bf807002a
:10a038004106200010c0b300a86202000100000021
:10a04800281c370081c680000020200000806000a6
:10a058000000e00009003200851c0700409229003a
:10a068005b1c070000e2240001002000d096880055
:10a07800e1968800e0012000c0968800d096800014
:10a08800e1968000e00f5000e08f580002003a008f
:10a09800b001200011f807004106200010c0b300ed
:10a0a800a8620200010000000e1c370081c6800073
:10a0b80000202000008060000000e000090032005d
:10a0c8006b1c0700f0922900411c070000e22400e5
:10a0d80001002000d0968800e1968800f001200059
:10a0e800c0968800d0968000e1968000e00f50006e
:10a0f800e08f580002003a00d0012000f7f707006f
:10a108004106200010c0b300a86202000100000050
:10a11800f41b370081c6800000202000008060000a
:10a128000000e00009003200511c0700a09329003c
:10a13800271c070000e2240001002000d0968800b8
:10a14800e196880000022000c0968800d096800022
:10a15800e1968000e00f5000e08f580002003a00be
:10a16800e0012000ddf707004106200010c0b30021
:10a17800a862020001000000da1b370081c68000d7
:10a1880000202000008060000000e0001a0032007b
:10a1980050c120009040780000ab21001140980089
:10a1a80000ab210010409000e84f5000030036003b
:10a1b80000ab210041c0b300114098002c1c0700df
:10a1c80050942900021c070050c12000104078005c
:10a1d8006493020001000000a0952900fc1b070001
:10a1e80000e2240001002000d0968800e196880053
:10a1f80010022000c0968800d0968000e19680006a
:10a20800e00f5000e08f580002003a00f0012000f3
:10a21800b2f707004106200010c0b300a862020090
:10a2280001000000af1b370081c68000002020001d
:10a23800008060000000e000090032000c1c0700ec
:10a24800c0952900e21b070000e22400010020005d
:10a25800d0968800e196880020022000c0968800e9
:10a26800d0968000e1968000e00f5000e08f580003
:10a2780002003a000002200098f70700410620007b
:10a2880010c0b300a862020001000000951b37004f
:10a2980081c6800000202000008060000000e000ef
:10a2a8000d003200f21b070090962900c81b07001a
:10a2b800705a2100c61b0700d0972900c41b07004d
:10a2c80000e2240001002000d0968800e196880072
:10a2d80030022000c0968800d0968000e196800069
:10a2e800e00f5000e08f580002003a0010022000f2
:10a2f8007af707004106200010c0b300a8620200e8
:10a3080001000000771b370081c680000020200074
:10a31800008060000000e00009003200d41b070044
:10a32800d0982900aa1b070040022000c096880088
:10a3380000e2240001002000d0968800e196880001
:10a34800d0968000e1968000e00f5000e08f580022
:10a3580002003a002002200060f7070041062000b2
:10a3680010c0b300a8620200010000005d1b3700a6
:10a3780081c6800000202000008060000000e0000e
:10a3880009003200c0af8000610060000000e000fa
:10a3980003003a0050022000c096880002003700ef
:10a3a800c0172000c0968800d0968000e1968000f3
:10a3b800e00f5000e08f5800811a3a003002200068
:10a3c80046f70700471b3700a91b0700809929009b
:10a3d8007f1b0700c0172000c09688008038210026
:10a3e80001002000d0968800e196880041062000f0
:10a3f80010c0b300a862020001000000391b37003a
:10a4080081c6800000202000008060000000e0007d
:10a4180009003200961b0700609a29006c1b070090
:10a428008038210001002000d0968800e19688003d
:10a43800d0172000c0968800d0968000e196800052
:10a44800e00f5000e08f580012003a007002200020
:10a4580022f70700d1b380000020200000806000b0
:10a468000000e0000b003200d0b380000090a10093
:10a47800d0b38800d1b38000f0ff2800808060004e
:10a488000000250001007000d0b3880000322000d1
:10a49800e0b388004106200010c0b300a8620200a3
:10a4a800010000000f1b370081c68000002020003b
:10a4b800008060000000e0001a00320060ae210059
:10a4c8008040eb0001487800c0af80006800600061
:10a4d8000000e0000600320050b0210011c0b300b7
:10a4e8000148780000182000c0968800090037004d
:10a4f8005f1b0700309c2900351b0700b09d290011
:10a50800331b0700a07f2900311b0700e01720003c
:10a51800c09688008038210001002000d09688006d
:10a52800e1968800d0968000e1968000e00f500008
:10a53800e08f580005003a0050b0210011c0b30068
:10a548000148780000182000e4f6070041062000c2
:10a5580010c0b300a862020001000000e11a370031
:10a5680081c6800000202000008060000000e0001c
:10a5780017003200c0af8000700060000000e000eb
:10a588000600320050b0210021c0b3000148780015
:10a5980000182000c096880009003700341b070007
:10a5a800709e29000a1b070030a02900081b07001d
:10a5b800a07f2900061b0700f0172000c09688001e
:10a5c8008038210001002000d0968800e19688009c
:10a5d80060ae2100104078000004e0001200320054
:10a5e80060ae21008040eb000148780080c6800002
:10a5f8000090a00080c6880080c680000080a1006e
:10a6080080c688008038210001002000d09688008c
:10a61800e196880050b0210011c0b30001487800cd
:10a6280000182000c0968800d0968000e19680002f
:10a63800e00f5000e08f580005003a0050b02100ac
:10a6480011c0b3000148780000182000a3f60700e5
:10a658004106200010c0b300a862020001000000fb
:10a66800a01a370081c6800000202000008060000a
:10a678000000e0000d003200fd1a070030a129009b
:10a68800d31a0700e0a22900d11a0700a07f2900e9
:10a69800cf1a07008038210001002000d0968800da
:10a6a800e196880000182000c096880060ae21005e
:10a6b800104078000004e0001200320060ae210073
:10a6c8008040eb000148780080c680000090a00020
:10a6d80080c6880080c680000080a10080c68800ef
:10a6e8008038210001002000d0968800e19688007b
:10a6f80050b0210021c0b3000148780000182000a4
:10a70800c0968800d0968000e1968000e00f500047
:10a71800e08f580005003a0050b0210021c0b30076
:10a7280001487800001820006cf607004106200058
:10a7380010c0b300a862020001000000691a3700c7
:10a7480081c6800000202000008060000000e0003a
:10a758001b003200c61a070050b0210010407800d4
:10a76800e14f500005003a00d0a32900981a0700cd
:10a7780070022000c09688000d00370050b02100fc
:10a7880010407800e24f500005003a0080a52900eb
:10a798008f1a070010182000c096880004003700a0
:10a7a80030a729008a1a070010182000c0968800d0
:10a7b8008038210001002000d0968800e1968800aa
:10a7c80060ae2100104078000004e0001200320062
:10a7d80060ae21008040eb000148780080c6800010
:10a7e8000090a00080c6880080c680000080a1007c
:10a7f80080c688009e1a070080a52900741a0700e1
:10a808008038210001002000d0968800e196880059
:10a8180010182000c0968800d0968000e19680002d
:10a82800e00f5000e08f580005003a0050b02100ba
:10a8380011c0b300014878000018200027f607006f
:10a848004106200010c0b300a86202000100000009
:10a85800241a370081c68000002020000080600094
:10a868000000e0000c003200811a0700e0a829006f
:10a87800571a07008038210001002000d096880070
:10a88800e196880070022000c0968800c0af800062
:10a898000020a100c0af8800d0968000e19680001b
:10a8a800e00f5000e08f580002003a0070022000cc
:10a8b8000af607004106200010c0b300a862020093
:10a8c80001000000071a370081c680000020200020
:10a8d800008060000000e0001d00320040b0210050
:10a8e800104078000004e00011003a008080200049
:10a8f80021c8b30001487800a080200021c0b3001f
:10a908000148780048c3020001000000a0aa2900fd
:10a918000ac302000100000040b0210011c0b300ca
:10a9280001487800802c210011c0b300014878004c
:10a938000071220060748800803821000100200026
:10a94800d0968800e1968800800c2000c096880088
:10a95800d0968000e1968000e00f5000e08f58000c
:10a9680002003a0070022000dcf5070041062000d2
:10a9780010c0b300a862020001000000d919370016
:10a9880030002000e0a1880021638000000028003a
:10a99800008060000000e00013003200f0a82100f1
:10a9a800104078000004e0000f003a00d0aa21000f
:10a9b800104078000004e0000b003a00e0cc800072
:10a9c800610060000000e00007003a00e0cc800071
:10a9d800620060000000e00003003a006010200000
:10a9e800c0968800bf19370030d68000620060002a
:10a9f8000000e0001c003200f0a8210010407800a0
:10aa08000004e00018003a00d0aa210010407800a5
:10aa18000004e00014003a00e0cc8000610060000f
:10aa28000000e00010003a00e0cc80006200600006
:10aa38000000e0000c003a00d1b3800000202000a4
:10aa4800008060000000e00007003a00900c200041
:10aa5800c09688004106200010c0b300a86202001a
:10aa6800010000009f193700c0af8000610060003e
:10aa78000000e0000a003a00c0af800064006000f7
:10aa88000000e00006003200607480000000e00072
:10aa980003003a0030022000c09688009119370060
:10aaa80050802000104078000004e00003003200cd
:10aab800e01f2000c09688008a193700803d2100d9
:10aac800104078000004e00021003200803d2100a1
:10aad80010407800e14f50000f003a00808c2100b0
:10aae8009040780010c3b30080cf50000a003200b5
:10aaf800808c21009040780050c3b30080cf500074
:10ab080005003200808c210090407800f0c3b3002b
:10ab180080cf50000e003a00803d210010407800a0
:10ab2800e24f500040003a00808c210090407800ad
:10ab380010c3b30080cf500005003200808c210084
:10ab48009040780050c3b30080cf500036003a00e0
:10ab5800808c21009040780010c3b30080cf500053
:10ab680005003200808c21009040780050c3b3006b
:10ab780080cf500016003a00902221001040780043
:10ab88000080fb00680060000000e0000c0032005c
:10ab9800809a80000000e00009003a00d09a800006
:10aba8000000e00006003a00209b80000000e00062
:10abb80003003a0090ab29000ac30200010000001c
:10abc800803d210011c0b30001487800160037000d
:10abd80090222100104078000080fb00680060008f
:10abe8000000e0000d003200809a80000000e000c4
:10abf8000a003a00d09a80000000e00007003a00fe
:10ac0800209b80000000e00004003a00803d210005
:10ac180021c0b3000148780003003700803d2100bf
:10ac280021c0b30001487800402481006200600020
:10ac38000000e00023003200602481000000e000f2
:10ac48002000320000ab2100100078006100600095
:10ac58000000e0001b003a0000ab21001000780063
:10ac6800620060000000e0001600320060c22000b0
:10ac7800104078000080fb00610060000000e000e8
:10ac880010003a0023e92000120020008040eb0069
:10ac9800703b2900e0ea0700602481000000e90019
:10aca80060248900602481000000e00005003a006b
:10acb800620020008000eb00804822002605020088
:10acc80000000000d1738000f07c2000808f5000cd
:10acd8000d003600808c21009040780010c3b3002e
:10ace80080cf500005003200808c21009040780011
:10acf80050c3b30080cf500003003a000005200085
:10ad0800c0968800f7183700f0a821001040780096
:10ad1800e34f500008003a00a0d3800064006000b0
:10ad28000000e00004003200a0d380000020a10051
:10ad3800a0d38800eb183700f0a821001040780055
:10ad4800e24f50000e003a00a0d38000620060007d
:10ad58000000e00004003200a0d38000640060001e
:10ad68000000e00006003200a0d380000020a1000f
:10ad7800a0d3880020052000c0968800d918370085
:10ad8800f0a82100104078000004e0000a0032001a
:10ad9800d0aa2100104078000004e000060032002c
:10ada800e0ac29000ac302000100000040062000b0
:10adb800c0968800cb183700a0d3800061006000df
:10adc8000000e00004003a0090d4800061006000b8
:10add8000000e00006003200a0ad29000ac302000e
:10ade8000100000040062000c0968800bd1837000a
:10adf80000ab210010007800610060000000e00056
:10ae08000300320020072000c0968800b5183700dc
:10ae180000ab210010007800640060000000e00032
:10ae28000700320040072000c096880000ab2100d0
:10ae3800900078000120a10001087800a9183700c7
:10ae480060c22000104078000080fb0061006000b4
:10ae5800004078000004e0001a00320070c32000af
:10ae6800104078000080fb00610060000000e000f6
:10ae780014003a00e0c32000104078000004e0000d
:10ae880010003a0000ab210010007800610060005b
:10ae98000000e0000b003a0060c22000104078007b
:10aea8000080fb00640060000000e00005003a003c
:10aeb80030ae290039ea0700200d2000c09688002e
:10aec8008818370060c22000104078000080fb001e
:10aed80061006000004078000004e0000a003200d1
:10aee80070c32000104078000080fb006100600003
:10aef800004078000004e00003003200500d2000fc
:10af0800c09688007718370060c22000104078008b
:10af18000080fb00640060000000e00003003200d5
:10af2800500d2000c09688006e183700f0a8210048
:10af3800104078000004e0000a003a00a0d3800026
:10af48000020a100a0d38800d0aa210010407800da
:10af5800e14f500003003a00a0052000c096880089
:10af680060183700d0aa210010407800e34f500045
:10af78000a003a0080b0210010407800e24f5000eb
:10af880006003a0080b021008040eb0001487800bc
:10af9800d0052000c096880052183700c0d5800020
:10afa800610060000000e00003003200a00a2000f9
:10afb800c09688004b183700e0c720001040780082
:10afc8000004e00003003200000a2000c096880058
:10afd80044183700e0cc8000640060000000e00006
:10afe80003003200d0022000c09688003d183700c8
:10aff800e0cc8000620060000000e0000300320046
:10b00800b0022000c096880036183700b0c680000d
:10b01800610060000000e00034003200602221007e
:10b02800104078000004e00030003a00a01321002e
:10b0380090407800f0c3b30080cf50002b0032005e
:10b04800808c21009040780010c3b30080cf50005e
:10b0580005003200808c21009040780050c3b30076
:10b0680080cf500021003a0081c6800000202000d7
:10b07800008060000000e0001c0032008097210082
:10b088006abf0200010000000000e0000e0032006c
:10b0980080972100104078000004e0000a00320088
:10b0a800b1c68000000e2000008060000000e000b3
:10b0b8000e003a00c0032000c09688000000eb0094
:10b0c800b073880007183700b0c680000000a100e0
:10b0d800b0c68800b0c680000040a100b0c6880095
:10b0e800809721008040eb0001487800e0cc800088
:10b0f800610060000000e00047003a00e0cc8000fa
:10b10800620060000000e00043003a00b0c6800022
:10b11800610060000000e0003f003a00b173800069
:10b1280070bb2000808f50003b003600903d21000e
:10b13800104078000004e0001d003200903d21001e
:10b14800104078000000fb00e20f500008003200b9
:10b15800a1052000810f500008003200e10f5000c7
:10b168000a003a00b00e2000c09688000700370099
:10b1780080112000c096880004003700508020000d
:10b1880011c0b3000148780000000000903d210084
:10b198008040eb000148780048c30200010000002d
:10b1a80070ae29000ac3020001000000cd17370065
:10b1b80080022000c0968800b08c210010407800e2
:10b1c8000004e00014003a00a01321009040780029
:10b1d800f0c3b30080cf50000f003200808c2100f4
:10b1e8009040780010c3b30080cf500005003200b3
:10b1f800808c21009040780050c3b30080cf50006d
:10b2080005003a00a00f2000c09688000000eb005f
:10b21800b0738800b317370080ac210090407800e5
:10b22800f0c3b30080cf50001a003a0090ac210060
:10b23800104078000004e00016003a00e0a1800009
:10b24800e30f500013003a0060c52000104078005a
:10b25800e54f50000f00340060c520001040780012
:10b26800ff4f50000b003c0050c5200010407800f4
:10b278000004e00007003200f17380000071220032
:10b28800808f500003003600a0072000c096880079
:10b298009417370060222100104078000004e00075
:10b2a80013003200e173800080382100808f500045
:10b2b8000f003600f0a82100104078000004e000dc
:10b2c8000b003a00d0aa2100104078000004e000ea
:10b2d80007003a00e0cc8000610060000000e00058
:10b2e80003003a0060062000c09688007d173700ea
:10b2f8001174800000e22400808f50000f00360097
:10b30800f0a82100104078000004e0000b003a008b
:10b31800d0aa2100104078000004e00007003a009d
:10b32800e0cc8000610060000000e00003003a000b
:10b3380050052000c09688006a173700c173800046
:10b34800f0702200808f5000030036002003200098
:10b35800c09688006317370001748000f0e124006c
:10b36800808f50000300360040102000c0968800ef
:10b378005c173700d1b38000001020000080600007
:10b388000000e00003003200401d2000c096880045
:10b3980054173700d1b380000020200000806000df
:10b3a8000000e00008003200c0af800061006000cb
:10b3b8000000e00004003a00c0af80000020a000b8
:10b3c800c0af880047173700d1b3800000202000a5
:10b3d800008060000000e00007003200e067210004
:10b3e800104078000004e00003003a00b01c200080
:10b3f800c09688003b173700d1b3800000002800b2
:10b40800008060000000e0000e0032002060210093
:10b4180010407800e34f500006003a0070b0210059
:10b4280011c0b30001487800e0b0210011c0b3009a
:10b4380001487800d0b3800000f0a100d0b38800a4
:10b448002817370070b02100104078000004e00091
:10b458000c003200e0b02100104078000004e00049
:10b468000800320030f080000000e00005003a00db
:10b478001000200060fe8800601d2000c096880033
:10b488001817370090fc8000700060000000e00092
:10b498000a00320030f080000000e00007003a00a7
:10b4a800e0b0210011c0b3000148780090fc800092
:10b4b8000040a10090fc88000a17370070b02100f6
:10b4c800104078000004e0000700320030f08000ef
:10b4d8000000e00004003a00e0b0210011c0b30011
:10b4e80001487800ff163700e0a18000e30f500004
:10b4f8000d003200e0a18000e40f50000a00320085
:10b50800e0a18000e50f50000700320048c30200a8
:10b518000100000020b029000ac302000100000059
:10b52800800e2000c09688003088210010407800e6
:10b538000004e0000b003200b0c68000610060002b
:10b548000000e00004003200e08a2100104078008a
:10b558000004e00003003a00000f2000c0968800b5
:10b56800e0163700c1968000800c2000808f5000c4
:10b5780015163a00402d2100104078000004e00024
:10b5880013163a002103200010c0b300a86202007d
:10b5980001000000d316370000c4200010407800d6
:10b5a8000080fb00700060000000e0000e003a0020
:10b5b80060e8200010407800e14f50000a003a008f
:10b5c80060e820008040eb0001487800a0b2290024
:10b5d800ff160700411f200010c0b300a862020038
:10b5e80001000000bf16370050b32900f816070005
:10b5f80000e2240001002000d0968800e19688002f
:10b6080060ae21008040eb0001487800a00c2000cb
:10b61800c0968800e115200010c0b300a86202009f
:10b6280001000000af16370081c68000002020000e
:10b63800008060000000e0000d00320030d680007d
:10b648000010a10030d6880050002000e0a188003a
:10b6580080a9230001002000d0968800e196880088
:10b66800b00c2000c0968800dcc6a900b6a6a900c8
:10b67800d0968000e1968000e00f5000e08f5800df
:10b688000f003a00c0968000801f7800b0b42900ef
:10b69800801f7800e0bc2000d604020000000000f3
:10b6a800e4875700e0bc20000ac302000100000044
:10b6b800800c2000c096880010c0b300b0e80700d6
:10b6c80060ae2100104078000004e0000d00320058
:10b6d800c0968000801f7800b0b52900801f7800d0
:10b6e800e0bc2000d604020000000000e4875700f8
:10b6f800e0bc20000ac3020001000000800c20000a
:10b70800c096880070ae2100104078000004e00068
:10b71800b1153200c0968000801f780080b72900dc
:10b72800801f7800e0bc2000d60402000000000062
:10b73800e4875700e0bc20000ac3020001000000b3
:10b74800411f200010c0b300a862020001000000e1
:10b75800e01f2000c096880062163700d09680004f
:10b76800e1968000e00f5000e08f58003e003a005c
:10b77800c19b8000c0968000811f7800801f7800e0
:10b78800b0ba2900801f7800e0bc2000d60402006f
:10b7980000000000e6875700e0bc20000ac3020052
:10b7a80001000000a09529000ac302000100000062
:10b7b8000000eb00b0738800b1c68000000e2000c6
:10b7c80001007000b0c68800b08c21008040eb00fa
:10b7d80001487800808c2100f1c3b300014878004b
:10b7e800808c210090407800a01321000148780047
:10b7f80050e72000104078000004e00003003a0001
:10b80800804b2200c07388001000370050e72000ea
:10b8180010407800e14f50000c003a0050e720003b
:10b828008040eb00014878000000eb00c0738800fe
:10b838000000eb0000748800c05d2000d073880011
:10b84800808c210011c3b3000148780030d68000f5
:10b858000010a10030d6880050002000e0a1880028
:10b86800c00c2000c0968800813e200010c0b300a4
:10b87800a8620200010000001a163700dcc6a80002
:10b88800b6a6a8008038210001002000d0968800c4
:10b89800e1968800d00c2000c09688001116370069
:10b8a80081c6800000202000008060000000e000c9
:10b8b8004b1532006e16070000bc2900441607001d
:10b8c8008038210001002000d0968800e196880089
:10b8d800e00c2000c096880002163700d096800041
:10b8e800e1968000e00f5000e08f5800050032001c
:10b8f80081c6800000202000008060000000e00079
:10b9080039153200800c2000c0968800f5153700e4
:10b9180057160700d0bc29002d16070000e22400a6
:10b9280001002000d0968800e196880080b02100b0
:10b9380010407800e14f50000a003a0080b0210022
:10b9480021c0b30001487800a03e2000c0968800be
:10b95800813e200010c0b300a86202000100000070
:10b96800e0153700300d2000c0968800a10f200098
:10b9780010c0b300a862020001000000d91537000a
:10b9880081c6800000202000008060000000e000e8
:10b998000c0032003616070090bd29000c1607006f
:10b9a80060ae21008040eb0001487800813e200015
:10b9b80010c0b300a862020001000000300d200092
:10b9c800c0968800d0968000e1968000e00f500075
:10b9d800e08f580006153a00800c2000bff10700e0
:10b9e800c015370081c6800000202000008060005c
:10b9f8000000e00005003a00d0968000e196800043
:10ba0800e00f5000e08f5800fb143a0060c220009d
:10ba180010407800804078000104a10060c2200036
:10ba28000148780060ae21008040eb0001487800b2
:10ba38000f16070050be2900e515070070c2200048
:10ba4800e315070060bf2900e115070048c302009d
:10ba580001000000b0bf29000ac302000100000075
:10ba680070c220000ac3020001000000b03e290095
:10ba78000ac3020001000000400d2000c0968800a3
:10ba8800810c200010c0b300a86202000100000071
:10ba98008038210001002000d0968800e1968800b7
:10baa8009015370081c680000020200000806000cb
:10bab8000000e00009003200ed15070090bd2900e4
:10bac800c315070000e2240001002000d09688007a
:10bad800e1968800400d2000c0968800d09680002e
:10bae800e1968000e00f5000e08f5800c4143a003f
:10baf800800c200079f107007a15370060ae21002c
:10bb0800104078000004e00005003a00d09680005c
:10bb1800e1968000e00f5000e08f580030003a00b6
:10bb280070c029001de7070070c32000104078008e
:10bb3800804078000124a00070c3200001487800ec
:10bb4800c2c0b300a13a290070c2200042be020060
:10bb5800010000000000e0001b00320060ae210080
:10bb68008040eb0001487800803821000100200067
:10bb7800d0968800e1968800f0c029000ac3020028
:10bb880001000000c2002000713b290070c22000a3
:10bb98001805020000000000b515070050be290076
:10bba8008b150700703b29008915070060bf290025
:10bbb80087150700411f200010c0b300a8620200cb
:10bbc8000100000047153700800c2000c09688004f
:10bbd800419c200010c0b300a862020001000000d0
:10bbe80081c6800000202000008060000000e00086
:10bbf8008514320000e2240001002000d09688005d
:10bc0800e196880070c320001040780080407800da
:10bc18000104a00070c320000148780060c2200021
:10bc2800104078000080fb00620060000000e00027
:10bc38000600320070c32000104078008040780071
:10bc48000134a00070c3200001487800800c200057
:10bc5800c0968800810c200010c0b300a8620200c2
:10bc6800010000001f1537008115070050c2290088
:10bc78005715070000e2240001002000d096880034
:10bc8800e1968800600d2000c096880015153700e1
:10bc980081c6800000202000008060000000e000d5
:10bca8001400320060c22000104078000080fb00c1
:10bcb80061006000004078000004e00007003200e6
:10bcc800813e200010c0b300a862020001000000fd
:10bcd800200d2000c09688000600370070c32000a1
:10bce800104078000004e00002003a00800c2000b8
:10bcf800c0968800d0968000e1968000e00f500042
:10bd0800e08f580042143a00800c2000c09688004a
:10bd1800f414370050c329000ac3020001000000d0
:10bd2800f00f2000c0968800ee143700d0c6290016
:10bd38000ac3020001000000f00f2000c09688002e
:10bd4800e81437004a15070060ae21008040eb0078
:10bd58000148780000e2240001002000d096880005
:10bd6800e196880000ca290019150700b00f2000c5
:10bd7800c09688004106200010c0b300a8620200e7
:10bd880001000000d714370081c680000020200081
:10bd9800008060000000e0000900320080382100c7
:10bda80001002000d0968800e1968800800c2000d1
:10bdb800c0968800b08c210011c0b30001487800fb
:10bdc80060ae2100104078000004e00005003a0051
:10bdd800d0968000e1968000e00f5000e08f580078
:10bde80005003a00b08c21008040eb000148780043
:10bdf800800c2000c09688004106200010c0b300c7
:10be0800a862020001000000b614370018150700e8
:10be1800d0982900ee140700d00f2000c0968800a3
:10be280000e2240001002000d0968800e1968800f6
:10be38004106200010c0b300a86202000100000003
:10be4800a814370081c68000002020000080600010
:10be58000000e00009003200c0af8000610060000f
:10be68000000e00003003a00e00f2000c0968800c0
:10be780002003700e00f2000c0968800d0968000ae
:10be8800e1968000e00f5000e08f5800e2133a007e
:10be98003002200091f007009214370081c680001c
:10bea80000202000008060000000e000090032004f
:10beb800ef14070030cb2900c5140700c017200075
:10bec800c09688004106200010c0b300a862020096
:10bed8000100000060ae2100104078000004e0007e
:10bee8000b003200c0af8000610060000000e0007d
:10bef8000700320080c680000090a00080c688003d
:10bf080080c680000080a10080c688000800370035
:10bf180080c680000090a00080c6880080c680008f
:10bf28000080a10080c68800800c2000c096880090
:10bf3800d0968000e1968000e00f5000e08f580016
:10bf4800b7133a006002200064f007006514370058
:10bf5800808c21009040780010c3b30080cf50003f
:10bf680005003200808c21009040780050c3b30057
:10bf780080cf500019003a0081c6800000202000c0
:10bf8800008060000000e00005003a00d0968000c4
:10bf9800e1968000e00f5000e08f58000d003a0055
:10bfa800b3140700f0cb29007b14070040192100c7
:10bfb80001002000d0968800e1968800810c2000be
:10bfc80010c0b300a8620200010000009002200027
:10bfd800c09688000000000042143700800c200042
:10bfe800c09688000000eb00b07388003d1437004d
:10bff80081c6800000202000008060000000e00072
:10c0080005003a00d0968000e1968000e00f5000cd
:10c01800e08f58000e003a00800c2000c09688007f
:10c028000000eb00b0738800e0cc80006200600084
:10c038000000e00006003200b0022000c096880030
:10c048004106200010c0b300a862020001000000f1
:10c0580070ae2100104078000004e0007213320036
:10c06800c0968000801f780080892900801f780092
:10c07800e0bc2000d604020000000000e48757005e
:10c08800e0bc20000ac3020001000000411f20009c
:10c0980010c0b300a862020001000000e01f2000e9
:10c0a800c09688000f1437007114070000e22400be
:10c0b80001002000d0968800e1968800e0cc290095
:10c0c8004314070050d3800084930200010000004d
:10c0d80070cd29003e140700c0022000c0968800d9
:10c0e8004106200010c0b300a86202000100000051
:10c0f800fc13370081c6800000202000008060000b
:10c108000000e00005003a00d0968000e19680002b
:10c11800e00f5000e08f580045133a00e0cc800053
:10c128000010a100e0cc8800800c2000c096880098
:10c13800e0cc8000680060000000e00005003200ec
:10c14800e0cc80000030a100e0cc880080ab20006b
:10c15800b0738800d0968000e1968000e00f500010
:10c16800e08f580034133a00e0cc80000020a00093
:10c17800e0cc8800a06e29000ac30200010000007c
:10c18800c19680006c004700811f7800617029000b
:10c19800811f7800d604020000000000e4875700e1
:10c1a8006c0047000ac302000100000090702900db
:10c1b8000ac302000100000010c0b300f0e5070048
:10c1c800c81337002a14070000e2240001002000e9
:10c1d800d0968800e1968800b0cd2900fc130700ae
:10c1e800a0952900fa130700e0cc80000010a100f8
:10c1f800e0cc8800e0cc80000000a100e0cc880002
:10c20800e0cc80000020a100e0cc88000000eb001a
:10c21800b0738800e0022000c09688004106200024
:10c2280010c0b300a862020001000000ad1337007f
:10c2380081c6800000202000008060000000e0002f
:10c2480005003a00d0968000e1968000e00f50008b
:10c25800e08f5800fa123a00800c2000c09688003f
:10c2680010c0b300c6e507009e133700001407008e
:10c27800207821008040eb000148780070ce29002a
:10c28800d3130700801a260001002000d0968800ea
:10c29800e196880030032000c0968800911337008b
:10c2a8000000eb00c073880081c6800000202000d9
:10c2b800008060000000e000d10032006003200030
:10c2c800c0968800a2c0b30011cf290020782100b1
:10c2d80042be0200010000000000e00007003a0032
:10c2e800a2c0b300c1cf29002078210042be0200bd
:10c2f800010000000000e0002b00320030002000a8
:10c30800e0a1880000f1200010407800f94f5000ab
:10c3180004003200908c2100104078000004e000f6
:10c328000300320000f1200020400200010000005c
:10c33800908c21008040eb0001487800a08c2100ff
:10c348008040eb0001487800b07821001040780068
:10c3580080407800808c210001487800808c210082
:10c3680090407800a013210001487800808c2100bb
:10c378009040780050c3b30080cf500005003a00c9
:10c388008040eb0000202000662802000100000029
:10c39800260037008040eb000020200034280200ef
:10c3a8000100000021003700a2c0b30071d02900ad
:10c3b8002078210042be0200010000000000e000d9
:10c3c8001a00320048c302000100000020d12900f1
:10c3d8000ac3020001000000e01f2000c096880088
:10c3e800b07821001040780080407800808c2100cf
:10c3f80001487800808c210090407800a01321002b
:10c40800014878007080200010407800e34f400019
:10c418008d123e0070802000104078008040e800b7
:10c4280070802000014878002e133700a2c0b300a6
:10c4380051d329002078210042be020001000000eb
:10c448000000e00007003a00a2c0b30001d42900b0
:10c458002078210042be0200010000000000e00038
:10c4680047003200a08c2100104078008040e8008e
:10c47800a08c210001487800a08c21001040780091
:10c48800e84f500005003a0048c3020001000000d0
:10c49800b0d429000ac3020001000000a08c2100ca
:10c4a80010407800f44f50002b003600a08c21007b
:10c4b8008040eb0001487800908c21001040780003
:10c4c8000004e0001c003a00908c210011c0b30069
:10c4d8000148780080f1200020400200010000009f
:10c4e80048c302000100000090222100104078009b
:10c4f8000080fb0061006000004078000004e0005c
:10c508000400320011c0b3000001200066280200b8
:10c518000100000090222100104078000080fb00fc
:10c52800640060000000e000030032007022210077
:10c5380011c0b30001487800a0d629000ac3020040
:10c5480001000000e01f2000c09688004000200085
:10c55800e0a18800e3123700b0782100104078008d
:10c5680080407800808c210001487800808c210070
:10c5780090407800a013210001487800020037009d
:10c5880030002000e0a1880082c0b30061d92900f2
:10c598002078210042be0200010000000000e000f7
:10c5a80007003a0082c0b300f1d9290020782100a1
:10c5b80042be0200010000000000e000100032004e
:10c5c80080da2900021307002913070020782100c8
:10c5d8008040eb00014878008038210001002000ed
:10c5e800d0968800e1968800800c2000c0968800cc
:10c5f80081bb200010c0b300a86202000100000047
:10c60800d0968000e1968000e00f5000e08f58003f
:10c6180017003a00a06e29000ac3020001000000ba
:10c62800c1968000000220000e004000811f7800a3
:10c6380061702900811f7800d60402000000000004
:10c64800e4875700000220000e0040000ac30200e1
:10c6580001000000907029000ac3020001000000d8
:10c66800800c2000c096880010c0b300c4e4070006
:10c6780070ae2100104078000004e000f411320090
:10c68800c0968000801f780080892900801f78006c
:10c69800e0bc2000d604020000000000e487570038
:10c6a800e0bc20000ac3020001000000411f200076
:10c6b80010c0b300a862020001000000e01f2000c3
:10c6c800c09688008712370090882900c01207009a
:10c6d800e7120700207821008040eb00014878002d
:10c6e80000fa200001002000d0968800e19688001a
:10c6f80050032000c09688007a1237000000eb0033
:10c70800c073880081c6800000202000008060007f
:10c718000000e0006d00320062c0b30011892900fa
:10c728002078210042be0200010000000000e00065
:10c738006600320060c0b3004047980030db290033
:10c748000ac30200010000004e4090000080fb0078
:10c7580021782100e1407800f0c2b30080cf50007a
:10c76800350034004e4090000080fb002178210005
:10c77800e140780090c3b30080cf50002e003c0009
:10c788004e4090000080fb00217821006140780035
:10c79800ae900200010000000080fb001007980026
:10c7a8004e4090000040e800404798004e409000fe
:10c7b8000080fb0021782100e1407800f0c2b3003e
:10c7c80080cf5000180034004e4090000080fb00dd
:10c7d80021782100e140780090c3b30080cf500059
:10c7e80011003c001e0090006a00b90000007800ab
:10c7f800100798004e4090000080fb00217821002f
:10c8080061407800ae900200010000000080fb004b
:10c818009e00900000804000100798004e40900055
:10c828000040e800404798001e0090000040780053
:10c83800942e0200010000004e4090000040e800e5
:10c84800404798004e4090000080fb00217821006e
:10c85800e1407800f0c2b30080cf500013003400ec
:10c868004e4090000080fb0021782100e1407800d4
:10c8780090c3b30080cf50000c003c004e409000a5
:10c888000080fb002178210061407800ae90020012
:10c89800010000000080fb00100798001e009000b7
:10c8a8000040780018300200010000000000eb0092
:10c8b800c0738800007d200001002000d096880009
:10c8c800e1968800800c2000c0968800d0968000f1
:10c8d800e1968000e00f5000e08f580017003a0002
:10c8e800a06e29000ac3020001000000c196800062
:10c8f800400320000e004000811f7800617029006d
:10c90800811f7800d604020000000000e487570069
:10c91800400320000e0040000ac30200010000008e
:10c92800907029000ac3020001000000800c20005a
:10c93800c096880010c0b30011e4070070ae210053
:10c94800104078000004e00043113200c0968000d7
:10c95800801f780080892900801f7800e0bc2000b3
:10c96800d604020000000000e4875700e0bc200065
:10c978000ac3020001000000411f200010c0b300dc
:10c98800a862020001000000e01f2000c096880095
:10c99800d411370036120700207821008040eb00c0
:10c9a8000148780000dc290009120700803e2000b9
:10c9b80001002000d0968800e196880070032000ce
:10c9c800c0968800c711370081c68000002020006b
:10c9d800008060000000e000220132000000eb004f
:10c9e800c073880072c0b30091dc29002078210050
:10c9f80042be0200010000000000e0001901320000
:10ca0800d2c0b30011dd29002078210042be020007
:10ca1800010000000000e0000d01320052c1b30027
:10ca2800f1dd29002078210042be0200010000004b
:10ca38000000e0008000320050c5200041c0b30073
:10ca48000148780050c1b300504798005e409000fc
:10ca58000080fb0021782100e1407800f0c2b3009b
:10ca680080cf5000350034005e4090000080fb000d
:10ca780021782100e140780090c3b30080cf5000b6
:10ca88002e003c005e4090000080fb0021782100d1
:10ca980061407800ae900200010000000080fb00b9
:10caa800100798005e4090000040e800504798004a
:10cab8005e4090000080fb0021782100e140780072
:10cac800f0c2b30080cf5000180034005e409000e0
:10cad8000080fb0021782100e140780090c3b3007a
:10cae80080cf500011003c001e0090006a00b90081
:10caf80000007800100798005e4090000080fb005e
:10cb08002178210061407800ae9002000100000009
:10cb18000080fb009e0090000080400010079800f5
:10cb28005e4090000040e800504798001e009000ca
:10cb380000407800d8300200010000005e409000fc
:10cb48000040e800504798005e4090000080fb00dd
:10cb580021782100e1407800f0c2b30080cf500076
:10cb6800320034005e4090000080fb0021782100f4
:10cb7800e140780090c3b30080cf50002b003c0008
:10cb88005e4090000080fb00217821006140780021
:10cb9800ae900200010000000080fb001007980022
:10cba8005e4090000040e800504798005e409000ca
:10cbb8000080fb0021782100e1407800f0c2b3003a
:10cbc80080cf5000150034005e4090000080fb00cc
:10cbd80021782100e140780090c3b30080cf500055
:10cbe8000e003c001e0090006a00b90000007800aa
:10cbf800100798005e4090000080fb00217821001b
:10cc080061407800ae900200010000000080fb0047
:10cc18009e00900000804000100798001e009000c1
:10cc2800004078009030020001000000400320001e
:10cc3800c09688008b00370050c5200031c0b30073
:10cc480001487800d0c0b300604798006e4090005b
:10cc58000080fb0021782100e1407800f0c2b30099
:10cc680080cf5000350034006e4090000080fb00fb
:10cc780021782100e140780090c3b30080cf5000b4
:10cc88002e003c006e4090000080fb0021782100bf
:10cc980061407800ae900200010000000080fb00b7
:10cca800100798006e4090000040e8006047980028
:10ccb8006e4090000080fb0021782100e140780060
:10ccc800f0c2b30080cf5000180034006e409000ce
:10ccd8000080fb0021782100e140780090c3b30078
:10cce80080cf500011003c001e0090006a00b9007f
:10ccf80000007800100798006e4090000080fb004c
:10cd08002178210061407800ae9002000100000007
:10cd18000080fb009e0090000080400010079800f3
:10cd28006e4090000040e800604798001e009000a8
:10cd38000040780046310200010000006e4090007b
:10cd48000040e800604798006e4090000080fb00bb
:10cd580021782100e1407800f0c2b30080cf500074
:10cd6800320034006e4090000080fb0021782100e2
:10cd7800e140780090c3b30080cf50002b003c0006
:10cd88006e4090000080fb0021782100614078000f
:10cd9800ae900200010000000080fb001007980020
:10cda8006e4090000040e800604798006e40900098
:10cdb8000080fb0021782100e1407800f0c2b30038
:10cdc80080cf5000150034006e4090000080fb00ba
:10cdd80021782100e140780090c3b30080cf500053
:10cde8000e003c001e0090006a00b90000007800a8
:10cdf800100798006e4090000080fb002178210009
:10ce080061407800ae900200010000000080fb0045
:10ce18009e00900000804000100798001e009000bf
:10ce280000407800203102000100000020c62000e8
:10ce38008040eb000148780010c620008040eb00dd
:10ce48000148780040032000c0968800050037009c
:10ce580050c5200021c0b3000148780040032000dd
:10ce6800c0968800d0968000e1968000e00f5000c0
:10ce7800e08f5800fa0f3a000000eb00c0738800fa
:10ce8800800c2000c096880010c0b300bce20700e8
:10ce980094103700c080200090407800d080200097
:10cea8001040780080cf5000ef0f3a00e1c3b30084
:10ceb80060c680001311070001c2b30070c680006d
:10cec8001011070050df2900c110070080972100ca
:10ced800bf100700a07f2900bd100700d003200065
:10cee800c09688004106200010c0b300a862020066
:10cef8000100000080a9230001002000d0968800ce
:10cf0800e19688007710370061c680000020200075
:10cf1800008060000000e0000b00320071c6800055
:10cf280000202000008060000000e00006003200c1
:10cf3800411f200010c0b300a862020001000000d9
:10cf4800e0032000c0968800d0968000e19680001b
:10cf5800e00f5000e08f5800c50f3a0048c30200a8
:10cf680001000000f0df29000ac3020001000000f0
:10cf7800bf100700b00120009510070080a923000a
:10cf880001002000d0968800e1968800810c2000de
:10cf980010c0b300a86202000100000010042000c5
:10cfa800c09688004f10370060ae21008040eb002b
:10cfb80001487800021020008000eb002078210052
:10cfc8002605020000000000a9100700708d21004e
:10cfd8007f10070048c302000100000030e129006b
:10cfe8000ac3020001000000708d21000ac302007c
:10cff8000100000060e129000ac3020001000000ee
:10d0080000a62e0001002000d0968800e196880036
:10d01800810c200010c0b300a862020001000000cb
:10d02800f0032000c09688002e103700a0012000d1
:10d03800801f7800a0e12900801f7800d0ad210072
:10d04800d604020000000000e4875700d0ad21009c
:10d058005f100700d0c0b300b1e20700810c2000c8
:10d0680010c0b300a8620200010000000004200004
:10d07800c09688001b10370081c680000020200061
:10d08800008060000000e000320032008042eb00c7
:10d098000002eb008001eb0082972100718d2100d6
:10d0a800d0e12900d04f02000000000090cc8000a1
:10d0b800a1cc800061004000e080480090cc88004e
:10d0c800a1cc88006099210010407800e14f400011
:10d0d8000500320060992100104078008040e80087
:10d0e8006099210001487800b0c680007000600097
:10d0f8000000e0000900320080992100104078000b
:10d10800e14f40000500320080992100104078006e
:10d118008040e8008099210001487800b0c680006e
:10d128000000a100b0c68800b0c680000040a10081
:10d13800b0c68800b1c68000f0f12f008080600082
:10d148000006200001007000b0c68800800c200096
:10d15800c0968800d0968000e1968000e00f5000cd
:10d16800e08f58001e003a00a06e29000ac3020092
:10d1780001000000c1968000800420000e004000dd
:10d18800811f780061702900811f7800d604020091
:10d1980000000000e4875700800420000e004000d3
:10d1a8000ac3020001000000907029000ac30200af
:10d1b8000100000048c302000100000050e22900fd
:10d1c8000ac30200010000000053270001002000ec
:10d1d800d0968800e196880010c0b300e8e1070007
:10d1e80060ae2100104078000004e000220f3200f9
:10d1f80048c302000100000090e329000ac30200ae
:10d208000100000020042000c0968800a000200033
:10d2180001002000d0968800e1968800b10f370001
:10d22800d0968000e1968000e00f5000e08f580013
:10d238000500320081c680000020200000806000c8
:10d248000000e0000e0f320020042000c096880085
:10d25800a40f37008042eb000002eb008001eb00d6
:10d2680082972100718d210010e52900d04f02001e
:10d2780000000000b0c680000010a000b0c6880002
:10d28800b0c680000000a100b0c68800b0c680000b
:10d298000040a100b0c68800b1c68000000e200082
:10d2a80001007000b0c68800a099210010407800e5
:10d2b800e14f400005003200a0992100104078009d
:10d2c8008040e800a099210001487800800c2000e7
:10d2d800c0968800830f370060ae21008040eb00c5
:10d2e80001487800208821008040eb000148780040
:10d2f800df0f070080a9230001002000d0968800d6
:10d30800e196880090e52900a30f0700100520008a
:10d31800c09688004106200010c0b300a862020031
:10d32800010000006f0f370081c680000020200038
:10d33800008060000000e000190032002088210011
:10d34800104078000004e00013003a00d0aa210041
:10d3580010407800e14f500003003200d0aa2100ad
:10d368008040eb000148780090d480000000a100c4
:10d3780090d48800f0a821008040eb000148780094
:10d38800a0d380000000a100a0d3880070ea20008c
:10d398008040eb0001487800800c2000c09688008f
:10d3a80060ae2100104078000004e0000200320066
:10d3b800800c2000c0968800d0968000e1968000fe
:10d3c800e00f5000e08f580015003a00a06e2900c9
:10d3d8000ac3020001000000c0968000801f780088
:10d3e80060702900801f7800e0bc2000d60402008d
:10d3f80000000000e4875700e0bc20000ac30200d8
:10d4080001000000907029000ac30200010000001a
:10d41800800c2000c096880010c0b30058e10700b7
:10d42800f0a82100104078000004e00004003a0051
:10d43800d0aa2100104078000004e0000300320068
:10d448000000eb00d0738800020037000000eb00fa
:10d45800d073880070ae2100104078000004e0000e
:10d46800890e3200c0968000801f780080892900cc
:10d47800801f7800e0bc2000d604020000000000f5
:10d48800e4875700e0bc20000ac302000100000046
:10d49800411f200010c0b300a86202000100000074
:10d4a800e01f2000c09688000e0f370020e62900f4
:10d4b800470f07006e0f0700007d200001002000c5
:10d4c800d0968800e19688000000eb0080d48800a0
:10d4d800f0a8210031c0b3000148780000ab21005a
:10d4e800b040900000c5b30080cf50000d0032005e
:10d4f80000ab210010007800610060000000e0002f
:10d508000500320000ab2100a040900000c5b30028
:10d5180080cf50000300320000c5b300fea7020010
:10d528000100000030052000c0968800ed0e37008d
:10d5380081c6800000202000008060000000e0001c
:10d5480005003a00d0968000e1968000e00f500078
:10d55800e08f58004e0e3a00450f0700d0bc290056
:10d568001b0f0700f0332000c0968800d09680007b
:10d57800e1968000e00f5000e08f5800460e3a0018
:10d58800a06e29000ac3020001000000c1968000b5
:10d59800c00520000e004000811f7800617029003e
:10d5a800811f7800d604020000000000e4875700bd
:10d5b800c00520000e0040000ac302000100000060
:10d5c800907029000ac302000100000010c0b300d7
:10d5d800ebe00700c30e370081c680000020200062
:10d5e800008060000000e00005003a00d09680004e
:10d5f800e1968000e00f5000e08f580020003a00cc
:10d6080000e2240001002000d0968800e1968800fe
:10d6180000342000c0968800d0968000e1968000f3
:10d62800e00f5000e08f580015003a00a06e290066
:10d638000ac3020001000000c19680000007200014
:10d648000e004000811f780061702900811f78005a
:10d65800d604020000000000e487570000072000fd
:10d668000e0040000ac3020001000000907029006b
:10d678000ac302000100000010c0b300c0e00700a8
:10d68800d0968000e1968000e00f5000e08f5800af
:10d69800030e3a00800c200090ea0700910e370034
:10d6a80081c6800000202000008060000000e000ab
:10d6b8000d003200ee0e070070e62900c40e0700c8
:10d6c8000071220001002000d0968800e1968800b1
:10d6d80020342000c0968800810c200010c0b300c0
:10d6e800a862020001000000d0968000e196800048
:10d6f800e00f5000e08f5800eb0d3a00800c20003e
:10d7080076ea0700770e370081c6800000202000e7
:10d71800008060000000e00019003200d40e07000d
:10d7280000ab2100404090008080fb0040082000b2
:10d738000e004000811f780021e72900811f780032
:10d74800d604020000000000e487570040082000cb
:10d758000e0040009e0e070000e224000100200099
:10d76800d0968800e196880030342000c096880062
:10d77800810c200010c0b300a86202000100000064
:10d7880060ae2100104078000004e0000b00320079
:10d7980060ae21008040eb000148780080c6800020
:10d7a8000090a00080c6880080c680000080a1008c
:10d7b80080c6880000342000c0968800d09680007b
:10d7c800e1968000e00f5000e08f5800b80d3a0055
:10d7d800800c200041ea0700420e370081c6800015
:10d7e80000202000008060000000e00019003200e6
:10d7f8009f0e070000e2240001002000d096880058
:10d80800e196880000ab2100504090008080fb002a
:10d81800300920000e004000811f780021e829000f
:10d82800811f7800d604020000000000e48757003a
:10d83800300920000e004000650e0700800c200013
:10d84800c0968800810c200010c0b300a8620200b6
:10d8580001000000d0968000e1968000e00f5000a3
:10d86800e08f5800940d3a00800c20001bea070056
:10d878001c0e37007e0e070080a92300010020003f
:10d88800d0968800e196880020e92900500e07000c
:10d8980060052000c0968800411f200010c0b3001a
:10d8a800a8620200010000000e0e370081c6800049
:10d8b80000202000008060000000e00005003a0021
:10d8c800d0968000e1968000e00f5000e08f58006d
:10d8d8007b0d3a00800c2000c09688000000eb0009
:10d8e80010748800ff0d3700a0d38000610060002d
:10d8f8000000e00004003a0090d48000610060005d
:10d908000000e0000300320040062000c0968800b6
:10d91800f40d3700560e0700007d2000010020009e
:10d92800d0968800e1968800c0e92900280e0700f3
:10d93800b0052000c0968800ea0d370081c6800037
:10d9480000202000008060000000e00005003a0090
:10d95800d0968000e1968000e00f5000e08f5800dc
:10d96800590d3a00c0052000c0968800d096800066
:10d97800e1968000e00f5000e08f5800540d3a0007
:10d98800a06e29000ac3020001000000c1968000b1
:10d99800200a20000e004000811f780061702900d5
:10d9a800811f7800d604020000000000e4875700b9
:10d9b800200a20000e0040000ac3020001000000f7
:10d9c800907029000ac302000100000010c0b300d3
:10d9d800ebdf0700c30d3700250e070000e2240027
:10d9e80001002000d0968800e1968800d0aa210086
:10d9f80021c0b300014878000000eb0070d5880012
:10da080040ea2900f20d070030a92100f00d0700b7
:10da180080ea2900ee0d0700030f21001200200004
:10da28008040eb00b0ea29007bdf070080b02100ce
:10da380011c0b30001487800800c2000c09688000f
:10da4800a80d370081c680000020200000806000fb
:10da58000000e000200d3200050e070000ab210099
:10da68009000780000042000008060000000e000c2
:10da780003003200d0bc2900d50d07000200370092
:10da8800d0bc2900d20d070000712200010020003f
:10da9800d0968800e1968800203a2000c096880039
:10daa800900d370081c680000020200000806000b3
:10dab8000000e00009003200ed0d070080eb2900ae
:10dac800c30d070000e2240001002000d096880062
:10dad800e1968800303a2000c0968800d0968000f1
:10dae800e1968000e00f5000e08f5800fc0c3a00ef
:10daf800800c200079e907007a0d370081c6800084
:10db080000202000008060000000e00009003200d2
:10db1800d70d070070e62900ad0d0700007122003f
:10db280001002000d0968800e1968800503a200035
:10db3800c0968800d0968000e1968000e00f5000e3
:10db4800e08f5800e80c3a00800c200063e90700d9
:10db5800640d370081c6800000202000008060002e
:10db68000000e00015003200c10d070000ab2100e5
:10db7800404090008080fb00600b20000e004000b9
:10db8800811f780021e72900811f7800d604020050
:10db980000000000e4875700600b20000e004000e2
:10dba8008b0d070000e2240001002000d0968800b9
:10dbb800e1968800603a2000c096880060ae210097
:10dbc800104078000004e0000b00320080c680009e
:10dbd8000090a00080c6880080c680000080a10058
:10dbe80080c6880060ae21008040eb0001487800c4
:10dbf800303a2000c0968800d0968000e1968000d8
:10dc0800e00f5000e08f5800b90c3a00800c20005b
:10dc180032e90700330d370081c68000002020005c
:10dc2800008060000000e00015003200900d070041
:10dc380000ab2100504090008080fb00500c200079
:10dc48000e004000811f780021e82900811f78001c
:10dc5800d604020000000000e4875700500c2000a2
:10dc68000e0040005a0d070000e2240001002000c9
:10dc7800d0968800e1968800e0052000c0968800cc
:10dc8800d0968000e1968000e00f5000e08f5800a9
:10dc9800990c3a00800c200010e90700110d37009c
:10dca80081c6800000202000008060000000e000a5
:10dcb8000500320090d480000010a00090d48800a5
:10dcc80000052000c0968800d0968000e19680006c
:10dcd800e00f5000e08f5800890c3a00a06e290030
:10dce8000ac3020001000000c1968000400d200018
:10dcf8000e004000811f780061702900811f7800a4
:10dd0800d604020000000000e4875700400d200000
:10dd18000e0040000ac302000100000090702900b4
:10dd28000ac3020001000000800c2000c096880091
:10dd380010c0b30012df0700ea0c370040ec2900de
:10dd4800230d0700f0a821008040eb00014878006f
:10dd5800d0aa21008040eb000148780080b0210063
:10dd68008040eb0001487800d6a7020001000000bf
:10dd78003f0d0700007d200001002000d09688009c
:10dd8800e19688000119200010c0b300a8620200c3
:10dd98000100000000052000c0968800d10c370063
:10dda80081c6800000202000008060000000e000a4
:10ddb800090032002e0d070090ec2900040d070021
:10ddc80000e2240001002000d0968800e196880037
:10ddd800303f2000c0968800d0968000e1968000f1
:10dde800e00f5000e08f580002003a004006200083
:10ddf800bae807004106200010c0b300a86202007c
:10de080001000000b70c370081c680000020200008
:10de1800008060000000e00005003a00d096800015
:10de2800e1968000e00f5000e08f5800360c3a0071
:10de380000052000c0968800d0968000e1968000fa
:10de4800e00f5000e08f5800310c3a00a06e290016
:10de58000ac3020001000000c1968000800e200065
:10de68000e004000811f780061702900811f780032
:10de7800d604020000000000e4875700800e20004e
:10de88000e0040000ac30200010000009070290043
:10de98000ac302000100000010c0b300b8de07008a
:10dea800900c3700f20c0700207821008040eb002e
:10deb80001487800b07b2900c50c07008038210094
:10dec80001002000d0968800e196880070062000a6
:10ded800c0968800830c370081c68000002020008f
:10dee800008060000000e0002f0032002078210050
:10def800104078000004e0002b003200c2c0b300dc
:10df0800517c29002078210042be02000100000057
:10df18000000e00009003200800c2000c096880054
:10df280050ae21008040eb000148780060222100bb
:10df38008040eb00014878001900370050ae2100fe
:10df4800104078008040e80050ae21000148780079
:10df580050ae210010407800e14f50000e0036000e
:10df680048c302000100000050ed29000ac3020066
:10df780001000000207821000ac30200010000000f
:10df8800b03e29000ac3020001000000800e2000f4
:10df9800c096880002003700800c2000c0968800d8
:10dfa8000000eb00e0738800d0968000e1968000c6
:10dfb800e00f5000e08f5800d70b3a0048c302002a
:10dfc8000100000020ee29000ac302000100000041
:10dfd800e01f2000c0968800420c370020782100fe
:10dfe8008040eb000148780080ac2100220020002e
:10dff80051ef290018050200000000009c0c0700e2
:10e0080070ef2900720c0700803821000100200001
:10e01800d0968800e1968800b0072000c096880056
:10e02800300c370081c6800000202000008060008e
:10e038000000e0005b0032002078210010407800ea
:10e048000004e0005700320062c0b30011f029005c
:10e058002078210042be0200010000000000e0001c
:10e0680050003200600020001007980003003700bd
:10e078001e0090000000e800100798002178210099
:10e088001e00900000804000104078000004e0006e
:10e0980007003200217821001e0090000080400017
:10e0a8009040780020c2b30080cf5000f0ff3a00c3
:10e0b800217821001e0090000080400090407800e8
:10e0c80020c2b30080cf500032003a001e009000fa
:10e0d8000000e800100798000000eb00000f78002f
:10e0e8000c003700217821001e00900000804000bd
:10e0f800104078008040780080ac21001e0040006d
:10e10800014878001e0fe8001e0090000000e8009b
:10e1180010079800217821001e0090000080400020
:10e12800104078000004e000160032002178210039
:10e138001e009000008040009040780020c2b3008c
:10e1480080cf50000f003200217821001e0090007f
:10e158000080400010407800ed4f50000900320068
:10e16800217821001e0090000080400010407800b7
:10e17800ea4f5000030032001e007800f30f5000f1
:10e18800d8ff340080ac21001e0040008040eb0026
:10e19800014878000000eb00f0738800800c200034
:10e1a800c0968800d0968000e1968000e00f50006d
:10e1b800e08f58005a0b3a000000eb00f07388001b
:10e1c800800c2000c0968800c60b370081c68000ee
:10e1d80000202000008060000000e00005003a00f8
:10e1e800d0968000e1968000e00f5000e08f580044
:10e1f8004d0b3a0000ab210010409000e84f500052
:10e208000300360000ab210041c0b3001140980064
:10e21800170c070000fa200001002000d0968800a3
:10e22800e196880080f02900e90b070000ab210087
:10e2380010409000649302000100000080ea290069
:10e24800e30b070048c302000100000050f1290059
:10e258000ac302000100000000ab2100104090003a
:10e268000080fb00801f780030f22900801f7800b2
:10e27800d0af2100d604020000000000e487570058
:10e28800d0af21000ac302000100000030072000bf
:10e29800c0968800813e200010c0b300a86202002a
:10e2a80001000000d0968000e1968000e00f500049
:10e2b800e08f58001e0b3a00a06e29000ac3020026
:10e2c80001000000c1968000c00f20000e00400031
:10e2d800811f780061702900811f7800d604020030
:10e2e80000000000e4875700c00f20000e00400027
:10e2f8000ac3020001000000907029000ac302004e
:10e308000100000010c0b3009ddd0700750b370049
:10e3180081c6800000202000008060000000e0002e
:10e3280005003a00d0968000e1968000e00f50008a
:10e33800e08f5800000b3a0000ab210090007800f5
:10e348000100a1000108780000ab2100a040900066
:10e3580000ab21003140980000ab2100900078000c
:10e368000110a00001087800800c2000c0968800e9
:10e3780048c302000100000070f229000ac302002d
:10e3880001000000d0968000e1968000e00f500068
:10e39800e08f5800ea0a3a00a06e29000ac302007a
:10e3a80001000000c1968000001120000e0040000e
:10e3b800811f780061702900811f7800d60402004f
:10e3c80000000000e4875700001120000e00400004
:10e3d8000ac3020001000000907029000ac302006d
:10e3e8000100000010c0b30065dd07003d0b3700d9
:10e3f80000e2240001002000d0968800e196880001
:10e4080090482000c0968800360b370081c68000ef
:10e4180000202000008060000000e000650032005d
:10e42800930b0700d0c12000104078000080fb004b
:10e43800e40f500033003200e40f50000c003c00a1
:10e44800e10f50001a003200e10f500003003c00b9
:10e458000000e0000f0032004d003700e20f5000ce
:10e468001a003200e30f50001f0032004800370046
:10e47800e60f500031003200e60f5000280035004a
:10e48800e70f500034003200e80f50003900320026
:10e498003f003700401220000e00400022012000fb
:10e4a80081f3290018050200000000003800370039
:10e4b800401220000e00400022012000a1f4290093
:10e4c800180502000000000031003700401220004b
:10e4d8000e00400022012000c1f5290018050200a5
:10e4e800000000002a003700401220000e00400003
:10e4f80022012000e1f629001805020000000000b2
:10e5080023003700401220000e00400022012000a6
:10e5180001f8290018050200000000001c0037005f
:10e52800401220000e0040002201200021f929009d
:10e5380018050200000000001500370040122000f6
:10e548000e0040002201200041fa290018050200af
:10e55800000000000e003700401220000e004000ae
:10e568002201200061fb29001805020000000000bc
:10e5780007003700401220000e0040002201200052
:10e5880081fc2900180502000000000000000000be
:10e59800401220000e0040000d0b070000e224008e
:10e5a80001002000d0968800e1968800a04820004d
:10e5b800c0968800d0968000e1968000e00f500059
:10e5c800e08f5800600a3a00800c2000c3e607007c
:10e5d800c40a370081c68000002020000080600047
:10e5e8000000e00015003200210b0700e0c1200008
:10e5f800104078008080fb00301320000e0040009f
:10e60800811f780021e82900811f7800d6040200c4
:10e6180000000000e4875700301320000e0040007f
:10e62800eb0a070000e2240001002000d0968800d1
:10e63800e1968800b0482000c0968800d0968000f7
:10e64800e1968000e00f5000e08f5800400a3a0041
:10e65800800c2000a1e60700a20a370081c68000ce
:10e6680000202000008060000000e000060032006a
:10e6780000ab2100900078000120a100010878007b
:10e68800800c2000c0968800d0968000e19680001b
:10e69800e00f5000e08f58002f0a3a00800c20004d
:10e6a8008ee607008f0a370050c12000904078009e
:10e6b80000ab21001140980000ab210010409000f1
:10e6c800e84f50000300360000ab210041c0b30002
:10e6d8001140980048c3020001000000a0fd290075
:10e6e8000ac302000100000000ab210010409000a6
:10e6f8000080fb00801f780030f22900801f78001e
:10e70800d0af2100d604020000000000e4875700c3
:10e71800d0af21000ac3020001000000d40a07009c
:10e72800f0fe2900aa0a0700803e20000100200010
:10e73800d0968800e1968800100a2000c0968800cc
:10e74800680a370081c68000002020000080600031
:10e758000000e00005003a00d0968000e1968000b5
:10e76800e00f5000e08f5800fd093a00e0c7200094
:10e778008040eb0001487800f0c7200011c0b300ca
:10e788000148780048c3020001000000a0ff2900ea
:10e798000ac3020001000000016480001003200089
:10e7a800808f5000040036000164800080b521008d
:10e7b800808f500002003600c05d20000064880091
:10e7c80060c12000104078000004e000040032001e
:10e7d80060c1200010407800ee4f50000300360062
:10e7e80060c12000e1c0b3000148780003e22000c6
:10e7f800120020008040eb00a03a290006dc070048
:10e80800803e200001002000d0968800e196880014
:10e81800200a2000c0968800810c200010c0b30098
:10e82800a8620200010000002e0a370081c680009d
:10e8380000202000008060000000e00005003a0091
:10e84800d0968000e1968000e00f5000e08f5800dd
:10e85800c5093a00800c2000c0968800210a3700bc
:10e86800d0aa210010407800e34f50000d0032007c
:10e87800f0a8210010407800e34f50000900320052
:10e88800c0d580000000a100c0d58800c0d5800098
:10e898000010a000c0d58800800c2000c096880019
:10e8a800100a3700720a070000e224000100200065
:10e8b800d0968800e1968800f0002a00440a0700f4
:10e8c80040ac210010407800649302000100000071
:10e8d800a09529003e0a0700b00a2000c0968800cb
:10e8e800000a370081c680000020200000806000f8
:10e8f8000000e00005003a00d0968000e196800014
:10e90800e00f5000e08f580099093a0060ae2100ee
:10e918008040eb0001487800550a070000c4290030
:10e9280001002000d0968800e196880070012a0036
:10e93800270a070090ab2100250a0700a0952900a7
:10e94800230a0700c00a2000c0968800d0968000dd
:10e95800e1968000e00f5000e08f580086093a00e9
:10e96800a06e29000ac3020001000000c1968000c1
:10e97800201420000e004000811f780061702900db
:10e98800811f7800d604020000000000e4875700c9
:10e99800201420000e0040000ac3020001000000fd
:10e9a800907029000ac302000100000010c0b300e3
:10e9b800f3db0700f0012a000ac30200010000008f
:10e9c800c809370081c68000002020000080600050
:10e9d8000000e00005003200c0d580000000a10062
:10e9e800c0d58800800c2000c0968800d096800092
:10e9f800e1968000e00f5000e08f580004003200dc
:10ea080060ae2100104078000004e0005c0932008c
:10ea1800a06e29000ac3020001000000c196800010
:10ea2800601520000e004000811f780061702900e9
:10ea3800811f7800d604020000000000e487570018
:10ea4800601520000e0040000ac30200010000000b
:10ea5800907029000ac3020001000000c0d58000a0
:10ea68000000a100c0d58800c0d580000010a0001b
:10ea7800c0d58800800c2000c0968800419c2000ea
:10ea880010c0b300a862020001000000d096800008
:10ea9800e1968000e00f5000e08f58003a093a00f4
:10eaa80010c0b300b6db07008e093700b0042a0097
:10eab800c7090700ee090700207821008040eb0015
:10eac8000148780000fa200001002000d096880054
:10ead800e1968800900e2000c096880081093700d2
:10eae800d0968000e1968000e00f5000e08f58003b
:10eaf8000500320081c680000020200000806000f0
:10eb08000000e00022093200d9090700207821001e
:10eb18008040eb000148780070ce2900ac0907005e
:10eb280000fa200001002000d0968800e1968800b5
:10eb3800a00e2000c09688006a093700d096800091
:10eb4800e1968000e00f5000e08f58000500320089
:10eb580081c6800000202000008060000000e000e6
:10eb68000d093200b00e2000c09688005d093700fc
:10eb780080a9230001002000d0968800e196880033
:10eb8800c00e2000c096880060052a009009070082
:10eb9800f0052a000ac30200010000000000eb0093
:10eba800e0a18800d0968000e1968000e00f500038
:10ebb800e08f5800fa083a00c1968000a01620009d
:10ebc8000e004000811f780021072a00811f78006d
:10ebd800d604020000000000e4875700a0162000b9
:10ebe8000e0040000ac30200010000000000eb0014
:10ebf800e0a18800d00e2000c0968800014b2000bc
:10ec080010c0b300a86202000100000035093700f7
:10ec18000000eb00e0a1880040e7200010407800e9
:10ec2800ea4f50000500360001f4210010c0b3007f
:10ec3800a8620200010000000400370081bb200028
:10ec480010c0b300a862020001000000e00e20001e
:10ec5800c096880040e720008040eb00014878001b
:10ec680020093700b666a9008157200010c0b300fc
:10ec7800a862020001000000f00e2000c096880083
:10ec880018093700b666a8000000eb00c096880097
:10ec980014093700b666a90050082a000ac3020002
:10eca80001000000419c200010c0b300a8620200cf
:10ecb8000100000090112000c09688000909370063
:10ecc800b666a800a0112000c0968800017d20002b
:10ecd80010c0b300a862020001000000d0b02000fc
:10ece800b1c0b30001487800fe083700d0b020005a
:10ecf800104078000004e0001b003200d0b0200073
:10ed0800104078008040e900d0b020000148780029
:10ed1800017d200010c0b300a862020001000000bd
:10ed280048c3020001000000d0b020001040780065
:10ed38008080fb00e01720000e004000811f780053
:10ed4800e1092a00811f7800d604020000000000b3
:10ed5800e4875700e01720000e0040000ac30200b5
:10ed680001000000df083700b0112000c0968800bd
:10ed7800dc083700b666a9008157200010c0b30030
:10ed8800a862020001000000c0112000c09688009f
:10ed9800d4083700b666a8000000eb00c0968800cb
:10eda800d00837003209070060ae21008040eb0030
:10edb800014878003088210005090700a09529003e
:10edc80003090700308821008040eb0001487800e3
:10edd800100f2000c0968800c15d200010c0b3004d
:10ede800a862020001000000c08a210010407800db
:10edf8008080fb00803e20000088b9000000780079
:10ee0800cf80de00d0968800e1968800b5083700ec
:10ee1800d0968000e1968000e00f5000e08f580007
:10ee28000900320081c680000020200000806000b8
:10ee38000000e00004003a0060ae210010407800b5
:10ee48000004e00058083200e08a210010407800f1
:10ee58000004e00014003200b10a2a0010b12000ba
:10ee680078be020001000000000f78009e007800c4
:10ee780010b12000008040002178210078be0200f7
:10ee8800010000001e0f40000041eb0011b12000fe
:10ee9800e08a210066a5020001000000e08a210046
:10eea8008040eb0001487800800c2000c096880064
:10eeb800810c200010c0b300a8620200010000000d
:10eec8008808370040e720008040eb0001487800c0
:10eed8000000eb00e0a18800813e200010c0b300d4
:10eee800a8620200010000007e08370060ae210021
:10eef8008040eb0001487800dd08070080382100d9
:10ef080001002000d0968800e1968800e00a2a00d7
:10ef1800af08070050102000c0968800a10020000c
:10ef280010c0b300a8620200010000006d0837009d
:10ef380081c6800000202000008060000000e00002
:10ef48003100320072c0b300810b2a002078210002
:10ef580042be0200010000000000e0002a0032006a
:10ef68009078210090407800f0c2b30080cf500024
:10ef780025003400907821009040780090c3b300b9
:10ef880080cf500020003c0090782100104078008d
:10ef9800ae900200010000000126210080487800a0
:10efa800a078210090407800f0c2b30080cf5000d4
:10efb80015003400a07821009040780090c3b30079
:10efc80080cf500010003c0000262100104078003f
:10efd8006a00b9000000780080407800002621000f
:10efe80001487800a078210010407800ae90020017
:10eff8000100000001262100914078008140400076
:10f00800002621000148780081c6800000202000e9
:10f01800008060000000e00009003a0060ae2100b6
:10f02800104078000004e00005003a00d096800007
:10f03800e1968000e00f5000e08f5800dc073a00ae
:10f04800800c2000c09688000000eb000074880047
:10f058002408370060ae21008040eb0001487800aa
:10f06800830807008038210001002000d09688001e
:10f07800e196880050c5200010407800e44f500009
:10f088000d003a00201920000e0040003101200038
:10f09800811f7800010c2a00811f7800d604020025
:10f0a80000000000e4875700c00c2a000ac30200d1
:10f0b800010000001000370050c520001040780003
:10f0c800e34f50000c003a00201920000e004000c9
:10f0d80021002000811f7800010c2a00811f780080
:10f0e800d604020000000000e4875700600e2a00e2
:10f0f8000ac3020001000000201920000e00400091
:10f108003308070070102000c096880041062000d0
:10f1180010c0b300a862020001000000f107370028
:10f1280081c6800000202000008060000000e00010
:10f13800090032002063800000f0a10020638800ed
:10f14800800c2000c096880080a9230000748800e5
:10f15800c0d42100c073880060ae21001040780040
:10f168000004e00005003a00d0968000e196800097
:10f17800e00f5000e08f58008f073a00800c200005
:10f18800c096880060ae21008040eb0001487800fe
:10f19800d407370030802000104078000004e000d9
:10f1a80087073a0000102a000ac302000100000085
:10f1b800800c2000c0968800ca07370050802000c5
:10f1c8008040eb000148780060ae21008040eb00f1
:10f1d800014878002608070080a9230001002000c4
:10f1e800d0968800e1968800b0112a00f807070039
:10f1f800f01f2000c0968800ba07370081c680003b
:10f2080000202000008060000000e00006003200be
:10f218008038210001002000d0968800e1968800ff
:10f2280000202000c096880060ae210010407800c1
:10f238000004e00005003a00d0968000e1968000c6
:10f24800e00f5000e08f58005f073a0000202000d0
:10f25800c0968800a3073700f1af80000010200097
:10f26800008060000000e0001000320081c68000cd
:10f2780000202000008060000000e0002200320032
:10f28800fb07070000122a00d1070700f0af800033
:10f298000080a100f0af880000e2240001002000f7
:10f2a800d0968800e196880017003700d1b3800017
:10f2b80000102000008060000000e0001000320014
:10f2c80081c6800000202000008060000000e0006f
:10f2d8000d003200e6070700f0122a00bc070700fd
:10f2e800d0b380000080a100d0b3880000e22400e1
:10f2f80001002000d0968800e196880002003700bf
:10f3080010202000c096880060ae210010407800d0
:10f318000004e00005003a00d0968000e1968000e5
:10f32800e00f5000e08f580002003a000020200053
:10f33800c0968800d0968000e1968000e00f5000cb
:10f34800e08f580022073a0010002000c09688007d
:10f3580064073700c6070700e0132a009c07070068
:10f3680000e2240001002000d0968800e196880081
:10f37800401b2000c09688005a07370081c68000cd
:10f3880000202000008060000000e0000c00320037
:10f39800f0af800000b0a100f0af8800b40707000c
:10f3a800c0142a008a07070000e224000100200098
:10f3b800d0968800e1968800801b2000c0968800bf
:10f3c800d0968000e1968000e00f5000e08f580052
:10f3d80001073a00800c200040e30700410737008e
:10f3e80081c6800000202000008060000000e0004e
:10f3f800fb0632009e070700b0152a0074070700b5
:10f4080000e2240001002000d0968800e1968800e0
:10f41800901b2000c0968800411f200010c0b30038
:10f42800a8620200010000002e07370060ae21002c
:10f43800104078000004e00008003200c0af8000ef
:10f448000000a100c0af8800c0af80000010a0007d
:10f45800c0af8800800c2000c096880081c680005c
:10f4680000202000008060000000e000070032005b
:10f47800f1af800000102000008060000000e00074
:10f4880002003200a01b2000c0968800d0968000a1
:10f49800e1968000e00f5000e08f5800d2063a0055
:10f4a800801b20000de307000e073700d1af800056
:10f4b800602220000e004000811f7800715d21004d
:10f4c800811f780081162a00811f7800d604020067
:10f4d80000000000e687570065070700602220004b
:10f4e8000e0040002c07070000e224000100200065
:10f4f800d0968800e1968800b01b2000c09688004e
:10f50800f806370081c680000020200000806000d7
:10f518000000e000b6063200f1af800000202000b5
:10f52800008060000000e000b3063200800c20007c
:10f53800c0968800eb063700e1c3b30060c68000c0
:10f54800700707004a070700605021001691020063
:10f558000100000080007800c01920000e00400063
:10f56800811f780001182a00811f7800d604020044
:10f5780000000000e4875700c01920000e0040007a
:10f588001307070000e2240001002000d09688003d
:10f59800e1968800d01b2000c0968800d10637006d
:10f5a80061c6800000202000008060000000e000ac
:10f5b8000a0032006050210005070700a0952900c5
:10f5c8000307070000a62e0001002000d09688003f
:10f5d800e1968800e01b2000c096880060ae2100fc
:10f5e800104078000004e0000b003200f0af80000b
:10f5f80000c0a100f0af8800c0af80000010a000dc
:10f60800c0af8800c0af80000000a100c0af880074
:10f61800800c2000c0968800d0968000e19680007b
:10f62800e00f5000e08f580075063a00c01b20001c
:10f63800aae20700ab0637008042eb000002eb00ad
:10f648008001eb00725b210061502100d0e12900ac
:10f65800d04f020000000000e0af80000000e8008a
:10f66800e0af8800f0af800000c0a100f0af8800d4
:10f67800800c2000c09688009a063700fc06070018
:10f6880010192a00d206070000e224000100200019
:10f69800d0968800e1968800001c2000c09688005b
:10f6a8009006370081c6800000202000008060009e
:10f6b8000000e0000f003200001b20000e00400098
:10f6c800110a2000811f7800b1192a00811f7800d3
:10f6d800d604020000000000e4875700e406070093
:10f6e800001b20000e004000b9060700101c200077
:10f6f800c09688004106200010c0b300a86202002e
:10f70800010000007706370081c680000020200035
:10f71800008060000000e0003b063200f1af80008e
:10f7280000002400008060000000e000380632007d
:10f73800f0af800000d0a100f0af8800f0af8000eb
:10f7480000e0a000f0af8800800c2000c096880080
:10f7580064063700c606070000122a009c06070048
:10f7680000e2240001002000d0968800e19688007d
:10f77800301c2000c09688005a06370081c68000d9
:10f7880000202000008060000000e0000e00320031
:10f79800f1af800000202000008060000000e00041
:10f7a80009003a00b2060700c01a2a007a060700c4
:10f7b80000e2240001002000d0968800e19688002d
:10f7c800401c2000c0968800d0968000e1968000fa
:10f7d800e00f5000e08f58000f063a00800c200020
:10f7e8003ee207003f06370081c680000020200067
:10f7f800008060000000e00012003200f1af8000dd
:10f8080000102000008060000000e0000d003a00b9
:10f8180097060700e0132a006d06070000e224009f
:10f8280001002000d0968800e1968800210320007e
:10f8380010c0b300a862020001000000501c2000a4
:10f84800c0968800d0968000e1968000e00f5000b6
:10f85800e08f5800f2053a00800c20001fe20700f4
:10f868002006370081c6800000202000008060004c
:10f878000000e0000c003200f0af800000b0a000f3
:10f88800f0af88007a060700c0142a005006070067
:10f8980000e2240001002000d0968800e19688004c
:10f8a800601c2000c0968800d0968000e1968000f9
:10f8b800e00f5000e08f5800db053a00800c200074
:10f8c80006e207000706370081c6800000202000f6
:10f8d800008060000000e0000900320064060700b4
:10f8e800b0152a002c06070000e2240001002000c1
:10f8f800d0968800e1968800701c2000c096880089
:10f90800d0968000e1968000e00f5000e08f58000c
:10f91800c7053a00800c2000f0e10700f105370028
:10f9280081c6800000202000008060000000e00008
:10f938000c003200f0af80000080a000f0af88001b
:10f948004b060700801b2a002106070000e224005e
:10f9580001002000d0968800e1968800801c2000d5
:10f96800c0968800d0968000e1968000e00f500095
:10f97800e08f5800b0053a00800c2000d7e107005e
:10f98800d805370081c68000002020000080600074
:10f998000000e00015003200d1af80006022200096
:10f9a8000e004000811f7800715d2100811f7800e2
:10f9b80081162a00811f7800d6040200000000008a
:10f9c800e68757002a060700602220000e00400044
:10f9d800f105070000e2240001002000d09688000d
:10f9e800e1968800001d2100c0968800d09680000e
:10f9f800e1968000e00f5000e08f580090053a0033
:10fa0800800c2000b5e10700b605370081c68000ec
:10fa180000202000008060000000e0008a0532001d
:10fa2800f0af80000090a000f0af8800800c2000ac
:10fa3800c0968800ab05370081c6800000202000f2
:10fa4800008060000000e00009003200080607009e
:10fa5800901c2a00de05070000e2240001002000b7
:10fa6800d0968800e1968800800c2000c096880017
:10fa7800d0968000e1968000e00f5000e08f58009b
:10fa880073053a00800c200094e1070095053700c3
:10fa980081c6800000202000008060000000e00097
:10faa8006d053200f2050700b0152a00c8050700e9
:10fab80000e2240001002000d0968800e19688002a
:10fac800f01e2100c0968800411f200010c0b3001e
:10fad800a8620200010000008205370060ae210024
:10fae800104078000004e00008003200c0af800039
:10faf8000000a100c0af8800c0af80000010a000c7
:10fb0800c0af8800800c2000c096880081c68000a5
:10fb180000202000008060000000e00007003200a4
:10fb2800f1af800000102000008060000000e000bd
:10fb380002003200c01c2000c0968800d0968000c9
:10fb4800e1968000e00f5000e08f580044053a002d
:10fb5800800c200061e107006205370081c6800043
:10fb680000202000008060000000e0003e05320018
:10fb7800601d2a000ac3020001000000bc0507003e
:10fb8800b01e2a009205070000ee220001002000a6
:10fb9800d0968800e1968800d01c2000c096880086
:10fba8004106200010c0b300a86202000100000056
:10fbb8004c05370081c680000020200000806000ce
:10fbc8000000e00009003200d0b380000080a000ef
:10fbd800d0b38800c0202100c096880041062000cc
:10fbe80010c0b300a86202000100000060ae21004e
:10fbf800104078000004e0000b003200d0b3800011
:10fc08000080a100d0b38800c0af80000010a00021
:10fc1800c0af8800c0af80000000a100c0af88005e
:10fc2800800c2000c0968800d0968000e196800065
:10fc3800e00f5000e08f58000d053a00800c2000be
:10fc480026e1070027053700801f2a000ac30200a3
:10fc58000100000000b080000000e0000e0032004b
:10fc680001b08000602220000e004000811f780053
:10fc780031602100811f7800715d2100811f7800ab
:10fc880081202a00811f7800d604020000000000ad
:10fc9800e88757000b003700602220000e00400064
:10fca80031602100811f7800715d2100811f78007b
:10fcb800e1222a00811f7800d6040200000000001b
:10fcc800e6875700602220000e0040000ac30200a9
:10fcd8000100000066050700602220000e004000b9
:10fce8003b05070000e2240001002000d0968800b0
:10fcf800e1968800d0202100c096880041062000a7
:10fd080010c0b300a862020001000000f50437002b
:10fd180081c6800000202000008060000000e00014
:10fd28000d0032005205070010252a00280507009b
:10fd380000e2240001002000d0968800e1968800a7
:10fd4800f0202100c09688004106200010c0b300b2
:10fd5800a86202000100000060ae21001040780097
:10fd68000004e0001c003200d1b380000010200025
:10fd7800008060000000e00009003a0080c68000b2
:10fd88000090a00080c68800c0af80000010a000ce
:10fd9800c0af8800800c2000c09688000e00370095
:10fda800d1b38000f0ff28008080600000002600aa
:10fdb80001007000d0b38800d0b380000090a1008b
:10fdc800d0b3880080c680000090a00080c688005c
:10fdd800401d2000c0968800d0968000e1968000e3
:10fde800e00f5000e08f5800a3043a00c020210023
:10fdf800bae00700bb04370081c68000002020005d
:10fe0800008060000000e0001100320018050700c3
:10fe180090262a00ee04070020e92000ec040700e1
:10fe2800a07f2900ea04070000e224000100200066
:10fe3800d0968800e1968800f0202100c0968800be
:10fe48004106200010c0b300a862020001000000b3
:10fe580060ae2100104078000004e0000d00320080
:10fe6800d1b3800000102000008060000000e00096
:10fe780008003a0080c680000090a00080c6880074
:10fe8800c0af80000010a000c0af8800800c200028
:10fe9800c0968800d0968000e1968000e00f500060
:10fea800e08f580076043a00c02021008be007005c
:10feb8008c04370081c6800000202000008060008c
:10fec8000000e0001200320000e2240001002000df
:10fed800d0968800e1968800d1b380000080200089
:10fee800008060000000e00003003200f01c2000e9
:10fef800c096880002003700101d2000c0968800b8
:10ff08004106200010c0b300a862020001000000f2
:10ff180060ae2100104078000004e0000d003200bf
:10ff2800d1b3800000102000008060000000e000d5
:10ff380008003a0080c680000090a00080c68800b3
:10ff4800c0af80000010a000c0af8800800c200067
:10ff5800c0968800d0968000e1968000e00f50009f
:10ff6800e08f580048043a00c02021005be00700f9
:10ff78005c04370081c680000020200000806000fb
:10ff88000000e000170032006050210016910200c6
:10ff98000100000080007800401c20000e00400096
:10ffa800811f7800c1272a00811f7800d60402002b
:10ffb80000000000e4875700ad04070000e22400b9
:10ffc80001002000d0968800e1968800001d2000de
:10ffd800c09688004106200010c0b300a862020045
:10ffe8000100000060ae2100104078000004e0002d
:10fff8000d003200d1b380000010200000806000a6
:020000040002f8
:100008000000e00008003a0080c680000090a000d0
:1000180080c68800c0af80000010a000c0af880074
:10002800800c2000c0968800d0968000e196800061
:10003800e00f5000e08f580015043a00c02021005e
:1000480026e00700270437002078210010407800b8
:100058000004e0000f00320082c0b300f1282a003b
:100068002078210042be0200010000000000e000ec
:10007800080032006050210055040700101d2000c0
:10008800c09688004106200010c0b300a862020094
:100098000100000060ae2100104078000004e0007c
:1000a8000d003200d1b380000010200000806000f5
:1000b8000000e00008003a0080c680000090a00020
:1000c80080c68800c0af80000010a000c0af8800c4
:1000d800800c2000c0968800d0968000e1968000b1
:1000e800e00f5000e08f5800eb033a00f0202100a9
:1000f800fadf0700fb03370081c6800000202000dc
:10010800008060000000e0001c00320080292a0006
:100118000ac302000100000020602100104078009e
:10012800e34f500004003a0051040700202a2a0037
:1001380027040700070037002060210010407800de
:10014800e44f500003003a0049040700f02a2a004f
:100158001f04070000e2240001002000d096880058
:10016800e1968800b0222100c09688004106200050
:1001780010c0b300a86202000100000060ae2100b8
:10018800104078000004e0000d003200d1b3800078
:1001980000102000008060000000e00008003a0025
:1001a80080c680000090a00080c68800c0af800094
:1001b8000010a000c0af8800800c2000c096880006
:1001c800d0968000e1968000e00f5000e08f580044
:1001d800b3033a00f0202100c0df0700c103370055
:1001e80081c6800000202000008060000000e00040
:1001f8004b0032002060210010407800e24f500090
:100208000e003e001a040700602220000e00400085
:1002180071662100811f7800c12b2a00811f780098
:10022800d604020000000000e48757006022200086
:100238000e004000e60307002f0037002060210071
:1002480010407800e34f500011003a00f02c2a00cb
:100258000ac3020001000000050407006022200014
:100268000e00400071662100811f7800812e2a004f
:10027800811f7800d604020000000000e4875700c0
:10028800602220000e004000d10307001a0037004a
:100298002060210010407800e44f500016003a001a
:1002a800702f2a000ac302000100000070662100b6
:1002b8000ac3020001000000b03e29000ac3020080
:1002c80001000000ea030700602220000e00400041
:1002d800a1662100811f7800812e2a00811f7800e5
:1002e800d604020000000000e487570060222000c6
:1002f8000e004000b603070000e2240001002000c1
:10030800d0968800e1968800201d2000c0968800bd
:100318004106200010c0b300a862020001000000de
:10032800d0968000e1968000e00f5000e08f5800e2
:100338005d033a00f020210068df070069033700f9
:1003480081c6800000202000008060000000e000de
:1003580015003200c6030700d1b3800000802000da
:10036800008060000000e0000300320040302a00f6
:10037800970307000200370050312a009403070052
:1003880000a62e0001002000d0968800e196880083
:10039800017d200010c0b300a86202000100000027
:1003a800301d2000c096880060ae21001040780003
:1003b8000004e0000e003200d1b3800000102000dd
:1003c800008060000000e00009003a0080c680005c
:1003d8000090a00080c68800c0af80000010a00078
:1003e800c0af8800800c2000c09688000c00370041
:1003f80060ae2100104078000004e00008003200e0
:1004080080c680000090a00080c6880060ae2100f1
:100418008040eb0001487800201d2000c09688002d
:10042800d0968000e1968000e00f5000e08f5800e1
:100438001f033a00f020210028df070029033700b6
:1004480081c6800000202000008060000000e000dd
:100458004e003200d1b38000000027008080600089
:1004680000002100808f500048003a0080030700f8
:10047800d1b3800000802000008060000000e00010
:100488002f003a002060210010407800e24f500011
:100498000a003e00602220000e0040007166210024
:1004a800811f780061322a00811f7800d60402007b
:1004b80000000000e48757001b003700206021007f
:1004c80010407800e34f50000a003a0060222000f4
:1004d8000e00400071662100811f7800e1332a0078
:1004e800811f7800d604020000000000e48757004e
:1004f8000d0037002060210010407800e44f5000c4
:1005080009003a00602220000e00400071662100b8
:10051800811f780061352a00811f7800d604020007
:1005280000000000e4875700d0b3800000f0a1006d
:10053800d0b38800602220000e004000240307008a
:1005480000e2240001002000d0968800e19688008f
:100558002060210010407800e34f500004003a006a
:1005680000a62e0001002000d0968800e1968800a1
:10057800f0232100c09688004106200010c0b30077
:10058800a862020001000000d602370081c6800080
:1005980000202000008060000000e0000f00320012
:1005a800d0b380004c00de00674060000080fb0094
:1005b800e10f500009003400e0362a000ac30200a7
:1005c80001000000d0b380000090a100d0b38800e3
:1005d800401d2000c0968800c202370060ae21008e
:1005e800104078000004e0000e003200d1b3800013
:1005f80000102000008060000000e00009003a00c0
:1006080080c680000090a00080c68800c0af80002f
:100618000010a000c0af8800800c2000c0968800a1
:100628000c00370060ae2100104078000004e000a4
:100638000800320080c680000090a00080c68800b4
:10064800d0b380000090a100d0b38800401d2000e6
:10065800c0968800d0968000e1968000e00f500098
:10066800e08f580094023a00f02021009bde07003a
:100678009c023700d1b38000000028000080600091
:100688000000e00002003200401d2000c0968800f3
:1006980060ae2100104078000004e0000e00320037
:1006a800d1b38000f0ff28008080600000002500a2
:1006b80001007000d0b3880080c680000090a000c0
:1006c80080c68800d0b380000090a100d0b3880015
:1006d800401d2000c0968800d0968000e1968000da
:1006e800e00f5000e08f580075023a00401d2000ce
:1006f8007ade07007b023700d1b38000008020003b
:10070800008060000000e00015003a0081c680000b
:1007180000202000008060000000e000100032008f
:10072800d0b380000090a100d0b38800d0020700a9
:10073800e0372a00a602070000e22400010020009a
:10074800d0968800e19688004106200010c0b300ca
:10075800a862020001000000501d2000c096880019
:1007680060ae2100104078000004e0000d00320067
:10077800d1b3800000102000008060000000e0007d
:1007880008003a0080c680000090a00080c688005b
:10079800c0af80000010a000c0af8800800c20000f
:1007a800c0968800d0968000e1968000e00f500047
:1007b800e08f580044023a00800c200047de070012
:1007c8004802370081c680000020200000806000b9
:1007d8000000e00010003200d0b380000080a100cb
:1007e800d0b38800a2020700c01a2a0078020700c6
:1007f80000e2240001002000d0968800e1968800dd
:1008080030252100c09688004106200010c0b300a2
:10081800a86202000100000060ae210010407800cc
:100828000004e0000d003200d1b380000010200069
:10083800008060000000e00008003a0080c68000e8
:100848000090a00080c68800c0af80000010a00003
:10085800c0af8800800c2000c0968800d096800029
:10086800e1968000e00f5000e08f580018023a002f
:10087800401d200019de07001a02370081c68000db
:1008880000202000008060000000e00005003a0021
:10089800d0968000e1968000e00f5000e08f58006d
:1008a8000d023a00800c2000c09688000d02370027
:1008b80081c6800000202000008060000000e00069
:1008c8003301320090fc80006f4060000080fb0024
:1008d800e20f500022003200e20f500005003c00f9
:1008e8000000e00008003200e10f50000f00320065
:1008f80021013700e30f50004e003200e40f500092
:100908007f0032001c01370059020700b0382a0066
:100918002f02070091fc800000ff2f00008060007c
:100928000000a00090fc8800130137005002070067
:1009380070392a0026020700303a2a0024020700ec
:10094800a09529002202070091fc800000ff2f00db
:10095800008060000010a00090fc880006013700ad
:1009680020782100104078000004e00028003200c0
:10097800a2c0b300513b2a002078210042be0200e9
:10098800010000000000e0001e003200801d200071
:100998000e0040008300200000017800513b2a002f
:1009a800207821006ca3020000000000801d2000b8
:1009b8000e004000088f0200010000002096880009
:1009c800319688002096800031968000021e200013
:1009d8000e014100809fbe00003c2a00801f780065
:1009e80002007800d604020000000000e6875700e5
:1009f800001e20000e0040000ac302000100000093
:100a0800030037006000b8002096880031968800ff
:100a18006000b80050d8880061d8880091fc800038
:100a280000ff2f00008060003000b30090fc8800b9
:100a3800d10037002096800031968000e00f5000ea
:100a4800e08f580024003200307d020001000000d1
:100a58006000b80050d8880061d8880050d880005d
:100a680061d88000a21e20000e014100030c200066
:100a7800831f7800809fbe00b03c2a00801f78004a
:100a880002007800d604020000000000e887570042
:100a9800f7010700403d2a00cd010700303a2a003f
:100aa800cb010700503e2a00c9010700a01e200004
:100ab8000e004000c60107000071220030f08800d7
:100ac80091fc800000ff2f00008060000020a00043
:100ad80090fc8800a800370070b021008040eb002f
:100ae8000148780091fc800000ff2f000080600022
:100af80090fc88003000200060fe88009e003700cf
:100b080091fc800000042000008060000000e000ec
:100b18000d003200703e2a000ac3020001000000e6
:100b280070b021008040eb000148780091fc800003
:100b380000ff2f000080600090fc8800400020002b
:100b480060fe88008c003700e0b02100104078007b
:100b58000004e00085003200e0b021008040eb0096
:100b68000148780052d8800063d880002096800021
:100b780031968000800f5100818f59007d0031002f
:100b880010f0800021f0800050d8880061d88800db
:100b980050d8800061d88000420620000289b90040
:100ba800020178006002b900840178000301410065
:100bb800430620000300b8000101410082007800cc
:100bc80022968000339680007c040200000000001a
:100bd8004007980051079800e21f20000e014100cd
:100be8004e009000de009000809fbe00d03f2a009b
:100bf800801f780002007800d60402000000000080
:100c0800e6875700e01f20000e0040000ac30200dc
:100c18000100000052d8800063d880002096800030
:100c280031968000800f5100818f59001f003100dc
:100c38008f01070050d8800061d880002221200051
:100c48000e014100030c2000831f7800809fbe0026
:100c5800b03c2a00801f780002007800d604020009
:100c680000000000e887570081010700403d2a0086
:100c780057010700303a2a0055010700503e2a0064
:100c880053010700202120000e00400050010700fa
:100c98000071220030f088002103200010c0b3004a
:100ca800a8620200010000003300370000412a005a
:100cb8000ac302000100000070b021008040eb0070
:100cc8000148780091fc800000ff2f000080600040
:100cd8005000b30090fc880091fc800000042000c4
:100ce800008060000000e00005003a0091fc8000f0
:100cf80000022000008060000000e00007003a00c9
:100d080091fc800000ff2f000080600090fc8800ac
:100d18004000200060fe8800170037004281020072
:100d2800010000000000e00006003200a0412a0097
:100d38000ac30200010000002000200060fe8800b5
:100d48000d003700d0422a000ac30200010000004b
:100d58004000200060fe880091fc800000ff2f000a
:100d68000080600090fc880003003700000000004d
:100d78000100370000000000800c2000c0968800a9
:100d880000e2240001002000d0968800e196880047
:100d9800d0968000e1968000e00f5000e08f580068
:100da800cf003a00800c2000ccdc0700cd003700d3
:100db80000000000cb00370000000000c900370029
:100dc80000000000c700370000000000c500370021
:100dd80000000000c300370000000000c100370019
:100de80000000000bf00370000000000bd00370011
:100df80000000000bb00370000000000b900370009
:100e080000000000b700370000000000b500370000
:100e180000000000b300370000000000b1003700f8
:100e280000000000af00370000000000ad003700f0
:100e380000000000ab00370000000000a9003700e8
:100e480000000000a700370000000000a5003700e0
:100e580000000000a300370000000000a1003700d8
:100e6800000000009f003700000000009d003700d0
:100e7800000000009b0037000000000099003700c8
:100e880000000000970037000000000095003700c0
:100e980000000000930037000000000091003700b8
:100ea800000000008f003700000000008d003700b0
:100eb800000000008b0037000000000089003700a8
:100ec80000000000870037000000000085003700a0
:100ed8000000000083003700000000008100370098
:100ee800000000007f003700000000007d00370090
:100ef800000000007b003700000000007900370088
:100f0800000000007700370000000000750037007f
:100f18000000000073003700000000007100370077
:100f2800000000006f003700000000006d0037006f
:100f3800000000006b003700000000006900370067
:100f4800000000006700370000000000650037005f
:100f58000000000063003700000000006100370057
:100f6800000000005f003700000000005d0037004f
:100f7800000000005b003700000000005900370047
:100f8800000000005700370000000000550037003f
:100f98000000000053003700000000005100370037
:100fa800000000004f003700000000004d0037002f
:100fb800000000004b003700000000004900370027
:100fc800000000004700370000000000450037001f
:100fd8000000000043003700000000004100370017
:100fe800000000003f003700000000003d0037000f
:100ff800000000003b003700000000003900370007
:1010080000000000370037000000000035003700fe
:1010180000000000330037000000000031003700f6
:10102800000000002f003700000000002d003700ee
:10103800000000002b0037000000000029003700e6
:1010480000000000270037000000000025003700de
:1010580000000000230037000000000021003700d6
:10106800000000001f003700000000001d003700ce
:10107800000000001b0037000000000019003700c6
:1010880000000000170037000000000015003700be
:1010980000000000130037000000000011003700b6
:1010a800000000000f003700000000000d003700ae
:1010b800000000000b0037000000000009003700a6
:1010c800000000000700370000000000050037009e
:1010d8000000000003003700000000000100370096
:1010e800000000000080fa00000006000000fa007e
:1010f80080002000c01c88009a23ef0020022000f6
:10110800001d8800a223ef009960a80099e3a800b9
:101118009b43a8009b83a8000080fa0000000600fb
:101128000000fa00d0802000104078000080fb000a
:10113800f11c800001417800e18020008270780075
:10114800d0802000104078008040e800d080200047
:1011580001487800d01c8000620060000000e000b8
:10116800010032009a23a900d01c800064006000ae
:101178000000e000010032009a23a900d01c800082
:10118800680060000000e000010032009a63a900d6
:101198000080fa00000006000200fa00000f780044
:1011a8001e0078000a000700420120009e00780017
:1011b80080ae21008006020000000000c0af2100c0
:1011c8008040eb00014878000080fa00000006002b
:1011d8000200fa00000f78001e0078001040780026
:1011e8000004e0001a00320000000000010037008f
:1011f80000000000d11c800000102000008060006a
:101208000000e000fbff32001e007800104078006c
:101218000000fb00e01c88001e00780010407800e9
:101228003fd207001e0fe8001e007800104078002b
:101238000004e000eeff3a0000000000d11c80002e
:1012480000102000008060000000e000fbff32007a
:1012580080ae21008040eb000148780070ae21008c
:101268008040eb00014878000080fa00000006008a
:101278000000fa00008d21008040eb000148780052
:1012880080c680000090a10080c6880080c68000cb
:101298000080a00080c688000080fa0000000600d8
:1012a8000200fa00004f78008099210090407800f1
:1012b800802122001040780080cf500004003900bf
:1012c80080212200104078000004e00002003a006b
:1012d80010c0b300090037001e4078000004e00089
:1012e8000500320048c302000100000020442a0023
:1012f8000ac30200010000000040eb000080fa0071
:10130800000006000400fa00000f7800214798004a
:10131800ae409000014f78001e0078000080a000c9
:10132800000f78001e0078000090a100000f7800e0
:101338000080fa00000006006a00fa00889fbe00dc
:101348008a9fbe008c9fbe00101f9800211f980026
:1013580072004700020220008000eb002605020010
:10136800000000001e189000169102000100000005
:101378004300dd00400798004e0090004800de0062
:101388000040780000d798004e0090000040780098
:1013980010d798009e18900072004700b6be020051
:1013a8000100000070662e0091a02600100f980022
:1013b800210f980050e82a0071b62b00300f9800d2
:1013c800410f980020372f00e1c62300500f9800e6
:1013d800610f9800a0532f00f1542a00700f980055
:1013e80001179800f0272500e11025001017980034
:1013f80021179800c088260051b02900301798009e
:1014080041179800b09a2d0031f821005017980024
:101418006117980090d12c0001be25007017980024
:10142800011f98000000eb00000f78004d00370006
:101438001e0078004200dd000000470020509000a8
:101448000081fb008001eb001e0078004200dd00f7
:1014580000004700720040000288be001e007800ad
:10146800c200dd0072004700010040001002be000b
:101478001e0078004200dd000000e8000000470080
:10148800205090000080fb008000eb004809dd0040
:10149800c801de00830171004801dd00040141003c
:1014a800858149001e0078004200dd0000004700e9
:1014b800720040000288be001e007800c200dd00f5
:1014c80072004700010040001001be001e007800b5
:1014d8004200dd000080e800000047002050900036
:1014e8000080fb008000eb00c000dd000000200051
:1014f80002014000838148001e0078004200dd00a0
:1015080000004700720040000288be001e007800fc
:10151800c200dd0072004700010040001001be005b
:101528001e0078004200dd00630040000000470014
:10153800205090000080fb008000eb00c800dd0018
:101548000000200002014000838148001e0078004e
:101558004200dd0000004700720040000288be0023
:101568001e0fe8001e007800ef0f5000b0ff340097
:101578000001200010079800750037001e00900039
:10158800c200dd0072004700010040001003be00e9
:101598001e00900070005000c200dd00720047007d
:1015a800010040001002be001e0090006f005000b5
:1015b800c200dd0072004700010040001000be00bc
:1015c800c901dd004709de00830471004909dd0017
:1015d8004700de00020470001e0090006f005000fb
:1015e800c200dd0072004700010040001000be008c
:1015f800c201de004e09dd00830571004209de00ec
:101608004e00dd00020570000a016c008b816c0041
:101618001e0090006f005000c200dd0072004700fd
:10162800010040001000be004d0edd004300de004a
:1016380000007600c308de000000690081806900b0
:1016480004014000858148001e009000670050009a
:10165800c200dd0072004700010040001000be001b
:1016680002024000838248001e0090000080e900ca
:10167800c200dd0072004700010040001000be00fb
:101688008001d1004f09dd00830671000101d100fe
:101698004f00dd00020670001e0090000080e90087
:1016a800c200dd0072004700010040001000be00cb
:1016b800c301de004d09dd0003017100421f9800df
:1016c8004309de004d00dd0002007000301f980065
:1016d8003e189000ce18900000006e0081806e00c9
:1016e80030379800413798001e0090000080e900cc
:1016f800c200dd0072004700010040001000be007b
:101708004609dd004a00de0000007100ca08de005c
:101718003e319000ce319000000069008180690060
:101728000400400085804800060140008781480089
:101738001e0090004200dd000000470072004000db
:101748000288be001e0090000000e8001007980004
:101758009e009000f0032000808f500087ff340027
:101768000000eb0020079800f00037007e1390007f
:101778008e1b90001e109000ae109000ca01dd0074
:101788004609de0003017100621f98004a09dd0066
:101798004600de0002007000501f98001e109000e6
:1017a800ae109000c501dd004b09de000301710099
:1017b800022798004509dd004b00de00020070009a
:1017c800701f98005e1c9000ee1c90007e18900020
:1017d8008e20900000026c0081826c001e10900028
:1017e800ae109000c901de004709dd000301710059
:1017f800222798004909de004700dd00020070003a
:10180800102798001e219000ae21900002006a0067
:1018180083806a0006044000878448001e109000f8
:10182800ae1090003e119000ce119000800278001a
:10183800010278008200780003007800818062004d
:1018480000006200202f9800112f98001e2b900096
:10185800ae2b90001e109000ae1090000080ea00a1
:101868008180ea005e119000ee11900080027800fd
:10187800010278008200780003007800818062000d
:1018880000006200402f9800312f98003e289000f9
:10189800ce28900000006b0081806b00080140009a
:1018a800898148002e009000c200dd0040322b00e4
:1018b800008040001000be00020140008381480003
:1018c8002e009000c200dd007200470001004000b9
:1018d8001000be00020040008380480050079800b6
:1018e800610798001e089000ae089000ce01dd0048
:1018f8004209de0003017100422798004e09dd000d
:101908004200de0002007000302798001e08900098
:10191800ae089000c301dd004d09de00030171002f
:10192800622798004309dd004d00de0002007000c8
:10193800502798003e239000ce2390005e2490000c
:10194800ee24900008026b0089826b001e0890004c
:10195800ae089000c601de004a09dd0003017100ef
:10196800022f98004609de004a00dd0002007000e0
:10197800702798007e2090008e28900000046a004e
:1019880081846a001e089000ae0890003e0990000d
:10199800ce09900080027800010278008200780069
:1019a800030078008180620000006200602f9800c8
:1019b800512f98005e2b9000ee2b90001e0890008f
:1019c800ae0890005e099000ee0990008002780051
:1019d80001027800820078000300780081806200ac
:1019e8000000620000379800712f98007e28900050
:1019f8008e30900000036b0081836b003e089000de
:101a0800ce0890005e099000ee09900080027800f0
:101a1800010278008200780003007800818062006b
:101a28000000620020379800113798001e3090009f
:101a3800ae30900000006b0081806b000800400011
:101a48008980480070079800010f980070002000f6
:101a5800300798002f0037003e0090000000e0009b
:101a680012003200e40f50001c003a003e009000c3
:101a78000000e900c200dd007200470001004000dc
:101a88001001be005e009000ee00900002014000d0
:101a9800838148003e0090004200dd0000004700be
:101aa800720040000288be00170037005e019000f7
:101ab800ee0190007e0090008e0890000201400028
:101ac800838148003e0090004200dd00000047008e
:101ad800720040000288be000b0037003e009000f4
:101ae8000000e900c200dd0072004700010040006c
:101af8001001be003e0090004200dd0000004700db
:101b0800720040000288be003e0090000000e9001c
:101b1800300798003e0090000000e000ceff3d0036
:101b28002e0090000000e80020079800ae0090000a
:101b3800e0032000808f50000cff34007200470043
:101b480002022000800078002e189000180502007c
:101b5800000000004f06be004f05be004f04be0047
:101b68000080fa00000006000400fa001007980040
:101b780010f1200010407800004f780020f120007c
:101b8800104078001047980000f0200010417800bd
:101b98001e80fb00c200dd0040322b0000804000a8
:101ba8001000be00c809dd004800de00008071009a
:101bb800c808de00004078000040690080407800d6
:101bc8001e009000014878001e0090000001e80007
:101bd80010f02000904178001e4090000080fb002b
:101be800c200dd0040322b00008040001000be0023
:101bf8004008de000040780000c069000049780015
:101c08001e0090000081e80020f02000904178003c
:101c18001e80fb00c200dd0040322b000080400027
:101c28001000be004808de000040780000c06900cf
:101c3800004978001e0090006300400001f0200079
:101c48009140780001417800810c80008140780043
:101c580081406900014878001e009000640040003f
:101c680011f020009140780001417800810c80003b
:101c7800c808de008140780081406900014878008a
:101c88001e0090006500400021f02000914078007f
:101c980001417800810c8000814078008140690012
:101ca800014878001e009000660140001e40900028
:101cb8000080fb00c200dd0040322b0000804000a5
:101cc8001000be004008de0080407800800c8000d4
:101cd8000040780000c06800004978001e009000ad
:101ce80067014000800c80004800de0080417800d9
:101cf8001e80fb00c200dd0040322b000080400047
:101d08001000be00480add004800de000000720036
:101d1800c808de000040780000c06900004978006b
:101d28001e00900068014000800c80004800de0022
:101d3800804178001e4090000080fb00c200dd005a
:101d480040322b00008040001000be0000407800a8
:101d580000c06900004978000080fa000000060011
:101d68000600fa002007980000f1200010407800d3
:101d7800004f780010f120001040780010479800bc
:101d880020f12000104078002047980000f0200043
:101d9800104178001e4090000080fb00c200dd006a
:101da80040322b00008040001000be00c809dd0052
:101db8004800de0000807100c808de00004078009e
:101dc80000406900804078002e00900001487800ab
:101dd8002e0090000001e80010f0200090417800eb
:101de8002e4090000080fb00c200dd0040322b0036
:101df800008040001000be004008de00004078006f
:101e080000c06900004978002e0090000081e800b9
:101e180020f02000904178001e4090000080fb00d8
:101e2800c200dd0040322b00008040001000be00e0
:101e38004808de000040780000c0690000497800ca
:101e48002e0090006300400001f0200091407800cf
:101e580001417800810c8000814078008140690050
:101e6800014878002e0090006400400011f0200026
:101e78009140780001417800810c8000c808de009c
:101e88008140780081406900014878002e00900068
:101e98006500400021f02000914078000141780061
:101ea800810c8000814078008140690001487800f9
:101eb8002e009000660140002e4090000080fb003c
:101ec800c200dd0040322b00008040001000be0040
:101ed8004008de0080407800800c800000407800d8
:101ee80000c06800004978002e009000670140009b
:101ef800800c80004800de00804178001e40900081
:101f08000080fb00c200dd0040322b000080400052
:101f18001000be00480add004800de000000720024
:101f2800c808de000040780000c069000049780059
:101f38002e00900068014000800c80004800de0000
:101f4800804178002e4090000080fb00c200dd0038
:101f580040322b00008040001000be000040780096
:101f680000c0690000497800f0df80000000e80048
:101f7800f0df88002e00900069014000800c80008e
:101f88004800de00804178001e80fb00c200dd00b2
:101f980040322b00008040001000be000040780056
:101fa80000c06900004978002e0090006a004000d7
:101fb800f1df8000c808de00814078000148780021
:101fc8002e0090006b004000f1df80008140780017
:101fd800014878002e0090006c004000810c8000c1
:101fe800c808de0081407800014878002e00900083
:101ff8006d004000810c8000814078000148780025
:102008002e0090006e014000f1df8000f0032000f8
:1020180000806000c200dd0040322b0000804000dc
:102028001000be00c809dd004800de000080710015
:10203800c808de0080407800800c800000407800ee
:1020480000c06800004978002e0090006f01400031
:10205800f1df8000f003200000806000c200dd0096
:1020680040322b00008040001000be008040780005
:10207800800c80004800de000040780000c0680046
:10208800004978000080fa00000006001e00fa00ef
:10209800500f9800610f98005e08900061c1b3006e
:1020a800114098005e08900001c1b3000148780013
:1020b8005e089000104078000080fb004300de00be
:1020c800604798005e089000104078000080fb0090
:1020d8000104200000017800110009008200d800e6
:1020e800400798006000b8006011b800100f980011
:1020f800210f9800320f9800430f98000080eb00e2
:102108005007980070c0b300404f980020c0b3003b
:10211800504f98000000eb00000f780010003700c7
:102128006e4090000081fb006e4090008080fb00b4
:102138001e0078000088b90000007800ee089000c2
:10214800808040001e00780000004000f201470037
:102158000080410018050200000000001e0fe80082
:102168009e0078004e009000808f5000ecff3900f0
:102178006e4090000081fb005e0890000080e8003f
:10218800f200470018050200000000000000eb0004
:102198001007980061003700ae0890005e089000b4
:1021a800104078000081fb004e4890000080fb0042
:1021b800000051008008dd002e0990004e48900074
:1021c8000080fb000010de00810070005e009000bf
:1021d80000806000700798009e0890007e009000c4
:1021e800808040005e0090000080600070079800ca
:1021f800fe0090001e0090000080680070079800a4
:102208009e0890005e089000104078000081fb0056
:102218005e4890000080fb00000051008008de004e
:102228001e0990005e4890000080fb000010dd0051
:10223800810070005e00900000806000000f980030
:102248008e0890007e00900000806800000f9800c3
:102258008e089000110f98004e009000e20f500079
:102268001600320010002000200798000e003700ea
:102278002e0090000000e80000004000f200470037
:1022880000804000900078002e0090000000400080
:102298000000470072004000010878002e009000fe
:1022a8000000e80020079800ae0090004e00900063
:1022b8000000e900808f5000edff39004e009000cb
:1022c8000000e900000040000000470072004000e4
:1022d8007e019000020878006e4090000081fb00ab
:1022e8005e0890008081e8006e4090008080fb00ce
:1022f8001e0090000000e8000088b9000000780087
:1023080000804100f20047001805020000000000ac
:102318001e0090000000e800100798005e0890007a
:10232800104090000080fb000000e9008000780069
:102338001e009000808f500097ff3e000040eb0089
:102348000080fa00000006001e00fa00500f9800f6
:10235800610f9800c0fc2f000e0040000080e800cc
:10236800400798000000eb00200798009500370010
:102378002e009000de089000008040001040780099
:102388008080fb006a004700811f7800ae00900043
:10239800811f780041422b00811f7800f004020061
:1023a80000000000e68757006a0047000ac30200e1
:1023b800010000002e009000de0890000080400020
:1023c800104078000080fb00000f78002e0090007d
:1023d8000000e800de08900000804000104078000f
:1023e8000004e000090032002e0090000000e80020
:1023f800de08900000804000104078000080fb005c
:102408004800dd001e0f700002003700f00f2000aa
:102418001e0f60002e0090000080e800de0890008b
:1024280000804000104078000004e00008003200fe
:102438002e0090000080e800de0890000080400038
:10244800104078000080fb00100798000200370059
:102458000000eb00100798002e0090006300400079
:10246800de08900000804000104078000004e00082
:102478000b0032002e00900063004000de08900040
:1024880000804000104078000080fb004800dd001c
:102498009e009000010070001007980004003700ab
:1024a8009e009000f00f2000008060001007980048
:1024b8000000eb00300798001d0037004ec8970059
:1024c8000080fb00670050009e0090008008dd003f
:1024d8001e0090004700de00010070009e004000d2
:1024e8003e009000000040004e01900000004100b6
:1024f8001000780000806800100798004ec8970008
:102508000080fb000080e9009e0078008008de0063
:102518001e0078004200dd00810070001e0090005f
:10252800008f68003e0090000000e8003007980027
:102538005ec897008080fb003e009000808f5000ae
:10254800deff3c002e009000ee0890000080400066
:102558009e00780081407800014878002e009000a5
:102568000000e800ee089000008040009e0078001f
:10257800c808de0081407800014878002e009000ed
:102588000080e800ee089000008040009e00900067
:1025980081407800014878002e00900063004000d8
:1025a800ee089000008040009e009000c808de0001
:1025b80081407800014878002e00900064004000b7
:1025c800200798002e009000de0890000080400050
:1025d800104078000004e00065ff3a006a004700f8
:1025e800ae009000811f780031432b00811f7800d6
:1025f800f004020000000000e48757006a0047006a
:102608000ac30200010000002e009000ee089000ae
:10261800008040008040eb00014878000080fa000c
:10262800000006000e00fa005007980061079800a5
:10263800c0fc2f000e0040000080e8004007980012
:102648000000eb00200798006a0037002e00900079
:10265800de00900000804000104078008080fb0081
:102668002e0090000000e8005e019000000041008c
:10267800104078000080fb004800dd000100700079
:10268800000f78002e0090000080e800de00900027
:1026980000804000104078008080fb002e009000f1
:1026a800630040005e019000000041001040780087
:1026b8000080fb004800dd00010070001007980052
:1026c8005ec897000040e900604798002600370080
:1026d8001e0090009e0068004ec897000080fb0016
:1026e8000080e9008008dd001e0090001e006800e0
:1026f8004200de00008f70006e4090000000fb007a
:1027080000004000ce00900000804000900078005b
:102718001e009000008068009e0050004ec8970080
:102728000080fb00670050008008de006e409000cb
:102738000000fb00000040004e0190000000410036
:10274800100178001e009000000069001e00500073
:102758004700dd0001007000100798006e409000ef
:102768000040e900604798006e4090000004e000d7
:10277800d7ff3d002e009000ee0090000080400042
:102788009e00780081407800014878002e00900073
:102798000000e800ee009000008040009e007800f5
:1027a800c808de0081407800014878002e009000bb
:1027b8000080e800ee009000008040009e0090003d
:1027c80081407800014878002e00900063004000a6
:1027d800ee009000008040009e009000c808de00d7
:1027e80081407800014878002e0090006400400085
:1027f800200798002e009000de0090000080400026
:10280800104078000004e00090ff3a002e0090008d
:10281800ee009000008040008040eb000148780006
:102828000080fa00000006001000fa006007980017
:10283800710798000000eb00000f78002f003700a8
:102848001e0078004200dd00ee009000008040008d
:102858009e007800c208dd007e01900081004100e2
:1028680091407800014878001e0078004200dd00a1
:102878000000e800ee009000008040009e00780014
:10288800c208dd008100e8007e019000810041005f
:1028980091407800014878001e0078004200dd0071
:1028a8000080e800ee009000008040009e00780064
:1028b800c208dd008180e8007e01900081004100af
:1028c80091407800014878001e0078004200dd0041
:1028d80063004000ee009000008040009e007800f9
:1028e800c208dd00e38040007e01900081004100c5
:1028f80091407800014878001e0fe8001e0078001b
:10290800e30f5000ceff360040002000000f780093
:102918007a003700f0ff23001e0040004200dd006f
:1029280010079800ee0090001e0090000080400004
:1029380010407800004f98001e0090000000e8004a
:10294800ee0090000080400010407800104f980082
:102958001e0090000080e800ee009000008040001b
:1029680010407800204f98001e009000630040003f
:10297800ee0090000080400010407800304f980032
:102988009e007800638060000000e00025003a00a7
:102998008e489000414798001e489000004f9800cc
:1029a8002e489000104f98003e489000204f980005
:1029b800ce409000314f98000e4890000080fb00f8
:1029c80021442b0061407800004f98001e48900079
:1029d8000080fb0021442b0061407800104f9800d4
:1029e8002e4890000080fb0021442b0061407800b5
:1029f800204f98003e4890000080fb0021442b00a7
:102a080061407800304f98008e4890001e00780092
:102a18004200de0022642b006240780000c068009b
:102a2800004f98001e0078004200dd003007980033
:102a3800c0ff23001e0040004200dd001007980080
:102a4800ee0090003e009000008040006e01900073
:102a58009e00900081004100114178008e4890004e
:102a680081406900014878003e0090000000e800bd
:102a7800ee009000008040009e0090008100e80079
:102a88006e01900081004100114178009e4890003d
:102a980081406900014878003e0090000080e8000d
:102aa800ee009000008040009e0090008180e800c9
:102ab8006e0190008100410011417800ae489000fd
:102ac80081406900014878003e00900063004000a2
:102ad800ee009000008040009e009000e3804000df
:102ae8006e0190008100410011417800be489000bd
:102af80081406900014878001e0fe800b0022000fc
:102b08009e007800808f500082ff36000080fa0017
:102b1800000006000400fa00000f78001107980072
:102b28001e0078009e0090003fff07000080fa001a
:102b3800000006000600fa00000f78001107980050
:102b4800220798001e0078009e00900036ff0700bc
:102b5800010b20001e80400002012000ae00900002
:102b680018050200000000000080fa0000000600be
:102b78000400fa00000f780011079800010b2000ec
:102b88001e804000020120009e00900018050200ef
:102b9800000000000080fa00000006000800fa00ab
:102ba8002047980021079800320798000040eb0062
:102bb800004f7800260037000040eb0010479800cf
:102bc8001f0037009e81fb001e4090000080fb0024
:102bd8001e82fb009e4090008180fb002e01900029
:102be8004222dd008100420062c17800ae409000c0
:102bf8008180fb00420add009e80fb0081004200cc
:102c0800420add009e4090008180fb008100420066
:102c18003e029000810042009140780081406900a6
:102c28002e019000c219dd00008041000000410023
:102c3800014878001e4090000040e80010479800c6
:102c48001e409000e34f5000deff36001e4fe800a4
:102c58001e407800e34f5000d7ff36000080fa008e
:102c6800000006000400fa00100798000040eb007e
:102c7800004f78001c0037000040eb001047980018
:102c8800150037001e4090008081fb001e80fb006d
:102c98009e4090000182fb009e80fb001e01900078
:102ca8004222dd0081004200e2c078008180fb0002
:102cb80022442b00e2c078001e019000c219dd00fa
:102cc8000080410000004100014878001e4090004b
:102cd8000040e800104798001e409000e34f500065
:102ce800e8ff36001e4fe8001e407800e34f500012
:102cf800e1ff36000080fa00000006000400fa0038
:102d0800100798001e00900090409000014f780036
:102d18001e009000d04090001e00900011409800c6
:102d28001e009000904890001e00900051409800ae
:102d38001e009000d04890001e0090001148980096
:102d48001e0090009e407800514898001e00900098
:102d5800a0409000014f78001e009000a04890000d
:102d68001e009000214098001e0090009e407800b0
:102d7800214898001e009000e0409000014f780024
:102d88001e009000e04890001e00900061409800ee
:102d98001e0090009e407800614898001e00900038
:102da800b0409000014f78001e009000f04890005d
:102db8001e009000314098001e009000b04890001e
:102dc8001e009000714898001e009000f04090008e
:102dd8001e009000314898001e0090009e40780028
:102de800714098000080fa00000006000200fa0016
:102df800004f78001e80fb00000040000041780072
:102e08001e80fb004700de00004078007b00b90010
:102e18000000780000407800004069000080fa0057
:102e2800000006000600fa00200798000040eb00aa
:102e3800004f78008e0037001e80fb00ae00900027
:102e48004200dd0061417800124798001e80fb00b7
:102e5800ae0090004200dd00e14078001e80fb00db
:102e68002e0190004200dd000000e800624078007a
:102e780080c068001e80fb002e0190004200dd002b
:102e88000080e8006240780080c068001e80fb0077
:102e98002e0190004200dd0063004000624078008f
:102ea80000c06800204798001e80fb00ae0090001c
:102eb8004200dd00e14078001e80fb002e019000fa
:102ec8004200dd000000e8006240780000c06800b1
:102ed800304798003e409000c4ff070030479800f4
:102ee8001e80fb009e80fb002e019000c208dd00c2
:102ef80062c17800be419000ae40900081c0690078
:102f0800814069002e0190004200dd000000410070
:102f1800014878001e80fb00ae0090004200dd00f2
:102f28000000e800e14078001e80fb002e019000c0
:102f38004200dd000080e8006240780000c06800c0
:102f4800304798003e409000a8ff0700304798009f
:102f58001e80fb009e80fb002e019000c208dd0051
:102f68008100e80062c17800be419000ae40900048
:102f780081c06900814069002e0190004200dd0097
:102f8800000041000000e800014878001e80fb00b6
:102f9800ae0090004200dd000080e800e1407800cb
:102fa8001e80fb002e0190004200dd0063004000ff
:102fb8006240780000c06800304798003e409000aa
:102fc8008aff0700304798001e80fb009e80fb00a8
:102fd8002e019000c208dd008180e80062c17800ff
:102fe800be419000ae40900081c0690081406900f8
:102ff8002e0190004200dd00000041000080e80042
:10300800014878001e80fb00ae0090004200dd0001
:1030180063004000e14078001e40900000c0680056
:10302800304798003e40900070ff070030479800f6
:103038001e80fb009e80fb002e019000c208dd0070
:10304800e380400062c17800be419000ae4090002d
:1030580081c06900814069002e0190004200dd00b6
:103068000000410063004000014878001e4fe8005e
:103078001e407800e34f50006fff36000080fa00d2
:10308800000006000800fa00889fbe00300798007c
:103098000000eb00000f780073013700be009000bd
:1030a8001e0078004200dd00614178002247980048
:1030b800be0090001e0078004200dd000000e8001d
:1030c8006141780032479800be0090001e007800e9
:1030d8004200dd000080e800614178004247980026
:1030e800be0090001e0078004200dd006300400032
:1030f80061417800524798002e4090003bff07003e
:103108003aff070039ff070038ff07003e409000ec
:1031180036ff070035ff07003e40900033ff0700e9
:1031280032ff070031ff070030ff07004e409000d4
:103138002eff07004e4090002cff07002bff0700d2
:103148002aff070029ff07005e40900027ff0700bd
:103158005e40900025ff070024ff07005e409000b6
:1031680022ff070021ff070020ff07001fff0700bd
:103178002e4090001dff07000084fb002e409000a9
:103188001aff070019ff07000080fb0000046c000d
:103198002e40900015ff070014ff070013ff0700db
:1031a8000080fb0000046c003e4090008084fb001f
:1031b8003e4090000dff07000080fb0080846c00fb
:1031c8003e40900009ff070008ff070007ff0700bf
:1031d8000080fb0000806c0000046c004e409000f2
:1031e8008084fb004e40900000ff0700fffe0700b0
:1031f8000080fb0080846c004e409000fbfe0700be
:10320800fafe0700f9fe07000080fb0000806c0052
:1032180000046c005e4090008084fb005e409000db
:10322800f2fe0700f1fe0700f0fe07000080fb0039
:1032380000806c0000006c00804078003e01900027
:103248001e0078004200dd000000410001487800bf
:103258002e409000e5fe07002e409000e3fe070098
:10326800e2fe07002e409000e0fe0700dffe0700a8
:10327800defe0700ddfe07003e409000dbfe070093
:10328800dafe0700d9fe0700d8fe07004e4090007e
:10329800d6fe0700d5fe07004e409000d3fe07007b
:1032a800d2fe0700d1fe0700d0fe07005e40900066
:1032b800cefe07005e409000ccfe0700cbfe070064
:1032c800cafe0700c9fe07002e4090000084fb00dc
:1032d8002e409000c5fe0700c4fe0700c3fe07008d
:1032e8000080fb0000046c003e409000bffe070019
:1032f8008084fb003e409000bcfe0700bbfe070038
:103308000080fb0080846c003e409000b7fe070000
:10331800b6fe0700b5fe07000080fb0000806c00c9
:1033280000046c004e4090008084fb004e409000ea
:10333800aefe07000080fb0080846c004e409000c9
:10334800aafe0700a9fe0700a8fe07000080fb00f0
:1033580000806c0000046c005e4090008084fb00dc
:103368005e409000a1fe0700a0fe07000080fb0061
:1033780080846c005e4090009cfe07009bfe070066
:103388009afe07000080fb0000806c0000006c00c3
:10339800804078003e0190001e0078004200dd0069
:1033a800000041000000e800014878002e4090002d
:1033b8008efe07002e4090008cfe07008bfe070053
:1033c8008afe070089fe07003e40900087fe07003e
:1033d8003e40900085fe070084fe07003e409000b6
:1033e80082fe070081fe070080fe07007ffe0700bf
:1033f8004e4090007dfe07007cfe07007bfe070024
:103408007afe07005e40900078fe070077fe07000e
:103418005e40900075fe070074fe070073fe07000b
:1034280072fe07002e4090000084fb002e409000a2
:103438006efe07006dfe07000080fb0000046c00b4
:103448002e40900069fe070068fe070067fe07002f
:103458000080fb0000046c003e4090008084fb006c
:103468003e40900061fe070060fe07005ffe070017
:103478000080fb0000806c0000046c004e4090004f
:103488005afe07008084fb004e40900057fe07005c
:1034980056fe07000080fb0080846c004e409000c0
:1034a80052fe070051fe070050fe07000080fb0097
:1034b80000806c0000046c005e4090008084fb007b
:1034c8005e40900049fe07000080fb0080846c008d
:1034d8005e40900045fe070044fe070043fe0700db
:1034e8000080fb0000806c0000006c0080407800c9
:1034f8003e0190001e0078004200dd0000004100ff
:103508000080e800014878002e40900037fe070050
:1035180036fe07002e40900034fe070033fe0700f9
:1035280032fe070031fe07003e4090002ffe0700e4
:103538003e4090002dfe07002cfe07002bfe0700e2
:103548002afe07004e40900028fe07004e409000db
:1035580026fe070025fe07004e40900023fe0700c8
:1035680022fe070021fe070020fe07005e409000b3
:103578001efe07001dfe07001cfe07001bfe0700bd
:103588002e4090000084fb002e40900017fe07009c
:103598000080fb0000046c002e40900013fe070022
:1035a80012fe070011fe07000080fb0000046c00fb
:1035b8003e4090008084fb003e4090000bfe0700d8
:1035c8000afe07000080fb0080846c003e409000eb
:1035d80006fe070005fe070004fe07000080fb004a
:1035e80000806c0000046c004e4090008084fb005a
:1035f8004e409000fdfd0700fcfd0700fbfd0700a5
:103608000080fb0000806c0000046c005e409000ad
:10361800f6fd07008084fb005e409000f3fd070084
:10362800f2fd07000080fb0080846c005e40900083
:10363800eefd0700edfd0700ecfd07000080fb0034
:1036480000806c0000006c00804078003e01900013
:103658001e0078004200dd000000410063004000c9
:10366800014878001e0fe8001e007800e30f5000a4
:103678008afe34004f04be000080fa0000000600f5
:103688000400fa00100798000040eb00004f780093
:103698001c0037000040eb00104798001500370069
:1036a8001e4090008081fb001e80fb009e40900021
:1036b8000182fb009e80fb001e0190004222dd007b
:1036c80081004200e2c078008180fb0022542b0078
:1036d800e2c078001e019000c219dd0000804100a0
:1036e80000004100014878001e4090000040e800ba
:1036f800104798001e409000e34f5000e8ff360046
:103708001e4fe8001e407800e34f5000e1ff3600ee
:103718000080fa00000006000400fa001007980074
:103728001e009000d0489000014f78001e009000c5
:10373800904890001e009000514898001e0090008c
:10374800d04090001e009000114898001e00900084
:10375800904090001e009000514098001e0090007c
:103768009e407800114098001e009000a0409000f4
:10377800014f78001e009000a04890001e009000a5
:10378800214098001e0090009e4078002148980033
:103798001e009000e0409000014f78001e0090004d
:1037a800e04890001e009000614098001e009000c4
:1037b8009e407800614898001e009000b04090003c
:1037c800014f78001e009000f04090001e0090000d
:1037d800314098001e009000b04890001e009000f4
:1037e800714098001e009000f04890001e00900064
:1037f800314898001e0090009e407800714898005b
:103808000080fa00000006000600fa001007980081
:10381800210798000040eb00004f78002e0190002f
:103828009e0090000040eb00dcfc070010c0b300d5
:10383800004f78001e0090000afd07001e0090004f
:103848002efd07001e407800ea4f500006003a009f
:103858002e0190009e009000a0c0b300cffc07008e
:103868000080fa00000006001e0090006dfd0700b1
:103878002e0190009e0090001e407800c7fc0700b3
:103888001e4fe800ebff37000600fa00100798000b
:10389800210798000040eb00004f78002e019000af
:1038a8009e009000a0c0b300bcfc070090c0b3000d
:1038b800004f78001e00900097ff07001e00900040
:1038c8006fff07002e0190009e0090001e407800b8
:1038d800b2fc07001e4078000004e000040032003b
:1038e8001e009000e7fd07001e4fe900f1ff3700ba
:1038f800000000000080fa00000006000600fa0040
:1039080010079800210798000040eb00004f78004e
:103918000e0037001e80fb009e00900000804000d3
:103928009e80fb001e01900081004100114178003b
:103938009e80fb00ae01900081804100914078009c
:1039480081406900014878001e4fe8001e40780059
:10395800ef4f5000efff36000080fa00000006002d
:103968000a00fa00200798003107980042079800db
:103978002e009000000bb000100798000000eb002c
:10398800000f78000d0037009e0090003e00900068
:10399800daff0700ae0090003e0090009aff070093
:1039a800be009000110798003e0090007000400093
:1039b800300798009e007800708f40004e009000fd
:1039c8009e007800808f5000efff39002e00900095
:1039d800000bb000020120009e00900018050200b4
:1039e800000000000080fa00000006001800fa003d
:1039f800100f9800210f9800320f98000000eb007c
:103a0800000f78001b003700d0642b000ac30200a7
:103a1800010000000e80e80002012000ae089000be
:103a280018050200000000009e0890002e08900073
:103a380095ff07001e089000000bb000800078007a
:103a48002e089000adff07001e089000000bb00084
:103a58008e80e80002012000180502000000000026
:103a68002e08900070004000200f98009e007800fb
:103a7800708f40003e0890009e007800808f5000b4
:103a8800e1ff39000080fa00000006001e00fa007d
:103a9800400f9800510f9800620f9800de089000c0
:103aa8006e089000808f500002003a005e08900077
:103ab800290037005e0890006f0060007000100059
:103ac80010079800640047009e009000811f78004e
:103ad80071652b00811f7800f004020000000000cf
:103ae800e4875700640047000ac302000100000091
:103af800de0890001e009000808040006e08900054
:103b0800808f5000020036000000eb0012003700e2
:103b18000000eb00000f7800080037005e089000f6
:103b28001e004000ce089000008040009e009000db
:103b380081407800014878001e0fe8001e009000c0
:103b48009e007800808f5000f4ff3900de08900056
:103b58001e009000008040000080fa00000006006f
:103b68000800fa0020079800310798003e009000ee
:103b78000000e000040032003e0090006f0060008a
:103b88000000e000020032000000eb0024003700d3
:103b98003e0090000000e900ae0090000080400068
:103ba80090407800214798002e4090000004e000e3
:103bb800030032002e409000f04f50000200360003
:103bc8000000eb00160037002e4090000080fb003c
:103bd800be009000008f5000090037002e009000b2
:103be8001e004000904078002e40900080cf50008a
:103bf800020032000000eb00090037001e0fe80049
:103c08003e0090009e007800808f5000f3ff39003e
:103c18002e4090000080fb00be0090000080500005
:103c28000080fa00000006001e00fa00889fbe000f
:103c38008a9fbe008c9fbe00400f9800510f9800cd
:103c4800620f98005e0890008080e800b0aa2a0001
:103c58000008b8000100d1004200dd0020079800ec
:103c68000000eb00000f78000000eb001007980040
:103c7800a20037005e0890009e007800808f5000f8
:103c8800070031004e0890001e00400010407800e8
:103c98000080fb008000eb001e0fe80001003700e9
:103ca8006000b80030079800410798005e0890004f
:103cb8009e007800808f5000070031004e08900069
:103cc8001e004000104078000080fb008000eb00e0
:103cd8001e0fe800010037006000b8005007980088
:103ce800610798005e0890009e007800808f500061
:103cf800070031004e0890001e0040001040780078
:103d08000080fb008000eb001e0fe8000100370078
:103d18006000b80070079800010f98003e009000fe
:103d2800ce009000c001dd00020020005e06900079
:103d3800ee0690004868dd00c860de008100700073
:103d48004860dd0002014000838148007e00900049
:103d58008e0890000200400083804800100f9800f1
:103d6800210f9800ee0890001e0090000086400089
:103d78001e089000ae0890004209de0003002000f3
:103d8800f00320000100200082067800030178007b
:103d9800800178008100780003806600810061005e
:103da80081027800000278000400be0052662b00f1
:103db8000000410010407800004e78001e0090007e
:103dc8000000e80010079800ee0890001e00900020
:103dd800008640001e089000ae089000cc09de0066
:103de800440bdd004c01de0002017300f0032000eb
:103df8000100200082067800030178008001780025
:103e080081007800038066008100610081037800ea
:103e1800000378000600be0052662b000000410037
:103e280010407800004e78001e0090000000e80066
:103e380010079800ee0890001e00900000864000d1
:103e48001e089000ae089000c609de004a0cdd008e
:103e58004601de0002017400f0032000010020008a
:103e680082067800030178008001780081007800dc
:103e780003806600810061008104780000047800f6
:103e88000800be0052662b00000041001040780078
:103e9800004e78001e0090000000e800100798000f
:103ea800ee0890001e009000008640001e09900059
:103eb800ae099000f003200001002000820678007f
:103ec8000301780080017800810078000380660093
:103ed8008100610081057800000578000a00be00b5
:103ee80052662b000000410010407800004e780018
:103ef8001e0090000000e800100798005e0890007f
:103f08009e007800808f50005aff39005e099000ab
:103f1800b0aa2a000010b8000100d1006300b9005f
:103f28000000780000005100300f98003e08900013
:103f3800e10f50000d003a002e0090000000e9004b
:103f4800ee08900000804000d1c3b300014878001b
:103f58002e0090000080e900ee08900000804000ec
:103f6800d1c3b30001487800090037003e0890002b
:103f7800e20f500006003a002e0090000000e90011
:103f8800ee08900000804000d1c3b30001487800db
:103f9800ee0890002e009000008040008040eb006a
:103fa800014878002e0090004f06be004f05be0065
:103fb8004f04be000080fa00000006000600fa0068
:103fc80000f080000000e00027003a000000eb004d
:103fd800000f7800070037001e00780080004000be
:103fe80000c02100008040008080eb0001087800bc
:103ff8001e0fe800f00f20009e007800808f500010
:10400800f5ff3400606a2b00200798000000eb00e1
:10401800100798000d0037001e009000ae009000b9
:1040280000804000104078000080fb0080004000c5
:1040380000c02100008040009e0090000108780028
:104048001e0090000000e800100798009e009000f5
:10405800f0032000808f5000efff34001000200094
:1040680000f0880001003700000000000080fa001e
:10407800000006004000fa00601f9800711f9800b9
:10408800706e2b000ac3020001000000cbff07007e
:104098006e1890003a910200010000003007980065
:1040a80074004700be009000811f7800c16f2b008c
:1040b800811f7800f004020000000000e487570028
:1040c800740047000ac30200010000003e0090008f
:1040d8000000e00002003a000000eb00e6003700b4
:1040e8003e009000630060000000e0000500320020
:1040f800f0702b000ac30200010000000000eb0072
:10410800dd0037003e0090004200de006300b90089
:1041180000007800000f78003e0090000000e900e1
:10412800ee1890000080400090407800d0c3b300a3
:1041380080cf500001003a001e0fe9003e009000b9
:104148000080e900ee189000008040009040780060
:10415800d0c3b30080cf500001003a001e0fe90021
:10416800740047009e1f7800b1722b00811f7800f1
:10417800f004020000000000e487570074004700c4
:104188000ac30200010000000000eb0010079800bd
:104198000000eb0020079800a5003700ee189000fb
:1041a8002e00900000804000104078000080fb0046
:1041b8008000400000c0210000804000900178008d
:1041c800430798002e0090000000e800ee189000c9
:1041d80000804000104078000080fb008000400014
:1041e80000c021000080400090007800510798002e
:1041f8002e0090008080e8003e009000808f5000e4
:10420800130031002e0090000080e800ee189000a6
:104218000080400090407800d0c3b30080cf5000a9
:104228000b0032002e0090000080e800ee1890008d
:1042380000804000104078000080fb0080004000b3
:1042480000c0210000804000100078000100370005
:104258000000eb00600798002e009000e30040008b
:104268003e009000808f5000130031002e00900017
:1042780063004000ee1890000080400090407800f5
:10428800d0c3b30080cf50000b0032002e00900046
:1042980063004000ee189000008040001040780055
:1042a8000080fb008000400000c02100008040002a
:1042b80010007800010037000000eb00700798003c
:1042c8002e0090000000e00011003a007400470042
:1042d800fe019000831f7800ee009000811f780097
:1042e800de019000831f7800ce009000811f7800c7
:1042f80001742b00811f7800f00402000000000008
:10430800ea875700740047000ac302000100000052
:104318004e009000cf80de00c201dd0002002000c8
:104328005e0090006102b9004c28dd00c420de0068
:10433800810070004c20dd000201400083814800ac
:104348006e0090006102b9004628dd00ca20de0038
:10435800810070004620dd00020140008381480092
:104368007e009000cf80de0002004000838048007d
:10437800000f9800110f98001e0090009e0f50002b
:104388000b003100fe1890001e00900000814000d4
:104398000e0890009e0890004008de00004078005b
:1043a800004978001e0090000000e80010079800ff
:1043b8001e0090009e0f50000e003100fe18900065
:1043c8001e009000008140000e0890009e0890009a
:1043d800c809dd004800de0000807100c808de0062
:1043e80000407800004978001e0090000000e800b6
:1043f800100798001e0090009e0f50000900310021
:10440800fe1890001e009000008040008e0890006a
:1044180081407800014878001e0090000000e80004
:10442800100798002e0090006400400020079800b4
:10443800ae0090003e009000808f500057ff39007a
:104448007e189000104078008080fb0074004700c0
:10445800811f780031762b00811f7800f00402005c
:1044680000000000e4875700740047000ac30200f8
:10447800010000001e0078000080fa00000006001d
:104488000400fa00000f780011079800020a2000c3
:104498009e00900090a420008d07070012c0b30072
:1044a80091a420001e007800e0a402000000000093
:1044b8000080fa00000006000600fa00000f7800ed
:1044c800110798004247980053479800030a2000b4
:1044d8004e4190009e00900090a42000d600070056
:1044e8005e4090000004e0000500320091a4200026
:1044f8001e00780038a50200000000000500370003
:1045080012c0b30091a420001e007800e0a40200ad
:10451800000000000080fa00000006000400fa0015
:10452800000f78002147980090a42000c1030700dd
:104538002e4090000004e0000500320091a4200005
:104548001e00780038a502000000000005003700b2
:1045580012c0b30091a420001e007800e0a402005d
:10456800000000000080fa00000006000400fa00c5
:10457800000f78002147980090a42000e904070064
:104588002e4090000004e0000500320091a42000b5
:104598001e00780038a50200000000000500370062
:1045a80012c0b30091a420001e007800e0a402000d
:1045b800000000000080fa00000006000400fa0075
:1045c800000f78002147980090a42000720507008a
:1045d8002e4090000004e0000500320091a4200065
:1045e8001e00780038a50200000000000500370012
:1045f80012c0b30091a420001e007800e0a40200bd
:10460800000000000080fa00000006000200fa0026
:10461800000f780090a42000c302070012c0b30066
:1046280091a420001e007800e0a402000000000011
:104638000080fa00000006000200fa00000f78006f
:1046480040368000700060000000e0000400320086
:104658001e00780001c3b30001487800030037004a
:104668001e00780011c3b30001487800413680006d
:1046780000022000008060000000e000040032001a
:104688001e00e80001c3b3000148780003003700aa
:104698001e00e80011c3b3000148780040368000ce
:1046a800680060000000e000040032001e80e8009e
:1046b80001c3b30001487800030037001e80e800fa
:1046c80011c3b300014878004036800064006000e0
:1046d8000000e000050032009e0078006380400082
:1046e80001c3b30001487800040037009e00780039
:1046f8006380400011c3b30001487800b0358000e2
:10470800640060000000e000050032009e007800b0
:104718006480400001c3b3000148780004003700fa
:104728009e0078006480400011c3b30001487800ff
:104738009e007800658040008040eb0001487800ca
:1047480050c0b3000080fa00000006000200fa0022
:10475800000f7800d1338000004020000080600006
:104768000000e000040032001e00780011c3b3000e
:1047780001487800030037001e00780001c3b30029
:1047880001487800d133800000802000008060005c
:104798000000e000040032001e00e80011c3b3006e
:1047a80001487800030037001e00e80001c3b30089
:1047b80001487800d13380000000210000806000ab
:1047c8000000e000040032001e80e80011c3b300be
:1047d80001487800030037001e80e80001c3b300d9
:1047e80001487800d133800000002200008060007a
:1047f8000000e000050032009e0078006380400061
:1048080011c3b30001487800040037009e00780007
:104818006380400001c3b300014878009e0078001f
:10482800648040008040eb000148780040c0b3003d
:104838000080fa00000006000c00fa00200798002b
:1048480031079800024f9800530798000e489000cf
:104858000004e0003d003200a1772b002e009000fc
:1048680078be020001000000000f7800420120001d
:104878008000eb0020e9200026050200000000006f
:1048880020e92000c5262200e426220080017800c5
:1048980042c1b3004100200000c5b300b23b020092
:1048a8000100000060ea20008040eb000148780029
:1048b8001e007800ae0090000080400021e9200032
:1048c80078be0200010000001e0f40001e007800a4
:1048d800ae0090000080400091782b0078be020066
:1048e800010000001e0f40001e007800ae0090007e
:1048f80000804000800078003e0090006c8f02002d
:10490800010000001e0f40001e007800ae0090005d
:104918000080400021792b0078be020001000000d1
:104928001e0f40001e007800ae00900080804000fe
:10493800a0472200104078000041eb005e91020081
:10494800010000001e0f40001c013700a1792b0058
:104958002e00900078be020001000000000f7800d1
:104968001e007800ae0090000080400080007800b3
:104978003e0090006c8f0200010000001e0f4000f6
:104988005e0090007e0050009e0f50002d00340005
:10499800f0a8210010407800e34f50000f003a00c3
:1049a8001e007800ae00900000804000317a2b0095
:1049b80078be0200010000001e0f40001e007800b3
:1049c800ae0090000080400051a7210078be020090
:1049d800010000001e0f40001a003700d0aa210075
:1049e800104078000004e0000f0032001e0078003c
:1049f800ae00900000804000317a2b0078be0200a3
:104a0800010000001e0f40001e007800ae0090005c
:104a18000080400031a9210078be0200010000009a
:104a28001e0f4000070037001e007800ae009000ff
:104a380000804000717a2b0078be0200010000005f
:104a48001e0f40005e009000690050009e0f50004d
:104a5800300034001e007800ae0090000080400056
:104a6800c17a2b0078be0200010000001e0f400032
:104a7800b6a6020001000000204798002e409000d2
:104a88000080fb00e10f50000a003200e20f5000e6
:104a98000e0032000000e00012003a001e0078000c
:104aa800ae00900000804000e1c4b30001487800e7
:104ab800120037001e007800ae0090000080400011
:104ac80031c5b300014878000c0037001e0078009b
:104ad800ae00900000804000f1c4b30001487800a7
:104ae800060037001e007800ae00900000804000ed
:104af800f1c3b30001487800000000001e0fe80071
:104b08001e007800ae009000008040008040eb005e
:104b1800014878005e009000690050009e0f500028
:104b2800100034001e007800ae00900000804000a5
:104b3800117b2b0078be0200010000001e0f400010
:104b48001e007800ae00900080804000e0a1800048
:104b58000040780032c0b3005e91020001000000fe
:104b68001e0f40005e009000690050009e0f50002c
:104b7800100034001e007800ae0090000080400055
:104b8800617b2b0078be0200010000001e0f400070
:104b98001e007800ae00900080804000e023810075
:104ba8000040780032c0b3005e91020001000000ae
:104bb8001e0f40005e009000690050009e0f5000dc
:104bc800100034001e007800ae0090000080400005
:104bd800b17b2b0078be0200010000001e0f4000d0
:104be8001e007800ae0090008080400060c5200064
:104bf8001040780022c0b3005e910200010000005e
:104c08001e0f400021638000000022000080600029
:104c18000000e000140032005e00900069005000bf
:104c28009e0f5000100034001e007800ae00900067
:104c380000804000017c2b0078be020001000000cb
:104c48001e0f40001e007800ae00900080804000db
:104c5800f0c520001040780022c0b3005e91020029
:104c6800010000001e0f40005e0090006900500027
:104c78009e0f50000d0034001e007800ae0090001a
:104c880000804000617c2b0078be0200010000001b
:104c98001e0f40001e007800ae009000008040000b
:104ca80065fe07000080fb001e0f40005e009000bc
:104cb800690050009e0f50000d0034001e0078005f
:104cc800ae00900000804000b17c2b0078be02004e
:104cd800010000001e0f40001e007800ae0090008a
:104ce8000080400099fe07000080fb001e0f400076
:104cf8005e009000690050009e0f500010003400c4
:104d08001e007800ae00900000804000117d2b004e
:104d180078be0200010000001e0f40001e0078004f
:104d2800ae00900080804000a0472200104078002c
:104d38000041eb005e910200010000001e0f4000e0
:104d48005e009000690050009e0f50001b00340068
:104d58001e007800ae00900000804000717d2b009e
:104d680078be0200010000001e0f400010c42000a1
:104d780090407800a0c5b30080cf500008003a00ea
:104d88001e007800ae00900000804000d17d2b000e
:104d980078be0200010000001e0f40000700370027
:104da8001e007800ae00900000804000f17d2b00ce
:104db80078be0200010000001e0f40005e00900057
:104dc800690050009e0f5000100034001e0078004b
:104dd800ae00900000804000117e2b0078be0200db
:104de800010000001e0f40001e007800ae00900079
:104df8008080400020c42000104078000041eb0073
:104e08005e910200010000001e0f40000e48900055
:104e18000004e00050003a005e0090006600500078
:104e28009e0f50004c0034001e007800ae00900029
:104e380000804000717e2b0078be02000100000057
:104e48001e0f40001e007800ae00900080804000d9
:104e580050f02000104078000041eb005e91020005
:104e6800010000001e0f40005e0090006900500025
:104e78009e0f5000100034001e007800ae00900015
:104e880000804000c17e2b0078be020001000000b7
:104e98001e0f40001e007800ae0090008080400089
:104ea80070992100104078000041eb005e910200eb
:104eb800010000001e0f40005e00900069005000d5
:104ec8009e0f5000100034001e007800ae009000c5
:104ed80000804000117f2b0078be02000100000016
:104ee8001e0f40001e007800ae0090008080400039
:104ef80090992100104078000041eb005e9102007b
:104f0800010000001e0f40005e0090006900500084
:104f18009e0f5000100034001e007800ae00900074
:104f280000804000717f2b0078be02000100000065
:104f38001e0f40001e007800ae00900080804000e8
:104f480050c52000104078000041eb005e9102003f
:104f5800010000001e0f40005e0090006900500034
:104f68009e0f5000130034001e007800ae00900021
:104f780000804000c17f2b0078be020001000000c5
:104f88001e0f40001e007800ae0090000080400018
:104f980041c5200091407800014878001e0fe800c4
:104fa8001e007800ae009000008040008040eb00ba
:104fb800014878005e0090006b0050009e0f500082
:104fc8000e0034001e007800ae0090000080400003
:104fd80011802b0078be0200010000001e0f400067
:104fe8001e007800ae009000808040005093800042
:104ff8006c8f0200010000001e0f40001e007800a8
:10500800ae009000008040008040eb00014878002e
:105018000080fa00000006000000fa00906280009c
:10502800630a20000041eb008000780010b12000e6
:1050380001fe070010b120000ac3020001000000b1
:1050480060802b000ac302000100000010b120009c
:105058008040eb00014878000080fa00000006005c
:105068000600fa00100798004147980091628000f6
:105078001e009000008060000000e00003003a007d
:105088000040eb00004f78000b0037009162800071
:105098001e0090000080ea00008060009062880096
:1050a80010c0b300004f78004e4090000004e000ac
:1050b80001003200d8ff07001e4078000080fa0087
:1050c800000006000600fa00100798004147980003
:1050d800916280001e009000808060001e00900099
:1050e800808f500003003a000040eb00004f78002a
:1050f8000a003700916280001e00900001007000d5
:105108009062880010c0b300004f78004e409000b5
:105118000004e00001003200bfff07001e407800d5
:105128000080fa00000006003a00fa00889fbe00de
:105138008a9fbe008c9fbe00000f9800e0252100ca
:10514800104078008082fb00d025210010407800b4
:105158000082fb00c0252100104078008081fb0000
:1051680040242100104078000081fb0030242100f9
:10517800104078008080fb00202421001040780037
:105188000080fb00851f7800841f7800831f78004b
:10519800821f7800811f7800801f780080802b0094
:1051a800801f7800f10020000e007800bc04020087
:1051b80000000000ee8757000040eb00704f980099
:1051c80000f02000104078008005fb0030f020003f
:1051d800104078008006fb0090f020001040780016
:1051e8000000fb00100f980080f0200010407800ad
:1051f8000000fb00200f9800c0f02000104078004d
:105208000000fb00300f9800b0f02000104078003c
:105218000000fb00400f9800d1928000510f9800c9
:10522800c1928000610f9800b1928000710f9800c0
:105238000192800001179800f191800011179800e1
:10524800e191800021179800a19280003117980001
:10525800d1918000411798009192800051179800d1
:10526800c1918000611798008192800071179800a1
:10527800b1918000011f9800b0992100104078007a
:105288000080fb00101f9800a099210010407800b2
:105298000080fb00201f98007099210010407800c2
:1052a8000080fb00301f98006099210010407800b2
:1052b8000080fb00401f980030a7210010407800b4
:1052c8000086fb0020a72100104078000085fb0025
:1052d80069928000989180005792800086918000a2
:1052e800329280004392800060918000719180002a
:1052f80075928000a49180008b1f78008d1f780024
:105308009e0d90008b1f7800ae0d90008b1f7800cb
:10531800be0d90008b1f7800ce0d90008b1f78007b
:10532800de0d90008b1f7800ee0d90008b1f78002b
:10533800fe0d90008b1f78008e1590008b1f780053
:105348009e1590008b1f7800ae1590008b1f78007b
:10535800be1590008b1f7800ce1590008b1f78002b
:10536800de1590008b1f7800ee1590008b1f7800db
:10537800fe1590008b1f78008e1d90008b1f780003
:105388009e1d90008b1f7800ae1d90008b1f78002b
:10539800be1d90008b1f7800ce1d90008b1f7800db
:1053a8008c1f78008a1f7800891f7800881f780072
:1053b800871f7800861f7800829fbe00809fbe00ee
:1053c800851f7800841f7800a0812b00801f78003b
:1053d800010a20000e089000bc0402000000000032
:1053e8006f04b1000e089000000ab0008040eb0086
:1053f800014878000e089000260602000000000010
:105408008000780030092000808f500004003e00a2
:105418008e0078000e089000ee05020000000000e3
:105428004f06be004f05be004f04be000080fa00c4
:10543800000006001000fa0070079800318c2b005d
:105448007e00900078be020001000000000f780086
:105458001e007800fe0090008080400040238100fc
:105468006c8f0200010000001e0f40001e00780033
:10547800fe00900000804000f18c2b0078be0200f6
:10548800010000001e0f40001e007800fe00900082
:1054980080804000502381006c8f020001000000d2
:1054a8001e0f40001e007800fe00900000804000a3
:1054b800618d2b0078be0200010000001e0f400025
:1054c8001e007800fe0090000080400080007800f8
:1054d80040ce20006c8f0200010000001e0f40002b
:1054e8001e007800fe00900000804000d18d2b0047
:1054f80078be0200010000001e0f40001e00780068
:10550800fe00900080804000702381006c8f0200b4
:10551800010000001e0f40001e007800fe009000f1
:1055280000804000318e2b0078be02000100000090
:105538001e0f40001e007800fe0090008080400092
:10554800902381006c8f0200010000001e0f4000b4
:105558001e007800fe00900000804000918e2b0015
:1055680078be0200010000001e0f40001e007800f7
:10557800fe00900080804000802381006c8f020034
:10558800010000001e0f40001e007800fe00900081
:1055980000804000f18e2b0078be02000100000060
:1055a8001e0f40001e007800fe00900000804000a2
:1055b800618f2b0078be0200010000001e0f400022
:1055c8001e007800fe00900080804000a02381002b
:1055d8006c8f0200010000001e0f4000604722008f
:1055e80010407800e14f500008003a001e00780093
:1055f800fe00900000804000c18f2b0078be0200a2
:10560800010000001e0f4000070037001e00780050
:10561800fe0090000080400021902b0078be020020
:10562800010000001e0f4000d033800064006000bd
:105638000000e000080032001e007800fe00900024
:1056480000804000f17d2b0078be020001000000c0
:105658001e0f4000070037001e007800fe00900073
:1056680000804000d17d2b0078be020001000000c0
:105678001e0f4000d0338000680060000000e0008a
:10568800080032001e007800fe00900000804000f4
:10569800f17d2b0078be0200010000001e0f4000c3
:1056a800070037001e007800fe00900000804000d0
:1056b800d17d2b0078be0200010000001e0f4000c3
:1056c8001e007800fe0090000080400081902b00b2
:1056d80078be0200010000001e0f40002166800015
:1056e8000e80e800811f780001912b00811f78004f
:1056f800f004020000000000e48757001e00780054
:10570800fe009000008040008e80e80078be020015
:10571800010000001e0f40001e007800fe009000ef
:105728000080400031912b0078be0200010000008b
:105738001e0f40001e007800fe0090008080400090
:10574800f02381006c8f0200010000001e0f400052
:105758001e007800fe0090000080400091912b0010
:1057680078be0200010000001e0f40001e007800f5
:10577800fe00900080804000002481006c8f0200b1
:10578800010000001e0f40001e007800fe0090007f
:1057980000804000f1912b0078be0200010000005b
:1057a8001e0f40001e007800fe0090008080400020
:1057b800102481006c8f0200010000001e0f4000c1
:1057c8001e007800fe0090000080400061922b00cf
:1057d80078be0200010000001e0f40001e00780085
:1057e800fe00900080804000604822001040780051
:1057f80012c0b3005e910200010000001e0f4000bd
:105808001e007800fe00900000804000b1922b003e
:1058180078be0200010000001e0f40001e00780044
:10582800fe00900080804000202481006c8f0200e0
:10583800010000001e0f4000000920009e007800b3
:10584800808f500027003c001e007800fe0090006a
:105858000080400021932b0078be02000100000068
:105868001e0f40001e007800fe009000808040005f
:1058780050c220001040780022c0b3005e910200a0
:10588800010000001e0f40001e007800fe0090007e
:1058980000804000b1932b0078be02000100000098
:1058a8001e0f40001e007800fe009000808040001f
:1058b80040c220001040780022c0b3005e91020070
:1058c800010000001e0f40001e007800fe0090003e
:1058d8000080400021942b0078be020001000000e7
:1058e8001e0f40000080fa00000006000000fa00c9
:1058f80010b12000cffe070010b120000ac302003b
:105908000100000060802b000ac3020001000000b3
:1059180010b120008040eb00014878000080fa00b8
:10592800000006006800fa003037980051942b00f8
:105938003e30900078be020001000000000f7800a1
:10594800d1b3800000802000008060000000e000eb
:10595800080032001e007800be3090000080400031
:10596800e1942b0078be0200010000001e0f4000e9
:10597800070037001e007800be309000008040000d
:1059880041952b0078be0200010000001e0f400068
:10599800d0b380004c00de00674060000080fb0050
:1059a800e30f50001e003200e30f500005003c00da
:1059b800e10f50000a003200e20f500010003200e0
:1059c80037003700e50f500025003200e50f500082
:1059d8001b003500e60f5000290032003000370068
:1059e8001e007800be3090000080400091952b008a
:1059f80078be0200010000001e0f4000280037009a
:105a08001e007800be3090000080400011962b00e8
:105a180078be0200010000001e0f40002000370081
:105a28001e007800be30900000804000f1962b00e8
:105a380078be0200010000001e0f40001800370069
:105a48001e007800be30900000804000c1972b00f7
:105a580078be0200010000001e0f40001000370051
:105a68001e007800be30900000804000b1982b00e6
:105a780078be0200010000001e0f40000800370039
:105a88001e007800be30900000804000a1992b00d5
:105a980078be0200010000001e0f40000000000058
:105aa8001e007800be30900000804000719a2b00e4
:105ab80078be0200010000001e0f40001e007800a2
:105ac800be30900080804000e0b380006c8f020000
:105ad800010000001e0f40001e007800be3090003c
:105ae80000804000919a2b0078be0200010000005f
:105af8001e0f400000b080000000e0000b003a00dc
:105b08000e80e80031602100811f7800715d21005e
:105b1800811f7800f19a2b00811f7800d6040200bb
:105b280000000000e68757000c00370001b0800035
:105b38000e80e800811f780031602100811f780005
:105b4800715d2100811f7800d19b2b00811f780097
:105b5800d604020000000000e88757001e00780005
:105b6800be309000008040008e80e80078be0200c1
:105b7800010000001e0f40001e0fe8001e00780004
:105b8800be309000008040008040eb000148780063
:105b98000080fa00000006000400fa0010079800d0
:105ba800e19c2b001e00900078be0200010000005e
:105bb800000f78001e0078009e00900000804000d2
:105bc800819d2b0078be0200010000001e0f4000de
:105bd800420120008000eb0020e920002605020099
:105be8000000000020e92000c5262200e42622004b
:105bf8008001780042c1b3004100200000c5b30015
:105c0800b23b02000100000060ea20008040eb0087
:105c1800014878001e0078009e0090000080400037
:105c280021e9200078be0200010000001e0f40009c
:105c380060fe8000e30f50000c003200e40f5000bb
:105c480012003200e20f500018003a001e007800df
:105c58009e00900000804000e19d2b0078be02006d
:105c6800010000001e0f40001a0037001e007800d7
:105c78009e00900000804000719e2b0078be0200bc
:105c8800010000001e0f4000120037001e007800bf
:105c98009e00900000804000719e2b0078be02009c
:105ca800010000001e0f40000a0037001e007800a7
:105cb8009e0090008080400060fe800000407800d8
:105cc80022c0b3005e910200010000001e0f4000d8
:105cd800000000001e0fe8001e0078009e009000e3
:105ce800008040008040eb00014878000080fa0006
:105cf800000006000200fa00004f780040c52000ae
:105d0800104078009e4f50000300320040c520002c
:105d18001e487800c0fc07000080fa00000006005a
:105d28000400fa002047980048c302000100000060
:105d3800e09e2b000ac3020001000000ae40900064
:105d480060c5200001487800ae40900030c6b3001e
:105d580080cf500002003a000040eb002047980036
:105d6800206380004800de006f4060008080fb00f8
:105d780060c5200000804000ae40900011409800af
:105d8800206380004800de006f4060000040e800ab
:105d98006f4060000080fb006f0060004800dd007d
:105da80022638000f10f2f00810061000100700064
:105db8002063880048c302000100000020638000bf
:105dc8004d00de00614060008080fb0020638000a1
:105dd8004800de006f4060000080fb00811f7800f3
:105de800801f7800b09f2b00801f7800e0bc200047
:105df800d604020000000000e6875700e0bc20003f
:105e08000ac3020001000000206380004800de0091
:105e18006f4060000080fb00e70f500005003c0069
:105e28002163800000002200008060000000e00084
:105e38005b003200f0c520008040eb00014878008c
:105e48000040eb00004f78000b003700f0c5200041
:105e5800904078001e80fb006401400020c52000af
:105e6800000041001040900080c04000f0c52000b4
:105e7800014878001e4fe8001e407800e74f5000a8
:105e8800f2ff3600f0c52000104078000080fb00cb
:105e98004300de0080407800f0c52000014878000b
:105ea800206380004800de006f4060000080fb0037
:105eb800e70f50000700340021638000f00f2f0027
:105ec80000806000206388002063800000d0a0006c
:105ed80020638800216380000000220000806000a9
:105ee8000000e0002e003200f0c5200010407800cd
:105ef800e84f500004003600f0c52000104078003c
:105f0800ff4f50000c003600216380000000240081
:105f1800008060000000e000030032008040eb00d9
:105f28001000200067fc07002063800000e0a0004c
:105f3800206388001a003700f0c5200090407800e0
:105f480030c6b30080cf500007003a008040eb0015
:105f5800100020005bfc0700d0a12b000ac3020040
:105f6800010000000e003700f0c520001040780046
:105f7800ee4f500007003600f0c5200010407800b2
:105f8800ff4f500003003e008040eb00100020004f
:105f980033fc07002063800000e0a1002063880034
:105fa80060c5200010407800e54f50001c00340008
:105fb80060c520009040780020c6b30080cf500014
:105fc80017003c0021638000000021000080600071
:105fd8000000e00012003a008080200010407800a5
:105fe8000004e0000e003a002063800000c0a0001a
:105ff800206388008080200031c8b3000148780001
:10600800a080200041c0b3000148780048c30200c6
:1060180001000000d0a32b000ac302000100000009
:106028000080fa00000006000200fa00004f780025
:1060380000c620001e48780050c520001040780097
:10604800e44f500002003a00702621001e487800f4
:1060580050c5200010407800e44f500006003a0078
:1060680000c62000904078001026210010407800db
:1060780080cf50000a00310050c520001040780041
:10608800e34f500022003a0000c6200090407800fc
:10609800402621001040780080cf50001c003900b5
:1060a80000c6200010407800e94f50001800320068
:1060b80050c5200010407800e44f500004003a001a
:1060c8002063800000f0a0002063880003003700f0
:1060d800c0a42b000ac30200010000002163800055
:1060e80000002800008060000000e000040032008a
:1060f800f0a62b000ac302000100000004003700cc
:10610800c0a72b000ac302000100000000003700ee
:106118000080fa00000006000200fa00004f780034
:1061280020c620001e487800802621001e487800de
:1061380050c5200010407800e44f500018003a0085
:1061480020c62000904078003026210010407800ba
:1061580080cf5000120031002063800000f0a000c2
:106168002063880090a82b000ac3020001000000e9
:106178002163800000002800008060000000e0002b
:1061880004003200f0a62b000ac302000100000040
:1061980003003700c0a72b000ac30200010000005b
:1061a8000080fa00000006000200fa00004f7800a4
:1061b80010c620001e487800902621001e4878004e
:1061c80050c5200010407800e44f500018003a00f5
:1061d80010c620009040780020262100104078004a
:1061e80080cf5000120031002063800000f0a00032
:1061f80020638800f0a92b000ac3020001000000f8
:106208002163800000002800008060000000e0009a
:1062180004003200f0a62b000ac3020001000000af
:1062280003003700c0a72b000ac3020001000000ca
:106238000080fa00000006000200fa00004f780013
:1062480040c620001e48780050c520001040780045
:10625800e34f500009003a0040c620009040780003
:10626800602621001040780080cf500003003100e4
:1062780050ab2b000ac30200010000000080fa00a6
:10628800000006000200fa00004f780030c6200027
:106298001e48780050c5200010407800e34f500099
:1062a80009003a0030c620009040780050262100ae
:1062b8001040780080cf50000300310050ab2b0015
:1062c8000ac30200010000000080fa000000060076
:1062d8001400fa0070079800010f9800120f980038
:1062e800b1ac2b007e00900078be020001000000d7
:1062f800000f78001e007800fe009000008040002b
:10630800800078000e0890006c8f020001000000e9
:106318001e0f40001e007800fe0090000080400024
:1063280021ad2b0078be0200010000001e0f4000c6
:106338001e0890007e0050009e0f50001f00340081
:10634800f0a8210010407800e34f500008003a0000
:106358001e007800fe0090000080400051a7210038
:1063680078be0200010000001e0f40001300370035
:10637800d0aa2100104078000004e0000800320094
:106388001e007800fe0090000080400031a9210026
:1063980078be0200010000001e0f40000700370011
:1063a8001e007800fe0090000080400041ad2b00e8
:1063b80078be0200010000001e0f40001e08900079
:1063c800690050009e0f5000300034001e00780015
:1063d800fe0090000080400021ad2b0078be020036
:1063e800010000001e0f4000b6a6020001000000d8
:1063f800204798002e4090000000fb00e10f50005d
:106408000a003200e20f50000e0032000000e000e7
:1064180012003a001e007800fe0090000080400044
:10642800e1c4b30001487800120037001e0078006c
:10643800fe0090000080400031c5b300014878009c
:106448000c0037001e007800fe009000008040001d
:10645800f1c4b30001487800060037001e00780038
:10646800fe00900000804000f1c3b30001487800ae
:10647800000000001e0fe8001e007800fe009000db
:10648800008040008040eb00014878001e08900022
:10649800690050009e0f5000100034001e00780064
:1064a800fe0090000080400021ad2b0078be020065
:1064b800010000001e0f40001e007800fe00900042
:1064c80080804000e0a180000040780032c0b30026
:1064d8005e910200010000001e0f40001e0890009f
:1064e800690050009e0f5000100034001e00780014
:1064f800fe0090000080400021ad2b0078be020015
:10650800010000001e0f40001e007800fe009000f1
:1065180080804000e02381000040780032c0b30052
:106528005e910200010000001e0f40001e0890004e
:10653800690050009e0f5000100034001e007800c3
:10654800fe0090000080400021ad2b0078be0200c4
:10655800010000001e0f40001e007800fe009000a1
:106568008080400060c520001040780022c0b30041
:106578005e910200010000001e0f400021638000b0
:1065880000002200008060000000e00015003200da
:106598001e089000690050009e0f50001100340042
:1065a8001e007800fe0090000080400021ad2b0006
:1065b80078be0200010000001e0f40001e00780097
:1065c800fe00900080804000f0c520001040780058
:1065d80022c0b3005e910200010000001e0f4000bf
:1065e800070037001e007800fe0090000080400081
:1065f80061ad2b0078be0200010000001e0f4000b4
:106608001e089000690050009e0f50000d003400d5
:106618001e007800fe0090000080400021ad2b0095
:1066280078be0200010000001e0f40001e00780026
:10663800fe00900000804000fff707000080fb008c
:106648001e0f40001e089000690050009e0f500069
:106658000d0034001e007800fe009000008040000d
:1066680021ad2b0078be0200010000001e0f400083
:106678001e007800fe0090000080400033f80700fc
:106688000080fb001e0f40001e08900069005000ab
:106698009e0f5000100034001e007800fe0090008d
:1066a8000080400021ad2b0078be020001000000f0
:1066b8001e0f40001e007800fe0090008080400001
:1066c800a0472200104078000041eb005e910200d4
:1066d800010000001e0f40001e08900069005000d5
:1066e8009e0f50001b0034001e007800fe00900032
:1066f8000080400021ad2b0078be020001000000a0
:106708001e0f400010c4200090407800a0c5b300c0
:1067180080cf500008003a001e007800fe0090006c
:1067280000804000d17d2b0078be020001000000ef
:106738001e0f4000070037001e007800fe00900082
:1067480000804000f17d2b0078be020001000000af
:106758001e0f40001e089000690050009e0f500058
:10676800100034001e007800fe00900000804000f9
:1067780021ad2b0078be0200010000001e0f400072
:106788001e007800fe0090008080400020c4200099
:10679800104078000041eb005e910200010000000b
:1067a8001e0f40001e007800fe0090000080400090
:1067b80021ad2b0078be0200010000001e0f400032
:1067c8001e007800fe0090008080400050f02000fd
:1067d800104078000041eb005e91020001000000cb
:1067e8001e0f40001e089000690050009e0f5000c8
:1067f800100034001e007800fe0090000080400069
:1068080021ad2b0078be0200010000001e0f4000e1
:106818001e007800fe0090008080400070992100e2
:10682800104078000041eb005e910200010000007a
:106838001e0f40001e089000690050009e0f500077
:10684800100034001e007800fe0090000080400018
:1068580021ad2b0078be0200010000001e0f400091
:106868001e007800fe009000808040009099210072
:10687800104078000041eb005e910200010000002a
:106888001e0f40001e089000690050009e0f500027
:10689800100034001e007800fe00900000804000c8
:1068a80021ad2b0078be0200010000001e0f400041
:1068b8001e007800fe0090008080400050c5200037
:1068c800104078000041eb005e91020001000000da
:1068d8001e0f40001e089000690050009e0f5000d7
:1068e800130034001e007800fe0090000080400075
:1068f80021ad2b0078be0200010000001e0f4000f1
:106908001e007800fe0090000080400041c5200075
:1069180091407800014878001e0fe8001e007800ba
:10692800fe009000008040008040eb0001487800a5
:106938001e0890006b0050009e0f50000e0034009f
:106948001e007800fe0090000080400021ad2b0062
:1069580078be0200010000001e0f40001e007800f3
:10696800fe00900080804000509380006c8f0200f1
:10697800010000001e0f40001e0890006a00500031
:106988009e0f50004c0135001e007800fe0090005c
:106998000080400021ad2b0078be020001000000fd
:1069a8001e0f40001e007800fe009000808040000e
:1069b800402381006c8f0200010000001e0f400080
:1069c8001e0890006a0050009e0f50003c013500e0
:1069d8001e007800fe0090000080400021ad2b00d2
:1069e80078be0200010000001e0f40001e00780063
:1069f800fe00900080804000502381006c8f0200d0
:106a0800010000001e0f40001e0890006a005000a0
:106a18009e0f50002c0135001e007800fe009000eb
:106a28000080400021ad2b0078be0200010000006c
:106a38001e0f40001e007800fe00900000804000fd
:106a48008000780040ce20006c8f0200010000001a
:106a58001e0f40001e0890006a0050009e0f500054
:106a68001b0135001e007800fe00900000804000e9
:106a780021ad2b0078be0200010000001e0f40006f
:106a88001e007800fe009000808040007023810086
:106a98006c8f0200010000001e0f40001e089000cd
:106aa8006a0050009e0f50000b0135001e00780050
:106ab800fe0090000080400021ad2b0078be02004f
:106ac800010000001e0f40001e007800fe0090002c
:106ad80080804000902381006c8f0200010000003c
:106ae8001e0f40001e0890006a0050009e0f5000c4
:106af800fb0035001e007800fe009000008040007a
:106b080021ad2b0078be0200010000001e0f4000de
:106b18001e007800fe0090008080400080238100e5
:106b28006c8f0200010000001e0f40001e0890003c
:106b38006a0050009e0f5000eb0035001e007800e0
:106b4800fe0090000080400061ad2b0078be02007e
:106b5800010000001e0f40001e007800fe0090009b
:106b68000080400021ad2b0078be0200010000002b
:106b78001e0f40001e007800fe009000808040003c
:106b8800a02381006c8f0200010000001e0f40004e
:106b98001e0890006a0050009e0f5000d400350077
:106ba8006047220010407800e14f500008003a008a
:106bb8001e007800fe0090000080400091ad2b0080
:106bc80078be0200010000001e0f400007003700d9
:106bd8001e007800fe0090000080400061ad2b0090
:106be80078be0200010000001e0f4000d033800074
:106bf800640060000000e000080032001e00780019
:106c0800fe00900000804000f17d2b0078be02005d
:106c1800010000001e0f4000070037001e0078002a
:106c2800fe00900000804000d17d2b0078be02005d
:106c3800010000001e0f4000d03380006800600093
:106c48000000e000080032001e007800fe009000fe
:106c580000804000f17d2b0078be0200010000009a
:106c68001e0f4000070037001e007800fe0090004d
:106c780000804000d17d2b0078be0200010000009a
:106c88001e0f40001e0890006a0050009e0f500022
:106c9800990035001e007800fe009000008040003a
:106ca80021ad2b0078be0200010000001e0f40003d
:106cb800216680000e80e800811f780001912b007a
:106cc800811f7800d604020000000000e487570006
:106cd8001e007800fe009000008040008e80e800d2
:106ce80078be0200010000001e0f40001e08900040
:106cf8006a0050009e0f5000810035001e00780089
:106d0800fe0090000080400021ad2b0078be0200fc
:106d1800010000001e0f40001e007800fe009000d9
:106d280080804000f02381006c8f02000100000089
:106d38001e0f40001e0890006a0050009e0f500071
:106d4800710035001e007800fe00900000804000b1
:106d580021ad2b0078be0200010000001e0f40008c
:106d68001e007800fe009000808040000024810012
:106d78006c8f0200010000001e0f40001e089000ea
:106d88006a0050009e0f5000610035001e00780018
:106d9800fe0090000080400021ad2b0078be02006c
:106da800010000001e0f40001e007800fe00900049
:106db80080804000102481006c8f020001000000d8
:106dc8001e0f40001e0890006a0050009e0f5000e1
:106dd800510035001e007800fe0090000080400041
:106de80021ad2b0078be0200010000001e0f4000fc
:106df8001e007800fe00900080804000604822005d
:106e08001040780012c0b3005e910200010000003b
:106e18001e0f40001e0890006a0050009e0f500090
:106e28003f0035001e007800fe0090000080400002
:106e380021ad2b0078be0200010000001e0f4000ab
:106e48001e007800fe0090008080400050c22000a4
:106e58001040780022c0b3005e91020001000000db
:106e68001e0f40001e0890006a0050009e0f500040
:106e78002d0035001e007800fe00900000804000c4
:106e880021ad2b0078be0200010000001e0f40005b
:106e98001e007800fe0090008080400040c2200064
:106ea8001040780022c0b3005e910200010000008b
:106eb8001e0f40001d003700000000001b003700b7
:106ec800000000001900370000000000170037001c
:106ed8000000000015003700000000001300370014
:106ee8000000000011003700000000000f0037000c
:106ef800000000000d003700000000000b00370004
:106f080000000000090037000000000007003700fb
:106f180000000000050037000000000003003700f3
:106f28000000000001003700000000000080fa00a7
:106f3800000006006800fa0060e7980071e7980012
:106f480073238100522381007ee090008000fb00c3
:106f58006ee090000000fb00831f7800821f78001d
:106f6800811f7800801f7800c0ad2b00801f78003b
:106f78000e007800f004020000000000ea875700c5
:106f88000e0078000ac30200010000000080fa0029
:106f9800000006000200fa00000f78000a0037001f
:106fa8001e007800100078000000e00006003a009b
:106fb80050af2b000ac3020001000000ba0207000c
:106fc80010c0b3000a003700d02480007f006000a2
:106fd8000000e000f2ff3a00f124800000002400e5
:106fe800008060000000e000edff3a000040eb0088
:106ff8000080fa00000006000200fa00000f780086
:107008001e007800e3ff0700e14f500002003a003d
:1070180010c0b300110037009a04a8000a00370016
:107028001e007800100078000000e00006003a001a
:10703800f0b02b000ac30200010000009a0207000a
:1070480010c0b30005003700d02480006100600044
:107058000000e000f2ff3a000040eb000080fa0078
:10706800000006000400fa00004f7800110798009d
:107078001e009000c7ff0700e14f500002003a00d1
:1070880010c0b3000b0037009e40780061c060005c
:107098000080fb00610060004500dd00d124800015
:1070a8000150a10001007000d02488009a84a80033
:1070b8000040eb000080fa00000006000200fa0021
:1070c800000f78001e007800b2ff0700e14f500063
:1070d80002003a0010c0b300030037009aa4a800c9
:1070e8009a84a8000040eb000080fa000000060027
:1070f8000200fa00000f78001e007800a5ff0700c4
:10710800e14f500002003a0010c0b30011003700f0
:107118009a24a8000a0037001e00780010007800a2
:107128000000e00006003a00a0b22b000ac30200eb
:10713800010000005c02070010c0b3000500370022
:10714800d0248000620060000000e000f2ff3a00f6
:107158000040eb000080fa00000006002e00fa0054
:10716800206f9800316f9800621798006e10900099
:1071780088ff0700e14f500002003a0010c0b3003a
:10718800550037003e689000e14f500026003a0055
:107198002e6890000080fb0001052000810f500040
:1071a8000400320011052000810f50000700320052
:1071b8000d0037002e6890000080fb0000004000a2
:1071c8000000a000b0248800300037002e6890002e
:1071d8000080fb00000040000000a000b0248800f0
:1071e80000000000290037002e6890000081fb0095
:1071f8002e6890008080fb000e00e800821f780057
:10720800811f780071b42b00811f7800f004020000
:1072180000000000e68757000e00e8000ac30200dd
:1072280001000000190037002e6890000080fb0064
:1072380001052000810f50000400320011052000d4
:10724800810f500009003200100037002e689000ae
:107258000080fb000000400080007800f00f200054
:1072680000806000b0248800080037002e68900075
:107278000080fb000000400080007800f00f200034
:1072880000806000b0248800000000006e109000ac
:1072980040ff0700e14f500002003a0010c0b30061
:1072a8000d0037006e10900046000700004f780070
:1072b8001e4078000004e0000600320010b72b00e2
:1072c8000ac3020001000000f701070010c0b30064
:1072d800010037000040eb000080fa0000000600c3
:1072e8000400fa00004f7800110798001e00900073
:1072f80028ff0700e14f500002003a0010c0b30019
:10730800130037001e80fb00b02488001e00900088
:1073180020ff0700e14f500002003a0010c0b30000
:107328000b0037001e00900026000700e14f5000b8
:1073380006003a00e0b82b000ac302000100000072
:10734800d901070010c0b300010037000040eb006e
:107358000080fa00000006000200fa00000f780022
:107368001e0078000bff0700e14f500002003a00b2
:1073780010c0b300110037009a44a8000a00370073
:107388001e007800100078000000e00006003a00b7
:1073980080ba2b000ac3020001000000c2010700e6
:1073a80010c0b30005003700d024800064006000de
:1073b8000000e000f2ff3a000040eb000080fa0015
:1073c800000006000200fa00000f78001e00780096
:1073d800f0fe0700e14f50000c003a0010c0b30067
:1073e800110037001e007800100078000000e0004f
:1073f80007003a0020bc2b000ac30200010000006d
:10740800a901070020c0b3000700370000000000f2
:10741800f124800000002800008060000000e000e7
:10742800f0ff3a000040eb000080fa000000060080
:107438000200fa00000f78001e007800d5fe070051
:10744800e14f500002003a0010c0b30017003700a7
:107458009a64a8000a0037001e007800100078001f
:107468000000e00006003a0080be2b000ac30200bc
:10747800010000008c01070010c0b3000b003700aa
:10748800d0248000680060000000e000f2ff3a00ad
:107498001e007800bffe0700e14f500002003a00ce
:1074a80010c0b300010037000040eb000080fa0074
:1074b800000006000e00fa002047980021079800f7
:1074c800624798004307980054079800650798009a
:1074d80000000000f02b2200104078000004e000bb
:1074e800fcff3a006e009000810c20000108780033
:1074f8005e00900011c0b300014878006e00900053
:10750800a4fe0700e14f500006003a005e0090001c
:10751800104078008040780070c5b30085fe0700f1
:107528008c0037005e00900021c0b300014878004d
:107538006e009000b0fe0700e14f500006003a00d0
:107548005e009000104078008040780070c5b3005d
:1075580078fe07007f0037005e00900031c0b3005e
:10756800014878006e0190008040eb002e409000aa
:10757800fafe0700e14f500006003a005e00900056
:10758800104078008040780070c5b30069fe07009d
:10759800700037005e00900041c0b30001487800d9
:1075a8002e4090000080fb0001052000810f500054
:1075b8000400320011052000810f50001b0032002a
:1075c800270037002e0090004800de00004f7800aa
:1075d800ee0090001e40780041ff0700e14f500088
:1075e80006003a005e009000104078008040780065
:1075f80070c5b3004ffe0700560037002e009000fc
:1076080000407800ee00900035ff0700e14f500081
:107618001f003a005e00900010407800804078001b
:1076280070c5b30043fe07004a0037002e009000e3
:10763800004f7800ee0090001e40780028ff0700f9
:10764800e14f500014003a005e00900010407800ae
:107658008040780070c5b30036fe07003d00370053
:107668002e00900000407800ee0090001cff0700fc
:10767800e14f50000a003a005e0090001040780088
:107688008040780070c5b3002afe0700310037003b
:107698000000000003003700000000000100370070
:1076a800000000005e00900051c0b300014878005f
:1076b8000040eb00004f78000f0037001e80fb00f1
:1076c800ce0090000080400010407800ee0090004e
:1076d80003ff0700e14f500006003a005e009000eb
:1076e800104078008040780070c5b30011fe070094
:1076f800180037001e4fe8006e4090009e4078004a
:1077080080cf5000edff39005e00900061c0b300eb
:10771800014878006e0090000fff0700e14f50000d
:1077280006003a005e009000104078008040780023
:1077380070c5b300fffd0700060037005e0090002b
:107748008040eb0001487800f02b220051c0b300c4
:10775800014878000080fa00000006000e00fa00d8
:10776800204798002107980062479800430798002f
:10777800540798006507980000000000f02b2200cd
:10778800104078000004e000fcff3a006e00900012
:10779800810c2000010878005e00900011c0b30041
:1077a800014878006e009000fafd0700e14f500094
:1077b800980032005e00900021c0b30001487800b4
:1077c8006e0090000cfe0700e14f5000930032005d
:1077d8005e00900031c0b300014878006e0190004f
:1077e8008040eb002e4090005cfe0700e14f500007
:1077f8008c0032005e00900041c0b3000148780060
:107808002e4090000080fb0001052000810f5000f1
:107818000400320011052000810f50001b003200c7
:10782800270037002e0090004800de00004f780047
:10783800ee0090001e407800a9fe0700e14f5000be
:1078480006003a005e009000104078008040780002
:1078580020c5b300b7fd07007d0037002e0090005b
:1078680000407800ee0090009dfe0700e14f5000b8
:107878001f003a005e0090001040780080407800b9
:1078880020c5b300abfd0700710037002e00900043
:10789800004f7800ee0090001e40780090fe070030
:1078a800e14f500014003a005e009000104078004c
:1078b8008040780020c5b3009efd070064003700b3
:1078c8002e00900000407800ee00900084fe070033
:1078d800e14f50000a003a005e0090001040780026
:1078e8008040780020c5b30092fd0700580037009b
:1078f800000000000300370000000000010037000e
:10790800000000005e00900051c0b30001487800fc
:107918006e009000f6fd0700e14f50004300320072
:107928005e00900061c0b300014878006e019000cd
:1079380011c0b3002e40900008fe0700e14f500030
:107948003c0032005e00900071c0b300014878002e
:107958000040eb00004f78001c0037006e009000dc
:10796800b3fe0700e14f5000340032001e80fb00d8
:10797800ce00900000804000a12480008140780063
:10798800014878001e80fb008000e8006e409000ef
:107998000080fb00808f500006003a00ee00900047
:1079a80010c0b300affd0700e14f500006003a00d9
:1079b80027003700ee0090000040eb00a9fd07000b
:1079c800e14f50001f0032001e4fe8006e4090004b
:1079d8009e40780080cf5000e0ff39005e009000a4
:1079e80081c0b300014878006e0090005afe07007d
:1079f800e14f5000150032005e0090008040eb001f
:107a080001487800f02b220051c0b30001487800eb
:107a18000f003700000000000d00370000000000d4
:107a28000b003700000000000900370000000000cc
:107a380007003700000000000500370000000000c4
:107a480003003700000000000100370000000000bc
:107a58000080fa00000006000000fa00da46a900db
:107a68000a003700de46a8000005200001002000bb
:107a780000c5020001000000de46a9000005200044
:107a88000100200000c5020001000000e03680006f
:107a9800680060000000e000f2ff3200da46a8004b
:107aa8000080fa00000006000000fa009e24ef00a3
:107ab80000002800d0248800c0042000c0248800ca
:107ac8000080fa00000006000000fa009be4a9000c
:107ad8000080fa00000006000400fa002047980021
:107ae800ae40900000cfb30000cf60001e80fb00c6
:107af8004400de00004f78001e4078006a00b9009c
:107b080000007800004f78002e4090006f40600021
:107b1800204798002e4090001e4f40001e407800dd
:107b28000080fa00000006000400fa0020479800d0
:107b38002e4090008080fb00d0cc2c000008b800bc
:107b48004308de00004f78001e4078004400dd0046
:107b5800004f78002e4090000081fb00d0cc2c0014
:107b68000010b8004308de006a00b9000000780081
:107b780000005100204798002e4090001e4f400002
:107b88001e4078000080fa00000006000200fa009b
:107b9800000f78001e007800104078000080fb007d
:107ba800e50f50002b003200e50f50000c003c00a0
:107bb800e20f500018003200e20f500003003c00b2
:107bc800e10f50000f0032003b003700e30f500078
:107bd80016003200e40f500019003200360037005a
:107be800e70f500025003200e70f50001e00350057
:107bf800e80f500026003200e90f5000290032003b
:107c08002d00370090c12b000ac3020001000000bc
:107c180010c0b30029003700e0c22b000ac30200dd
:107c28000100000020c0b3002400370040c42b002e
:107c38000ac302000100000030c0b3001f00370073
:107c480020c62b000ac302000100000040c0b30098
:107c58001a003700b0c72b000ac302000100000059
:107c680050c0b3001500370000c92b000ac302003a
:107c78000100000060c0b3001000370050ca2b009c
:107c88000ac302000100000070c0b3000b003700f7
:107c9800d0cb2b000ac302000100000080c0b30053
:107ca80006003700a0cd2b000ac302000100000027
:107cb80090c0b300010037000040eb000080fa00dc
:107cc800000006000400fa0030cf2b000ac30200af
:107cd800010000000e00e800c5262200e42622006c
:107ce8008001780012c0b300014c200000c5b30029
:107cf8009afe07001e409000e14f40000a003a003b
:107d08000040eb00104798000e00e800c52622004e
:107d1800e42622008001780012c0b300014c200044
:107d280000c5b300e3fd0700c5262200e4262200b3
:107d3800532b220012c0b3001100200010c5b3005d
:107d480086fe0700502b22009040780000c8b30040
:107d580000cf60001e4078000004e0000e003200f2
:107d68001e4090000040e800104798000e00e80010
:107d7800c5262200e42622008001780012c0b30044
:107d8800014c200000c5b300cafd0700d0cf2b006e
:107d98000ac30200010000000e80e800c526220088
:107da800e42622008001780012c0b300a14620001a
:107db80000c5b30069fe07002e4090000004e000f3
:107dc80004003a00502b2200104078000004e00024
:107dd80010003d002e4090000004e0000300320037
:107de800d0d12b000ac30200010000000040eb00c4
:107df800204798000e80e800c5262200e4262200cd
:107e08008001780012c0b300a146200000c5b3006d
:107e1800a8fd070027000700c5262200e426220047
:107e2800232c220012c0b3009102200010c5b30019
:107e38004afe0700e0262200104078000004e00017
:107e480003003200e026220050ff07001700370029
:107e5800c5262200e4262200432c220012c0b300cb
:107e6800a102200010c5b3003cfe0700e026220056
:107e7800104078000004e00003003200e0262200f1
:107e880042ff070009003700c5262200e426220029
:107e9800832c220012c0b3000101200010c5b300da
:107ea8002efe0700e026220038ff07000080fa00b7
:107eb800000006000200fa00e0d32b000ac302000b
:107ec80001000000f0262200c1c2b300014878007a
:107ed800c5262200e4262200f326220012c0b300a1
:107ee800f102200010c5b30072fd0700e026220051
:107ef800104078000004e00003003200e026220071
:107f080022ff07004a003700301681000070a000e9
:107f180030168900301681000060a10030168900f3
:107f2800301681000050a1003016890030168100fb
:107f38000040a100301689003116810030ff2f0063
:107f4800008060000020a0003016890031168100f2
:107f5800c0ff2f00008060000010a00030168900cc
:107f6800c5262200e4262200632c220012c0b3009a
:107f78007102200010c5b3004efd0700e026220064
:107f8800104078000004e0000600320070d42b0096
:107f98000ac3020001000000e0262200fbfe0700e1
:107fa80023003700202c22008040eb000148780095
:107fb800101681000070a00010168900c526220046
:107fc800e4262200232c220012c0b30091022000d4
:107fd80010c5b30037fd0700c5262200e42622009d
:107fe800532b220012c0b3001100200010c5b300ab
:107ff800dafd0700502b220010407800004f78006f
:108008001e4078000074a100004f7800c5262200a9
:10801800e42622008e01780012c0b300110020006f
:1080280010c5b30023fd0700e0262200d7fe070095
:108038000080fa00000006000200fa00000f780035
:10804800720020008000eb001e0078002605020068
:1080580000000000c5262200e4262200532b22003f
:1080680072c0b3001100200010c5b300bbfd0700ab
:10807800e0262200104078000004e00003003200ef
:10808800e0262200c1fe070037003700502b2200ef
:1080980010407800804078000174a100502b220025
:1080a80001487800502b2200104078008afe070013
:1080b800804078001e00780021409800602b220044
:1080c80010407800804078000174a100602b2200e5
:1080d80001487800602b2200104078007efe0700df
:1080e800804078001e00780011409800702b220014
:1080f8001040780078fe0700804078001e00780065
:1081080001487800802b22001040780072fe07009a
:10811800804078001e00780031409800902b2200a3
:10812800104078006cfe0700804078001e00780040
:1081380051409800a02b22001040780066fe0700ee
:10814800804078001e00780041409800b02b220043
:108158001040780060fe0700804078001e0078001c
:10816800614098000040eb000080fa000000060023
:108178000200fa00000f78001e0078000000e000fe
:1081880047003200f026220011c0b30001487800f1
:108198000027220041cab3000148780010272200b6
:1081a8008040eb00014878001e00780020409000d5
:1081b8005dfe070021272200804878001e00780015
:1081c8001040900058fe07003127220080487800b0
:1081d8001e0078001040780053fe07004127220057
:1081e800804878001e007800304090004efe07005e
:1081f80051272200804878001e00780050409000e7
:1082080049fe070061272200804878001e00780098
:108218004040900044fe0700712722008048780003
:108228001e007800604090003ffe07008127220072
:1082380080487800c5262200e4262200f326220082
:10824800a2c0b300e102200010c5b30099fc0700ea
:10825800e0262200104078000004e000030032000d
:10826800e026220049fe07000e003700f026220013
:108278008040eb0001487800c5262200e426220051
:10828800f326220012c0b300e102200010c5b3009b
:1082980088fc0700e02622003cfe070001003700aa
:1082a80010c0b3000080fa00000006000800fa00c1
:1082b8002007980061479800724798002e009000a8
:1082c80020409000804078006e40900000cf400031
:1082d8002e00900010409000804078007e40900072
:1082e80000c04000104798002e0090001040780011
:1082f800204798009e80fb00908828000008b8005e
:108308004508de00004078009e40900000c0400014
:10831800104798001e81fb00908828000010b800c4
:10832800c508de00c00320000088b90000007800fe
:1083380000005100004f78001e4090008080fb0034
:10834800908828000008b8004508de000040780042
:10835800ae40900000c04000204798001e409000aa
:108368000081fb00908828000010b800c508de00d6
:10837800c00320000088b900000078000000510008
:10838800104798002e4090000081fb00b0aa2a00f8
:108398000010b8004408de007800b900000078003a
:1083a80000005100204798001e407800defd0700bd
:1083b800f1262200804878001e409000dafd070070
:1083c80001272200804878002e409000d6fd070043
:1083d80011272200804878002e009000304090003d
:1083e800d1fd070021272200804878002e00900048
:1083f80040409000ccfd07003127220080487800db
:10840800c5262200e4262200f326220052c0b3002b
:108418008100200010c5b30026fc0700e0262200da
:10842800dafd07000080fa00000006000600fa00e6
:10843800004f78001147980022479800334798006a
:10844800444798004e409000b7fd0700f1262200ef
:10845800804878003e409000b3fd070001272200c5
:10846800804878002e409000affd070011272200b9
:10847800804878001e407800abfd070021272200c5
:10848800804878001e409000a7fd07003127220091
:1084980080487800c5262200e4262200f326220020
:1084a80052c0b3008100200010c5b30001fc0700d2
:1084b800e0262200b5fd07000080fa000000060053
:1084c8000a00fa00000f78001107980022079800a8
:1084d8003307980044079800c5262200e4262200a6
:1084e800532b220052c0b3008100200010c5b300f6
:1084f8009afc0700e0262200104078000004e00003
:1085080003003200e0262200a0fd07001a00370011
:10851800502b2200104078006ffd0700ce0090001d
:1085280080487800602b2200104078006afd070020
:10853800be00900080487800702b22001040780020
:1085480065fd0700ae00900080487800802b22006f
:108558001040780060fd07009e0078008048780091
:10856800902b2200104078005bfd07009e009000d1
:10857800804878000040eb000080fa000000060008
:108588000200fa00004f780011479800802c220062
:108598009040780000ceb30080c06000802c22009c
:1085a80001487800802c2200104078009e4040004e
:1085b800802c220001487800c5262200e4262200eb
:1085c800832c220012c0b3000101200010c5b300a3
:1085d800b8fb0700e0262200104078000004e00005
:1085e80003003200e026220068fd07003000370053
:1085f8001e4090000080fb00e10f50000b0032008d
:10860800e20f5000100032000000e00015003a00b0
:10861800101681000040a100101689002016810064
:108628000040a100201689000e00370010168100b6
:108638000040a00010168900201681000040a1000b
:108648002016890007003700101681000040a1009d
:1086580010168900201681000040a000201689000d
:1086680000000000202c220090407800f026220014
:1086780001487800402c2200904078000027220012
:1086880001487800c5262200e4262200f3262200ad
:1086980022c0b3009102200010c5b30085fb07007b
:1086a800f0cdb300de010700e026220037fd070009
:1086b8000080fa00000006000400fa00000f7800ad
:1086c80011079800c5262200e4262200832c2200e8
:1086d80012c0b3000101200010c5b3001ffc070041
:1086e800e0262200104078000004e0000300320079
:1086f800e026220025fd07002f003700802c2200ed
:1087080010407800ff4060001e00780001487800a3
:10871800c5262200e4262200532b220022c0b300e3
:108728009102200010c5b3000cfc0700e0262200cf
:10873800104078000004e00003003200e026220028
:1087480012fd07001c003700502b220090407800d3
:10875800202c220001487800602b220090407800ed
:10876800402c22000148780010168100700060003b
:108778000000e000040032001e00900011c0b300a9
:10878800014878000b003700201681007000600057
:108798000000e000040032001e00900021c0b30079
:1087a80001487800030037001e0090008040eb006d
:1087b800014878000040eb000080fa000000060045
:1087c8000000fa00401681000040a1004016890010
:1087d800401681000030a100401689004016810033
:1087e8000020a10040168900401681000010a10059
:1087f80040168900401681000000a100401689003b
:10880800c5262200e4262200832c220012c0b300d1
:108818000101200010c5b30026fb0700e026220056
:10882800dafc07000080fa00000006000600fa00e3
:1088380010079800414798001e00900010409000d3
:10884800804078004e40900000cf40001e0090000d
:1088580010407800104798009e80fb009088280000
:108868000008b8004508de00004078009e409000ef
:1088780000c04000104798001e81fb009088280027
:108888000010b800c508de00c00320000088b90049
:108898000000780000005100004f78001e40900052
:1088a8000081fb00b0aa2a000010b8004408de00ce
:1088b8007800b900000078000000510010479800c7
:1088c8001e40780098fc0700f126220080487800b6
:1088d8001e40900094fc0700012722008048780081
:1088e8001e009000504090008ffc070011272200c6
:1088f80080487800c5262200e4262200f3262200bc
:1089080032c0b300d100200010c5b300e9fa070057
:10891800e02622009dfc07000080fa000000060007
:108928000400fa00004f7800114798002247980089
:108938002e4090007cfc0700f12622008048780039
:108948001e40900078fc070001272200804878002c
:108958001e40780074fc0700112722008048780028
:10896800c5262200e4262200f326220032c0b300e6
:10897800d100200010c5b300cefa0700e02622007f
:1089880082fc07000080fa00000006000600fa00da
:10899800000f78001107980022079800c5262200ca
:1089a800e4262200532b220032c0b300d10020005d
:1089b80010c5b30069fb0700e026220010407800cc
:1089c8000004e00003003200e02622006ffc0700ec
:1089d80010003700502b2200104078003efc0700a2
:1089e800ae00900080487800602b2200104078008c
:1089f80039fc07009e00900080487800702b220008
:108a08001040780034fc07009e0078008048780009
:108a18000040eb000080fa00000006000200fa00a7
:108a2800004f780011479800c0d52b000ac30200f8
:108a380001000000802c220010407800ff406000f8
:108a4800802c220001487800802c22009040780079
:108a58001e4078004500dd0080c04000802c2200c8
:108a680001487800c5262200e4262200832c220033
:108a780012c0b3000101200010c5b3008dfa070031
:108a8800e0262200104078000004e00003003200d5
:108a9800e02622003dfc07003400370080d62b007a
:108aa8000ac30200010000001e4090000080fb0085
:108ab800e10f50000b003200e20f500010003200ae
:108ac8000000e00015003a00101681000030a100f7
:108ad80010168900201681000030a1002016890098
:108ae8000e003700101681000030a0001016890013
:108af800201681000030a1002016890007003700e9
:108b0800101681000030a10010168900201681007f
:108b18000030a0002016890000000000202c220050
:108b280090407800f026220001487800402c22006e
:108b3800904078000027220001487800c5262200ce
:108b4800e4262200f326220022c0b300910220006e
:108b580010c5b30057fa070080d72b000ac30200dc
:108b680001000000e026220008fc07000080fa004f
:108b7800000006000400fa00000f780011079800b2
:108b8800c5262200e4262200832c220012c0b3004e
:108b98000101200010c5b300f0fa0700e02622000a
:108ba800104078000004e00003003200e0262200b4
:108bb800f6fb070031003700802c220010407800b7
:108bc8000080fb004500de00804078001e00780031
:108bd80001487800c5262200e4262200532b2200f3
:108be80022c0b3009102200010c5b300dbfa0700d1
:108bf800e0262200104078000004e0000300320064
:108c0800e0262200e1fb07001c003700502b220061
:108c180090407800202c220001487800602b220028
:108c280090407800402c22000148780010168100fe
:108c3800680060000000e000040032001e009000a0
:108c480011c0b300014878000b00370020168100de
:108c5800680060000000e000040032001e00900080
:108c680021c0b30001487800030037001e009000bf
:108c78008040eb00014878000040eb000080fa00db
:108c8800000006000000fa00401681000070a100f4
:108c980040168900401681000060a1004016890036
:108ca800401681000050a10040168900c526220008
:108cb800e4262200832c220012c0b3000101200008
:108cc80010c5b300fbf90700e0262200affb070040
:108cd8000080fa00000006000200fa00004f780049
:108ce800501681000070a100501689009e4078003f
:108cf8007fc060000080fb007f0060004200dd0054
:108d08005216810031f82f008100610001007000c7
:108d18005016890051168100c0ff2f0000806000a6
:108d28000000a00050168900c5262200e426220073
:108d3800a32c220012c0b300d102200010c5b3003a
:108d4800dcf90700e0262200104078000004e0006b
:108d580003003200e02622008cfb070010003700d9
:108d680020168100610060000000e0000a003a005f
:108d7800201681000000a00020168900c5262200c8
:108d8800e4262200432c220012c0b300a1022000d6
:108d980010c5b300c7f90700e02622007bfb0700d7
:108da8000080fa00000006000000fa00201681008a
:108db8000000a10020168900c5262200e426220012
:108dc800432c220012c0b300a102200010c5b3003a
:108dd800b8f90700e02622006cfb07000080fa00c3
:108de800000006000000fa0070d82b000ac3020039
:108df80001000000c5262200e4262200032c2200e0
:108e080012c0b300b102200010c5b30053fa070026
:108e1800e02622005dfb07000080fa000000060043
:108e28000200fa00004f780050d92b000ac3020054
:108e380001000000c5262200e4262200032c22009f
:108e480012c0b300b102200010c5b30043fa0700f6
:108e5800e0262200104078000004e0000300320001
:108e6800e026220049fb07000e003700002c2200f4
:108e7800104078009e406000002c220001487800d5
:108e8800c5262200e4262200032c220012c0b300cb
:108e9800b102200010c5b30086f90700e0262200c1
:108ea8003afb07000080fa00000006001600fa00ee
:108eb8000e80e800a1352c0078be020001000000f9
:108ec800000f78001e0078008e80e80000804000c7
:108ed80020230200010000000080fb001e0f40005c
:108ee8001e0078008e80e8000080400031362c009b
:108ef80078be0200010000001e0f40000e80e8004e
:108f08000ac30200010000000080fa000000060009
:108f18000200fa0000f020002040020001000000da
:108f280030012000000f78001e0078000000e900e2
:108f3800c200dd0080ea2000808040001e0078002a
:108f48004201dd0080ea20000000410042002000cc
:108f580018050200000000001e0fe9001e0078003e
:108f68000000e000f0ff3c0030f0200010407800e6
:108f780080407800b0ea20000148780000f0200026
:108f8800104078008040780080ea2000014878008e
:108f980010f02000104078008040780090ea20000f
:108fa8000148780020f020001040780080407800c8
:108fb800a0ea2000014878000080fa0000000600be
:108fc8006800fa00409980008000eb00a20c2000a5
:108fd80003002000820f5000838f58009a063e003d
:108fe80000600100ca0037000e013700ce013700cb
:108ff800040237006a0237009306370092063700ea
:1090080091063700900637008f063700d9023700df
:109018004903370057033700bd033700fc03370007
:10902800c3043700f7043700870637000405370004
:109038002705370035053700750537008d053700da
:1090480095053700800637007f0637007e06370013
:109058007d0637007c0637007b0637007a06370026
:109068007906370078063700770637007606370026
:10907800400237007406370073063700720637005f
:1090880071063700700637006f0637006e06370026
:109098006d0637006c0637006b0637006a06370026
:1090a8006906370068063700670637006606370026
:1090b8006506370064063700630637006206370026
:1090c80061063700600637005f0637005e06370026
:1090d8005d0637005c0637005b0637005a06370026
:1090e8005906370058063700570637005606370026
:1090f8005506370054063700530637005206370026
:1091080051063700500637004f0637004e06370025
:109118004d0637004c0637004b0637004a06370025
:109128004906370048063700470637004606370025
:109138004506370044063700430637004206370025
:1091480041063700400637003f06370065053700ff
:109158003d0637003c0637003b0637003a06370025
:109168003906370038063700370637003606370025
:10917800350637007b053700a8053700b6053700e8
:10918800fa0537001e0637002f0637002e0637006f
:109198002d063700290637002b0637009b023700bb
:1091a800c6023700de0237002706370026063700da
:1091b800cf03370005043700130437004a0437008b
:1091c80021063700200637001f0637001e06370025
:1091d8001d0637001c0637001b0637001a06370025
:1091e8001906370018063700170637001606370025
:1091f8001506370014063700130637001206370025
:1092080011063700100637000f0637000e06370024
:109218000d0637000c0637000b0637000a06370024
:109228000906370008063700070637000606370024
:109238000506370004063700030637000206370024
:109248000106370000063700ff053700fe05370026
:10925800fd053700fc053700fb053700fa05370028
:10926800f9053700f8053700f7053700f605370028
:10927800f5053700f4053700f3053700f205370028
:10928800f1053700f0053700ef053700ee05370028
:10929800ed053700ec053700eb053700ea05370028
:1092a800e9053700e8053700e7053700e605370028
:1092b800e5053700e4053700e3053700e205370028
:1092c800e1053700e0053700df053700de05370028
:1092d800dd053700dc053700db053700da05370028
:1092e800d9053700d8053700d7053700d605370028
:1092f800d5053700d4053700d3053700d205370028
:10930800d1053700d00537001d0237002602370087
:10931800a0c72000c5262200e4262200800178008c
:1093280022c0b300b101200000c5b300b23b020067
:1093380001000000c0c720008040eb000148780011
:10934800a03722008040eb0001487800b0372200a7
:109358008040eb000148780048c30200010000008b
:1093680050362c000ac3020001000000a0c72000ec
:10937800104078000041eb00e1bc20005e91020043
:1093880001000000e0bc20000ac302000100000048
:1093980020372c000ac3020001000000b0c72000db
:1093a800104078000041eb00e1bc20005e91020013
:1093b80001000000e0bc20000ac302000100000018
:1093c80030362c000ac3020001000000b0f0200073
:1093d800104078000004e0000b003a00c0f02000c4
:1093e800104078000004e00007003a00e0f0200098
:1093f800104078000004e00003003a0080f02000ec
:10940800204002000100000080f020001040780099
:1094180080407800303a220001487800100020008f
:109428004099880000f02000204002000100000060
:10943800303a2200104078008080fb0000f02000c5
:10944800104078000000fb00808f50000b003200b5
:1094580000f020001040780080407800303a220068
:109468000148780050938000e10f4000030032006b
:10947800509380000000e8005093880000f020001e
:1094880010407800e14f500039003c00203a22009b
:10949800104078000004e00038003a0020a72100be
:1094a8009040780030a721000148780020a72100cb
:1094b8008040eb00014878006099210090407800d6
:1094c8007099210001487800609921008040eb00e4
:1094d80001487800809921009040780090992100f7
:1094e80001487800809921008040eb00014878000d
:1094f800a099210090407800b09921000148780097
:10950800a09921008040eb0001487800a2012000ca
:10951800c12221006024210018050200000000007b
:10952800a20120008000eb00c022210026050200d5
:1095380000000000f0ff2700f0918800202421009f
:10954800a1c5b3000148780030242100a1c5b300ab
:109558000148780040242100a1c5b30001487800e3
:10956800203a220011c0b3000148780003003700f8
:10957800203a22008040eb00014878009022210028
:10958800104078000080fb00620060000000e000ee
:109598001e003200b0c72000104078000002fb0017
:1095a800a0c72000104078008001fb0010f02000c8
:1095b800104078000001fb0000f020001040780007
:1095c8008000fb000e80e800841f7800831f78006d
:1095d800821f7800811f780041372c00811f780096
:1095e80011382c00811f780041062000a2040200d7
:1095f80000000000ec8757000040eb0060e798008f
:109608000e80e8000ac302000100000000f02000fc
:1096180090407800a0c720001040780080cf50000c
:109628001e003a0010f0200090407800b0c72000db
:109638001040780080cf50001800350010f020004e
:10964800104078008000fb00b0c720001040780070
:109658000000fb0063004000808f50000f003c00ba
:10966800a0372200104078000004e0001e003a00f5
:10967800c0c720008040eb000148780048c30200c2
:1096880001000000003a2c000ac30200010000009b
:10969800200020004099880013003700a0372200de
:1096a800104078000004e0000f003200a0372200cc
:1096b8008040eb000148780000c42000104078008a
:1096c8000004e00008003d00808c210090407800f4
:1096d80050c3b30080cf500003003a00902122000d
:1096e80021c0b30001487800c0c7200010407800ae
:1096f8000080fb00630060000000e0000200320010
:10970800200020004099880040998000e10f500017
:10971800d5043a00017d200090c0b300a862020081
:109728000100000009053700803d21001040780045
:10973800e14f50002e003a006022210010407800ce
:109748000004e0002a003a00d09a80000000e000ff
:1097580027003a00809a80000000e00024003a00c8
:10976800209b80000000e00021003a0070c2200029
:10977800104078000004e0001d003a0070c320008b
:10978800104078000004e00019003a0040c5b3001a
:10979800fea7020001000000b08020008040eb001e
:1097a80001487800a037220011c0b30001487800b2
:1097b800f0c0200011c0b30001487800908020005c
:1097c80001c6b3000148780040c5b3007e2e0200f0
:1097d8000100000090cc8000a1cc8000b01b890063
:1097e800c11b89003000200040998800d704370049
:1097f800813e200090c0b300a86202000100000072
:10980800d2043700803d210010407800e14f50001d
:1098180046003a00d09a80000000e00043003a0079
:10982800809a80000000e00040003a00209b800001
:109838000000e0003d003a0070c2200010407800af
:109848000004e00039003a0070c32000104078009e
:109858000004e00035003a0000ab21001000780059
:10986800610060000000e00030003a0000ab210019
:1098780010007800620060000000e0002b00320059
:1098880000ab2100b040900040c5b30080cf50002d
:1098980026003a0040c5b3007e2e020001000000f9
:1098a800503b2c000ac3020001000000f0c0200059
:1098b80011c0b30001487800e0c7200011c0b30010
:1098c80001487800f0c720008040eb00014878008c
:1098d800c05d200000648800c03922008040eb0091
:1098e80001487800d03922008040eb000148780018
:1098f80090628000001d8900c0c7200010407800d9
:109908000080fb00680060000000e00001003200f9
:1099180066fd07003002200040998800b01321003e
:1099280021c3b3000148780088043700c15d2000d6
:1099380090c0b300a86202000100000000ab210043
:1099480010007800610060000000e00048043a0060
:1099580000ab2100b040900040c5b30080cf50005c
:109968004504320040c5b300fea702000100000014
:1099780076043700f0c72000104078000004e000ab
:1099880004003a00b0132100104078000004e00001
:109998003b043a0040002000409988006b043700df
:1099a800c0392200104078008040e800c039220009
:1099b800014878002103200090c0b300a86202008b
:1099c80001000000b0358000640060000000e00085
:1099d80005003a00b0392200104078008040e800c5
:1099e800b039220001487800b039220010407800d0
:1099f800e94f500004003e0090c12000104078005c
:109a0800e14f50001a003a00b03922008040eb00c4
:109a18000148780048c3020001000000403c2c00c7
:109a28000ac3020001000000a0002000409988003d
:109a380011c0b30000022000342802000100000019
:109a48009080200010407800804078000104a00039
:109a58009080200001487800908020001040780015
:109a6800804078000164a1009080200001487800bf
:109a7800c039220010407800e64f4000020436004a
:109a8800a037220010407800e24f50000c003e0042
:109a980048c3020001000000e03c2c000ac3020099
:109aa80001000000017d200090c0b300a862020000
:109ab800010000003000200040998800270037008e
:109ac800c03d2c000ac302000100000090c1200024
:109ad80010407800e14f500011003a0011c0b30067
:109ae80000022000342802000100000090802000bd
:109af80010407800804078000104a0009080200089
:109b0800014878009080200010407800804078005c
:109b18000164a10090802000014878000d00370002
:109b2800603e2c000ac302000100000011c0b3000f
:109b3800000220006628020001000000908020003a
:109b480010407800804078000164a10090802000d7
:109b580001487800a000200040998800a037220022
:109b6800104078008040e800a037220001487800c3
:109b7800f6033700900c200040998800f303370063
:109b8800609780000000e0000400320061978000c8
:109b9800900f2000808f5000bd033600a00c2000dd
:109ba80040998800e903370020c5b3007e2e0200e3
:109bb80001000000f0c020008040eb000148780060
:109bc8009080200010407800804078000174a00048
:109bd8009080200001487800a021220010407800e1
:109be8000004e00003003200e006200040998800ed
:109bf80002003700f006200040998800b0132100c9
:109c080021c3b30001487800d0033700b0c68000f4
:109c1800610060000000e00021003a0050232200ab
:109c2800104078000004e00009003200503f2c008a
:109c38000ac30200010000009062800080007800e2
:109c4800a021220044220200010000000d0037007c
:109c5800d03f2c000ac3020001000000402322006c
:109c68001040780080407800906280008041eb00ce
:109c78000141780080007800a021220060220200c3
:109c880001000000c20120008000eb00a02122009a
:109c98002605020000000000f00620004099880018
:109ca800b0132100104078000004e0007a033a0065
:109cb800f006200040998800a4033700c0c72000a0
:109cc800104078000080fb00620060000000e000a7
:109cd800030032001000200040998800050037007a
:109ce800c03722008040eb000148780000072000c0
:109cf80040998800c0c72000104078000080fb0011
:109d0800680060000000e0000100320067fc070006
:109d1800c0c720008040eb00014878008b03370063
:109d2800c03722008040eb0001487800c0002000c6
:109d38004099880085033700c0372200104078001a
:109d48008040e800c037220001487800c037220070
:109d580010407800e94f5000030036002001200031
:109d68004099880079033700c00020004099880096
:109d780076033700c0372200104078000080fb00cf
:109d8800c01c8900c01c81004600dd00c01c890081
:109d9800c01c81001004b000c01c8900c01c8100d8
:109da8000080e800c5262200e4262200f3392200bc
:109db80012c0b3008000780000c5b300b23b0200b7
:109dc80001000000f03922009040780000c8b3007c
:109dd80080c06000a039220001487800b00020004f
:109de80040998800f0392200104078000080fb007c
:109df800700060000000e00029033200020120002a
:109e08008000eb00c01f21002605020000000000b2
:109e1800c11f2100c01c810072004000c52622001d
:109e2800e426220081017800f2c0b30080007800a7
:109e380000c5b300b23b020001000000d137220088
:109e4800c01f2100d0bc020001000000d037220052
:109e5800104078000004e00013033200d0372200dd
:109e68006abf0200010000000000e0001003320099
:109e7800b013210021c3b30001487800916280002b
:109e8800001d8100808f50000b003200916280001d
:109e9800001d8100808f50001a003200f039220026
:109ea800104078008080fb000004200000806000e3
:109eb8000000e00013003a00502122001040780012
:109ec8008080fb0050f02000104078000000fb006c
:109ed8000088de0061006000004078000004e000b7
:109ee8000800320010c0b30054090200010000004d
:109ef8000004e00003003200d000200040998800f0
:109f08001203370030072000409988000f033700fc
:109f1800d0372200104078000004e00033003200ff
:109f2800b0c68000610060000000e00031003a0027
:109f380050212200104078008080fb0050f0200063
:109f4800104078000000fb000088de00610060001f
:109f5800004078000004e00010003200a039220020
:109f68001040780080407800906280008041eb00cb
:109f78000141780080007800d0372200602202007a
:109f880001000000e000200040998800b013210083
:109f980021c3b3000148780016003700b013210030
:109fa80021c3b300014878005021220010407800f6
:109fb8000004e00003003d003007200040998800bd
:109fc8000c00370040212200104078000004e00017
:109fd80003003d0050072000409988000500370025
:109fe800f00020004099880002003700b0002000ef
:109ff80040998800b0132100104078000004e00068
:10a00800ad023a00b000200040998800cf02370026
:10a01800b0c68000614060000080fb006100600005
:10a028000000e0002b003a00b013210021c3b30068
:10a0380001487800a0392200104078000004e000b0
:10a048000a003a0070212200104078008080fb004e
:10a0580050f02000104078000000fb000088de006f
:10a06800610060000000e00003003a00b00020003a
:10a078004099880017003700b013210021c3b300ae
:10a088000148780050212200104078000004e000c8
:10a0980003003d0030072000409988000900370080
:10a0a80040212200104078000004e00003003d0039
:10a0b800500720004099880002003700f000200077
:10a0c80040998800813e200090c0b300a862020039
:10a0d80001000000b0132100104078000004e000e7
:10a0e80077023a00b00020004099880097023700b4
:10a0f800d0372200104078000004e0002a00320027
:10a1080050212200104078000004e00026003d00a5
:10a1180010c0b30054090200010000000004e00070
:10a1280021003200b0c68000610060000000e0003d
:10a138001f003a0048c302000100000090402c00b4
:10a148000ac3020001000000d03722000a230200df
:10a15800010000000004e000060032004007200073
:10a1680040998800b013210021c3b300014878004a
:10a178000f00370040212200104078000004e00062
:10a1880003003d0050072000409988000200370076
:10a19800f000200040998800b013210021c3b300cb
:10a1a80001487800020037005007200040998800d5
:10a1b800b0132100104078000004e00042023a0089
:10a1c800500720004099880060023700b0c6800020
:10a1d800614060000080fb00610060000000e0005a
:10a1e80002003a005007200040998800b01321006f
:10a1f800104078000004e00035023a00b00020006a
:10a208004099880051023700d0372200104078006a
:10a218000004e000250032004021220010407800b0
:10a228000004e00021003d0010c0b3005409020002
:10a23800010000000004e0001c003200b0c68000ed
:10a24800610060000000e0001d003a0048c3020001
:10a258000100000020412c000ac302000100000098
:10a268009062800080007800d037220044220200eb
:10a27800010000000004e000060032006007200032
:10a2880040998800b013210021c3b3000148780029
:10a298000b003700f000200040998800b01321001f
:10a2a80021c3b3000148780005003700f000200002
:10a2b80040998800b013210021c3b30001487800f9
:10a2c800b0132100104078000004e00002023a00b8
:10a2d800f000200040998800b013210021c3b3008a
:10a2e8000148780019023700b0c68000614060005c
:10a2f8000080fb00610060000000e00005003a00fb
:10a30800f000200040998800b013210021c3b30059
:10a3180001487800b0132100104078000004e000e4
:10a32800ef013a00b000200040998800070237008a
:10a33800d0372200104078000004e00028003200e6
:10a3480070212200104078008080fb0050f020002f
:10a35800104078000000fb000088de00610060000b
:10a36800004078000004e0001d00320010c0b30077
:10a3780054090200010000000004e0001800320047
:10a38800b0c68000610060000000e00016003a00de
:10a3980048c3020001000000b0412c000ac30200bb
:10a3a800010000008040eb00d0372200922202001a
:10a3b800010000000004e000060032000001200057
:10a3c80040998800b013210021c3b30001487800e8
:10a3d80005003700b00020004099880002003700cf
:10a3e800b000200040998800b01321001040780088
:10a3f8000004e000bc013a00b00020004099880049
:10a40800d2013700b0c68000614060000080fb00c8
:10a41800610060000000e00002003a00b000200087
:10a4280040998800b0132100104078000004e00033
:10a43800af013a00b000200040998800c3013700fe
:10a44800320020008000eb0060c6200026050200d4
:10a458000000000060c62000c5262200e426220075
:10a468008001780032c0b3008101200000c5b3002c
:10a47800b23b02000100000090c620008040eb00c3
:10a488000148780060c6200090407800f0c2b30010
:10a4980080cf50000b00340060c620009040780048
:10a4a80090c3b30080cf500006003c00400120005c
:10a4b80040998800c03722008040eb0001487800ae
:10a4c800a2013700a0052000409988009f013700ad
:10a4d800c0372200104078008040e800c0372200d2
:10a4e80001487800c037220010407800e94f50003a
:10a4f80003003600a005200040998800930137002a
:10a50800400120004099880090013700c0372200a0
:10a51800104078000080fb00c01c8900c01c81002e
:10a528004600dd00c01c8900c01c81001004b0007a
:10a53800c01c8900c01c8100c5262200e426220018
:10a548008e01780012c0b3008000780000c5b30007
:10a55800b23b020001000000300120004099880051
:10a568001e4078000080fb00610060000040780019
:10a578000004e00060013200020120008000eb00ce
:10a58800c01f21002605020000000000c11f210095
:10a59800c01c810063004000c5262200e42622007a
:10a5a80081017800f2c0b3008000780000c5b300d4
:10a5b800b23b020001000000d1372200c01f210079
:10a5c800d0bc020001000000d03722006abf0200a0
:10a5d800010000000000e00049013200c01c8100b9
:10a5e8000000e800c5262200e4262200e339220004
:10a5f80012c0b3008000780000c5b300b23b02006f
:10a608000100000050012000409988004f013700e8
:10a6180000802000104078000080fb00610060008e
:10a62800004078000004e00037013200c037220003
:10a63800104078008040e800e0392200104078009f
:10a648008043eb0036c0b3008042eb000142780043
:10a658008041eb000041780021c0b300d0372200d0
:10a668006464020001000000600120004099880035
:10a678003601370000802000104078000080fb0081
:10a68800620060000000e00021013200700120003b
:10a69800409988002d013700008020001040780084
:10a6a8008080fb0000022000008060000000e000c5
:10a6b800020032003001200040998800008020000c
:10a6c800104078008080fb000004200000806000bb
:10a6d8000000e0001001320030012000409988009d
:10a6e8001a013700400620004099880040212200c6
:10a6f800104078008080fb0050f020001040780067
:10a708000000fb000088de00610060000040780067
:10a718000004e0000d00320010c0b300540902002c
:10a72800010000000004e000fd00320050b02000ed
:10a7380021c0b30001487800419c200090c0b300bc
:10a74800a8620200010000000001370048c30200af
:10a758000100000050422c000ac302000100000062
:10a76800fa00370000c42000104078000080fb0089
:10a77800640060000000e000250032006021220033
:10a78800104078008080fb0050f0200010407800d6
:10a798000000fb000088de006100600000407800d7
:10a7a8000004e0001a00320010c0b300540902008f
:10a7b800010000000004e00015003200a04722005c
:10a7c800104078008080fb000002200000806000bc
:10a7d8000000e00007003200a04722001040780087
:10a7e8000080fb0061006000004078000004e00089
:10a7f800050032006006200040998800c03722001a
:10a808008040eb000148780000000000cf003700ce
:10a818001000200040998800cc003700c037220083
:10a82800104078008040e800c037220001487800d6
:10a83800c037220010407800e94f5000030036006e
:10a84800c006200040998800c0003700600620003c
:10a8580040998800bd003700c037220010407800ba
:10a868000080fb00c01c8900c01c81004600dd0080
:10a87800c01c8900c01c81001004b000c01c8900e5
:10a88800c01c81000080e800c5262200e4262200c2
:10a89800f339220012c0b3008000780000c5b3006d
:10a8a800b23b020001000000f0392200904078001d
:10a8b80000c8b30080c06000a039220001487800b9
:10a8c8005006200040998800f03922001040780096
:10a8d8000080fb00700060000000e0009200320081
:10a8e800020120008000eb00c01f210026050200a5
:10a8f80000000000c11f2100c01c81007200400040
:10a90800c5262200e426220081017800f2c0b300a7
:10a918008000780000c5b300b23b020001000000cf
:10a92800d1372200c01f2100d0bc02000100000066
:10a93800d0372200104078000004e0007c0032008c
:10a94800d03722006abf0200010000000000e000ca
:10a9580079003200b013210021c3b3000148780008
:10a96800700620004099880078003700d037220010
:10a97800104078000004e0001800320000c42000f5
:10a98800104078000080fb00640060000000e000d8
:10a9980012003200b0c68000610060000000e000d4
:10a9a80010003a0012c0b30011b12000d0372200c5
:10a9b800e0a4020000000000b013210021c3b3008e
:10a9c8000148780010b120008040eb000148780071
:10a9d80080062000409988000200370050062000b9
:10a9e80040998800b0132100104078000004e0006e
:10a9f80053003a0050062000409988005300370061
:10aa0800b0c68000614060000080fb00610060000b
:10aa18000000e00002003a0050062000409988003b
:10aa2800b0132100104078000004e00046003a000e
:10aa3800500620004099880044003700100020008c
:10aa4800409988004100370048c302000100000017
:10aa580090432c000ac30200010000000000eb0034
:10aa6800409988003900370000000000370037009f
:10aa780000000000350037000000000033003700f8
:10aa88000000000031003700000000002f003700f0
:10aa9800000000002d003700000000002b003700e8
:10aaa80000000000290037000000000027003700e0
:10aab80000000000250037000000000023003700d8
:10aac8000000000021003700000000001f003700d0
:10aad800000000001d003700000000001b003700c8
:10aae80000000000190037000000000017003700c0
:10aaf80000000000150037000000000013003700b8
:10ab08000000000011003700000000000f003700af
:10ab1800000000000d003700000000000b003700a7
:10ab2800000000000900370000000000070037009f
:10ab38000000000005003700000000000300370097
:10ab4800000000000100370000000000c0c720001e
:10ab5800104078000080fb00680060000000e00002
:10ab68001b003200b0358000640060000000e00087
:10ab78000c003a00c0c72000104078000004e00034
:10ab880013003500c0c720001040780080407800ce
:10ab98000174a000c0c7200001487800c3f807006e
:10aba8000b003700c0c72000104078000004e00008
:10abb80007003d00c0c720001040780080407800a2
:10abc8000174a100c0c7200001487800b7f8070049
:10abd8000080fa00000006000200fa00004f78002a
:10abe8001e80fb000000e00003003200e10f50006f
:10abf8000a00320012003700a035800062006000b1
:10ac08000000e00003003200b0442c000ac3020038
:10ac180001000000b426a90009003700a035800013
:10ac2800620060000000e00003003a0040452c008c
:10ac38000ac3020001000000b426a80000000000ba
:10ac48000080fa00000006000000fa00709420005e
:10ac5800104078000080fb00a11d800001417800b1
:10ac68008194200082707800709420001040780051
:10ac78008040e8007094200001487800801d800022
:10ac8800620060000000e00001003200b023a9006b
:10ac9800801d8000640060000000e00001003200b8
:10aca800b043a900801d8000680060000000e0003b
:10acb80001003200b063a9000080fa00000006001d
:10acc8000200fa00c5262200e426220013c1200053
:10acd80012c0b300f101200000c5b300b23b02006e
:10ace8000100000010c1200010407800e84f50001b
:10acf8000b00360010c1200041c0b30001487800a5
:10ad0800c5262200e426220013c1200012c0b30089
:10ad1800f101200000c5b3005e3a02000100000006
:10ad2800c5262200e426220023c1200012c0b30059
:10ad38000102200000c5b300b23b02000100000080
:10ad480020c1200010407800e84f50000b0036006a
:10ad580020c1200051c0b30001487800c526220058
:10ad6800e426220023c1200012c0b3000102200003
:10ad780000c5b3005e3a020001000000c5262200ab
:10ad8800e426220033c1200012c0b30011022000c3
:10ad980000c5b300b23b02000100000030c1200032
:10ada80010407800e84f50000b00360030c12000fa
:10adb80041c0b30001487800c5262200e4262200dd
:10adc80033c1200012c0b3001102200000c5b30037
:10add8005e3a020001000000c5262200e426220097
:10ade80043c1200012c0b3002102200000c5b300f7
:10adf800b23b02000100000040c120001040780072
:10ae0800e84f50000b00360040c1200051c0b3008d
:10ae180001487800c5262200e426220043c120000c
:10ae280012c0b3002102200000c5b3005e3a020040
:10ae380001000000c5262200e426220053c120009c
:10ae480012c0b3003102200000c5b300b23b0200bb
:10ae58000100000050c1200010407800e84f500069
:10ae68000b00360050c1200041c0b30001487800f3
:10ae7800c5262200e426220053c1200012c0b300d8
:10ae8800f101200000c5b3005e3a02000100000095
:10ae9800c5262200e426220063c1200012c0b300a8
:10aea8005102200000c5b300b23b020001000000bf
:10aeb800c5262200e426220073c1200012c0b30078
:10aec8008140200000c5b300b23b02000100000031
:10aed80070c1200010407800e84f50000b00360089
:10aee80070c1200041c0b30001487800c526220087
:10aef800e426220073c1200012c0b3008140200064
:10af080000c5b3005e3a020001000000c526220019
:10af1800e426220083c1200012c0b30011412000a2
:10af280000c5b300b23b02000100000080c1200050
:10af380010407800e84f50000b00360080c1200018
:10af480051c0b30001487800c5262200e42622003b
:10af580083c1200012c0b3001141200000c5b30016
:10af68005e3a020001000000620020008000eb0051
:10af7800804822002605020000000000a2012000ef
:10af88008000eb0060c220002605020000000000df
:10af9800908020008040eb00014878000040eb00e2
:10afa800004f7800040037001e407800b06b0200a4
:10afb800000000001e4fe8001e407800e34f5000dc
:10afc800f9ff360020c5b3007e2e02000100000004
:10afd8000000eb00f0238900e0472200c52622008c
:10afe800e42622008001780022c0b300f12e200060
:10aff80000c5b300b23b0200010000000000eb00f6
:10b008000024890000482200c5262200e4262200e8
:10b018008001780022c0b300112f200000c5b300c2
:10b02800b23b0200010000000000eb001024890080
:10b0380020482200c5262200e4262200800178004c
:10b0480022c0b300312f200000c5b300b23b02007c
:10b05800010000000000eb00202489004048220085
:10b06800c5262200e42622008001780022c0b30011
:10b07800c12f200000c5b300b23b02000100000050
:10b08800c5262200e42622006348220012c0b3002d
:10b098004102200000c5b300b23b020001000000dd
:10b0a8006048220010407800e44f5000030036004a
:10b0b800604822008040eb0001487800c526220045
:10b0c800e42622004321220012c0b300712f200081
:10b0d80000c5b300b23b020001000000c5262200f3
:10b0e800e42622005321220012c0b300812f200041
:10b0f80000c5b300b23b020001000000c5262200d3
:10b10800e42622006321220012c0b300912f200000
:10b1180000c5b300b23b020001000000c5262200b2
:10b12800e42622007321220012c0b300a12f2000c0
:10b1380000c5b300b23b020001000000a0c7200018
:10b14800c5262200e42622008001780022c0b30030
:10b15800b101200000c5b300b23b020001000000ad
:10b1680020e92000c5262200e4262200800178007c
:10b1780042c1b3004100200000c5b300b23b020049
:10b1880001000000c5262200e426220013c4200086
:10b1980012c0b300b12e200000c5b300b23b0200bc
:10b1a80001000000c5262200e426220023c4200056
:10b1b80012c0b300e12e200000c5b300b23b02006c
:10b1c8000100000020212200c5262200e4262200da
:10b1d8008001780022c0b300512f200000c5b300c1
:10b1e800b23b020001000000c5262200e42622002e
:10b1f8008321220012c0b300b12f200000c5b30084
:10b20800b23b0200010000000e00e800c526220043
:10b21800e42622008001780012c0b300d10120008a
:10b2280000c5b300b23b0200010000001e409000c0
:10b238000080fb006060880061608000c00320001f
:10b248000088b9000000780060608800c5262200e8
:10b25800e426220043c2200012c0b300314120007e
:10b2680000c5b300b23b020001000000c526220061
:10b27800e426220053c2200012c0b300414120003e
:10b2880000c5b300b23b020001000000c526220041
:10b29800e426220003c4200012c0b300a10320004a
:10b2a80000c5b300b23b020001000000c526220021
:10b2b800e42622009322210012c0b300e1032000fb
:10b2c80000c5b300b23b020001000000c526220001
:10b2d800e4262200a322210012c0b300f1032000bb
:10b2e80000c5b300b23b020001000000a02221000b
:10b2f8009040780040c6b30080cf5000030036006d
:10b30800a0222100c1c3b30001487800c52622004d
:10b31800e42622001326210012c0b300b141200008
:10b3280000c5b300b23b020001000000c5262200a0
:10b33800e42622002326210012c0b300c1412000c8
:10b3480000c5b300b23b020001000000c526220080
:10b35800e42622003326210012c0b300d141200088
:10b3680000c5b300b23b020001000000c526220060
:10b37800e42622004326210012c0b300e141200048
:10b3880000c5b300b23b020001000000c526220040
:10b39800e42622005326210012c0b300f141200008
:10b3a80000c5b300b23b020001000000c526220020
:10b3b800e42622006326210012c0b30001422000c7
:10b3c80000c5b300b23b020001000000c526220000
:10b3d800e4262200a3c1200012c0b300814120004e
:10b3e80000c5b300b23b020001000000a0c120006c
:10b3f80010407800e54f50000b003600a0c1200037
:10b4080031c0b30001487800c5262200e426220096
:10b41800a3c1200012c0b3008141200000c5b300c1
:10b428005e3a020001000000c5262200e426220040
:10b43800d3c1200012c0b3006141200000c5b30091
:10b44800b23b020001000000d0c12000104078008b
:10b45800e84f50000b003600d0c1200041c0b300b7
:10b4680001487800c5262200e4262200d3c1200026
:10b4780012c0b3006141200000c5b3005e3a02006b
:10b4880001000000c5262200e4262200e3c12000b6
:10b4980012c0b3007141200000c5b300b23b0200e6
:10b4a80001000000e0c1200010407800e84f500083
:10b4b8000b003600e0c1200061c0b30001487800ed
:10b4c800c5262200e4262200d3c1200012c0b30002
:10b4d8007141200000c5b3005e3a0200010000007f
:10b4e8000080fa00000006000400fa00889fbe00f1
:10b4f800209b2c000ac3020001000000250407005d
:10b508007a46a800308020008040eb00014878008f
:10b51800408020008040eb00014878000000eb00ec
:10b52800705888006080200011c0b300014878007e
:10b538000000eb0050938800d08020008040eb0092
:10b5480001487800c08020008040eb000148780066
:10b55800822120008000eb0020f220002605020056
:10b5680000000000420120008000eb0020c5200000
:10b578002605020000000000620c20008000eb009d
:10b58800608d21002605020000000000820d2000c9
:10b598008000eb00c0992100260502000000000091
:10b5a800720020008000eb0080f0200026050200d9
:10b5b80000000000720020008000eb0080ef2000f7
:10b5c8002605020000000000720020008000eb0049
:10b5d80080f1200026050200000000007200200013
:10b5e8008000eb0000f120002605020000000000aa
:10b5f800a20120008000eb0060c2200026050200a6
:10b6080000000000020620008000eb00a03d2100a1
:10b618002605020000000000820020008000eb00e8
:10b6280000ab210026050200000000008203200074
:10b638008000eb0080c82000260502000000000002
:10b64800a20120008000eb00c02221002605020094
:10b6580000000000a20120008000eb00602421000f
:10b668002605020000000000c20120008000eb0057
:10b67800a02122002605020000000000c21b2000b5
:10b688008000eb00e04321002605020000000000d6
:10b69800705a2100a1c5b30001487800620020005b
:10b6a8008000eb00a05f21002605020000000000da
:10b6b800e05f21008040eb0001487800020820008c
:10b6c8008000eb0000602100260502000000000059
:10b6d800a21c20008000eb0020e0210026050200cb
:10b6e800000000000000eb0060fe8800f0ff27006b
:10b6f800f091880020242100a1c5b30001487800fa
:10b7080030242100a1c5b30001487800402421005d
:10b71800a1c5b30001487800c0252100a1c5b30028
:10b7280001487800d0252100a1c5b3000148780060
:10b73800e0252100a1c5b300014878000000eb0016
:10b74800000f7800090037001e007800c200dd00f5
:10b7580080ea200000804000420020008000eb00ca
:10b7680026050200000000001e0fe8001e007800f9
:10b77800f30f5000f4ff340000f1200091c1b30032
:10b7880001487800e0c020008040eb0001487800c4
:10b79800f0c020008040eb000148780000c1200084
:10b7a8008040eb000148780000c420008040eb0096
:10b7b80001487800602221008040eb0001487800b1
:10b7c800bcc20200010000000000eb001007980056
:10b7d8000e00370031c420001e0090000080400099
:10b7e8008040eb000148780081c420001e009000d2
:10b7f80000004000008040008000eb000108780055
:10b808001e0090000000e800100798001e0090003d
:10b81800e30f5000efff3400002621008040eb00ca
:10b8280001487800a08020008040eb0001487800a3
:10b83800b6e6a800b6c6a800ca06a800ca26a80088
:10b84800c08020008040eb0001487800d0802000b4
:10b858008040eb0001487800609420008040eb00b5
:10b8680001487800709420008040eb00014878007f
:10b87800b0ae20008040eb000148780050b02000b6
:10b888008040eb000148780000c520008040eb00b4
:10b8980001487800420020008000eb00e0c720004b
:10b8a8002605020000000000e20020008000eb00f6
:10b8b80080ab2100260502000000000002062000df
:10b8c8008000eb00a03d21002605020000000000da
:10b8d8009d030700d8030700e6020700583d020051
:10b8e80001000000e02622008040eb0001487800bb
:10b8f8004001200060138900f1fc07000040eb00c4
:10b90800f0550200010000008080200011c8b3003b
:10b9180001487800d0c720008040eb00014878003b
:10b92800a080200041c0b300014878000000eb006f
:10b93800a09e880048c3020001000000e09b2c0084
:10b948000ac302000100000090da20008040eb00ea
:10b958000148780030e720008040eb00014878007b
:10b96800702221008040eb000148780010c0b3002d
:10b9780054a902000100000000f02000204002004d
:10b9880001000000663e0200010000000040eb00dc
:10b99800144702000100000000f02000bc40020033
:10b9a8000100000000f0200020400200010000001b
:10b9b800603d210011c0b300014878008c470200a7
:10b9c80001000000070037000000000005003700f4
:10b9d80000000000030037000000000001003700ed
:10b9e800000000000060fe00603d2100104078006b
:10b9f8000004e00015003a00f09c2c000ac3020085
:10ba08000100000000f020002040020001000000ba
:10ba1800f0cdb3001447020001000000a2c0b3003b
:10ba28008040eb0000f020005a41020001000000b5
:10ba3800f1c0b30000f020001a4402000100000029
:10ba4800603d210011c0b30001487800a02c2100fe
:10ba5800104078000004e00002003a0062b20200e0
:10ba680001000000402d2100104078000004e00093
:10ba780002003a00aec0020000000000e02d2100e4
:10ba8800104078000004e00002003a0026c40200da
:10ba980001000000802e2100104078000004e00022
:10baa80002003a0022c1020001000000202f2100fc
:10bab800104078000004e00002003a008e94020072
:10bac80001000000c02f2100104078000004e000b1
:10bad80002003a0028a402000100000040322100c0
:10bae800104078000004e00002003a00e447020039
:10baf8000100000020342100104078000004e0001c
:10bb080002003a0010b602000100000000362100d1
:10bb1800104078000004e00002003a0020720200a1
:10bb280001000000c0342100104078000004e0004b
:10bb380002003a002465020001000000603521007f
:10bb4800104078000004e00002003a008cae0200c9
:10bb58000100000040372100104078000004e00098
:10bb680002003a005a86020001000000e037210076
:10bb7800104078000004e00002003a0006ab020022
:10bb88000100000080382100104078000004e00027
:10bb980002003a000eb9020001000000203921001d
:10bba800104078000004e00002003a00469a0200c3
:10bbb8000100000030802000104078000004e00000
:10bbc8006e00320012003700c0802000104078005c
:10bbd8000080fb00e1802000614078000080fb00cd
:10bbe800901d8800c0802000104078000080fb0075
:10bbf800e18020000041eb0082707800c0802000c6
:10bc0800104078008040e800c0802000014878009b
:10bc1800811d800000102000008060000000e0000e
:10bc280036003200c080200090407800d08020008c
:10bc38001040780080cf5000e3ff3a003000370012
:10bc480040802000104078000080fb000141220065
:10bc5800e140780060942000104078000080fb00ec
:10bc6800829420006240780080cf500013003a0090
:10bc780040802000104078008040e800408020008c
:10bc88000148780040802000104078000080fb00c8
:10bc980001412200614078000004e0000a003a00f7
:10bca800408020008040eb00014878003080200070
:10bcb80011c0b3000148780003003700408020001d
:10bcc8008040eb0001487800609420001040780024
:10bcd8000080fb0081942000614078000080fb0018
:10bce800e01c880060942000104078008040e80044
:10bcf800609420000148780001003700000000002f
:10bd0800d11c800000102000008060000000e000ce
:10bd18003400320060942000904078007094200035
:10bd28001040780080cf5000c5ff3a002d00370042
:10bd3800c0802000104078000080fb00e1802000d7
:10bd4800614078001cae020000000000c0802000a6
:10bd5800104078000080fb00e18020000041eb00eb
:10bd680082707800c0802000104078008040e80091
:10bd7800c080200001487800010037000000000062
:10bd8800c080200090407800d080200010407800cb
:10bd980080cf5000e6ff3a000c0037006094200086
:10bda800104078000080fb008194200061407800fa
:10bdb80056c2020001000000609420001040780084
:10bdc8008040e800609420000148780060942000da
:10bdd80090407800709420001040780080cf500088
:10bde800eeff3a00e0c02000104078000004e000b8
:10bdf8000c003a00f0c02000104078000004e00079
:10be080008003a0000c12000104078000004e0005b
:10be180004003a0080c32000104078000004e000cd
:10be28000400320010c0b300f05502000100000009
:10be3800030037000040eb00f0550200010000004d
:10be4800e03c2100104078000004e000defe3200f3
:10be5800e03c21008040eb0001487800b07380008e
:10be6800e10f400003003200b07380000000e800da
:10be7800b0738800c0738000e10f400003003200f7
:10be8800c07380000000e800c0738800d073800091
:10be9800e10f400003003200d07380000000e8008a
:10bea800d0738800e0738000e10f40000300320087
:10beb800e07380000000e800e0738800f073800001
:10bec800e10f400003003200f07380000000e8003a
:10bed800f073880000748000e10f40000300320016
:10bee800007480000000e80000748800107480006e
:10bef800e10f400003003200107480000000e800e9
:10bf080010748800607480000000e00003003200b4
:10bf1800607480000000e9006074880030f08000e0
:10bf28000000e0000400320030f080000000e9006a
:10bf380030f088000900370030f08000e10f500031
:10bf480006003a0030f080000000e90030f0880078
:10bf5800d09d2c000ac3020001000000a09e8000b2
:10bf68000000e800a09e8800a19e80000019200023
:10bf7800808f5000520036000000eb00a09e880021
:10bf8800d0c72000104078000004e0002c003200e8
:10bf9800d0c720008040eb00014878008080200056
:10bfa800104078000004e00006003d00808020007a
:10bfb80010407800804078000174a1008080200043
:10bfc8000148780090802000104078000004e000cc
:10bfd8003b003d0090802000104078008080fb00ee
:10bfe80000062000008060000000e00034003a00f5
:10bff8009080200010407800e3406000908020008e
:10c008000148780090802000104078000004e0008b
:10c018000500320090802000104078008040e80041
:10c02800908020000148780090802000104078001f
:10c038008040e800a08020000148780020003700f8
:10c04800d0c7200011c0b3000148780080802000cc
:10c05800104078000004e0000900320080802000d1
:10c06800104078000004e0000500350080802000c2
:10c07800104078008040e900808020000148780066
:10c0880090802000104078000004e0000c0032008e
:10c0980090802000104078008080fb00000e200077
:10c0a800008060000000e00005003a009080200059
:10c0b800104078008040e900908020000148780016
:10c0c800809e80000000e800809e8800819e80009d
:10c0d800803e2000808f50003dfe36000000eb00bf
:10c0e800809e8800203d2100104078000004e00078
:10c0f80004003200203d21008040eb000148780018
:10c1080003003700203d210011c0b300014878002a
:10c1180000c12000104078000004e0000500320053
:10c1280000c12000104078008040e90000c12000d4
:10c13800014878006291800073918000e0ff2f0031
:10c14800f1ff2000800f5100818f590006003e004a
:10c15800609180007191800061004000e08048009b
:10c168006091880071918800f0a821001040780043
:10c17800e34f500006003a0080918000e10f400034
:10c1880003003200809180000000e8008091880060
:10c19800d0aa210010407800e34f500006003a0072
:10c1a80090918000e10f40000300320090918000e0
:10c1b8000000e80090918800f0a821001040780065
:10c1c800e34f500003003a0080d480000000e800ec
:10c1d80080d48800d0aa210010407800e34f500096
:10c1e80003003a0070d580000000e80070d5880090
:10c1f800e0c32000104078000004e0000500320091
:10c20800e0c32000104078008040e900e0c320002f
:10c21800014878002080200010407800e14f40005d
:10c228000500320020802000104078008040e8009f
:10c238002080200001487800b1c68000000e200050
:10c24800008060000000e0000d003200b0c68000f1
:10c258004500de00674060000040e900674060007c
:10c268000080fb00670060004500dd00b2c680006a
:10c27800f1f12f008100610001007000b0c6880054
:10c28800206680000000e000030034002066800083
:10c298000000e90020668800206680000000e000b9
:10c2a80003003d00206680000000e800206688004a
:10c2b800a0ae2000104078000004e0000500320025
:10c2c800a0ae2000104078008040e900a0ae200019
:10c2d80001487800b0132100104078000004e00005
:10c2e80005003200b0132100104078008040e900ba
:10c2f800b013210001487800c013210010407800d5
:10c308000004e00005003200c0132100104078004e
:10c318008040e900c013210001487800e0132100a3
:10c32800104078000004e00005003200e01321000e
:10c33800104078008040e900e013210001487800af
:10c34800f0132100104078000004e00005003200de
:10c35800f0132100104078008040e900f01321001c
:10c3680001487800a0802000104078000004e00018
:10c3780005003200a0802000104078008040e900cd
:10c38800a08020000148780030802000104078000c
:10c398000004e000050032003080200010407800e2
:10c3a8008040e90030802000014878000066800065
:10c3b8000000e800006688000166800000e12000b7
:10c3c800808f500008003600d09e2c000ac302005f
:10c3d8000100000030cc200011c0b30001487800f3
:10c3e8000000eb0000668800609180007191800079
:10c3f80000007800670060008004eb00000478000b
:10c408000800be00e00f5000e08f580072fd3a00af
:10c4180060802000104078000004e00070fd3200c9
:10c4280062002000b1a02c00e0bc2000180502002a
:10c4380000000000e1bc2000e0bc20008682020071
:10c448000000000010b120000ac302000100000033
:10c4580010a12c000ac302000100000048c302001a
:10c468000100000010b120008040eb000148780076
:10c478005cfd37000200fa000000eb00000f7800b6
:10c48800160037001e0078006a00b90080007800a6
:10c49800a02c2100008040008040eb00014878007b
:10c4a8001e0078006a00b90080007800c02c2100c6
:10c4b800008040008000eb00010878001e00780032
:10c4c8006a00b90080007800e02c2100008040005c
:10c4d8008000eb00010878001e0fe8001e007800bd
:10c4e800f90f5000e7ff34000080fa000000060052
:10c4f8000200fa00004f78001e80fb006a00b900b5
:10c5080080007800a02c2100008040008040eb00d3
:10c51800014878000080fa00000006000200fa00d6
:10c52800004f78001e80fb006a00b9008000780088
:10c53800a02c21000080400021c0b30001487800f1
:10c548000080fa00000006000400fa00004f78009e
:10c55800110798001e80fb006a00b900800078006f
:10c56800c02c2100008040009e0090000108780047
:10c578001e80fb006a00b90080007800a02c210012
:10c588000080400011c0b300014878000080fa0024
:10c59800000006000000fa00303f2400b033880095
:10c5a80000002400503488009e26ef004000200040
:10c5b80090358800c007200030368800c03420003d
:10c5c800d036880040002000d033880000002400c6
:10c5d80070348800a226ef00400c2000b035880097
:10c5e800300020005036880000182000f0368800ff
:10c5f8008826ef009c26ef00b026ef00c426ef0047
:10c60800d826ef00ec26ef008626ef009a26ef00ea
:10c61800ae26ef004000200010368800d626ef0036
:10c62800ea26ef0000202000503788000004200090
:10c63800b03688007c26ef009026ef00a426ef0095
:10c64800b826ef00cc26ef00e026ef00001f200000
:10c65800f03388009226ef00a626ef00ba26ef00f6
:10c66800e226ef0001088000f00b20000081600046
:10c678006004200071052000031020008049780024
:10c688008149780082497800813f8000f00f2800b6
:10c69800808060000050200001007000803f88000a
:10c6a800b13e800000f82f0000806000b000b300a9
:10c6b800b03e8800e13d800000fc2f000080600053
:10c6c8000020a000e03d8800713f800000f82f00a6
:10c6d800008060003000b300703f8800a13d8000fa
:10c6e80000fc2f00008060003001b300a03d8800ee
:10c6f800b13e8000f00f28008080600000a020007c
:10c7080001007000b03e8800b13d800000fc2f00a1
:10c7180000806000e000b300b03d880000088000a1
:10c72800000178000260a00060042000710520006c
:10c7380003102000804978008149780082497800f8
:10c748000080fa00000006000000fa0041058000a1
:10c75800f0ff28000080600000c0a00040058800ad
:10c768009021ef00f0e72300900c880000002800db
:10c77800a00c88008860a9009860a8004106800085
:10c78800f0f82f00008060000040a00040068800fc
:10c798007105800080ff2f00008060000000a0006d
:10c7a8007005880061058000f0ff280000806000a7
:10c7b80000c0a0006005880041068000f08f2f00af
:10c7c800008060000080a00040068800b10580005d
:10c7d800f0ff28000080600000c0a000b0058800bd
:10c7e800b1058000f08f2f00008060000080a0005d
:10c7f800b0058800e726a800e926a900d2c6a80047
:10c80800d4c6a900d246a800d446a900d266a8007a
:10c81800d466a900d286a800d486a900d2a6a8000a
:10c82800d4a6a9005fe6a8008a60a9009a60a800bb
:10c838000080fa00000006000000fa000007280047
:10c84800303a88004827ef0000a32000503a8800bb
:10c8580060002000603a88004e27ef005027ef0064
:10c868005627ef005a27ef00f422ef000080fa0065
:10c87800000006000200fa00004f78001e80fb004e
:10c88800603a88004627a8000080fa0000000600e9
:10c898000200fa000100370000000000303a800072
:10c8a800610060000000e000fbff3200913880006a
:10c8b800010f78001e0078000080fa0000000600d2
:10c8c8000e00fa0020079800614798007247980008
:10c8d800034f9800144f9800254f9800364f980042
:10c8e800474f98000040eb00004f78007e409000d2
:10c8f8000004e00002003a00c0c3b300704798008b
:10c908002e009000104078000004e000450032003e
:10c91800e0a18000e30f500042003a0026a7020081
:10c9280001000000e14f500020003a00809a80008a
:10c938000000e0001d003a0048c3020001000000aa
:10c94800ee4090001080200001487800ae00900072
:10c95800d02c220078be020001000000702e2200b8
:10c96800fe40900001487800103222009e48900056
:10c978000148780020322200ae4890000148780033
:10c9880030322200be489000014878005032220020
:10c99800ce4890000148780010002000809a880056
:10c9a80010c0b300004f78001e0037000e489000fa
:10c9b8000004e0001b00320048c302000100000030
:10c9c80060da2b000ac3020001000000d6a70200ab
:10c9d80001000000ee40900020302200014878005d
:10c9e800ae009000802e220078be020001000000f8
:10c9f80030302200fe40900001487800503222007a
:10ca08008040eb0001487800809a80000000e00038
:10ca180002003a0000052000809a880010c0b30088
:10ca2800004f780040db2b0010079800a0db2b009c
:10ca3800100798001e4078000080fa0000000600e9
:10ca48000200fa00881f7800809a80008000eb00be
:10ca58006208200003002000820f5000838f5800d6
:10ca680029063e000060010086003700a700370055
:10ca7800da003700e80037002401370046013700a4
:10ca88004e013700200637001f0637001e06370004
:10ca98001d0637005c0137001b0637008d01370083
:10caa8007f03370018063700d0033700da03370052
:10cab800f4033700ff033700070437001206370076
:10cac80011063700100637000f0637000e0637002c
:10cad8000d0637000c0637000b0637000a0637002c
:10cae800090637000806370007063700060637002c
:10caf800050637000406370003063700020637002c
:10cb080001063700000637000e04370025043700f9
:10cb1800330437007104370097043700fa053700eb
:10cb2800f9053700f8053700f70537009b0437008b
:10cb3800a7043700f4053700f3053700f20537007e
:10cb4800f1053700f0053700ef053700ee0537002f
:10cb5800ed053700ec053700b4043700c80437008a
:10cb6800d60437001f05370061053700e605370092
:10cb7800e5053700e4053700e30537006a053700a7
:10cb88007c053700e0053700df053700de05370094
:10cb9800dd053700dc053700db053700da0537002f
:10cba800d9053700d805370096053700a0053700a6
:10cbb800d5053700d4053700d3053700d20537002f
:10cbc800d1053700d0053700cf053700ce0537002f
:10cbd800cd053700cc053700cb053700ca0537002f
:10cbe800c9053700c8053700c7053700c60537002f
:10cbf800c5053700c4053700c3053700c20537002f
:10cc0800c1053700c0053700bf053700be0537002e
:10cc1800bd053700bc053700bb053700ba0537002e
:10cc2800b9053700b8053700b7053700b60537002e
:10cc3800b5053700b4053700b3053700b20537002e
:10cc4800b1053700b0053700af053700ae0537002e
:10cc5800ad053700ac053700ab053700aa0537002e
:10cc6800a9053700a8053700a7053700d701370001
:10cc7800f401370069023700d0023700da023700c2
:10cc8800e1023700d02c22008040eb0001487800f8
:10cc9800802e22008040eb000148780010802000a0
:10cca8008040eb0001487800008020008040eb00c5
:10ccb8000148780026a7020001000000e14f50005b
:10ccc80007003a000080200010407800804078007b
:10ccd8000104a00000802000014878000600370009
:10cce8000080200010407800804078000104a100f6
:10ccf800008020000148780041012000d0c0b30026
:10cd0800a862020001000000be0537004032220080
:10cd180011c0b3000148780000802000104078005e
:10cd2800804078000104a1000080200001487800bc
:10cd38000080200010407800804078000114a00096
:10cd48000080200001487800008020001040780012
:10cd5800804078000124a10000802000014878006c
:10cd68000080200010407800804078000134a10045
:10cd780000802000014878000080200010407800e2
:10cd8800804078000154a10000802000014878000c
:10cd98000080200010407800804078000164a100e5
:10cda80000802000014878001080200010407800a2
:10cdb800e24f500003003a00b0002000809a88003b
:10cdc80090053700c02c22008040eb000148780015
:10cdd80030002000809a88008a053700c02c220085
:10cde800104078008040e800c02c220001487800fc
:10cdf800c02c220010407800e94f50000300360094
:10ce0800b0002000809a88007e053700300020009e
:10ce1800809a88007b053700c02c220010407800db
:10ce28000080fb00f0188900f01881004600dd0042
:10ce3800f0188900f01881001004b000f01889007b
:10ce480041302200f01881000080e800c526220049
:10ce5800e42622008101780012c0b3008000780027
:10ce680000c5b300b23b0200010000002000200012
:10ce7800809a880040302200104078000000fb00b3
:10ce880061006000004078000004e00024053200e2
:10ce9800020120008000eb00c01f210026050200cf
:10cea80000000000c11f2100f0188100720040003e
:10ceb800c5262200e426220081017800f2c0b300d2
:10cec8008000780000c5b300b23b020001000000fa
:10ced80041302200c01f2100d0bc02000100000028
:10cee800403022006abf0200010000000000e0009c
:10cef8000d053200c013210041c1b300014878007c
:10cf080040002000809a88003e053700403022000b
:10cf1800104078000004e00016003200b0c680001f
:10cf2800610060000000e00014003a00c02c2200fc
:10cf3800104078008041eb00d22c220041302200c2
:10cf480048a80200000000000004e00006003200cb
:10cf580050002000809a8800c0132100a1c0b300af
:10cf6800014878000500370020002000809a8800da
:10cf78000200370020002000809a8800c01321009a
:10cf8800104078000004e000e9043a002000200086
:10cf9800809a88001b053700b0c680006140600099
:10cfa8000080fb00610060000000e000e2043a003d
:10cfb80020002000809a880012053700b0c6800043
:10cfc800610060000000e000dd043a00f1af80007d
:10cfd80000002100008060000000e000da043a0050
:10cfe800705d21008041eb00d22c22008000780087
:10cff8000040eb0048a8020000000000b00020003c
:10d00800809a8800ff04370026a70200010000006c
:10d01800e14f500027003a0010c4b3007e2e0200f2
:10d0280001000000702e2200104078008040780037
:10d03800d02c220048a7020001000000e14f500058
:10d0480014003a0048c3020001000000b0db2b00c6
:10d058000ac302000100000070dd2b000ac30200b1
:10d068000100000030a921000ac3020001000000ed
:10d0780010de2b000ac302000100000020802000ff
:10d088008040eb0001487800d0002000809a88009a
:10d09800dc04370048c302000100000030de2b002a
:10d0a8000ac3020001000000c0032000809a880023
:10d0b800d404370048c302000100000010e02b0030
:10d0c8000ac3020001000000c0032000809a880003
:10d0d800cc0437001080200010407800e24f500048
:10d0e8001300320090d48000620060000000e0006d
:10d0f8000900320053132000d20020008040eb00ca
:10d1080060e12b0010ac02000000000090d4800009
:10d118000010a10090d48800008020001040780002
:10d12800804078000114a0000080200001487800a9
:10d138002080200090407800702e22001040780057
:10d1480080cf50001300390048c3020001000000de
:10d1580030e22b000ac30200010000004032220026
:10d1680021c0b30001487800d6a7020001000000e2
:10d1780030012000809a880010802000104078003c
:10d18800e24f50000300320010e9200011c0b30044
:10d1980001487800d0aa210010407800e14f5000e3
:10d1a8006b043200d0aa210010407800e34f5000f1
:10d1b80064003a0000802000104078008040780029
:10d1c8000114a100008020000148780000802000a0
:10d1d80010407800804078000124a00000802000e2
:10d1e8000148780011c0b300000420003428020070
:10d1f8000100000010802000104078000004e000ca
:10d2080037003200320020008000eb0060c62000aa
:10d21800260502000000000060c62000c526220086
:10d22800e42622008001780032c0b300810120008a
:10d2380000c5b300b23b02000100000090c6200008
:10d248008040eb0001487800c5262200e426220031
:10d2580003f2200012c0b300c103200000c5b300d0
:10d26800b23b02000100000000f2200010407800ec
:10d278000004e0000400320000f2200010407800b2
:10d28800f44f50000300360000f2200051c0b300f4
:10d2980001487800c5262200e426220013f2200067
:10d2a80012c0b300d103200000c5b300b23b020096
:10d2b8000100000010f22000104078000004e00097
:10d2c8000400320010f2200010407800e64f4000c1
:10d2d8000300360010f2200001c5b30001487800b1
:10d2e80010802000104078000004e0000d0032009b
:10d2f80060c62000104078000004e00009003200f9
:10d3080040c4b3007e2e0200010000002008200067
:10d31800809a8800702e220031c0b300014878003e
:10d328000800370000c5b300fea702000100000096
:10d33800e0002000809a8800f0c4b3007e2e02002e
:10d3480001000000d0aa2100104078000004e0008d
:10d3580004003200d0aa210010407800e64f5000a7
:10d36800fd033a0048c302000100000060e32b00ff
:10d378000ac3020001000000d0aa21001040780072
:10d3880032c0b300e1bc20005e9102000100000041
:10d39800e0bc20000ac3020001000000f0e42b00fa
:10d3a8000ac3020001000000d02c22000ac30200b8
:10d3b8000100000010de2b000ac30200010000007b
:10d3c800c0032000809a88000e04370060e12b001b
:10d3d800169102000100000000407800004178002a
:10d3e80061e12b0070c2200042be02000100000073
:10d3f8000000e00003003a0040c4b3007e2e0200a3
:10d408000100000041012000d0c0b300a862020062
:10d418000100000000322200104078008040e9003e
:10d4280000322200014878000032220010407800c3
:10d438000004e000ca033a0020082000809a88000f
:10d44800f00337001080200010407800e24f5000b1
:10d458000900320060e12b00169102000100000073
:10d46800004078000041780061e12b0070c2200084
:10d4780042be02000100000040c4b3007e2e02003c
:10d48800010000001080200010407800e14f50009b
:10d4980026003a0000802000104078008040780084
:10d4a8000134a000008020000148780048c3020031
:10d4b8000100000010e52b000ac302000100000073
:10d4c80060c620000ac3020001000000e0e52b004e
:10d4d8000ac302000100000000f220001044780096
:10d4e80060c620001691020001000000004078008c
:10d4f800084178008040780060c6200094a90200a6
:10d50800010000000004e00005003a0048c30200e2
:10d518000100000010e62b000ac302000100000011
:10d5280030082000809a8800b603370061c62000c2
:10d53800e0bc200078be020001000000000f780067
:10d54800e0bc20001e004000a1c2b30001487800e2
:10d558001e0fe8009e007800e0bc2000808040009c
:10d56800906280000040780032c0b3005e910200f3
:10d57800010000001e0f4000e0bc20001e0040001b
:10d5880031c2b300014878001e0fe800e0bc20005b
:10d598001e0040008040eb000148780048c30200ac
:10d5a80001000000e0e62b000ac3020001000000b1
:10d5b800e0bc20000ac3020001000000e0e52b00e7
:10d5c8000ac302000100000000f2200010447800a5
:10d5d800e0bc200016910200010000000040780025
:10d5e8000841780080407800e0bc200094a902003f
:10d5f800010000000004e00005003a0048c30200f2
:10d608000100000010e62b000ac302000100000020
:10d6180040082000809a88007a033700c0d580002f
:10d62800610060000000e0004f033a001080200015
:10d6380010407800e14f500031003a00702e22006f
:10d64800104078008040e900702e220001487800e0
:10d65800702e2200104078000004e0000b00320019
:10d6680010f2200090407800003222000148780033
:10d6780010082000809a880041012000d0c0b30023
:10d68800a8620200010000005e033700c0e72b001b
:10d69800801f780090e82b00801f7800e0bc2000f5
:10d6a8000a05020000000000e4875700e0bc2000e3
:10d6b8000ac3020001000000e0c0200011c0b3004e
:10d6c8000148780000c5b300fea702000100000071
:10d6d800e0002000809a8800f0c4b3007e2e02008b
:10d6e8000100000000802000104078008040780091
:10d6f8000134a10000802000014878004103370070
:10d70800e0bc2000a1c2b30001487800906280000c
:10d718000040780032c0b300f1bc20005e910200e6
:10d728000100000020bd200031c2b300014878008c
:10d7380030bd20008040eb000148780048c302005b
:10d7480001000000b0e92b000ac30200010000003c
:10d75800e0bc20000ac302000100000010de2b001c
:10d768000ac302000100000000f220001044780003
:10d77800e0bc200016910200010000000040780083
:10d788000841780080407800e0bc200094a902009d
:10d79800010000000004e00005003a0048c3020050
:10d7a8000100000010e62b000ac30200010000007f
:10d7b80040082000809a880012033700c0d58000f6
:10d7c800610060000000e000e9023a005008200013
:10d7d800809a880001fa2000d0c0b300a862020035
:10d7e8000100000007033700d6a70200010000006f
:10d7f80060082000809a8800c013210031c0b3005f
:10d8080001487800ff023700d0aa210010407800b4
:10d818000004e00018003a000000eb00809a88003d
:10d828000080200010407800804078000154a0005b
:10d838000080200001487800008020001040780017
:10d84800804078000114a100008020000148780081
:10d858000080200010407800804078000124a1005a
:10d86800008020000148780020c5b3007e2e020009
:10d8780001000000e3023700c013210010407800c7
:10d888000004e000bc023a00c013210031c0b3001c
:10d8980001487800d6a7020001000000d90237002d
:10d8a800f0c4b3007e2e02000100000010e9200041
:10d8b8008040eb0001487800606080000000e000d4
:10d8c8000e0032008ca90200010000006160800097
:10d8d800810f50000900360048c302000100000013
:10d8e800c0ea2b000ac3020001000000d6a702000c
:10d8f8000100000000012000809a8800802e22008c
:10d90800104078000004e0000900320048c302001b
:10d918000100000050ec2b000ac3020001000000c7
:10d92800d6a702000100000000012000809a8800ac
:10d93800d0aa2100104078000004e0001d003a0041
:10d9480020012000809a88008ca9020001000000b4
:10d958000000e0000c003a0048c30200010000008b
:10d9680070ee2b000ac302000100000053222000c1
:10d97800d20020008040eb0010f02b0010ac020019
:10d98800000000000b00370048c30200010000003f
:10d99800e0f02b000ac302000100000093222000df
:10d9a800d20020008040eb00d0f42b0010ac020025
:10d9b8000000000050322200104078000004e0000f
:10d9c8006f02320048c3020001000000a0f52b00de
:10d9d8000ac3020001000000d6a7020001000000ef
:10d9e80000012000809a880086023700c0132100b9
:10d9f80031c0b3000148780070ea20008040eb0095
:10da080001487800d6a7020001000000100120009c
:10da1800809a88007b023700d0aa21001040780045
:10da28000004e00008003a0020012000809a8800e5
:10da380048c302000100000020f82b000ac30200be
:10da4800010000006f023700c01321001040780069
:10da58000004e0004c023a00c013210031c0b300ba
:10da680001487800d6a702000100000070ea2000f3
:10da7800104078008040e80070ea200001487800f3
:10da880060023700d0c4b3007e2e020001000000ff
:10da9800e0c020008040eb000148780070ea2000d8
:10daa8008040eb000148780080022000809a8800be
:10dab80054023700c013210031c0b3000148780078
:10dac80070ea20008040eb00014878004001200007
:10dad800809a88004b023700d0aa210010407800b5
:10dae8000004e00008003a00c0032000809a880083
:10daf80048c3020001000000d0f92b000ac302004d
:10db0800010000003f023700c013210010407800d8
:10db18000004e0001e023a00c013210031c0b30027
:10db280001487800d6a702000100000070ea200032
:10db3800104078008040e80070ea20000148780032
:10db480030023700008020001040780080407800c4
:10db58000154a000008020000148780000802000c7
:10db680010407800804078000114a1000080200057
:10db7800014878000080200010407800804078003c
:10db88000124a1000080200001487800c02c220058
:10db98008040eb0001487800a0022000809a8800ad
:10dba80018023700c02c2200104078008040e8009e
:10dbb800c02c220001487800c02c220010407800b8
:10dbc800e94f50000300360010032000809a8800b7
:10dbd8000c023700a0022000809a88000902370052
:10dbe800d0c4b3007e2e020001000000c02c220029
:10dbf800104078000080fb00f0188900f0188100c0
:10dc08004600dd00f0188900f01881001004b0000b
:10dc1800f018890041302200f01881000080e800e7
:10dc2800c5262200e42622008101780012c0b30034
:10dc38008000780000c5b300b23b0200010000007c
:10dc480090022000809a880040302200104078001e
:10dc58000000fb00620060000000e000ce0132001e
:10dc6800020120008000eb00c01f210026050200f1
:10dc780000000000c11f2100f01881007200400060
:10dc8800c5262200e426220081017800f2c0b300f4
:10dc98008000780000c5b300b23b0200010000001c
:10dca80041302200c01f2100d0bc0200010000004a
:10dcb800403022006abf0200010000000000e000be
:10dcc800b7013200b0022000809a8800c0132100fa
:10dcd80041c1b30001487800ca0137004030220032
:10dce800104078000004e0001a003200b0c680003e
:10dcf800610060000000e00018003a008ca90200f2
:10dd08000100000080007800c02c2200104078003c
:10dd18000042eb0081017800d22c22004130220021
:10dd280074a70200000000000004e00006003200b2
:10dd3800c0022000809a8800c0132100a1c0b3004f
:10dd4800014878000500370090022000809a88007a
:10dd58000200370090022000809a8800c01321003a
:10dd6800104078000004e0008f013a009002200083
:10dd7800809a8800a3013700b0c680006140600027
:10dd88000080fb00610060000000e00088013a00ac
:10dd980090022000809a88009a013700802e220085
:10dda800104078000004e000030032000005200065
:10ddb800809a8800930137000000eb00809a880061
:10ddc80020c5b3007e2e0200010000008d0137003f
:10ddd800b0c68000610060000000e00076013a00f3
:10dde800f1af800000002100008060000000e0002a
:10ddf80073013a008ca9020001000000800078003d
:10de0800705d210014c0b30081017800d22c22007b
:10de1800800078000040eb0074a7020000000000ba
:10de280010032000809a88007601370010e920004e
:10de380011c0b3000148780000802000104078002d
:10de4800804078000114a10000802000014878007b
:10de58000080200010407800804078000124a10054
:10de68000080200001487800c02c22008040eb0090
:10de780001487800e0032000809a8800610137009b
:10de8800c02c2200104078008040e800c02c2200fe
:10de980001487800c02c220010407800e94f50005b
:10dea8000300360050042000809a8800550137008e
:10deb800e0032000809a880052013700d0c4b300e4
:10dec8007e2e020001000000c02c220010407800c5
:10ded8000080fb00f0188900f01881004600dd0082
:10dee800f0188900f01881001004b000f0188900bb
:10def80041302200f01881000080e800c526220089
:10df0800e42622008101780012c0b3008000780066
:10df180000c5b300b23b02000100000040302200ff
:10df2800104078008040780000c8b30080c06000ce
:10df38006032220001487800d0032000809a8800cf
:10df480040302200104078000000fb0064006000b0
:10df58000000e0001c013200020120008000eb00fc
:10df6800c01f21002605020000000000c11f21007b
:10df7800f018810072004000c5262200e426220025
:10df880081017800f2c0b3008000780000c5b300ba
:10df9800b23b02000100000041302200c01f2100f6
:10dfa800d0bc020001000000403022001040780080
:10dfb8000004e00006013200403022006abf02007f
:10dfc800010000000000e00003013200f00320001f
:10dfd800809a8800c013210041c1b300014878002d
:10dfe8000801370040302200104078000004e000ab
:10dff80036003200b0c68000610060000000e0001a
:10e0080034003a001032220090407800203222007a
:10e018001040780080cf500009003a0010c420005a
:10e0280090407800a0c5b30080cf500004003200b3
:10e0380011c0b3000004200066280200010000009f
:10e0480060322200904078003032220090427800fe
:10e05800403222001042780020322200904178009d
:10e068001032220010417800c02c220010407800a5
:10e078000043eb00861f7800814378000543780051
:10e08800844278000342780082417800d22c220032
:10e0980041302200fca80200000000008f87e90040
:10e0a8000004e0000600320000042000809a880086
:10e0b800c0132100a1c0b300014878000500370053
:10e0c800d0032000809a880002003700d003200087
:10e0d800809a8800c0132100104078000004e000f6
:10e0e800bf003a00d0032000809a8800c50037009e
:10e0f800b0c68000614060000080fb0061006000e5
:10e108000000e00002003a00d0032000809a880056
:10e11800c2c0b30061e12b0070c2200042be020001
:10e1280001000000b7003700008020001040780090
:10e13800804078000164a000008020000148780039
:10e14800802e2200104078000004e0000300320016
:10e1580000052000809a8800aa0037000000eb0024
:10e16800809a880020c5b3007e2e020001000000be
:10e17800a4003700b0c68000610060000000e00025
:10e1880099003a00f1af8000000021000080600093
:10e198000000e00096003a006032220090407800cb
:10e1a800303222009042780040322200104278003b
:10e1b800203222009041780010322200104178006d
:10e1c800705d210016c0b300861f78008143780077
:10e1d8000543780084427800034278008241780041
:10e1e800d22c2200800078000040eb00fca802003e
:10e1f800000000008f87e90050042000809a880002
:10e2080080003700d6a7020001000000c0132100db
:10e2180031c0b3000148780070ea20008040eb006c
:10e228000148780010052000809a880075003700a2
:10e23800d0aa2100104078000004e00023003a0032
:10e24800802e2200104078000004e00019003200ff
:10e2580026a7020001000000e14f500066003a00c6
:10e26800203022009040780010802000014878007b
:10e27800503222008040eb0001487800812e2200b5
:10e28800d02c220078be02000100000030302200ad
:10e2980090407800702e220001487800100020007d
:10e2a800809a8800802e22008040eb000148780088
:10e2b800540037000000eb00809a880020c5b300a6
:10e2c8007e2e0200010000004e003700c01321001e
:10e2d800104078000004e00049003a00c013210013
:10e2e80031c0b30001487800d6a702000100000041
:10e2f80070ea2000104078008040e80070ea2000b2
:10e30800014878003f0037000000eb00809a880041
:10e3180020c5b3007e2e020001000000390037003e
:10e32800000000003700370000000000350037000b
:10e338000000000033003700000000003100370003
:10e34800000000002f003700000000002d003700fb
:10e35800000000002b0037000000000029003700f3
:10e3680000000000270037000000000025003700eb
:10e3780000000000230037000000000021003700e3
:10e38800000000001f003700000000001d003700db
:10e39800000000001b0037000000000019003700d3
:10e3a80000000000170037000000000015003700cb
:10e3b80000000000130037000000000011003700c3
:10e3c800000000000f003700000000000d003700bb
:10e3d800000000000b0037000000000009003700b3
:10e3e80000000000070037000000000005003700ab
:10e3f80000000000030037000000000001003700a3
:10e408000000000070ea200010407800e34f500040
:10e418000600360048c302000100000080fb2b0004
:10e428000ac3020001000000ffff37004f04780014
:10e438000080fa00000006000000fa004036800064
:10e448004400de00614060000080fb006100600065
:10e45800216480000100a100010070002064880090
:10e46800403680004500de00614060000080fb000f
:10e478006100600000004000216480000110a100dc
:10e488000100700020648800403680004300de00f0
:10e49800614060000080fb00610060004200dd0018
:10e4a800216480000120a100010070002064880020
:10e4b800403680004200de00614060000080fb00c2
:10e4c800610060004300dd00216480000130a1008c
:10e4d8000100700020648800106480004800de009d
:10e4e80061406000804078000040eb0050a20200cc
:10e4f80001000000614060000080fb0061006000d6
:10e508004800dd00216480000180a1000100700046
:10e5180020648800106480004900de0061406000cb
:10e528008040780010c0b30050a202000100000033
:10e53800614060000080fb00610060004900dd0070
:10e54800216480000190a10001007000206488000f
:10e55800106480004a00de0061406000804078005e
:10e5680020c0b30050a2020001000000614060001a
:10e578000080fb00610060004a00dd00216480002b
:10e5880001a0a100010070002064880010648000d0
:10e598004b00de00614060008040780030c0b3006e
:10e5a80050a2020001000000614060000080fb00f2
:10e5b800610060004b00dd002164800001b0a10013
:10e5c8000100700020648800c196800000192000b6
:10e5d800808f500004003200c1968000a0112000f6
:10e5e800808f50000f003a00d0b020001040780013
:10e5f8006140600061406000614060000080fb0095
:10e60800610060004800dd00216480000180a100f5
:10e618000100700020648800a080200061c0b30061
:10e6280001487800206480004800de0061406000f6
:10e638000080fb00610060004a00dd00d1338000eb
:10e6480001a0a10001007000d03388002064800080
:10e658004900de00614060000080fb00610060004e
:10e668004b00dd00d133800001b0a1000100700033
:10e67800d0338800206480004a00de0061406000da
:10e688000080fb00610060004c00dd00d133800099
:10e6980001c0a10001007000d03388002064800010
:10e6a8004b00de00614060000080fb0061006000fc
:10e6b8004d00dd00d133800001d0a10001007000c1
:10e6c800d033880010648000e1406000206480003e
:10e6d8006140600080cf500038003a00106480002c
:10e6e8000000d100e1406000206480000000d100fb
:10e6f8006140600080cf500030003a001064800014
:10e708004200de00e1406000206480004200de003c
:10e718006140600080cf500028003a0010648000fb
:10e728004300de00e1406000206480004300de001a
:10e738006140600080cf500020003a0010648000e3
:10e748004800de00e1406000206480004800de00f0
:10e758006140600080cf500018003a0010648000cb
:10e768004900de00e1406000206480004900de00ce
:10e778006140600080cf500010003a0010648000b3
:10e788004a00de00e1406000206480004a00de00ac
:10e798006140600080cf500008003a00106480009b
:10e7a8004b00de00e1406000206480004b00de008a
:10e7b8006140600080cf50005e003200a0ae2000b3
:10e7c800104078000004e000020032001028020027
:10e7d8000100000020648000614060000080fb00b0
:10e7e80061006000116480000100a1000100700058
:10e7f80010648800206480000000d100614060003f
:10e808000080fb006100600000004000116480008f
:10e818000110a100010070001064880020648000cd
:10e828004200de00614060000080fb006100600083
:10e838004200dd00116480000120a1000100700089
:10e8480010648800206480004300de00614060009e
:10e858000080fb00610060004300dd00116480005f
:10e868000130a1000100700010648800206480005d
:10e878004400de00614060000080fb006100600031
:10e888004400dd00116480000140a1000100700017
:10e8980010648800206480004800de006140600049
:10e8a8000080fb00610060004800dd00116480000a
:10e8b8000180a100010070001064880020648000bd
:10e8c8004900de00614060000080fb0061006000dc
:10e8d8004900dd00116480000190a1000100700072
:10e8e80010648800206480004a00de0061406000f7
:10e8f8000080fb00610060004a00dd0011648000b8
:10e9080001a0a1000100700010648800206480004c
:10e918004b00de00614060000080fb006100600089
:10e928004b00dd001164800001b0a10001007000ff
:10e9380010648800209b800081072000810f500010
:10e94800b702320081072000810f500019003e00f5
:10e95800ea0f5000b8013200ea0f50000c003e00e8
:10e96800e40f50002f013200e40f500003003e0076
:10e978000000e0003300320011043700e50f5000ba
:10e988003a013200e60f50000b0132000c04370048
:10e99800ec0f50002c023200ec0f50000602390038
:10e9a800f40f50004d023200f50f5000660232009d
:10e9b80003043700d1072000810f50005a033200aa
:10e9c800d1072000810f50000d003e00a107200054
:10e9d800810f500023033200a1072000810f50004f
:10e9e800a0023900b1072000810f50002c0332002b
:10e9f800c1072000810f50003c033200f0033700ac
:10ea0800e10b2000810f500090033200e10b200041
:10ea1800810f500004003e00e1072000810f5000e4
:10ea280080033200e6033700f10b2000810f50000d
:10ea380097033200a10f2000810f5000a903320074
:10ea4800df033700a0802000104078000004e000b9
:10ea58000700320030c4200010407800e24f500018
:10ea680003003a00b080200011c0b30001487800cc
:10ea78007aa90200010000000004e000b8003a0092
:10ea8800d0aa2100104078000004e000b4003a0049
:10ea980000c520008040eb000148780000b120004c
:10eaa8008040eb000148780030c420001040780016
:10eab800e24f50000800320000c5200010407800e6
:10eac800e14f50001b003a00b0c6800061006000b2
:10ead8000000e00017003a00a080200010407800f5
:10eae8000004e0000d003a00a0622c000ac30200f6
:10eaf8000100000000b1200010407800804078003c
:10eb08000114a00000b120000148780030c42000a2
:10eb180031c0b3000148780006003700b0802000fb
:10eb280011c0b3000148780030c4200041c0b300d0
:10eb38000148780040c4200010407800e24f50009f
:10eb48000800320000c5200010407800e24f500055
:10eb58000d003a00b0c68000610060000000e000cf
:10eb680009003a0000b12000104078008040780089
:10eb78000124a00000b120000148780040c4200012
:10eb880031c0b3000148780050c42000104078001c
:10eb9800e24f50000800320000c520001040780005
:10eba800e34f50000d003a00b0c6800061006000dd
:10ebb8000000e00009003a0000b120001040780091
:10ebc800804078000134a00000b12000014878009e
:10ebd80050c4200031c0b3000148780060c4200050
:10ebe80010407800e24f50000800320000c52000b5
:10ebf80010407800e44f50000d003a00b0c6800085
:10ec0800610060000000e00009003a0000b1200047
:10ec180010407800804078000144a00000b1200036
:10ec28000148780060c4200031c0b3000148780072
:10ec380000c52000104078000004e0000700320002
:10ec4800b0c68000610060000000e00003003a00e8
:10ec580000c520008040eb000148780000b120008a
:10ec6800104078000004e0003b00320010e920006a
:10ec780011c0b3000148780010c42000904078000b
:10ec8800a0c5b30080cf50002f003200808c210037
:10ec98009040780010c3b30080cf500005003200c8
:10eca800808c21009040780050c3b30080cf500082
:10ecb80025003a00403722008040eb0001487800e8
:10ecc800d03622008040eb0001487800303722001f
:10ecd80080c0eb0001487800e013210081c2b30036
:10ece800014878008080200011c8b30001487800ee
:10ecf80080632c000ac302000100000050002000bd
:10ed0800209b8800a0472200104078000080fb006c
:10ed1800640060000000e0000f00320000c4200022
:10ed2800104078000080fb00640060000000e000f4
:10ed38000800320011c0b30010c0b3009ac402002a
:10ed48000100000004003700e00b2000209b880031
:10ed58000100370000000000000000003c033700fd
:10ed6800f0a8210010407800e24f500017033a0045
:10ed7800a0d38000620060000000e00015033200ac
:10ed880030c4200010407800e24f500004003200e8
:10ed980000c5200010407800e14f50000f033a00f2
:10eda80060642c000ac3020001000000600020001b
:10edb800209b88002603370030c4200010407800cc
:10edc800e34f500003003a0030c4200041c0b300b4
:10edd8000148780030c4200010407800e24f50000d
:10ede80003003a0030c4200031c0b3000148780065
:10edf80030c42000104078000004e000f9023a0016
:10ee080060c8200011c0b30001487800a00f20009e
:10ee1800209b8800c0662c000ac302000100000085
:10ee28000b03370040372200104078008040e8008c
:10ee3800403722000148780040372200104078000f
:10ee4800e94f50000600360040012000209b880052
:10ee5800403722008040eb0001487800fc02370070
:10ee680050002000209b8800f9023700403722001c
:10ee7800104078000004e0004f003a0020342200df
:10ee88008040eb00014878000060fe004037220017
:10ee9800104078000080fb00501b8900501b810047
:10eea8004600dd00501b8900501b81001004b00093
:10eeb800501b8900501b8100c5262200e426220031
:10eec800f336220012c0b3008000780000c5b300fa
:10eed800b23b020001000000f036220090407800aa
:10eee80000b120001040780000c060000004e0007d
:10eef80025003200020120008000eb00c01f210025
:10ef08002605020000000000c11f2100501b8100df
:10ef180063004000c5262200e42622008101780013
:10ef2800f2c0b3008000780000c5b300b23b020015
:10ef38000100000081322200c01f2100d0bc020065
:10ef48000100000080322200104078000004e00038
:10ef58000d003200803222006abf0200010000006a
:10ef68000000e00008003200203422001040780041
:10ef78008040e8002034220001487800e0672c0037
:10ef88000ac3020001000000403722001040780048
:10ef98008040e800403722000148780040372200ce
:10efa80010407800e94f5000b8ff36004037220083
:10efb8008040eb000148780040372200104078007c
:10efc8000080fb00501b8900501b81004600dd00bb
:10efd800501b8900501b81001004b000501b890091
:10efe800501b8100c5262200e4262200f3362200a9
:10eff80012c0b3008000780000c5b300b23b020025
:10f0080001000000f03622009040780000b1200096
:10f018001040780000c060000004e00003003200e7
:10f02800a0002000209b88008902370040002000b3
:10f03800209b880086023700020120008000eb0038
:10f04800c01f21002605020000000000c11f21008a
:10f05800501b810072004000c5262200e4262200d1
:10f0680081017800f2c0b3008000780000c5b300c9
:10f07800b23b02000100000031342200c01f210011
:10f08800d0bc02000100000030342200104078009b
:10f098000004e0001d003200501b81000080e800e1
:10f0a800c5262200e4262200c336220012c0b3007f
:10f0b8008000780000c5b300b23b020001000000e8
:10f0c800c20020008000eb00d03522002605020097
:10f0d80000000000d1352200501b81001002b00052
:10f0e800c5262200e426220081017800c2c0b300b0
:10f0f8008000780000c5b300b23b020001000000a8
:10f10800903622008040eb0001487800303722001a
:10f1180010407800e14f400021003a000201200031
:10f128008000eb00c01f210026050200000000003f
:10f13800c11f2100501b810063004000c52622002a
:10f14800e426220081017800f2c0b3008000780034
:10f1580000c5b300b23b020001000000813222006a
:10f16800c01f2100d0bc0200010000008032220034
:10f17800104078000004e0000900320080322200cc
:10f188006abf0200010000000000e0000400320035
:10f19800403722009040780030372200014878003c
:10f1a800b0002000209b8800e013210041c1b3007b
:10f1b80001487800260237003034220010407800d9
:10f1c8000004e00014003200d0352200104078001e
:10f1d8000004e00010003200b0c68000610060004a
:10f1e8000000e0000e003a0040372200104078008e
:10f1f800d23522003134220072a50200000000003e
:10f20800c0002000209b8800e013210041c1b3000a
:10f218000148780002003700c0002000209b8800c9
:10f22800e0132100104078000004e000ef013a00ec
:10f23800c0002000209b8800e013210041c1b300da
:10f24800014878000202370030342200104078006c
:10f258000004e00018003200c03622001040780098
:10f268008080fb0000022000008060000000e000b9
:10f2780011003200b0c68000610060000000e000ac
:10f288000f003a0040372200104078003134220045
:10f2980086aa0200000000000004e000030032001b
:10f2a800d036220011c0b300014878004000200089
:10f2b800209b88000200370040002000209b880027
:10f2c800e0132100104078000004e000c9013a0072
:10f2d80040002000209b8800dd01370000e9200065
:10f2e800104078000004e000c4013a00d036220043
:10f2f800104078000004e0000d00320050012000aa
:10f30800209b880070c5b3007e2e0200010000001b
:10f31800e0362200c1c3b30001487800813e2000d6
:10f32800f0c0b300a862020001000000c801370065
:10f33800c0682c000ac302000100000080072000fa
:10f34800209b8800c201370070c5b3007e2e0200e2
:10f3580001000000e0362200104078008040e900fb
:10f36800e036220001487800e0362200104078009c
:10f378000004e0001600320048c30200010000004b
:10f38800006a2c000ac3020001000000e0362200d7
:10f39800104078000041eb00e1bc20005e910200c3
:10f3a80001000000e0bc20000ac3020001000000c8
:10f3b800c06a2c000ac3020001000000813e200040
:10f3c800f0c0b300a8620200010000000700370087
:10f3d80080072000209b880048c30200010000002d
:10f3e800e06a2c000ac30200010000007aa90200aa
:10f3f80001000000e34f500008003a00a00f200071
:10f40800209b880048c3020001000000d06c2c003b
:10f418000ac30200010000008d0137008c0137008b
:10f4280030372200904078004037220001487800a9
:10f438003037220010407800e14f400006003200cb
:10f4480090072000209b8800e0132100e1c1b30051
:10f45800014878007e013700a00f2000209b88001b
:10f468007b013700f0a82100104078000004e0007c
:10f478000b003a00d0aa2100104078000004e000f8
:10f4880007003a0090d48000620060000000e000ad
:10f498000300320090d480000010a10090d48800ae
:10f4a80000802000104078000080fb0061006000b0
:10f4b800004078000004e00063003200403722007a
:10f4c800104078000080fb00501b8900501b810011
:10f4d8004600dd00501b8900501b81001004b0005d
:10f4e800501b8900501b81000000e800c52622003f
:10f4f800e42622000337220012c0b30080007800ff
:10f5080000c5b300b23b02000100000040372200f2
:10f51800104078000080fb00501b8900501b8100c0
:10f528004600dd00501b8900501b81001004b0000c
:10f53800501b8900501b8100c5262200e4262200aa
:10f54800f336220012c0b3008000780000c5b30073
:10f55800b23b020001000000f036220010407800a3
:10f568008080fb0000042000008060000000e000b4
:10f57800040032002037220011c0b300014878008f
:10f5880003003700203722008040eb000148780054
:10f59800f0362200104078008080fb000002200036
:10f5a800008060000000e0000400320010372200f4
:10f5b80011c0b3000148780003003700103722005b
:10f5c8008040eb0001487800c06d2c000ac302009f
:10f5d80001000000e0c0200011c0b300014878001d
:10f5e8002037220010427800203422009041780011
:10f5f80040372200104078000041e8000037220020
:10f608009040780010372200104078008043eb00cb
:10f618000443780083427800024278008041eb007e
:10f628000141780080407800803222006464020042
:10f6380001000000e013210041c1b3000148780037
:10f64800a0072000209b8800e013210010407800cc
:10f658000004e000eb003a00e00b2000209b88004b
:10f66800fb00370000802000104078000080fb007d
:10f67800620060000000e00002003200b0072000d5
:10f68800209b8800e0132100104078000004e0006f
:10f69800de003a00e00b2000209b8800ec003700d9
:10f6a80000802000104078008080fb0000022000cd
:10f6b800008060000000e00002003200a00f20007f
:10f6c800209b880000802000104078008080fb008c
:10f6d80000042000008060000000e000cd0032003f
:10f6e800c0072000209b8800d9003700403722003f
:10f6f800104078008040e800403722000148780038
:10f708004037220010407800e94f500003003600cf
:10f71800e00b2000209b8800cd003700d007200098
:10f72800209b8800ca00370040372200104078002c
:10f738000080fb00501b8900501b81004600dd0043
:10f74800501b8900501b81001004b000501b890019
:10f75800501b8100c5262200e4262200f336220031
:10f7680012c0b3008000780000c5b300b23b0200ad
:10f7780001000000c0072000209b8800f03622000e
:10f788009040780000b120001040780000c0600070
:10f798000004e000a1003200020120008000eb001c
:10f7a800c01f21002605020000000000c11f210023
:10f7b800501b810063004000c5262200e426220079
:10f7c80081017800f2c0b3008000780000c5b30062
:10f7d800b23b02000100000081322200c01f21005c
:10f7e800d0bc0200010000008032220010407800e6
:10f7f8000004e0008b003200803222006abf020061
:10f80800010000000000e00088003200e00720004e
:10f81800209b8800e013210041c0b3000148780014
:10f828008b003700e0132100104078000004e0004e
:10f8380080003a0090072000209b8800e0132100f8
:10f8480021c3b3000148780081003700f00b200085
:10f85800209b8800e013210031c0b30001487800e4
:10f8680090ac02000000000010c420009040780016
:10f87800a0c5b30080cf50007000320011c0b300a3
:10f888000004200066280200010000007000370014
:10f89800e0132100104078000004e000040032006a
:10f8a80070c32000104078000004e00065003a00b2
:10f8b800a00f2000209b880010e92000104078004d
:10f8c8000004e00061003200032b2000f200200059
:10f8d8008040eb00006f2c0010ac0200000000001c
:10f8e8005b00370030c4200010407800e34f500020
:10f8f80009003a0000b12000104078000080fb00a9
:10f90800620060000000e0000300320030c4200004
:10f9180041c0b3000148780040c42000104078007e
:10f92800e34f500009003a0000b120001040780071
:10f938000080fb00640060000000e000030032006b
:10f9480040c4200041c0b3000148780050c42000e2
:10f9580010407800e34f500009003a0000b1200041
:10f96800104078000080fb00680060000000e000a4
:10f978000300320050c4200041c0b30001487800a1
:10f9880060c4200010407800e34f500009003a009e
:10f9980000b12000104078000080fb00700060007b
:10f9a8000000e0000300320060c4200041c0b30042
:10f9b800014878000000eb00209b880024003700f5
:10f9c800a00f2000209b88002100370000000000c5
:10f9d8001f003700000000001d0037000000000075
:10f9e8001b0037000000000019003700000000006d
:10f9f8001700370000000000150037000000000065
:10fa0800130037000000000011003700000000005c
:10fa18000f003700000000000d0037000000000054
:10fa28000b0037000000000009003700000000004c
:10fa38000700370000000000050037000000000044
:10fa4800030037000000000001003700000000003c
:10fa58000080fa00000006000000fa006000b8000c
:10fa680010f0880021f088000000eb0030f08800da
:10fa78006000b80040f0880051f088000080eb007a
:10fa88008080eb0060f0880071f088000000eb00d7
:10fa980080f0880090fc80000070a10090fc880035
:10faa80090fc80000050a10090fc880090fc800031
:10fab8000060a10090fc880030f921008040eb0034
:10fac800014878006000b800a0fc8800b1fc8800fc
:10fad80080f921008040eb00014878000080eb00ad
:10fae8008080eb0090248900a12489000080fa001e
:10faf800000006000600fa00008fbe0022079800ea
:10fb08001e00be00c001dd00020020002e00900093
:10fb18008000eb0000007100818071000080fa0015
:10fb2800000006000200fa00004f7800f0c2b3009f
:10fb38009e40780080cf50000700360090c3b30085
:10fb48009e40780080cf500003003e0000cdb300f7
:10fb58001e4040001700370000c4b3009e407800e4
:10fb680080cf50000700360060c4b3009e40780084
:10fb780080cf500003003e0090ccb3001e404000f0
:10fb88000c00370000c6b3009e40780080cf5000bc
:10fb98000700360060c6b3009e40780080cf500052
:10fba80003003e0090cab3001e4040000100370029
:10fbb80000c0eb000080fa00000006000400fa0014
:10fbc800100798001e00900010407800d5ff07002d
:10fbd800004f78001e0090000000e80010407800f8
:10fbe800d0ff0700104798001e407800e14f400002
:10fbf800030032001e409000e14f400002003a002e
:10fc080000c0eb00050037001e80fb004400dd004b
:10fc1800804078001e40900000c070000080fa000c
:10fc2800000006000a00fa00300798004107980013
:10fc38003e029000ce02900000802f00f1ff2f00be
:10fc480004037800050278008002780081007800bb
:10fc580005006300810062008101780000017800de
:10fc6800028fbe0090248100a12481001e01be00e5
:10fc7800800f5100818f590002003a000040eb00cc
:10fc88002d00370030002400003b88001e0078005b
:10fc9800103b88001e00be004008de00800078008f
:10fca800f007200000806000203b880011048000dd
:10fcb8002107980083e0a900000000000000000070
:10fcc80050052000303b8800a00a2000303b880007
:10fcd80061e7a8000000000000000000000000002c
:10fce800013b800000002800008060000000e00068
:10fcf800fbff3a0083e0a8000000000000000000bd
:10fd08002e01900012048800013b800000002200b0
:10fd1800008060000000e0000300320061a7a90035
:10fd280010c0b300040037001e01be0092248900f1
:10fd3800a32489000040eb000080fa0000000600c0
:10fd48001400fa00881f7800000f9800110f98001f
:10fd58000e0990009e099000028fbe00a302800049
:10fd68002307980000002000f10720001e03be00b2
:10fd78000604780007037800800378008100780083
:10fd880007006400810063008102780000027800a7
:10fd98000400be004008de0000007800a0028800d1
:10fda8009e007800310798003e0090001000ba00cd
:10fdb800400798003e0090001080ba005007980055
:10fdc8002e019000a20288004e0090008000eb00f7
:10fdd80060079800710798005e0090006102b80003
:10fde800f00f2000010020000403780005027800cd
:10fdf80080027800810078000500630081006200bd
:10fe080081017800000178000200be00c000dd001a
:10fe1800000020006e019000fe01900000007100bb
:10fe28008180710060079800710798006e0090004b
:10fe3800fe0090004f0478000080fa0000000600e1
:10fe48003e00fa00301f9800411f9800521f98008a
:10fe5800631f98003e199000ce199000c0ff2f0034
:10fe6800f1ff2f0002037800030178008001780079
:10fe7800810078000300630081006100810278003e
:10fe880000027800048fbe001e01be002207980001
:10fe98003307980022002000030020003e004100a4
:10fea800ae80490040079800510798002e00900046
:10feb800be009000a2ff0700600798007107980035
:10fec800780147006e009000fe009000809fbe0001
:10fed80080542c00801f780002007800f004020093
:10fee80000000000e6875700780047000ac30200b8
:10fef800010000005e199000ee199000620798005a
:10ff08007307980010002400003b88001e0078004a
:10ff1800103b88001e00be004008de00800078000c
:10ff2800f007200000806000203b8800a3028000ca
:10ff3800030f9800a00f2000a0028800ee00900098
:10ff4800110f98006e009000fe0090004008de003f
:10ff580080007800f00f200000806000200f9800db
:10ff68000000eb009e0890000108bb000000eb00b9
:10ff7800ae0890000188bb000e099000a20288001c
:10ff880013048000330f980083e0a90000000000ec
:10ff98000000000050052000303b8800a00a200027
:10ffa800303b880061e7a800000000000000000066
:10ffb80000000000013b8000000028000080600075
:10ffc8000000e000fbff3a0083e0a800000000000a
:10ffd80000000000be08900011048800013b80006a
:10ffe80000002200008060000000e00006003200ef
:10fff80080552c000ac302000100000061a7a90077
:020000040003f7
:100008000000eb0001003700100020000080fa001b
:10001800000006001000fa005007980061079800d9
:100028007207980080f921008040eb0001487800b1
:100038007e0090000000e00005003a0080f92100f1
:1000480011c0b3000148780010c0b3006e0037003b
:100058005e009000ee009000f2fe07000004e00051
:100068000500320080f9210021c0b3000148780062
:1000780020c0b3006400370020002400003b880043
:10008800a102800011079800a00f2000a00288009c
:100098005e009000103b88005e009000ee0090002b
:1000a8004008de0080007800f00720000080600033
:1000b800203b88000000eb00000f78002600370086
:1000c8001e0078006300b90000007800fe00900070
:1000d80000804000104078000080fb002007980056
:1000e8001e0078006300b900000078000000e800f6
:1000f800fe00900000804000104078000080fb0067
:100108004800dd00ae009000010070002007980054
:100118001e0078006300b900000078000080e80045
:10012800fe00900000804000104078000080fb0036
:10013800300798001e00780000004000ae009000d4
:100148000108bb001e00780000004000be009000bf
:100158000188bb001e0fe8009e007800f007200011
:10016800808f5000d6ff36009e009000a1028800c4
:10017800110480004107980083e0a90000000000f6
:100188000000000050052000303b8800a00a200035
:10019800303b880061e7a800000000000000000074
:1001a80000000000013b8000000028000080600083
:1001b8000000e000fbff3a0083e0a8000000000018
:1001c80000000000ce00900011048800013b800070
:1001d80000002200008060000000e00006003200fd
:1001e80061a7a90080f9210031c0b3000148780057
:1001f80030c0b3000400370080f921008040eb00d4
:10020800014878000040eb000080fa00000006007a
:100218000a00fa00400798006000b800008fbe008e
:10022800ce009000f0ff20000080600020079800ba
:100238002e0090008080ea00f0ff2000008060001f
:10024800300798002e0090008000eb00008fbe0061
:100258003e0090006101b8004c18dd00c410de00bb
:10026800810070004c10dd001e1f70001e9770008a
:100278001e00be000080fa00000006002e00fa00f2
:1002880040562c000ac3020001000000013b800018
:1002980000402000008060000000e0000b003200f9
:1002a800c0572c000ac3020001000000c0ff25004f
:1002b80051042000008fbe00c0ff2500510020001f
:1002c80020079800310798000a003700b0582c0022
:1002d8000ac3020001000000c0ff250051002000f1
:1002e800008fbe00c0ff25005104200020079800a1
:1002f800310798000000eb00c5ff07004007980091
:100308005107980010002000c1ff070060079800ff
:1003180071079800700147004e009000de009000c1
:10032800809fbe00a0592c00801f78000200780032
:10033800f004020000000000e68757007000470044
:100348000ac3020001000000700147006e0090001f
:10035800fe009000809fbe00005b2c00801f78008c
:1003680002007800f004020000000000e687570051
:10037800700047000ac30200010000004e0190000f
:10038800de0190002e009000be009000acfe070039
:100398000000e00002003a000000eb00090037000e
:1003a8006e019000fe0190001e00be00a4fe070032
:1003b8000000e00002003a000000eb0001003700f6
:1003c800100020000080fa00000006000600fa0075
:1003d800200798002e00900090407800a0c3b3003a
:1003e80080cf50000200320010c0b3002a0037004e
:1003f80010002000000f7800200037001e00780051
:10040800ae0090000080400010407800204798001f
:10041800ae409000f0c2b30080cf5000040034001a
:10042800ae40900090c3b30080cf5000120034005b
:10043800ae40900000c4b30080cf500004003400e8
:10044800ae40900060c4b30080cf50000a00340072
:10045800ae40900000c6b30080cf500004003400c6
:10046800ae40900060c6b30080cf50000200340058
:1004780010c0b300080037001e0fe8001e00780007
:10048800ae00900000804000104078000004e000ba
:10049800daff3a000040eb000080fa000000060096
:1004a8000e00fa00881f7800600798006e00900020
:1004b80090407800a0c3b30080cf50000200320003
:1004c80010c0b3007d0037006e0090000000e80007
:1004d800bafd070040479800ce40900000c2b30024
:1004e80080cf50000200360010c0b3007300370000
:1004f8006e00900067004000b0fd0700504798006c
:100508005e409000e54f50000200360010c0b30076
:100518006a0037006e00900063004000a7fd0700e6
:100528000080fb004804dd006e009000650040007c
:10053800a2fd07000080fb0008007000300798004b
:100548000040eb00004f78004e4090001e4f4000e6
:100558003e0090004800de00004078001e4f40003a
:100568003e009000004078001e4f40005e40900022
:100578001e4f40000000eb00100798001c003700d9
:100588001e0090000000400069004000ee0090004e
:100598000080400089fd0700004f98009e009000f1
:1005a80030002800008060000000e00004003d00ea
:1005b8000000e900c1ff2f00008070000000e80083
:1005c800e30f500005003a000e4890000004e000d8
:1005d8000200320010c0b300380037000e48900007
:1005e8001e4f40001e0090000000e8001007980011
:1005f8004e4090008080fb001e009000808f5000cd
:10060800dfff3c004e4090000080fb0000004000ef
:1006180069004000ee0090000080400067fd070080
:10062800104f98001e40ea00204f9800ae489000f6
:100638001e48900080cf50000200320010c0b30066
:100648001e0037004e4090000080fb000000400074
:100658006b004000ee0090000080400010407800e1
:10066800ea4f5000140032004e4090000080fb001a
:10067800000040006b004000ee0090000080400049
:1006880010407800ed4f50000b0032004e409000b3
:100698000080fb00000040006b004000ee0090006e
:1006a80000804000104078000004e00002003200a2
:1006b80010c0b300010037000040eb004f04780081
:1006c8000080fa00000006000800fa0020079800e1
:1006d800614798006e409000e24f500025003600b8
:1006e8002e0090000000e80034fd0700004f78005d
:1006f80000c2b3009e40780080cf50000200360050
:1007080010c0b3001c0037001e40780000404000b5
:100718006b40400010479800ee4090001e4090004b
:1007280080cf50000e0039002e0090005cff0700bb
:100738000004e00005003200805c2c000ac30200bf
:100748000100000020c0b3000b0037002e0090000d
:100758000b000700204798002e4090000600370045
:10076800805d2c000ac302000100000010c0b30025
:100778000100370010c0b3000080fa000000060036
:100788005600fa00889fbe008a1f7800202f980024
:100798000040eb00204f98002e2890000000e80051
:1007a80006fd0700304f98002e2890006300400097
:1007b80002fd07000080fb004805dd002e289000a0
:1007c80065004000fdfc07000080fb000a00700087
:1007d800600798002e28900067004000f7fc07008b
:1007e800604f98006e4890000004e000c2003a0094
:1007f80091fc800000082000008060000000e000fc
:10080800bd003a0040f0800051f080006e01900079
:10081800b8fc0700000f9800110f98000e08900010
:100828009e0890008100d1000080d300000f98003e
:10083800110f98000e0990009e09900000002000fa
:10084800010420000200400083804800200f980027
:10085800310f980062f0800073f080000080eb0098
:100868008080eb00800f5100818f590041003200d9
:10087800a2fc8000b3fc800030f921001040780011
:100888000080fb000000d100004078000080fb00e1
:100898008000eb0002014000838148002e08900090
:1008a800be089000800f5100818f5900310032003e
:1008b800f05e2c000ac3020001000000a0fc8000ca
:1008c800b1fc8000220220000e014100809fbe0082
:1008d8002e089000be089000809fbe0090602c00fb
:1008e800801f780002007800f00402000000000079
:1008f800ea875700200220000e0040000ac30200c9
:10090800010000002e099000be099000f0ef2500bc
:1009180001042000800f5100818f590004003e001f
:1009280030c0b300204f98002e489000db003700fd
:1009380080f080000000e0000a00320060f08000d3
:1009480071f0800022e12100b2fd07000004e00000
:100958000400320090c0b300204f98002e48900049
:10096800ce00370090fc80000070a00090fc88004a
:10097800610037002e099000be099000a2fc880093
:10098800b3fc880030f92100be4990000348780084
:100998000000eb00000f7800530037009e0078003d
:1009a80063806000e30f50004d00320080f080004b
:1009b8000000e0002c003a0062f0800073f0800034
:1009c8000080eb008080eb00800f5100818f590080
:1009d80010003a002e099000be09900000f02f0088
:1009e800f1ff2f00020278000301780080017800ef
:1009f80081007800030062008100610081047800b2
:100a0800000478000800be0060f0880071f08800db
:100a18000600370060f0800071f080000010b00020
:100a28000180b00060f0880071f088000000eb00e1
:100a380010079800080037009e00900020e1210070
:100a48000080400080c0eb00014878001e00900044
:100a58000000e800100798009e009000f0172000a2
:100a6800808f5000f4ff36008af080001e00780066
:100a78000000400069004000ae289000008040005f
:100a88004efc070021e121008100450080487800e4
:100a980080f080000000e80080f0880081f080008d
:100aa80000182000808f50000e003a0060f080008f
:100ab80071f0800022e1210056fd07000004e000eb
:100ac8000400320080c0b300204f98002e489000e8
:100ad800720037000000eb0080f08800010037004a
:100ae800000000001e0fe8003e4890000080fb0058
:100af8009e0f5000a9ff3e006e4890000004e000e1
:100b08004a003a0091fc8000000820000080600044
:100b18000000e0004500320040f0800051f0800005
:100b28006e019000f3fb0700400f9800510f9800ea
:100b38004e089000de0890008100d1000080d300ac
:100b4800400f9800510f98004e099000de09900060
:100b580000002000010420000200400083804800bb
:100b6800600f9800710f98006e099000fe099000c0
:100b7800c0ff250051042000800f5100818f5900cb
:100b8800020036000040eb00440037006000b80067
:100b980020079800310798000000eb0040079800f4
:100ba800140037004e00900000004000690040002b
:100bb800ae2890000080400000fc07008080fb0009
:100bc8004e0090004300dd000008dd00cf80de000d
:100bd8002e019000be01900000007100818071001c
:100be80020079800310798004e0090000000e800a8
:100bf800400798003e4890008080fb004e0090001f
:100c0800808f5000e7ff3c002e019000be0190004d
:100c18006e089000fe08900089fc07000000e000c4
:100c28001c003a0010c0b3001c0037006e4890004a
:100c3800e44f500010003a002e2890006900400050
:100c4800defb07000080fb004804dd002e28900032
:100c58006b004000d9fb07000080fb000800700013
:100c6800001798000e1090008000eb0040f08800fc
:100c780051f08800080037006e489000e14f50009e
:100c880005003a0090fc80000050a00090fc88000d
:100c980001003700000000000040eb004f0578001d
:100ca8004f04be000080fa00000006000400fa00ad
:100cb80000c42000104078000080fb006100600044
:100cc800004078000004e00004003a006080200042
:100cd800104078000004e00013003200c19b80003f
:100ce800b0248100808f50000f003200b1248100b1
:100cf800c09b8000811f7800801f7800c01c2c00da
:100d0800801f7800e0bc2000f00402000000000012
:100d1800e6875700e0bc20000ac30200010000007b
:100d2800c09b8000b0248900c09b8000ec0f50005d
:100d380004003e00411f200010c1b300a862020059
:100d480001000000c09b8000eb0f50005f003200e4
:100d5800eb0f50000e003e00e50f5000400032003f
:100d6800e50f500005003e000000e0001a003200c8
:100d7800e10f50002400320038033700e60f50001e
:100d88003d003200ea0f50004700320033033700bd
:100d9800ee0f5000ed023200ee0f500005003e004d
:100da800ec0f5000ab003200ed0f5000e9003200ac
:100db8002a03370041062000810f50000f0332003c
:100dc800810c2000810f500017033200ef0f5000f4
:100dd800ea02320021033700c01e22008040eb00e7
:100de800014878002012220001c5b30001487800ac
:100df80080a420008040eb0001487800100020000b
:100e0800c09b88002a033700201222001040780077
:100e18000004e00005003200201222001040780093
:100e28008040e900201222000148780020122200a8
:100e3800104078000004e00002003a00a000200002
:100e4800c09b880080a42000104078000004e000c7
:100e580006033200a0002000c09b8800140337005e
:100e68002012220081c2b3000148780060002000ef
:100e7800c09b88000e033700201222001040780023
:100e88008040e90020122200014878002012220048
:100e9800104078000004e000f6023a00a0002000ac
:100ea800c09b880002033700030307000004e0002a
:100eb800f2023200b0002000c09b880020122200fd
:100ec800a1c0b30001487800f9023700fa02070010
:100ed8000004e00055003200201222001040780083
:100ee8000004e0004b003a00a0ae2000104078005b
:100ef8000004e000e3023a00b6e6a800b6c6a8007f
:100f0800ca06a800ca26a80048c3020001000000bb
:100f1800a01d2c000ac302000100000010c0b3008d
:100f280076a6020001000000aee3a80030d68000db
:100f38000000d100614060000080fb00801f780045
:100f4800a01e2c00801f7800e0bc2000f0040200e6
:100f580000000000e4875700e0bc20000ac302003c
:100f680001000000e0cc80000000d100614060007a
:100f78008081fb00e0cc8000614060000081fb00c4
:100f8800d0aa2100104078008080fb00f0a8210042
:100f9800104078000080fb00831f7800821f7800d3
:100fa800811f7800801f780000202c00801f7800a7
:100fb800e0bc2000f004020000000000ea875700af
:100fc800e0bc20000ac3020001000000620020000b
:100fd80061222c00e0bc200018050200000000007f
:100fe800e1bc2000e0bc2000868202000000000076
:100ff80010b120000ac3020001000000c0222c002a
:101008000ac3020001000000c0002000c09b880045
:10101800a702370020122200104078008040e90023
:101028002012220001487800a10237005000200059
:10103800c09b8800b6a60200010000000004e00082
:10104800920232000040eb0076a602000100000088
:1010580097023700980207000004e00004003200fd
:10106800a0ae2000104078000004e0000f0032001d
:1010780048c3020001000000e0222c000ac302005d
:1010880001000000b6a60200010000000004e00014
:10109800030032000040eb0076a6020001000000c9
:1010a80050002000c09b880081023700b6a60200cd
:1010b80001000000e14f50000300320010c0b300ef
:1010c80076a6020001000000e0a180000000e00018
:1010d80006003200e0a18000e50f50000300320056
:1010e800e0a18000e60f50006a023a0020122200b8
:1010f80041c0b300014878006200200061222c0042
:10110800e0bc20001805020000000000e1bc20003f
:10111800e0bc2000868202000000000010b1200020
:101128000ac3020001000000c0222c000ac302000a
:1011380001000000d0002000c09b880060fe8000f5
:10114800e50f500055023a00800c2000c09b880033
:1011580057023700580207000004e000040032007c
:10116800a0ae2000104078000004e0000f0032001c
:1011780048c302000100000000242c000ac302003a
:1011880001000000b6a60200010000000004e00013
:10119800030032000040eb0076a6020001000000c8
:1011a80050002000c09b880041023700e0a1800069
:1011b8000000e00006003200e0a18000e50f5000ca
:1011c80003003200e0a18000e60f500035023a002b
:1011d80020122200104078000004e000d5013a00f7
:1011e800e0002000c09b880000f0200020400200a2
:1011f8000100000000f0200090407800a0c7200007
:101208001040780080cf500008003400a0c72000ac
:10121800104078008040780000f0200010407800ee
:1012280000c05000784f400006003700a0c72000db
:10123800104078008040780000f0200010407800ce
:1012480000cf50009e407800c00320000088b900fd
:101258000000780080407800b0c720001040780077
:101268000041780010f02000104078000040510044
:1012780000c04000204798000040eb00104798004d
:101288002e4090000004e00003003a0010c0b300b4
:1012980010479800080037002e409000fd4f50007e
:1012a80003003e00ae40900011479800020037004e
:1012b800e0c1b300104798001e4090000080fb007a
:1012c800801f780020252c00801f7800e0bc2000bb
:1012d800f004020000000000e4875700e0bc200092
:1012e8000ac30200010000001e4190008040eb008c
:1012f80000f020005a4102000100000011c0b300b4
:1013080070c0b300c4420200010000001e409000fb
:101318006f4040008040780000f020001a4402002e
:101328000100000021c0b30070c0b30012450200e4
:101338000100000000c120008040eb000148780057
:10134800e0c020008040eb0001487800f0c0200099
:101358008040eb00014878000040eb00f0550200a7
:10136800010000007a2c0200010000001028020091
:1013780001000000b6e6a800b6c6a800ca06a80084
:10138800ca26a8001100200010c1b300a8620200fc
:10139800010000000000eb00e0738800a2012000bb
:1013a8008000eb0060c2200026050200000000005b
:1013b8000060fe008000eb0010262c0086820200f0
:1013c8000000000010b120000ac302000100000064
:1013d80010b120008040eb00014878006022210015
:1013e80011c0b300014878000000eb00e0738800ea
:1013f800a0132100f1c3b30001487800a0802000a9
:101408008040eb000148780000000000d11c8000fb
:1014180000102000008060000000e000fbff3200a8
:10142800811d800000102000008060000000e000a6
:10143800f6ff32008fa6a800a2c6a800a2e6a9005f
:10144800001920007058880030c420008040eb004c
:101458000148780000b120001040780080407800f2
:101468000114a10000b120000148780020262c00ba
:101478000ac302000100000000000000d11c800027
:1014880000102000008060000000e000fbff320038
:10149800811d800000102000008060000000e00036
:1014a800f6ff32000060fe00010037000000000077
:1014b800d11c800000102000008060000000e000c7
:1014c800faff3200811d80000010200000806000bb
:1014d8000000e000f5ff3200410480000080200099
:1014e800008060000000e000f0ff3a005104800036
:1014f80000002400008060000000e000ebff3a00dc
:1015080050048000680060000000e000e7ff3a0037
:101518000000000098e3a800aee3a8000000000067
:10152800c02621008040eb0001487800d11c8000d3
:1015380000102000008060000000e000630032001e
:10154800811d800000102000008060000000e00085
:101558005e003200410480000080200000806000ae
:101568000000e00059003a00510480000000240007
:10157800008060000000e00054003a005004800041
:10158800680060000000e00050003a004137800029
:1015980000202000008060000000e0004b003a00be
:1015a800a136800000042000008060000000e000f8
:1015b80046003a00000000000040fe0000272c0012
:1015c8000ac3020001000000500480004300de004e
:1015d800614060000082fb00500480004e00de0085
:1015e800614060008081fb00400480004b00de0009
:1015f800614060000081fb00801d80004800de0023
:10160800614060008080fb00d01c80004800de0044
:10161800614060000080fb00841f7800831f780011
:10162800821f7800811f7800801f7800f0272c0027
:10163800801f7800e0bc2000f004020000000000d9
:10164800ec87570000000000e0bc20000ac302003d
:1016580001000000c0262100104078008001fb0036
:10166800a03680004200de00614060000081fb007f
:10167800a03680004600de00614060008080fb00ec
:10168800403780004900de00614060000080fb00b8
:10169800831f7800821f7800811f7800801f7800e0
:1016a800e02a2c00801f7800e0bc2000f004020033
:1016b80000000000ea87570000000000e0bc20009e
:1016c8000ac30200010000003a003700c02d2c00b8
:1016d8000ac3020001000000500480004e00de0032
:1016e800614060008081fb00400480004b00de0008
:1016f800614060000081fb00801d80004800de0022
:10170800614060008080fb00d01c80004800de0043
:10171800614060000080fb00831f7800821f780012
:10172800811f7800801f7800b02e2c00801f780061
:10173800e0bc2000f004020000000000ea87570027
:1017480000000000e0bc20000ac302000100000005
:10175800a03680004600de00614060000081fb008a
:10176800403780004900de00614060008080fb0057
:10177800500480004300de00614060000080fb00f0
:10178800821f7800811f7800801f780010312c009c
:10179800801f7800e0bc2000f00402000000000078
:1017a800e887570000000000e0bc20000ac30200e0
:1017b80001000000c0262100104078000004e0006d
:1017c8000300320050e7200011c0b3000148780040
:1017d8000060fe002064020001000000583d020085
:1017e8000100000000f0200020400200010000007d
:1017f8000040eb001447020001000000e44302002f
:10180800010000004646020001000000a09180008f
:10181800e10f400003003200a09180000000e800c2
:10182800a0918800d0338000680060000000e000cc
:1018380006003200b0918000e10f40000300320042
:10184800b09180000000e800b09188004036800028
:10185800700060000000e00006003a00c0918000bf
:10186800e10f400003003200c09180000000e80052
:10187800c09188004136800000022000008060008e
:101888000000e0000c003200403680006800600074
:101898000000e0000800320040368000640060006c
:1018a8000000e00004003200b035800064006000f1
:1018b8000000e00006003a00d0918000e10f4000ef
:1018c80003003200d09180000000e800d091880029
:1018d8008000eb0010262c00868202000000000029
:1018e80010b120000ac3020001000000c0222c0031
:1018f8000ac302000100000010b120008040eb0084
:101908000148780030cc200011c0b30001487800ad
:1019180040062000b0978800c1968000f00f200094
:10192800808f500061003a00e01f2000c0968800b8
:101938005f00370020122200104078008040e90044
:10194800201222000148780059003700b6a602008c
:10195800010000000004e000030032000040eb003a
:1019680076a60200010000000000eb00e07388008a
:10197800f0002000c09b88004d00370030cc2000cc
:1019880011c0b300014878000000eb00e073880044
:1019980048c3020001000000c0968000801f780044
:1019a800f0322c00801f7800e0bc2000f004020018
:1019b80000000000e4875700e0bc20000ac30200d2
:1019c80001000000c1968000b00c2000808f5000fc
:1019d80004003a00007d200001002000d096880015
:1019e800e196880000f0200020400200010000007d
:1019f80050002000c09b88002d0037000000000028
:101a080000000000000000000000000000000000ce
:101a18000000000098e3a900aee3a9000000eb0075
:101a2800c09b880022003700b0342c000ac3020093
:101a380001000000ce6202000100000083e0a9005e
:101a4800000000000000000000000000000000008e
:101a5800000000000000fe00150037000000eb0049
:101a6800c09b880000000000110037000000000043
:101a78000f003700000000000d00370000000000d4
:101a88000b003700000000000900370000000000cc
:101a980007003700000000000500370000000000c4
:101aa80003003700000000000100370000000000bc
:101ab8000080fa00000006000200fa0060fe8000c4
:101ac800e10f500002003a000040eb0075003700bb
:101ad800c1968000f00f2000808f500002003a006d
:101ae80010c0b3006f003700c1968000700e200050
:101af800808f500006003600c1968000d00e20006e
:101b0800808f500002003e000040eb006500370067
:101b1800c1968000d01f2000808f5000060036003c
:101b2800c196800000202000808f500002003e00f7
:101b38000040eb005b003700c1968000100f2000ca
:101b4800808f500002003a000040eb00550037003b
:101b5800c1968000b0032000808f50000600360038
:101b6800c196800000042000808f500002003e00d3
:101b78000040eb004b003700b1c68000000e20008b
:101b8800008060000000e000020032000040eb002e
:101b98004400370030802000104078000004e00046
:101ba800020032000040eb003e00370070c3200006
:101bb800104078000004e000020032000040eb0012
:101bc80038003700803d2100104078000004e00014
:101bd80002003a000040eb003200370040998000d4
:101be800e20f5000020036000040eb002d003700e5
:101bf800309a80000000e000020032000040eb0054
:101c080028003700809a80000000e00002003200bf
:101c18000040eb0023003700d09a80000000e0006d
:101c2800020032000040eb001e003700209b8000bd
:101c38000000e000020032000040eb00190037000d
:101c4800709680000000e000020032000040eb00c7
:101c580014003700109c8000e10f50000200320091
:101c68000040eb000f0037000000eb00000f780089
:101c78000800370030c420001e00400010407800e3
:101c8800e54f500002003a000040eb000500370025
:101c98001e0fe8001e007800e30f5000f5ff340027
:101ca80010c0b3000080fa00000006000600fa0029
:101cb800200798000040eb0020479800ae009000f5
:101cc800010f78000d0037002e4090006a00b9001f
:101cd80000007800204798001e0078001040780027
:101ce800804078002e40900080c0400000cdb300b6
:101cf80000c04000204798001e0fe8001e00780032
:101d080090407800f0c2b30080cf50000500340046
:101d18001e0078009040780090c3b30080cf500038
:101d2800e9ff34002e4090000080fa000000060011
:101d38000800fa0030079800be00900011079800cc
:101d48001e00900090407800d0c2b30080cf5000b1
:101d580006003a001e0090000000e80010079800f6
:101d680000c0eb00004f78000200370010c0b3003d
:101d7800004f78000040eb00404798001000370003
:101d88004e4090006a00b9000000780000407800da
:101d9800404798001e00900010407800804078006e
:101da8004e40900080c0400000cdb30000c040000d
:101db800404798001e0090000000e80010079800b7
:101dc8001e00900090407800f0c2b30080cf500011
:101dd800050034001e0090009040780090c3b300c6
:101de80080cf5000e6ff34001e407800ce409000bf
:101df8008180fb000088b90000007800004078006e
:101e08000080fa00000006000800fa003007980079
:101e18006000b8001007980021079800be009000e5
:101e2800010f78001c0037002e0090006a00b900ee
:101e3800000178001e0090006000b90000007800e2
:101e4800000141009e009000a00020000008b8009a
:101e580001014100820078001007980021079800ce
:101e680010079800210798001e007800104078009d
:101e78000000fb000003b100cf80de001e019000cf
:101e8800ae019000020040008380480010079800cf
:101e9800210798001e0fe8001e0078009040780087
:101ea800f0c2b30080cf5000050034001e00780057
:101eb8009040780090c3b30080cf5000daff340020
:101ec8001e009000ae0090000080fa00000006009e
:101ed8000800fa002007980031079800be0090001b
:101ee800010f7800ae009000f0702200808f500043
:101ef800170036002e009000c400de007034200069
:101f08000008b8004308de00004078000043b00035
:101f1800804078003e009000014878003e00900024
:101f28000000e800300798002e019000c410de0081
:101f3800703420000008b800c308de0000712200d9
:101f48000088b900000078000000510020079800c0
:101f5800ae009000703e2000808f500018003600c0
:101f68002e009000c300de00500c22000008b800cc
:101f78004408de00004078000043b000804078004c
:101f88003e009000014878003e0090000000e80004
:101f9800300798002e019000c310de00500c22007c
:101fa8000008b800c408de00803e20000088b900a0
:101fb8000000780000005100200798000a00370050
:101fc8003e0090009e007800808f5000060032008e
:101fd8003e00900001c3b300014878003e00900025
:101fe8000000e80030079800ae009000300620009e
:101ff800808f5000180036002e009000c200de00ce
:10200800b04721000008b8000100d1000040780066
:102018000043b000804078003e00900001487800fe
:102028003e0090000000e800300798002e01900064
:10203800c210de00b04721000008b8008100d100be
:10204800400620000088b900000078000000510018
:10205800200798000a0037003e0090009e00780094
:10206800808f5000060032003e00900001c3b3008c
:10207800014878003e0090000000e8003007980012
:102088002e009000e90f50000d003600ae009000c1
:10209800d0cc2c000008b8004308de0000407800cf
:1020a8000043b000804078003e009000014878006e
:1020b8003e0090000000e800300798000a00370052
:1020c8003e0090009e007800808f5000060032008d
:1020d8003e00900001c3b300014878003e00900024
:1020e8000000e800300798002e019000d0cc2c00aa
:1020f8000010b8004308de006a00b900000078004c
:1021080000005100200798002e0090000040780041
:102118000043b000804078003e00900001487800fd
:102128003e0090000000e800300798003e00900054
:102138008040eb0001487800be0090001e00780047
:1021480000805000100798001e0090000080fa00e0
:10215800000006000200fa00004f7800f0c2b30049
:102168009e40780080cf50000800340090c3b30030
:102178009e40780080cf500004003c009e407800cc
:1021880000cdb30000c040000d00370000c4b3000c
:102198009e40780080cf50000800340060c4b3002f
:1021a8009e40780080cf500004003c009e4078009c
:1021b80090ccb30000c04000010037000040eb00a5
:1021c8000080fa00000006000200fa00004f7800c4
:1021d8001e4078000004e000060035001e4078002c
:1021e800e94f500003003c001e4078000043b00057
:1021f8000a0037001e407800e94f500006003400fe
:102208001e407800ef4f500003003c001e4078004d
:102218007043b0000100370000c3b3000080fa002b
:10222800000006000400fa00100798000000eb0008
:10223800000f78001e0090000000e0000800320047
:10224800010037001e0fe8001e0078009e00900075
:1022580000804000104078000004e000f9ff3a00d8
:102268001e0078000080fa00000006000400fa0052
:10227800100798000000eb00000f78001e00900087
:102288000000e00008003200010037001e0fe800df
:102298001e0078009e0090000080400010407800ea
:1022a8000004e000f9ff3a001e0078000080fa0000
:1022b800000006000a00fa0040479800310798001d
:1022c800024f9800be009000010f7800ce409000a9
:1022d80030c6b30080cf500003003e000e48900087
:1022e800e24f5000190036004e4090000080fb007d
:1022f800c200de00b04721000008b8000100d1008c
:10230800004078000043b000804078003e00900014
:10231800014878003e0090000000e800300798006f
:102328004e4090000081fb00c210de00b047210043
:102338000008b8008100d100400620000088b900dc
:102348000000780000005100404798004e4090007f
:10235800e94f50000e0036004e4090008080fb0090
:10236800d0cc2c000008b8004308de0000407800fc
:102378000043b000804078003e009000014878009b
:102388003e0090000000e800300798000d0037007c
:102398003e0090009e007800808f500003003a00b5
:1023a8000e489000e14f5000060036003e009000b5
:1023b80001c3b300014878003e0090000000e80027
:1023c800300798004e4090000081fb00d0cc2c00d4
:1023d8000010b8004308de006a00b9000000780069
:1023e80000005100404798004e4090000043b00064
:1023f800804078003e009000014878003e00900040
:102408000000e800300798003e0090008040eb0094
:10241800014878003e009000804078001e00780057
:102428000040780000c05000204798002e409000df
:102438000080fb000080fa00000006000e00fa0091
:10244800300798004107980052079800434f9800ba
:102458003e009000ce009000e00f5000e08f580042
:102468004d0032004e489000004fe9001e80fb00ee
:10247800de009000008040008040eb0001487800ba
:10248800180037001e4fe9003e009000ce00900073
:10249800a2002000030020009c04020000000000ad
:1024a80010079800210798001e80fb00de009000ae
:1024b800008040009e009000814078000143b000f9
:1024c800014878003e009000ce009000a200200055
:1024d800030020007c040200000000003007980080
:1024e800410798001e4078000004e0000500320013
:1024f8003e009000ce009000e00f5000e08f5800a2
:10250800e0ff3a001e4078000004e0001f0032009f
:102518000040eb00104798000d0037001e40900067
:102528000080fb00de009000008040009e80fb00e1
:102538005e019000810041009140780001487800d8
:102548001e4090000040e800104798001e4fe80029
:102558001e80fb00de0090000080400010407800e4
:102568000004e000edff3a001e4090000080fb00f0
:10257800de009000008040008040eb0001487800b9
:102588001e4090000080fb000b0037004e48900072
:102598000080fb00080037005e00900001c3b30014
:1025a800014878005e0090000000e8008040eb00e1
:1025b80001487800100020000080fa0000000600a2
:1025c8000600fa00881f7800204798002107980025
:1025d8002e4090006f4f6000ae40900000cfb300d7
:1025e80000c06000104798001e4090000080fb006b
:1025f8004400de00104798001e409000f2fe0700dd
:10260800804078002e009000014878002e0090004d
:102618000004e8001e407800ebfe0700004c78003c
:102628002e0090000080e8008040eb000148780010
:10263800200020004f0478000080fa000000060007
:102648000600fa00200798000000eb001007980029
:10265800ae009000010f78000c0037001e009000bb
:102668006a00b90000007800100798001e00780082
:10267800104078008000fb001e00900000804000a1
:102688000003b100100798001e0fe8001e00780034
:1026980090407800f0c2b30080cf500005003400ad
:1026a8001e0078009040780090c3b30080cf50009f
:1026b800eaff34001e0090000080fa0000000600c7
:1026c8000800fa00604798006e4090008080fb0088
:1026d8000e007800811f7800a1b02c00811f7800bf
:1026e800f004020000000000e48757000e007800a4
:1026f800ec080200010000000080fa00000006005b
:102708000c00fa0050079800de009000811f780046
:10271800a0b02c00801f78000e007800f0040200a2
:1027280000000000e48757000e007800ec08020063
:10273800010000000080fa00000006000600fa0010
:1027480020079800ae00900011079800030037009a
:102758001e0090000000e800100798001e0090007e
:102768009040780000c2b30080cf5000f8ff3200dc
:1027780022002000d1b02c001e0090005606020056
:10278800000000000000e0001500320022002000d8
:1027980001b12c001e009000560602000000000047
:1027a8000000e0000e0032001e009000904078000b
:1027b80080c7b30080cf5000090032001e0090008f
:1027c8009040780080c5b30080cf500004003200ec
:1027d8001e00900035fd0700004f78004a003700c2
:1027e8001e0090009040780080c7b30080cf500052
:1027f800050032001e0090009040780080c5b300ac
:1028080080cf500004003a001e0090000000e8004d
:1028180010079800030037001e0090000080e800b1
:10282800100798000040eb00004f78002d0037009b
:102838001e4078004400dd00004f78001e00900024
:1028480090407800f0c2b30080cf50000b003400f5
:102858001e0090009040780090c3b30080cf5000d5
:1028680006003c001e009000104078009e4040008a
:1028780000cdb30000cf4000170037001e009000c5
:102888009040780000c6b30080cf50000d0034009f
:102898001e0090009040780060c6b30080cf5000c2
:1028a80008003c001e00900010407800804078002e
:1028b80000ceb30000c04000804078001e009000a9
:1028c800014878001e009000104078009e404000ab
:1028d80090ccb30000cf40001e0090000000e8003c
:1028e800100798001e009000104078000004e000d7
:1028f800050032001e0090009040780000c2b3002e
:1029080080cf5000caff3a001e4078000080fa00cd
:10291800000006000000fa007a46a800b097800080
:102928008000eb004206200003002000820f5000c8
:10293800838f5800ce023e0000600100640037001b
:10294800850037008e003700ab003700b400370031
:10295800d1003700df003700f800370001013700e9
:102968002a013700330137008e01370099013700fb
:10297800b3013700be023700bd023700bc02370082
:10298800bb023700ba023700b9023700b802370075
:10299800b7023700b6023700b5023700b402370075
:1029a800b3023700b2023700b1023700b002370075
:1029b800af023700ae023700ad023700ac02370075
:1029c800ab023700aa023700a9023700a802370075
:1029d800a7023700a6023700a5023700a402370075
:1029e800a3023700a2023700a1023700a002370075
:1029f8009f0237009e0237009d0237009c02370075
:102a08009b0237009a023700990237009802370074
:102a18009702370096023700950237009402370074
:102a28009302370092023700910237009002370074
:102a38008f0237008e0237008d0237008c02370074
:102a48008b0237008a023700890237008802370074
:102a58008702370086023700850237008402370074
:102a68008302370082023700810237008002370074
:102a78007f0237007e0237007d0237007c02370074
:102a88007b0237007a023700790237007802370074
:102a98007702370076023700750237007402370074
:102aa8007302370072023700710237007002370074
:102ab8006f0237006e0237006d0237006c02370074
:102ac8006b0237006a02370069023700610237007b
:102ad800604622008040eb0001487800e2002000b8
:102ae8008000eb008046220026050200000000005e
:102af80020cc20008040eb0001487800604722008d
:102b08008040eb000148780030cc20008040eb008a
:102b1800014878000000eb00006688000000eb0028
:102b28002066880060cc20008040eb0001487800d7
:102b38007a66a900b6e6a800b6c6a900411f20001b
:102b480040c0b300a862020001000000100020008d
:102b5800b09788004902370060c0b3003e640200a5
:102b68000100000020002000b0978800a10020008c
:102b780040c0b300a8620200010000003f02370015
:102b88004c64020001000000c0238900c1238100b9
:102b9800400220000088b900000078004023890026
:102ba8004123810080a92300808f500004003c004d
:102bb8004123810030902200808f500004003c00a7
:102bc800302381000000a100302389000300370072
:102bd800302381000000a00030238900a1002000dc
:102be80040c0b300a86202000100000030002000cd
:102bf800b09788002102370070c0b3003e6402001d
:102c08000100000040002000b0978800a1002000cb
:102c180040c0b300a862020001000000170237009c
:102c28004c64020001000000c0238900c123810018
:102c3800400220000088b900000078005023890075
:102c480051238100c00c2100808f500004003c00fb
:102c58005123810070bb2000808f500004003c008d
:102c6800302381000010a1003023890003003700c1
:102c7800302381000010a00030238900a10020002b
:102c880040c0b300a862020001000000500020000c
:102c9800b0978800f9013700302381000020a00098
:102ca80030238900300020006023890080c0b300f1
:102cb8003e6402000100000060002000b097880018
:102cc800a100200040c0b300a8620200010000007b
:102cd800ea0137004c64020001000000c0238900ab
:102ce800c1238100400220000088b900000078005c
:102cf8007023890071238100c0762000808f5000e6
:102d080004003c0071238100306a2000808f50004d
:102d180004003c00302381000030a10030238900ea
:102d280003003700302381000030a00030238900e1
:102d380070002000b0978800d001370050c0b30061
:102d48003e6402000100000080002000b097880067
:102d5800a100200040c0b300a862020001000000ea
:102d6800c60137004c64020001000000c02389003e
:102d7800c1238100400220000088b90000007800cb
:102d880080238900d0338000680060000000e000e4
:102d98000b003a0080238100a023890030cc20005a
:102da80010407800e14f500003003a0030cc20007a
:102db80021c0b300014878000000eb0000668800dd
:102dc8000192800080238100808f500008003d0020
:102dd800802381000092880000f0200010407800d5
:102de80012c4b3008240400040242100014878000a
:102df80090002000b0978800a100200040c0b300d8
:102e0800a8620200010000009c01370040c0b30026
:102e18003e64020001000000a0002000b097880076
:102e2800a100200040c0b300a86202000100000019
:102e3800920137004c64020001000000c0238900a1
:102e4800c1238100400220000088b90000007800fa
:102e580090238900e191800090238100808f5000a9
:102e680008003d0090238100e091880000f02000d8
:102e78001040780012c4b300824040002024210092
:102e880001487800f191800090238100808f5000e4
:102e98000800340090238100f091880000f02000a1
:102ea8001040780012c4b300824040003024210052
:102eb8000148780090238100800078002024810058
:102ec800401fb000808f50000500360011c0b300cd
:102ed800200020003428020001000000090037000b
:102ee800902381008000780020248100808f50008a
:102ef8000400310011c0b300200020006628020041
:102f0800010000008123810080af2200808f5000e3
:102f18000500340011c0b3008000200034280200ee
:102f2800010000001800370081238100f07c200098
:102f3800808f500014003c0000f020001040780002
:102f48008000fb0040c22000104078000080fb0099
:102f5800808f50000c00350000f0200010407800f1
:102f68008000fb0050c22000104078000080fb0069
:102f7800808f500004003d0011c0b3008000200085
:102f88006628020001000000b0002000b097880009
:102f9800a100200040c0b300a862020001000000a8
:102fa8003601370030cc200010407800e24f500046
:102fb8000800360030cc20008040eb000148780043
:102fc8000000eb0000668800c0002000b097880071
:102fd8002a01370060cc2000104078000004e0008f
:102fe8001400320048c3020001000000407c2c009d
:102ff8000ac302000100000061cc2000807d2c0083
:1030080074920200000000000041eb0011b12000a2
:1030180060cc2000e0a402000000000010b12000f5
:103028008040eb000148780060cc20008040eb0035
:1030380001487800d0002000b09788000f013700c1
:1030480030cc200010407800e24f500003003a00d6
:1030580030cc200031c0b30001487800f123810052
:1030680000248100808f500021003900400d23008a
:10307800f0238900e0472200c5262200e42622002a
:103088008001780022c0b300f12e200000c5b300f3
:103098005e3a020001000000006b23000024890052
:1030a80000482200c5262200e4262200800178007c
:1030b80022c0b300112f200000c5b3005e3a020001
:1030c80001000000401f2000102489002048220031
:1030d800c5262200e42622008001780022c0b30021
:1030e800312f200000c5b3005e3a02000100000045
:1030f80020cc2000104078000080fb00e10f500039
:103108004b003200e20f5000a90032000000e0003e
:10311800c0003a009023810080007800f0238100ed
:10312800808f50000b0031008023810080007800e0
:1031380090238100000178001024810000004100e4
:10314800808f500003003600206680000000e000f9
:1031580003003d00206680000000e0001b003400f2
:103168006047220011c0b300014878007a66a800c1
:10317800b6e6a900b6c6a80020cc200011c0b3004e
:103188000148780060482200104078000081fb0068
:103198008123810090238100821f7800811f78009d
:1031a800801f7800d07d2c00801f7800e0bc2000b4
:1031b800f004020000000000e8875700e0bc20008f
:1031c8000ac3020001000000060037007a66a90061
:1031d800b6e6a800b6c6a900604722008040eb000a
:1031e8000148780030cc2000104078000004e0004e
:1031f8008c0032007a66a900b6e6a800b6c6a90017
:1032080020cc200021c0b30001487800b201200082
:1032180011802c00e0bc200018050200000000000e
:10322800e0bc20000ac30200010000008200370051
:103238007a66a800b6e6a900b6c6a800206680008f
:103248000000e0002b003500206680000000e00050
:1032580044003a0060482200104078000080fb00db
:10326800610060000000e0003e003a009023810009
:103278008000780000248100808f500004003e0008
:103288008123810090238100808f500006003c003c
:1032980060482200104078000080fb006200600057
:1032a8000000e000130032009023810080007800c5
:1032b80000248100808f500008003e00a123810077
:1032c80090238100808f5000040034008123810006
:1032d80080382100808f500022003c006048220086
:1032e800104078000080fb00620060000000e000f1
:1032f8001c003200604722008040eb000148780043
:103308007a66a900b6e6a800b6c6a90020cc2000b7
:103318008040eb00014878006048220010407800a7
:103328008081fb00a22381008123810090238100fa
:10333800831f7800821f7800811f7800801f780023
:10334800c0812c00801f7800e0bc2000f00402003f
:1033580000000000ea875700e0bc20000ac3020012
:103368000100000030cc2000104078000004e0008c
:103378002e0032007a66a900b6e6a800b6c6a900f3
:1033880020cc200021c0b30001487800b201200001
:1033980071842c00e0bc2000180502000000000029
:1033a800e0bc20000ac30200010000002200370030
:1033b8007a66a900b6e6a800b6c6a90030cc2000f7
:1033c800104078000004e0001a003a007a66a8006d
:1033d800b6e6a900b6c6a80020cc20008040eb00c5
:1033e80001487800a0238100801f780020862c00e7
:1033f800801f7800e0bc2000f004020000000000fc
:10340800e4875700e0bc20000ac302000100000066
:103418000900370020cc20008040eb0001487800ec
:10342800050037000000000003003700000000001e
:10343800010037000000000010002000b09788004d
:10344800813e200040c0b300a862020001000000d5
:103458000a00370010002000b0978800a100200063
:1034680040c0b300a862020001000000030037005a
:103478000000eb00b0978800000000000080fa0010
:10348800000006000200fa00b09c8000ef0f500018
:10349800c9013200ef0f50000e003e00eb0f500044
:1034a800ed003200eb0f500005003e000000e00088
:1034b8001e003200e10f500036003200aa02370029
:1034c800ed0f50005f013200ed0f50009e013e00ed
:1034d800f0003700910c2000810f500009023200e3
:1034e800910c2000810f500006003e00f00f5000a4
:1034f800ec013200810c2000810f5000f2013200f3
:1035080099023700b10c2000810f50007e02320072
:10351800b10c2000810f500040023900a10f20009b
:10352800810f50008d0232008f0237000080eb00bf
:10353800201e890010c4200090407800903c220092
:103548000148780020c4200090407800b03c220058
:10355800014878006047220090407800a03c220093
:1035680001487800a047220010407800e54060003c
:10357800803c2200014878000171220040c1b3005c
:10358800a86202000100000010002000b09c880022
:1035980090023700802c2100104078000004e000e1
:1035a80009003200802c21008040eb00014878009f
:1035b800403a22008040eb0001487800900c20003f
:1035c800b09c880083023700d03c22008040eb008a
:1035d80001487800a047220010407800654f60003d
:1035e800803c2200104078009e4f50000b003200b3
:1035f8000040eb005409020001000000e14f5000b8
:1036080006003a00d03c2200104078008040780044
:103618000124a000d03c220001487800c03c2200d0
:10362800104078000004e0001c003200a04722008f
:10363800104078000080fb00640060000000e0009b
:1036480016003200a0472200104078008080fb005e
:1036580000032000008060000000e0000f003a0036
:10366800c03c22008040eb0001487800d03c22009a
:1036780010407800804078000124a000d03c22004f
:1036880001487800d03c2200104078008040780043
:103698000134a000d03c220001487800903c220070
:1036a8009040780010c420001040780080cf50006f
:1036b8000c003a00b03c22009040780020c4200062
:1036c8001040780080cf500006003a0091628000d8
:1036d8009010810080806000201e8100808f500043
:1036e8000b0032000040eb0054090200010000000a
:1036f800e14f500006003a00d03c2200104078000c
:10370800804078000104a000d03c220001487800e5
:10371800a03c2200904078006047220010407800ca
:1037280080cf500014003200702122001040780031
:103738000004e00010003d000040eb0054090200c6
:1037480001000000e14f50000b003a00d03c22007d
:1037580010407800804078000114a000d03c22007e
:103768000148780048c302000100000060ac2c004a
:103778000ac3020001000000d03c2200104078007b
:103788000004e0002f00320040998000e10f500053
:103798002c003a00e0a18000e30f500029003a0015
:1037a80060c52000104078000004e00025003400c7
:1037b8007aa90200010000000004e00021003a009c
:1037c800d0aa2100104078000004e0001d003a0053
:1037d80090628000301e8900311e810090108100a7
:1037e80000806000201e8900604722009040780019
:1037f800a03c22000148780020c4200090407800b6
:10380800b03c22000148780010c4200090407800a5
:10381800903c220001487800a04722001040780020
:10382800e5406000803c220001487800403a2200d0
:103838008040eb0001487800c0002000b09c880060
:10384800e4013700a10f200040c1b300a8620200c4
:1038580001000000df013700403a220010407800e4
:103868008040e800403a220001487800403a2200af
:1038780010407800e94f500003003600a00f2000e8
:10388800b09c8800d3013700c0002000b09c88009d
:10389800d0013700403a2200104078000080fb0039
:1038a800001e8900001e81004600dd00001e890000
:1038b800001e81001004b000001e8900513a220049
:1038c800001e81000080e800c5262200e4262200b0
:1038d8008101780012c0b3008000780000c5b300f1
:1038e800b23b020001000000503a2200104078006c
:1038f80080407800203c220001487800b000200079
:10390800b09c8800203c2200104078008080fb009a
:1039180000042000008060000000e0002300320066
:10392800020120008000eb00c01f210026050200d4
:1039380000000000c11f2100001e8100720040002d
:10394800c5262200e426220081017800f2c0b300d7
:103958008000780000c5b300b23b020001000000ff
:10396800513a2200c01f2100d0bc02000100000013
:10397800503a2200104078000004e0007e01320036
:10398800503a22006abf0200010000000000e00077
:103998007b013200d0002000b09c8800f013210089
:1039a80041c1b300014878008a013700d03c2200a9
:1039b800104078000080fb00680060000000e00014
:1039c80071013200020120008000eb00c01f2100bd
:1039d8002605020000000000c11f2100001e810012
:1039e80072004000c5262200e426220081017800ea
:1039f800f2c0b3008000780000c5b300b23b0200fb
:103a080001000000513a2200c01f2100d0bc020072
:103a180001000000503a2200104078000004e00045
:103a28005b013200503a22006abf02000100000028
:103a38000000e0005801320040012000b09c8800de
:103a480064013700503a2200104078000004e0007a
:103a580034003200b0c68000610060000000e00061
:103a680032003a00f0a82100104078000004e0007d
:103a780004003200f0a8210010407800e34f500005
:103a88002a003a00d0aa2100104078000004e00083
:103a980004003200d0aa210010407800e34f500003
:103aa80022003a00d03c2200104078000080fb0041
:103ab80061006000004078000004e0001600320059
:103ac800203c2200104078008040780000c8b300f5
:103ad80080c06000301e81008041eb000141780009
:103ae80080007800503a22006022020001000000a5
:103af800411f200040c1b300a8620200010000007d
:103b0800e0002000b09c8800f0132100a1c0b300a1
:103b18000148780005003700f0002000b09c8800bc
:103b280002003700b0002000b09c8800f01321008c
:103b3800104078000004e00019013a00b0002000ad
:103b4800b09c880023013700b0c680006140600047
:103b58000080fb00610060000000e00011003a00f6
:103b6800f013210041c1b30001487800203c220035
:103b7800104078000004e00003003d0040012000f0
:103b8800b09c880002003700f0002000b09c88003c
:103b9800411f200040c1b300a862020001000000dc
:103ba8000c0137002103200040c1b300a8620200c5
:103bb8000100000007013700503a22001040780049
:103bc8000004e0002e003200b0c6800061006000f2
:103bd8000000e0002c003a00f0a821001040780016
:103be8000004e00004003200f0a821001040780032
:103bf800e34f500024003a00d0aa2100104078007a
:103c08000004e00004003200d0aa2100104078002f
:103c1800e34f50001c003a00d03c220010407800ce
:103c28000080fb00620060000000e000110032002c
:103c380030ae2c000ac30200010000008040eb00f7
:103c4800503a22009222020001000000411f200089
:103c580040c1b300a862020001000000000120007a
:103c6800b09c8800f0132100a1c0b300014878007f
:103c780005003700b0002000b09c88000200370023
:103c8800b0002000b09c8800f0132100104078009c
:103c98000004e000c4003a00b0002000b09c880096
:103ca800cc003700b0c68000614060000080fb0097
:103cb800610060000000e000bd003a00b000200094
:103cc800b09c8800c3003700403a220010407800ba
:103cd8008040e800403a220001487800403a22003b
:103ce80010407800e94f500003003600a00f200074
:103cf800b09c8800b7003700900c2000b09c88006a
:103d0800b4003700403a2200104078000080fb00e1
:103d1800001e8900001e81004600dd00001e89008b
:103d2800001e81001004b000001e8900513a2200d4
:103d3800001e81000080e800c5262200e42622003b
:103d48008101780012c0b3008000780000c5b3007c
:103d5800b23b020001000000503a220010407800f7
:103d680080407800203c220001487800800c200028
:103d7800b09c8800203c2200104078008080fb0026
:103d880000042000008060000000e0008a0032008b
:103d9800020120008000eb00c01f21002605020060
:103da80000000000c11f2100001e810072004000b9
:103db800c5262200e426220081017800f2c0b30063
:103dc8008000780000c5b300b23b0200010000008b
:103dd800513a2200c01f2100d0bc0200010000009f
:103de800503a2200104078000004e00074003200cd
:103df800503a22006abf0200010000000000e00003
:103e080071003200a00c2000b09c8800f013210043
:103e180041c1b300014878006e003700503a2200d3
:103e2800104078000004e0002e003200b0c6800088
:103e3800610060000000e0002c003a00f0a82100ba
:103e4800104078000004e00004003200f0a82100cf
:103e580010407800e34f500024003a00d0aa210017
:103e6800104078000004e00004003200d0aa2100cd
:103e780010407800e34f50001c003a00d03c22006c
:103e8800104078000080fb0061006000004078006e
:103e98000004e00015003200513a220030af2c0037
:103ea800bc9802000000000012c0b30011b120004d
:103eb800503a2200e0a4020000000000411f200048
:103ec80040c1b300a862020001000000b00c20004d
:103ed800b09c8800f0132100a1c0b300014878000d
:103ee80002003700800c2000b09c8800f0132100ed
:103ef800104078000004e00035003a00800c2000f3
:103f0800b09c880033003700b0c680006140600074
:103f18000080fb00610060000000e0000a003a0039
:103f2800f013210041c1b30001487800800c200043
:103f3800b09c8800411f200040c1b300a862020065
:103f480001000000230037002103200040c1b30016
:103f5800a8620200010000001e00370010002000c7
:103f6800b09c88001b00370010002000b09c88001f
:103f7800000000001700370000000000150037009f
:103f88000000000013003700000000001100370097
:103f9800000000000f003700000000000d0037008f
:103fa800000000000b003700000000000900370087
:103fb800000000000700370000000000050037007f
:103fc8000000000003003700000000000100370077
:103fd800000000000080fa00000006000400fa005b
:103fe80020479800314798002e4090000080fb0041
:103ff80031c42000614078000080fb00e40f5000cd
:1040080060003200e40f50000c003c00e10f50004b
:1040180029003200e10f500003003c000000e000de
:104028000f003200f8003700e20f50003300320072
:10403800e30f50003a003200f3003700e60f50005b
:10404800a4003200e60f50005a003500e70f500078
:10405800c5003200e80f5000d7003200ea003700f0
:104068003e4090000004e00006003a002e40900018
:104078000080fb0031c4200012c0b30082707800b9
:10408800030137002e409000e34f5000eb003a0048
:104098009162800000082000008060000000e000bd
:1040a800e800320011c0b3000008200034280200e4
:1040b80001000000f60037003e4090000004e000d8
:1040c80005003a002e4090000080fb0031c420001b
:1040d80022c0b300827078003e409000e14f50004b
:1040e800da003a002e4090000080fb0031c4200026
:1040f8000041eb0082707800e50037003e409000f8
:10410800e14f5000d3003a002e4090000080fb00a1
:1041180031c420000041eb0082707800dc003700d9
:104128002e409000e34f500009003a009162800051
:1041380000082000008060000000e00004003a0051
:1041480011c0b3000008200066280200010000002a
:104158002e409000e24f5000c0003a00916280006b
:1041680000402000008060000000e000bd003a0030
:1041780011c0b300004020006628020001000000c2
:10418800c30037002e4090000080fb0081c420004f
:1041980000004000008040008000eb00010878002b
:1041a8002e4090000080fb0031c4200052c0b300b4
:1041b800827078003e409000e14f50000d003a00b8
:1041c8002e4090000080fb0031c420000041eb002d
:1041d800827078002e4090000080fb0081c420008f
:1041e80000004000008040008000eb0001087800db
:1041f800a70037002e409000e34f50000a003a0015
:1042080011c0b30000082000662802000100000069
:104218002e4090000080fb0031c4200072c0b30023
:10422800827078009a0037002e409000e24f5000cc
:104238000a003a0011c0b3000040200066280200be
:10424800010000002e4090000080fb0031c42000d7
:1042580082c0b300827078008d0037002e40900035
:104268000080fb0082c420008000400081004100e3
:10427800910078008100e80082c42000000040001e
:1042880000004100010878002e4090000080fb00eb
:1042980081c42000000040000080400090007800a9
:1042a800007d2000808f5000700036002e40900066
:1042b8000080fb0031c4200062c0b3008270780027
:1042c80011c0b30040002000662802000100000071
:1042d8006f0037003e409000e14f500065003a0003
:1042e8002e4090000080fb0031c420000041eb000c
:1042f800827078002e4090000080fb0081c420006e
:1043080000004000008040008000eb0001087800b9
:104318000040eb00004f7800080037001e80fb00cb
:1043280031c4200061407800e64f500002003a0096
:1043380060c0b300004f78001e4fe8001e407800b0
:10434800e34f5000f5ff36001e407800e44f500060
:104358004a003a0011c0b30040002000342802008f
:10436800010000004a0037003e409000e14f500035
:1043780044003a002e4090000080fb0031c4200029
:104388000041eb00827078002e4090000080fb0016
:1043980081c4200000004000008040008000eb0045
:1043a8000108780011c0b30000082000342802007a
:1043b80001000000360037003e409000e14f5000f9
:1043c80032003a002e4090000080fb0031c42000eb
:1043d8000041eb00827078002e4090000080fb00c6
:1043e80081c4200000004000008040008000eb00f5
:1043f8000108780011c0b3000040200034280200f2
:1044080001000000220037002e4090000080fb00d1
:1044180031c420000041eb00827078002e409000eb
:104428000080fb0081c420000000400000804000a4
:104438008000eb000108780015003700000000003c
:1044480013003700000000001100370000000000d2
:104458000f003700000000000d00370000000000ca
:104468000b003700000000000900370000000000c2
:1044780007003700000000000500370000000000ba
:1044880003003700000000000100370000000000b2
:104498000080fa00000006000400fa002047980097
:1044a800314798000040eb00004f78002e40900004
:1044b800e34f5000e1003e00e048220081c0b30015
:1044c80001487800906280000000e0000600320099
:1044d800e048220010407800804078000124a000c5
:1044e800e048220001487800008020001040780051
:1044f8000080fb006a0060000000e0000400320059
:104508001080200010407800e24f500006003a006a
:10451800d09a80000000e00009003200d09a8000a4
:10452800e80f500006003e00e048220010407800e6
:10453800804078000104a000e0482200014878008b
:1045480000802000104078000080fb0064006000bc
:104558000000e000100032000080200010407800c9
:104568000080fb00680060000000e0000a003a00dc
:104578001080200010407800e24f50000600320002
:10458800e048220010407800804078000114a00024
:10459800e048220001487800d09a8000e60f5000d9
:1045a80012003a00e048220010407800804078006d
:1045b8000114a000e0482200014878002e40900035
:1045c8000080fb004200dd000080e800b1c620004a
:1045d80061407800e14f500007003a00f04822009f
:1045e80011c0b3000148780003003700f0482200ea
:1045f8008040eb0001487800609780000000e000f0
:104608000900320060978000e30f500006003e006a
:10461800e048220010407800804078000154a00053
:10462800e04822000148780040998000e20f5000dd
:1046380006003600e04822001040780080407800ec
:104648000174a000e0482200014878009080200012
:10465800104078000080fb00630060000000e0006c
:104668000d00320090802000104078008080fb0010
:10467800000e2000008060000000e00006003a0004
:10468800e048220010407800804078000164a000d3
:10469800e0482200014878002e4090000080fb008e
:1046a8004200dd00a1c62000e1407800e048220079
:1046b8001040780000c060000004e00017003200dd
:1046c80010c0b300004f7800e04822001040780086
:1046d8008080fb0000022000008060000000e000f5
:1046e800270032002e4090000080fb004200dd00d1
:1046f800a1c62000614078008080fb0000022000f5
:10470800008060000000e0001d003200a080200052
:1047180061c0b3000148780019003700d0c72000f5
:10472800104078000004e000150032002e40900090
:104738000080fb004200dd00b1c62000e1407800a7
:10474800e04822001040780000c060000004e0004b
:104758000200320010c0b300004f78002e409000d5
:104768000004e00006003a00808020001040780035
:104778000004e0000200320010c0b300004f7800cf
:104788002e4090000080fb004200dd000080e80021
:10479800a1c62000614078000004e0000800320053
:1047a8001e4078000004e000030032000040eb00e7
:1047b800004f78000200370010c0b300004f7800a7
:1047c8003e4090009e40780080cf50000d0032009f
:1047d8002e4090000080fb004200dd00a1c62000b2
:1047e800614078008080fb000002200000806000ab
:1047f8000000e00003003200a080200061c0b30088
:10480800014878002e4090000080fb004200dd0047
:104818000080e800b1c62000614078000004e00094
:1048280006003200f048220010407800e14f5000a6
:1048380002003a0010c0b300004f78001e40780014
:104848000080fa00000006009c00fa00889fbe0065
:104858008a1f7800a0222100104078000080fb0009
:10486800000f78001e007800e40f500002003e00a0
:1048780050002000000f78009e00780050c0b30060
:10488800a862020001000000705880000000e000eb
:1048980018003a00403680004400de0061406000a5
:1048a800804078000040eb00ccfd070040368000d7
:1048b8004500de00614060008040780010c0b30011
:1048c800c6fd0700403680004300de0061406000fe
:1048d8008040780020c0b300c0fd0700403680004b
:1048e8004200de00614060008040780030c0b300c4
:1048f800bafd0700009880000000e80000988800d2
:1049080090222100104078000080fb0062006000c7
:104918000000e0006700320000988000e10f5000be
:1049280003003200e40f500021003200530037002a
:10493800e0cc80000000d100614060008082fb0074
:10494800e0cc8000614060000082fb00e3a18000b1
:10495800b0c68000614060000081fb00c196800005
:104968000e80e800851f7800841f7800831f780078
:10497800821f7800811f7800e1902c00811f780049
:1049880061092000bc04020000000000ec87570009
:104998000040eb00005f990048c3020001000000de
:1049a8000e80e8000ac30200010000004100370041
:1049b800a0132100104078000085fb006997800053
:1049c800c896800047998000403680004500de0088
:1049d800614060000083fb00403680004400de0038
:1049e800614060008082fb00a080200010407800b9
:1049f8000082fb00b0802000104078008081fb001e
:104a080040c42000104078000081fb0030c4200022
:104a1800104078008080fb000e80e8008a1f780034
:104a2800891f7800881f7800871f7800861f780004
:104a3800851f7800841f7800831f7800821f780004
:104a4800811f7800c1942c00811f78006109200023
:104a5800bc04020000000000f68757000040eb008d
:104a6800005f990048c30200010000000e80e800c2
:104a78000ac30200010000000e0037000198800000
:104a8800518f9800027d20001e0078008001780078
:104a9800110009000381d800de889000808f500043
:104aa800030039000000eb0000988800010037007f
:104ab800000000004f0578004f04be000080fa0097
:104ac800000006000800fa00100798002107980067
:104ad800624798000000eb00000f7800b0c6800025
:104ae800610060000000e00008003a001e0090002d
:104af800104078000004e000040032002e0090000e
:104b0800104078000004e00002003a000040eb008a
:104b1800410037000000eb00000f78000800370064
:104b28001e0078009e0090000080400090407800b1
:104b3800809721001e004000014878001e0fe80001
:104b48001e0078009e009000008040001040780011
:104b58000004e000030032001e007800f80f500047
:104b6800efff3400809721001e0040008040eb00da
:104b7800014878000000eb00000f780008003700bb
:104b88001e007800ae009000008040009040780041
:104b9800608d21001e004000114098001e0fe800a3
:104ba8001e007800ae0090000080400010407800a1
:104bb8000004e00004003200f00920009e007800a4
:104bc800808f5000eeff3400608d21001e004000f1
:104bd8008040eb0011409800b0c680000010a10092
:104be800b0c68800b0c680000000a000b0c688002b
:104bf8006e409000614060000080fb006100600032
:104c08004400dd00b1c680000140a1000100700031
:104c1800b0c6880010c0b3000080fa00000006008b
:104c28000600fa001007980021079800f1af8000ed
:104c380000002100008060000000e00008003a0049
:104c48001e009000104078000004e00004003200cc
:104c58002e009000104078000004e00002003a00a6
:104c68000040eb001d0037000000eb00000f78004b
:104c7800080037001e007800ae0090000080400059
:104c880090407800605021001e00400001487800e4
:104c98001e0fe8001e007800ae0090000080400063
:104ca800104078000004e00004003200f009200001
:104cb8009e007800808f5000eeff3400e043210012
:104cc8001e0040008040eb0001487800f0af8000f3
:104cd80000c0a000f0af880010c0b3000080fa0048
:104ce800000006000200fa00004f78001e80fb005a
:104cf800e10f50000b003200e20f500010003200ac
:104d08000000e00015003a0030d680000010a10035
:104d180030d6880030d680000000a10030d6880048
:104d28000e00370030d680000010a00030d6880072
:104d380030d680000000a10030d688000700370078
:104d480030d680000010a10030d6880030d6800010
:104d58000000a00030d68800000000000080fa00a3
:104d6800000006000000fa0030d6800062006000f3
:104d78000000e00006003a0030d6800061006000c4
:104d88000000e00002003a000040eb00210037007c
:104d980030d68000620060000000e00006003a00a3
:104da80030d68000610060000000e00002003200a0
:104db80020c0b3001700370030d6800062006000c2
:104dc8000000e0000600320030d68000610060007c
:104dd8000000e00002003a0010c0b3000d003700e8
:104de80030d68000620060000000e0000800320059
:104df80030d68000610060000000e000040032004e
:104e080010c0b300b7ff070010c0b300010037009f
:104e1800c0c0b3000080fa00000006000000fa00dd
:104e2800e0a18000004078000080fa000000060041
:104e38000000fa00e0238100004078000080fa00ba
:104e4800000006000000fa00f0a8210010407800d9
:104e58000004e00009003a00d0aa210010407800c0
:104e68000004e00005003a00e0a18000e30f5000d4
:104e780002003a0010c0b300010037000040eb0008
:104e88000080fa00000006000800fa0020079800d9
:104e9800614798000000eb00000f78002e0090009a
:104ea800169102000100000010079800e5ff0700b6
:104eb8000004e0000b0032001e009000f90f5000c3
:104ec80008003c001e0090000000e00005003200d1
:104ed8002e0090006abf0200010000000000e00000
:104ee80002003a000040eb001e00370090d480001a
:104ef8000010a10090d4880000882c000ac302008a
:104f080001000000d0aa210011c0b30001487800b8
:104f1800920120008000eb0030a921002605020044
:104f2800000000000000eb00000f780008003700c8
:104f38001e007800ae00900000804000904078008d
:104f480020a921001e004000114098001e0fe80013
:104f58001e0090009e007800808f5000f4ff3500fe
:104f680010c0b3000080fa00000006000000fa003c
:104f7800f0a82100104078000004e00004003a0086
:104f8800d0aa2100104078000004e000020032009e
:104f980010c0b300010037000040eb000080fa00a9
:104fa800000006000000fa006eff07000004e000a1
:104fb8000d003a0048c3020001000000008b2c00dd
:104fc8000ac3020001000000a0d380000000a00076
:104fd800a0d3880090d480000000a00090d488005e
:104fe80010c0b300010037000040eb000080fa0059
:104ff800000006000200fa00004f780048c30200d3
:1050080001000000608c2c000ac3020001000000af
:1050180000ab2100900078000160a1000108780031
:105028001e80fb00d1042000810f5000390032009f
:10503800d1042000810f500004003c0041042000ee
:10504800810f5000080032006c0037000105200075
:10505800810f50001900320041052000810f5000d7
:10506800460032006500370050c1200090407800ab
:1050780000ab21001140980050c1200090407800fa
:1050880000ab21004140980000ab21008040eb00bc
:105098005140980000ab21008040eb00614098002f
:1050a80000ab21008040eb0071409800408d2c003f
:1050b8000ac30200010000005500370010c120009b
:1050c8009040780000ab21001140980010c12000ea
:1050d8009040780000ab21004140980020c120009a
:1050e8009040780000ab21005140980000ab2100af
:1050f8008040eb006140980000ab21008040eb004d
:1051080071409800f08d2c000ac3020001000000d5
:105118003f00370030c120009040780000ab2100ec
:105128001140980030c120009040780000ab210069
:105138004140980040c120009040780000ab210019
:105148005140980000ab21008040eb00614098007e
:1051580000ab21008040eb0071409800408e2c008d
:105168000ac302000100000000ab21009000780093
:105178000160a000010878002500370000ab21007d
:105188008040eb001140980000ab21008040eb000c
:105198006140980000ab21008040eb00714098000e
:1051a80070c12000104078000004e00008003a00b8
:1051b80090c1200011c0b3000148780070c12000e0
:1051c8009040780000ab210011409800070037009c
:1051d80090c120008040eb000148780070c1200099
:1051e8009040780000ab210011409800c08e2c0040
:1051f8000ac302000100000005003700208f2c00c0
:105208000ac30200010000000040eb001300370051
:1052180000ab210010409000e84f5000030036001a
:1052280000ab210041c0b3001140980000ab210041
:105238009e4078002140980000ab21009000780043
:105248000100a0000108780000ab21009000780060
:105258000110a1000108780010c0b3000080fa0016
:10526800000006000000fa00f0a8210010407800b5
:10527800e24f500007003a00a0d3800062006000af
:105288000000e00003003200a0d380000020a0004e
:10529800a0d388000040eb000080fa000000060060
:1052a8000200fa00004f78009e40780061c060005c
:1052b8000080fb006100600000004000a1d3800076
:1052c8000110a10001007000a0d388000080fa003e
:1052d800000006000000fa00a0d380000000d10002
:1052e800614060000080fa00000006000000fa003b
:1052f800f0a82100104078000080fa0000000600a5
:105308000000fa0080d480000080fa000000060047
:105318000000fa0070d580000080fa000000060046
:105328000600fa0010079800414798005247980075
:105338000040eb00004f78004e409000ea4f5000cc
:1053480009003e004e4090000004e00006003200d4
:105358005e409000f44f500003003e005e40900015
:105368000004e00002003a000040eb00360037007d
:105378000040eb00004f7800220037001e80fb0041
:105388009e00900000804000104078000000fb0064
:1053980091032000810f50000a003c000103200007
:1053a800810f50000a003d0031022000810f50009b
:1053b80007003200a1022000810f500004003200d3
:1053c8000e0037001004b100e30f50000b003e0040
:1053d8001e81fb001e80fb009e00900000804000a4
:1053e800104078008040780080ab21000000410028
:1053f800114098001e4fe800020037000040eb0003
:10540800110037004e4090009e40780080cf500039
:10541800daff390050ac2100ce40900001487800f6
:1054280040ac2100de40900001487800c0d58000e3
:105438000010a100c0d58800c0d580000000a000e1
:10544800c0d5880010c0b3000080fa000000060034
:105458000000fa00c0d58000614060000080fa00ba
:10546800000006000000fa00c0d580000000d1004e
:10547800614060000080fa00000006000200fa00a7
:105488000040eb00004f7800d0cb2000104078009f
:105498000080fb00e10f500013003500e20f5000c0
:1054a80005003400e30f50000f003a0010c0b300ad
:1054b800004f780012003700b0c68000610060001d
:1054c8000000e0000b003a00b1c68000000e20008a
:1054d800008060000000e00008003a0010c0b3003f
:1054e800004f7800060037000000eb00109c880091
:1054f8000300370000000000010037000000000032
:105508001e4078000080fa00000006000200fa0041
:10551800000f7800d0cb2000104078000080fb00fe
:10552800e20f50001f003200e30f5000030032006a
:10553800e10f500008003200300037008001eb0016
:105548000001eb008000eb001e0078003e9d020089
:1055580000000000290037008001eb000001eb008b
:1055680081c820001e0078003e9d02000000000057
:1055780010b12000104078000004e0001c00320048
:105588000041eb0011b1200080c82000e0a4020017
:105598000000000010b120008040eb0001487800b6
:1055a800160037008001eb000001eb0021ca200043
:1055b8001e0078003e9d02000000000010b120008f
:1055c800104078000004e0000b0032000041eb00be
:1055d80011b1200020ca2000e0a402000000000051
:1055e80010b120008040eb0001487800030037002c
:1055f8000000000001003700000000000080fa00f1
:10560800000006001600fa00109c8000e70f50000a
:10561800f2003200e70f500010003e00e20f500089
:1056280071003200e20f500005003e000000e0006b
:105638001b003200e10f500028003200af01370094
:10564800e50f50009a003200e50f5000b4003e000c
:10565800e30f50007d003200a8013700ea0f500028
:105668003c013200ea0f500005003e00e80f5000f0
:1056780006013200e90f50001d0132009f0137007a
:10568800ec0f500065013200ec0f50004a01390060
:10569800810c2000810f50007901320097013700fa
:1056a800c0cb20008040eb0001487800d0cb200020
:1056b8008040eb000148780080c820008040eb0063
:1056c8000148780020ca20008040eb00014878009b
:1056d80010002000109c88008b013700c0cb2000f0
:1056e800104078000004e00008003a0080c820005c
:1056f800104078000004e00004003a0020ca2000ae
:10570800104078000004e00032003200c0cb2000d6
:10571800104078000004e0000c003200d0cb2000dc
:1057280031c0b30001487800c0cb20001040780099
:10573800e14f500003003a0020002000109c880030
:105748000200370090002000109c880080c82000cc
:10575800104078000004e0000c003200d0cb20009c
:1057680011c0b30001487800e0cb20001040780059
:10577800e14f500003003a0020002000109c8800f0
:105788000200370090002000109c880020ca2000ea
:10579800104078000004e0000c003200d0cb20005c
:1057a80021c0b30001487800f0cb200010407800f9
:1057b800e14f500003003a0020002000109c8800b0
:1057c8000200370090002000109c880000000000b4
:1057d8004d013700411f200020c1b300a86202001c
:1057e800010000004801370024ff07000004e00022
:1057f800080032000e80e80061a82c0078be020084
:10580800010000000e80e80040ff07003000200083
:10581800109c8800d0cb200010407800e34f500047
:1058280005003a00810c200020c1b300a8620200e4
:105838000100000034013700813e200020c1b30080
:10584800a8620200010000002f0137000bff0700cb
:105858000004e000080032000e80e800c1a82c0017
:1058680078be0200010000000e80e80027ff070054
:1058780050002000109c8800d0cb200010407800f9
:10588800e34f500005003a00810c200020c1b3000e
:10589800a8620200010000001b013700813e2000c1
:1058a80020c1b300a8620200010000001601370001
:1058b800f2fe07000004e0000b0032000e80e80052
:1058c80021a92c0078be0200010000000e80e8002b
:1058d8000eff0700804922008040eb000148780055
:1058e80060002000109c8800d0cb20001040780079
:1058f800e34f500005003a00810c200020c1b3009e
:10590800a862020001000000ff003700813e20006d
:1059180020c1b300a862020001000000fa003700ad
:10592800d6fe07000004e0001e0032000e80e800ea
:1059380071a92c0078be020001000000000f780059
:105948001e0078008e80e800808040008049220098
:10595800104078000041eb005e9102000100000059
:105968001e0f40000e80e800e8fe07008049220074
:10597800104078008040e800804922000148780003
:105988008049220010407800e94f50000500360099
:1059980070002000109c88008049220011c0b300cc
:1059a80001487800d0cb200010407800e34f500029
:1059b80005003a00810c200020c1b300a862020053
:1059c80001000000d0003700813e200020c1b30054
:1059d800a862020001000000cb003700a7fe070004
:1059e8000004e0001b0032000e80e800e1a92c0052
:1059f80078be020001000000000f78001e00780049
:105a08008e80e800808040008049220010407800a5
:105a18000041eb005e910200010000001e0f4000f3
:105a28000e80e800b9fe0700804922001040780087
:105a38008040e8008049220001487800804922001f
:105a480010407800e44f500002003600800020002b
:105a5800109c8800d0cb200010407800e34f500005
:105a680005003a00810c200020c1b300a8620200a2
:105a780001000000a4003700813e200020c1b300cf
:105a8800a8620200010000009f0037007bfe0700ab
:105a98000004e000080032000e80e80051aa2c0043
:105aa80078be0200010000000e80e80097fe0700a3
:105ab80090002000109c8800d0cb20001040780077
:105ac800e34f500005003a00810c200020c1b300cc
:105ad800a8620200010000008b003700813e200010
:105ae80020c1b300a8620200010000008600370050
:105af80062fe07000004e000080032000e80e800a3
:105b0800d1aa2c0078be0200010000000e80e80037
:105b18007efe0700a0002000109c8800d0cb20004b
:105b280010407800e34f500005003a00810c200037
:105b380020c1b300a8620200010000007200370013
:105b4800813e200020c1b300a862020001000000cd
:105b58006d00370049fe07000004e000080032002d
:105b68000e80e80001ab2c0078be020001000000a6
:105b78000e80e80065fe0700b0002000109c880039
:105b8800d0cb200010407800e34f500005003a00c9
:105b9800810c200020c1b300a862020001000000af
:105ba80059003700813e200020c1b300a8620200de
:105bb800010000005400370030fe07000004e00038
:105bc800080032000e80e80051ab2c0078be0200bd
:105bd800010000000e80e8004cfe0700c000200015
:105be800109c8800d0cb200010407800e34f500074
:105bf80005003a00810c200020c1b300a862020011
:105c08000100000040003700813e200020c1b300a1
:105c1800a8620200010000003b00370017fe0700e1
:105c28000004e000080032000e80e800a1ab2c0060
:105c380078be0200010000000e80e80033fe070075
:105c4800800c2000109c8800d0cb200010407800e9
:105c5800e34f500005003a00810c200020c1b3003a
:105c6800a86202000100000027003700813e2000e2
:105c780020c1b300a8620200010000002200370022
:105c8800e0ab2c000ac3020001000000d0cb2000ca
:105c9800104078000080fb00e20f50000d00320039
:105ca800e30f500003003200e10f500005003200fe
:105cb8000c003700c0cb20008040eb000148780082
:105cc8000800370080c820008040eb0001487800b9
:105cd8000400370020ca20008040eb00014878000b
:105ce80000000000d0cb20008040eb000148780085
:105cf80010002000109c8800030037000000eb0013
:105d0800109c8800000000000080fa0000000600d7
:105d18000000fa00881f7800d09a80008000eb000d
:105d2800e201200003002000820f5000838f5800fa
:105d3800c1013e00006001001e003700be013700af
:105d48008a003700bc013700bb013700ba013700b1
:105d5800cb003700b8013700ed003700fc003700f2
:105d6800140137001901370027013700690137008e
:105d780090013700b0013700af013700ae0137009e
:105d8800ad013700ac01370093013700aa01370095
:105d9800a9013700a8013700a7013700a60137007d
:105da800a5013700a4013700a3013700a20137007d
:105db8009b0137007aa9020001000000e34f500060
:105dc8001d003a0050c4b3007e2e020001000000fe
:105dd80048c3020001000000c0fe2b000ac30200f5
:105de8000100000010022c000ac30200010000009c
:105df80050a721000ac3020001000000b0022c00d5
:105e08000ac3020001000000e0c0200011c0b30076
:105e18000148780000c5b300fea702000100000099
:105e280011c0b30000042000342802000100000063
:105e380060002000d09a88007aa9020001000000c2
:105e4800e24f50007f013a006ea9020001000000f5
:105e5800e14f50007d013a0050c4b3007e2e02008d
:105e68000100000048c3020001000000d0022c001d
:105e78000ac302000100000010022c000ac302003d
:105e88000100000050a721000ac302000100000021
:105e9800b0022c000ac302000100000060c8200004
:105ea8008040eb0001487800e0c0200011c0b3003a
:105eb80001487800c5262200e4262200932221000a
:105ec80012c0b300e103200000c5b300b23b0200da
:105ed8000100000090222100104078000080fb00a3
:105ee800700060000000e00006003200730520002a
:105ef800e200200011c0b300d0052c0010ac020055
:105f08000000000011c0b300000420003428020083
:105f18000100000020002000d09a8800c526220039
:105f2800e4262200f340220012c0b300e12f200033
:105f380000c5b300b23b020001000000f04022009f
:105f4800104078008080fb0000a62e000088b90071
:105f5800800078000053270000804000cf80de00da
:105f6800e09a8800f19a88004701370050c4b300ce
:105f78007e2e020001000000e09a8000f19a800065
:105f8800e00f5000e08f58000b003a00d6a702003f
:105f98000100000090ac020000000000800020001a
:105fa800d09a880048c302000100000090062c0027
:105fb8000ac302000100000060c8200010407800f9
:105fc800e14f500020003a0090ac020000000000b1
:105fd80060c820008040eb0001487800e0c0200045
:105fe80011c0b3000148780000c5b300fea7020045
:105ff8000100000048c3020001000000606080004a
:10600800801f7800d00b2c00801f7800e0bc200097
:10601800f004020000000000e4875700e0bc200004
:106028000ac302000100000060002000d09a880026
:1060380036a9020001000000411f2000e0c0b300a3
:10604800a8620200010000007aa902000100000015
:106058000004e000ff003a0090ac020000000000dd
:1060680080002000d09a880048c302000100000088
:10607800100d2c000ac302000100000002013700c5
:1060880090c4b3007e2e0200010000006060800012
:106098000000e0001200320084a9020001000000a4
:1060a80061608000810f50000d00360048c3020077
:1060b80001000000a0102c000ac30200010000002b
:1060c800d6a702000100000080002000d09a8800b6
:1060d800c15d2000e0c0b300a8620200010000001a
:1060e8007aa90200010000000004e000db003a0089
:1060f80080002000d09a880048c3020001000000f8
:1061080020132c000ac3020001000000de00370043
:1061180070ea20008040eb0001487800a30b2000c3
:10612800e20020008040eb00b0162c0010ac02000a
:106138000000000090002000d09a880081382100db
:10614800e0c0b300a862020001000000ce003700e2
:10615800e0c020008040eb0001487800d0c4b300c4
:106168007e2e0200010000007aa902000100000052
:106178000004e00003003a00a0002000d09a880044
:10618800c1003700d6a702000100000070ea200015
:10619800104078008040e80070ea2000014878004c
:1061a800c15d2000e0c0b300a86202000100000049
:1061b800b5003700003f22008040eb00014878001e
:1061c800c0002000d09a8800af003700003f2200ae
:1061d800104078008040e800003f22000148780025
:1061e800003f220010407800e94f500003003600bd
:1061f80040012000d09a8800a3003700c00020008a
:10620800d09a8800a0003700003f22001040780094
:106218000080fb0060208900602081004600dd00ce
:1062280060208900602081001004b000602089008f
:10623800113f2200602081000080e800c52622006e
:10624800e42622008101780012c0b30080007800a3
:1062580000c5b300b23b020001000000103f22005d
:10626800104078008040780000c8b30080c060000b
:10627800e040220001487800b0002000d09a880051
:10628800103f2200104078000000fb00680060000a
:106298000000e00073003200020120008000eb00e3
:1062a800c01f21002605020000000000c11f2100b8
:1062b8006020810072004000c5262200e4262200ea
:1062c80081017800f2c0b3008000780000c5b300f7
:1062d800b23b020001000000113f2200c01f210054
:1062e800d0bc020001000000103f220010407800de
:1062f8000004e0005d003200d0002000d09a880041
:1063080000e2240001002000e09a8800f19a880049
:106318005d003700103f2200104078000004e000c4
:106328001a003200b0c68000610060000000e00082
:1063380018003a00e04022001044780084a90200c6
:106348000100000080007800003f22001040780023
:106358008042eb00084278008101780052a72100b2
:10636800113f220034a60200000000000004e000f3
:1063780003003200e0002000d09a880005003700b2
:10638800b0002000d09a880002003700b00020003a
:10639800d09a8800e09a8000f19a8000e00f5000bf
:1063a800e08f580033003a00b0002000d09a8800ef
:1063b80035003700b0c68000614060000080fb00f7
:1063c800610060000000e0002c003a00b0002000ee
:1063d800d09a88002c0037000000eb00d09a880083
:1063e80020c5b3007e2e02000100000000c420007a
:1063f800104078008080fb000002200000806000d0
:106408000000e0001f003a0048c30200010000003d
:1064180080172c000ac30200010000001a00370090
:106428000000eb00d09a8800c0c7200011c0b3005c
:1064380001487800140037000000eb00d09a88006b
:1064480011003700000000000f00370000000000b6
:106458000d003700000000000b00370000000000ae
:1064680009003700000000000700370000000000a6
:10647800050037000000000003003700000000009e
:10648800010037000000000070ea2000104078008a
:10649800e34f50000600360048c302000100000028
:1064a80080192c000ac3020001000000ffff37001a
:1064b8004f0478000080fa00000006000000fa008f
:1064c80070968000e60f50001a013200e60f500067
:1064d80009003e00e10f50007a003200e10f500041
:1064e8000e003900e20f5000a6003200e30f500002
:1064f800fa003200b1013700e80f50006d01320098
:10650800e80f50001e013900ef0f500092013200d1
:10651800f00f50009e013200a801370070222100c0
:10652800104078000004e0002a0032000040eb0030
:1065380054090200010000000004e00025003200b8
:10654800a013210090407800f0c3b30080cf500022
:106558002000320060222100104078000004e00092
:106568001c003a00803d210010407800e14f5000a7
:1065780018003a00808c21009040780010c3b300c6
:1065880080cf500005003200808c210090407800b8
:1065980050c3b30080cf50000e003a0048c3020039
:1065a80001000000c0452c000ac3020001000000e1
:1065b800702221008040eb0001487800e03c220076
:1065c8008040eb0001487800200020007096880089
:1065d8003b003700d1b38000000027000080600036
:1065e8000000e00018003200d1b380000020200035
:1065f800008060000000e00013003a00a1002000c5
:106608000040eb00a86202000100000048c302003d
:1066180001000000c0462c000ac30200010000006f
:10662800e03c22008040eb0001487800005327003e
:106638000100200080968800919688008000200044
:10664800709688001e00370060fe8000e10f500041
:106658001600360060fe8000e40f500013003e0074
:10666800a10020000040eb00a86202000100000029
:1066780048c302000100000050482c000ac3020071
:1066880001000000e03c22008040eb000148780057
:10669800f0002000709688000053270001002000b9
:1066a800809688009196880005003700017d2000bb
:1066b8000040eb00a862020001000000540137000e
:1066c80053013700e03c2200104078008040e80089
:1066d800e03c220001487800e03c220010407800ad
:1066e800e94f50000b00360048c3020001000000cb
:1066f800104a2c000ac30200010000007022210089
:106708008040eb00014878000000eb00709688009c
:1067180007003700200020007096880048c3020058
:1067280001000000804b2c000ac302000100000099
:10673800808c21009040780010c3b30080cf5000b7
:1067480022013200808c21009040780050c3b300b1
:1067580080cf50001f01320048c302000100000032
:10676800804c2c000ac302000100000070222100a6
:106778008040eb00014878000000eb00709688002c
:1067880023013700e03c2200104078000080fb0025
:10679800501f8900501f81004600dd00501f8900ee
:1067a800501f81001004b000501f8900f13c2200e6
:1067b800501f81000080e800c5262200e426220040
:1067c8008101780012c0b3008000780000c5b300d2
:1067d800b23b020001000000f03c220010407800ab
:1067e80080407800c03e2200014878001000200058
:1067f80070968800c03e2200104078008080fb0020
:1068080000042000008060000000e000f300320077
:10681800c03e2200104078000004e000f10035007e
:10682800020120008000eb00c01f210026050200a5
:1068380000000000c11f2100501f810072004000ad
:10684800c5262200e426220081017800f2c0b300a8
:106858008000780000c5b300b23b020001000000d0
:10686800f13c2200c01f2100d0bc02000100000042
:10687800f03c2200104078000004e000db00320009
:10688800f03c22006abf0200010000000000e000a6
:10689800d80032003000200070968800005327008e
:1068a80001002000809688009196880048c3020065
:1068b80001000000b04e2c000ac3020001000000d5
:1068c800f03c22000ac3020001000000d04f2c0057
:1068d8000ac3020001000000cd003700b0c68000e6
:1068e800610060000000e0000a003a0010b12000da
:1068f8007c520200000000000041eb0011b12000b2
:10690800f03c2200e0a4020000000000100020007b
:10691800709688008096800091968000e00f500065
:10692800e08f5800b5003a001000200070968800eb
:10693800b7003700e03c2200104078008040e800b3
:10694800e03c220001487800e03c2200104078003a
:10695800e94f5000070036000000eb0070968800f1
:10696800d1b38000f0ff280000806000d0b3880019
:10697800a70037007000200070968800a400370038
:10698800e03c2200104078000080fb00501f890086
:10699800501f81004600dd00501f8900501f8100f4
:1069a8001004b000501f8900e03e2200c5262200d6
:1069b800e42622008001780022c0b3005141200063
:1069c80000c5b300b23b02000100000060002000d7
:1069d80070968800e03c2200104078000080fb00a0
:1069e800110020000008dd0080007800701f810081
:1069f800008060000000e0002e003200020120004c
:106a08008000eb00c01f21002605020000000000e6
:106a1800c11f2100501f810072004000c5262200be
:106a2800e426220081017800f2c0b30080007800db
:106a380000c5b300b23b020001000000f13c220097
:106a4800c01f2100d0bc020001000000f03c220061
:106a5800104078000004e00016003200f03c2200ec
:106a68006abf0200010000000000e00011003200cf
:106a78008000200070968800005327000100200045
:106a8800809688009196880048c3020001000000a3
:106a9800b04e2c000ac3020001000000f03c2200a6
:106aa8000ac3020001000000d04f2c000ac30200f4
:106ab80001000000b0c68000610060000000e00036
:106ac80050003a00f0282100104078000004e0004f
:106ad80011003200f02821006abf02000100000006
:106ae8000000e0000c003200f04f2c000ac3020046
:106af800010000008040eb00f0282100ba220200cb
:106b080001000000d1b38000f0ff28000080600081
:106b1800d0b388000d00370060512c000ac3020072
:106b28000100000090a42000962c02000100000043
:106b380090a420000ac3020001000000d1b3800025
:106b4800f0ff280000806000d0b388000000eb0050
:106b5800709688002e003700b0c680006100600083
:106b68000000e00029003a00c0522c000ac30200cd
:106b7800010000008040eb00902a2100e222020080
:106b880001000000000120007096880020003700f6
:106b980060fe8000e20f500003003a005000200021
:106ba80060fe8800020037000000eb0060fe8800ed
:106bb8000000eb0070968800150037000000eb001d
:106bc80070968800000000001100370000000000e7
:106bd8000f003700000000000d0037000000000023
:106be8000b0037000000000009003700000000001b
:106bf8000700370000000000050037000000000013
:106c0800030037000000000001003700000000000a
:106c18000080fa00000006000400fa00309a8000a4
:106c2800e10f500045013200e10f50000300390028
:106c3800e20f50005d0132006d013700b0c68000e0
:106c4800610060000000e0003b003a00e0cc8000fa
:106c5800610060000000e00037003a00e0cc8000ee
:106c6800620060000000e00033003a00e0cc8000e1
:106c7800640060000000e0002f003a00902122002c
:106c8800104078000004e0002b0032009021220020
:106c9800104078000080fb00e10f50000300320034
:106ca800e20f5000080032001e00370048c30200ff
:106cb8000100000040a12c000ac3020001000000ee
:106cc8000000fe001700370021638000f00f2f003e
:106cd80000806000206388002063800000d0a1004d
:106ce8002063880080ac2100f1c3b300014878001c
:106cf80090ac21008040eb0001487800808c210096
:106d0800f1c3b30001487800808c210090407800de
:106d1800a013210001487800800e2000c09688004a
:106d280000000000902122008040eb00014878001c
:106d3800800e2000c0968800e0cc80006140600092
:106d48000080fb0061006000004078000004e00063
:106d5800f2003200e0cc8000620060000000e00039
:106d6800ee003a0048c302000100000040a22c00d7
:106d78000ac3020001000000e0a321000ac30200c8
:106d88000100000020a32c000ac30200010000003b
:106d980080a521000ac302000100000090a32c0076
:106da8000ac302000100000010a621000ac3020065
:106db8000100000010a42c000ac30200010000001a
:106dc80050d38000801f780070a42c00801f7800aa
:106dd800e0bc2000f004020000000000e487570037
:106de800e0bc20000ac3020001000000a0a42c009f
:106df8000ac3020001000000d09921000ac3020062
:106e08000100000020a52c000ac3020001000000b8
:106e180051a52c0010b1200078be0200010000002e
:106e2800100798009e00900010b1200000804000dc
:106e380081a5210078be0200010000009e0090009c
:106e480000804000100798009e00900010b12000bc
:106e58000080400091a52c0078be020001000000cf
:106e68009e00900000804000100798009e0090004f
:106e780010b120000080400011a6210078be020059
:106e8800010000009e00900000804000100798005c
:106e980012c0b3008000eb0010b12000c8740200db
:106ea800000000000000eb00000f780082c0b30073
:106eb800b1a52c00d099210042be020001000000bb
:106ec8000000e00024003a0072c0b30041a62c0084
:106ed800d099210042be0200010000000000e0003d
:106ee8001d003a0017003700c09921001e0040001d
:106ef8009040900000c6b30080cf500010003400ce
:106f0800c09921001e00400090409000a0c7b30027
:106f180080cf50000a003c00c09921001e004000ac
:106f2800104090008040780000ceb30000c04000c0
:106f380080407800c09921001e0040001140980050
:106f48001e0fe800c09921001e004000104090006c
:106f58000004e000e4ff3a00e0cc80000000a1005b
:106f6800e0cc8800e0cc80000010a000e0cc8800d5
:106f7800d09921009040780020c5b30080cf500000
:106f880005003a00e09921009040780000c2b30063
:106f980080cf500014003200d09921009040780032
:106fa80090c4b30080cf500018003a00e099210047
:106fb8009040780000c5b30080cf500013003a001d
:106fc800f09921009040780010c4b30080cf5000a1
:106fd8000e003a00009a21009040780050c5b30096
:106fe80080cf500009003a008042eb0014a621002f
:106ff80083a52100e2a32100d1992100c0a62c007d
:10700800d04f020000000000440037008042eb002f
:1070180014a6210083a52100e2a32100d199210013
:1070280040a72c00d04f020000000000c0a72c0091
:107038000ac3020001000000d09921000ac302001f
:107048000100000030a82c000ac302000100000063
:1070580010b120008040eb0001487800e0a3210037
:107068006abf0200010000000000e0002b003200af
:1070780013a6210082a52100e1a32100d0992100b7
:107088003e9d02000000000010b120001040780072
:107098000004e00021003200b0c6800061006000fa
:1070a8000000e00008003a000041eb0011b12000a8
:1070b800e0a32100e0a4020000000000200020005e
:1070c800309a88000a00370011b1200010142100fe
:1070d80078be020001000000e1a32100c0442200a4
:1070e80078be02000100000010002000309a8800dd
:1070f80000e2240001002000409a8800519a88008c
:1071080010b120008040eb000148780011c0b300a6
:10711800000120003428020001000000309a80009d
:107128000000e00036003a0021032000c0c0b30090
:10713800a86202000100000034003700b0c68000d9
:10714800610060000000e0000c003a000041eb0024
:1071580011142100c0442200e0a402000000000035
:1071680020002000309a880000e22400010020005e
:10717800409a8800519a88000400370021032000b3
:10718800c0c0b300a862020001000000409a80005d
:10719800519a8000e00f5000e08f58001a003a0022
:1071a8000000eb00309a880018003700b0c6800055
:1071b800610060000000e00005003200409a800095
:1071c800519a8000e00f5000e08f580003003a0009
:1071d8000000eb00309a88000c00370021032000e3
:1071e800c0c0b300a8620200010000000700370019
:1071f8000000eb00309a8800000000000300370010
:107208000000000001003700000000000080fa00c4
:10721800000006002600fa00609c8000e10f500084
:107228001d003200e10f500003003900e20f50004a
:10723800ba0032004301370050b0200010407800f7
:10724800e14f50000400320050b020001040780098
:10725800e24f50000b003a00c1968000f00f20006a
:10726800808f50000700320050b020009040780016
:10727800a04922000148780010002000609c880086
:107288003c013700411f200030c1b300a862020052
:107298000100000037013700b0c6800061006000bf
:1072a8000000e0002e013a00803d210010407800e7
:1072b800e14f50002c013a00602221001040780074
:1072c8000004e0002a013a00020120008000eb00df
:1072d800c01f21002605020000000000c01f210079
:1072e800c5262200e426220080017800f2c0b300ff
:1072f8006102200000c5b300b23b0200010000009b
:107308000e80e80080007800c01f2100d0bc020079
:10731800010000000e80e8006abf020001000000c2
:107328000000e0006e003200e06f2c000ac302008b
:10733800010000007e00470020400200010000001c
:107348000000eb00000f78009e00780060b020007d
:10735800808040006e58900022c0b3005e91020009
:10736800010000001e0f40009e00780060b0200061
:10737800808040007e58900022c0b3005e910200d9
:10738800010000001e0f40009e00780060b0200041
:10739800808040000e60900022c0b3005e91020021
:1073a800010000001e0f400041702c0010b12000a9
:1073b80078be020001000000000f78009e007800ef
:1073c80010b120000080400041712c0078be0200fe
:1073d800010000001e0f40009e00780010b1200040
:1073e800008040008e80e80078be020001000000a6
:1073f8001e0f40009e00780010b120000080400061
:10740800a1712c0078be0200010000001e0f400090
:107418009e00780010b120000080400061b020007c
:1074280078be0200010000001e0f40000e80e80038
:1074380012c0b30011b12000e0a402000000000057
:1074480010b120008040eb000148780050b02000c7
:1074580031c0b3000148780020002000609c8800fb
:10746800813e200030c1b300a86202000100000084
:10747800b04922008040eb000148780050b020005d
:1074880031c0b3000148780048c302000100000081
:10749800f0712c000ac3020001000000a04922007c
:1074a800104078000080fb00e10f5000030032001c
:1074b800e20f500005003200ae00370000742c00c7
:1074c8000ac302000100000004003700b0742c0059
:1074d8000ac302000100000000000000a5003700f8
:1074e80048c302000100000060752c000ac30200b6
:1074f8000100000050b020008040eb0001487800f7
:107508008138210030c1b300a862020001000000e8
:107518000000eb00609c88009600370050b0200007
:1075280010407800e14f50000400320050b02000b5
:1075380010407800e24f500002003a00100020008e
:10754800609c880050b0200010407800e44f500044
:107558002d003a007c004700220020008000eb004c
:1075680026050200000000007c004700c526220016
:10757800e42622008001780012c0b30051032000e5
:1075880000c5b300b23b020001000000ce589000d5
:1075980010c3b30080cf50000d0032007c004700bc
:1075a80011782c00b6be0200010000007c004700e4
:1075b800c5262200e42622008001780012c0b3000c
:1075c8005103200000c5b3005e3a0200010000002c
:1075d80050b020008040eb000148780060b02000e7
:1075e8008040eb00014878000000eb00609c8800b8
:1075f80048c302000100000030782c000ac30200d2
:10760800010000005b003700b049220010407800fc
:107618008040e800b049220001487800b0492200c3
:10762800104078000004e00041003a00a049220020
:10763800104078000080fb00e10f5000030032008a
:10764800e20f500026003200310037007c0047006e
:10765800220020008000eb00260502000000000048
:107668007c004700c5262200e4262200800178001d
:1076780012c0b3005103200000c5b300b23b0200a2
:1076880001000000ce58900000c3b30080cf500026
:107698000d0032007c004700d1792c00b6be0200f4
:1076a800010000007c004700c5262200e4262200d5
:1076b8008001780012c0b3005103200000c5b30058
:1076c8005e3a02000100000048c302000100000009
:1076d800f0792c000ac30200010000000c003700fa
:1076e80092cc8000a3cc8000b01b8100c11b81001c
:1076f800800f5100818f590004003a00f0a8210042
:107708008040eb00014878000100370000000000cd
:107718000000eb00609c880060b020008040eb0017
:107728000148780050b020008040eb000148780004
:10773800411f200030c1b300a86202000100000010
:107748000c0037000000eb00609c880060b020004f
:107758008040eb0001487800000000000500370079
:10776800000000000300370000000000010037009f
:10777800000000000080fa00000006000a00fa007d
:1077880030079800410798000000eb00000f7800d0
:1077980002012000f10f20004e0090002605020093
:1077a800000000003e009000104078008000fb00c0
:1077b800b0022000808f50000a003a004e0090006e
:1077c800b1cbb300014878001000200010079800e2
:1077d800100020002007980010002000000f7800fb
:1077e800190037003e00900090407800f0c2b300c6
:1077f80080cf50000f0034003e0090009040780089
:1078080090c3b30080cf50000a003c004e009000a7
:10781800a1cab300014878000000eb0010079800e7
:10782800100020002007980010002000000f7800aa
:10783800050037004e009000c1cfb3000148780022
:107848000000eb00000f78001e0078000000e00048
:107858004f0032003d0037002e009000ce0090000f
:10786800008040009e0090003e0190008100410091
:10787800914078008100fb000103b100c408dd00dd
:1078880081407800014878001e0090000000e80060
:10789800100798001e009000be0090000080400075
:1078a80090407800f0c2b30080cf50001b00340035
:1078b8001e009000be0090000080400090407800bc
:1078c80090c3b30080cf500014003c002e009000fd
:1078d800ce00900000804000ae0090004e01900065
:1078e80081004100114178009e009000be01900087
:1078f80081804100914078008141780001cdb3003a
:1079080081c0410081407100014878001e0090004c
:107918000000e80010079800090037002e009000ca
:10792800ce00900000804000ae0090004e01900014
:107938008100410091407800f140b300014878008f
:107948002e0090000000e800200798001e0090001c
:10795800be0090000080400090407800f0c2b30064
:1079680080cf50000a0034001e009000be00900036
:10797800008040009040780090c3b30080cf500052
:1079880003003c001e009000f80f5000b2ff3400c6
:107998000080fa00000006000c00fa00400798007a
:1079a800510798000000eb00000f7800a2012000aa
:1079b8008000eb005e009000260502000000000039
:1079c8004e009000104078000080fb00a10a2000c3
:1079d800810f50000d003200b10b2000810f5000c4
:1079e80011003a005e009000b1c2b300014878006f
:1079f80010002000100798001000200020079800b1
:107a080010002000000f78000c0037000000eb0089
:107a18001007980010002000200798001000200090
:107a2800000f7800050037005e009000a1c5b30084
:107a3800014878000000eb00000f78001e00780075
:107a48000000e000450032000040eb00604798006d
:107a5800390037002e009000ce00900000804000d2
:107a6800104078008000fb00000f2000808060003c
:107a7800000f2000808f50002d0032001e00900063
:107a8800de00900000804000ae0090004e019000a3
:107a980081004100914078000101fb00010f2000a6
:107aa80081006100c488de00814078000143b00095
:107ab800014878001e0090000000e80010079800b8
:107ac8002e009000ce00900000804000104078000a
:107ad8000000fb006f006000ef0f50001100320043
:107ae8001e009000de00900000804000ae00900074
:107af8004e0190008100410091407800efc0600085
:107b08000143b000014878001e0090000000e80022
:107b1800100798002e0090000000e8002007980049
:107b28000500370010c0b300604798000200370016
:107b380010c0b300604798001e009000f80f500076
:107b480006003c002e009000ee0f500003003c00a1
:107b58006e4090000004e000beff32001e00780076
:107b68000080fa00000006000800fa0020079800cc
:107b7800310798000000eb00100798000000eb00a8
:107b8800000f78003e0090001691020001000000ee
:107b9800100798000000eb00000f78000d00370078
:107ba8001e007800ae0090000080400090407800f1
:107bb8001e0078003e01900000004100104078004f
:107bc80080cf5000020032000000eb0006003700b2
:107bd8001e0fe8001e0090009e007800808f500065
:107be800efff3500100020000080fa0000000600ba
:107bf8000800fa0020079800310798000000eb0001
:107c0800100798000000eb00000f78003e0090007d
:107c18003a91020001000000100798000000eb00f4
:107c2800000f78000e0037001e007800ae009000ac
:107c38000080400010407800804078001e007800e6
:107c48003e019000000041001040780080cf5000b5
:107c5800020032000000eb00060037001e0fe800ab
:107c68001e0090009e007800808f5000eeff3500c7
:107c7800100020000080fa00000006000800fa004a
:107c88001007980021079800624798000000eb0051
:107c9800000f78000d0037001e0078009e0090004d
:107ca80000804000904078001e0078002e0190006f
:107cb800000041001040780080cf500002003200e0
:107cc8000000eb00060037001e0fe8006e40900031
:107cd8000080fb009e0f5000efff3c0010002000ca
:107ce8000080fa00000006000a00fa003007980039
:107cf80041079800ce00900011079800be00900040
:107d0800010f78000000eb00200798000b003700f7
:107d18001e009000904078001e007800014878000e
:107d28001e0090000000e800100798001e0fe800f1
:107d38002e0090000000e800200798001e00900028
:107d4800104078000004e000f1ff3a001e007800bf
:107d58008040eb00014878002e0090000080fa0077
:107d6800000006000a00fa00300798004107980052
:107d7800ce00900011079800be009000010f780017
:107d88000000eb00200798000b0037001e00900051
:107d9800904078001e007800014878001e0090008e
:107da8000000e800100798001e0fe8002e00900061
:107db8000000e800200798001e009000104078009e
:107dc8000004e000f1ff3a001e0078008040eb005c
:107dd800014878002e0090000080fa00000006009c
:107de8000e00fa004007980051079800424f98008b
:107df800de00900011079800ce009000010f780077
:107e08000000eb00200798000040eb006047980056
:107e18000e0037001e009000904078001e00780089
:107e2800014878001e0090000000e8001007980044
:107e38001e0fe8002e0090000000e80020079800c0
:107e48006e4090000040e800604798001e009000d7
:107e5800104078000004e000070032006e409000f7
:107e68008000fb004e4890000000fb000000e90085
:107e7800808f5000e7ff35001e0078008040eb003f
:107e8800014878002e0090000080fa0000000600eb
:107e98000200fa00004f7800f0c2b3009e4078005c
:107ea80080cf50000600340090c3b3009e40780095
:107eb80080cf500002003c00100020000100370075
:107ec8000000eb000080fa00000006000400fa0041
:107ed800100798000000eb00000f78001e009000cb
:107ee80090407800b0c2b30080cf500009003a003b
:107ef8001e0090000000e8001007980006003700f8
:107f08001e0090000000e800100798001e0fe8000f
:107f180001003700000000001e00900010407800ab
:107f2800dbff07000000e000f5ff3a001e009000ac
:107f3800104078000004e000020032000000eb006e
:107f4800000f78001e0078000080fa00000006008c
:107f58000800fa0010079800414798003207980077
:107f68000040eb00004f78000f0037001e80fb0038
:107f78009e00900000804000104078008000fb00c8
:107f88004e4090000080fb00808f500005003a00b2
:107f98009e80fb003e009000010878001000200041
:107fa800080037001e4fe8001e80fb009e0090006e
:107fb80000804000104078000004e000ebff3a0029
:107fc8000000eb000080fa00000006000c00fa0038
:107fd8003007980041079800520798000000eb000e
:107fe800000f78000000eb00200798004e0090007a
:107ff80010407800204798001e007800be009000ce
:1080080000804000e400470001017800ae40900085
:10801800cfff0700e10f50000f003a002e0090003c
:108028001e004000be00900000804000ce0090007e
:10803800b8bd020001000000e10f500008003a003e
:108048002e0090009e0040005e009000010878001d
:1080580010002000060037000000eb000400370085
:108068002e0090001e0f40001e0fe800e2ff3700b0
:108078000080fa00000006000a00fa0030079800a5
:1080880041079800be0090001107980003003700d0
:108098001e0090000000e800100798001e009000e5
:1080a800104078000004e000f9ff3a00ce0090008c
:1080b80021079800030037002e0090000000e80018
:1080c800200798002e009000104078000004e0007f
:1080d800f9ff3a000040eb00004f78000700370036
:1080e8001e4fe8001e0090000000e90010079800ed
:1080f8002e0090000000e900200798001e00900064
:10810800904078002e0090001040780080cf5000fa
:1081180008003a009e0090003e009000808f5000ba
:1081280004003900ae0090004e009000808f50008f
:10813800ebff31001e4078000080fa0000000600c6
:108148000a00fa0010079800414798003207980083
:10815800430798003e0090008040eb0001487800fb
:108168004e0090008040eb00014878001c0037006a
:108178003e009000104078006a00b90000007800c6
:1081880000407800804078003e0090000148780068
:108198003e00900010407800804078001e0090005b
:1081a8001040780080c0400000cdb30000c04000ff
:1081b800804078003e009000014878001e00900042
:1081c8000000e800100798004e009000104078006a
:1081d8000040e800804078004e0090000148780098
:1081e8001e009000104078004cbf02000100000003
:1081f8000000e000deff3a001e009000904078008a
:108208004e40900080cf5000040032001e009000c5
:10821800104078000004e00003003a00100020003d
:10822800000f7800020037000000eb00000f780014
:108238001e0078000080fa00000006000400fa0022
:1082480060978000e30f50004c003200e30f5000ad
:1082580005003e00e10f500016003200e10f50000b
:108268003f003e0009003700a10f2000810f500099
:108278006b003200b10f2000810f500070003200f7
:10828800ea0f50004b003200790037004099800017
:10829800e20f50007a00360041998000b0122000a9
:1082a800808f500078003e00100020006097880002
:1082b8007a0037000000eb00000f78000000eb00a8
:1082c800100798000e0037001e0090004200dd00e5
:1082d800a1c62000614078008080fb0000022000d9
:1082e800008060000000e000020032001000200062
:1082f800000f78001e0090000000e80010079800aa
:108308001e009000e30f5000efff34001e007800bd
:108318000000e0000b003a008040eb000010200055
:108328003428020001000000017d200030c0b300a5
:10833800a8620200010000000000eb0060978800be
:1083480056003700017d200030c0b300a86202004b
:108358000100000020002000609788004f003700cf
:10836800017d200030c0b300a862020001000000b7
:10837800300020006097880048003700a080200067
:10838800104078000004e00003003200a000200044
:108398006097880041003700a00f20006097880090
:1083a8008040eb000010200034280200010000008b
:1083b8003a003700b0802000104078000004e00048
:1083c8000c0032008040eb0000102000342802002e
:1083d8000100000090802000104078008040780064
:1083e8000114a0009080200001487800a00f200010
:1083f80060978800a0802000104078000004e0000a
:1084080023003a008040eb0000102000662802009c
:1084180001000000a00f2000609788001f003700af
:108428009080200010407800804078000154a1001e
:108438009080200001487800b00f200060978800e5
:1084480040998000e10f500013003e00908020000a
:1084580010407800804078000154a10090802000ee
:10846800014878000000eb00609788000b00370097
:108478000000eb006097880000000000070037004c
:10848800000000000500370000000000030037006e
:108498000000000001003700000000000080fa0022
:1084a800000006000200fa00004f780000122200c7
:1084b800104078009e4f500003003a0000098100e8
:1084c8000090a000000989001e407800ea4f500083
:1084d800030032001e407800ed4f500014003a00af
:1084e800e0fc2100104078000004e0001e0032008b
:1084f800e0fc2100104078000080fb00f1fc210026
:108508000041eb00827078008001eb000001eb0075
:108518008000eb00f0fc21003e9d020000000000fe
:10852800e0fc21008040eb00014878000e00370095
:108538001e407800ed4f50000b003200e0fc210097
:10854800104078000080fb001e417800f1fc2100fb
:1085580082707800e0fc2100104078008040e8003c
:10856800e0fc2100014878000080fa0000000600c5
:108578000000fa0080002000701d8800b023ef0082
:1085880020022000b01d8800b823ef009bc0a8007f
:10859800afe3a800b143a800b183a800b686a8003d
:1085a8000080fa00000006000200fa00000f7800c0
:1085b8001e007800104078000004e000110032002e
:1085c800000000000100370000000000811d80004d
:1085d80000102000008060000000e000fbff320077
:1085e8001e007800104078000000fb00901d8800f5
:1085f8001e0fe8001e007800104078000004e0001c
:10860800f1ff3a000080fa00000006000200fa00bc
:10861800000f78001e007800e3ff07000080fa00d2
:10862800000006000200fa00000f78001e00780023
:10863800104078000004e000110032000000000043
:108648000100370000000000811d8000001020009c
:10865800008060000000e000fbff32001e00780090
:10866800104078000080fb00901d88001e0fe80075
:108678001e007800104078000004e000f1ff3a0086
:108688000080fa00000006000000fa00c0af2c00cd
:0c869800deff07000080fa000000060072
:020000040000fa
:020000040003f7
:1086a400ce23000022000000800000008824000087
:1086b40006000000800000004c2400001a000000a6
:1086c40080000000cc2200005c000000800000005c
:1086d400f023000020000000800000002823000098
:1086e4004e000000800000009624000002000000fc
:1086f40082000000feff000022210000cc000000e8
:1087040080000000982400000200000080000000a7
:108714009a24000002000000800000009c24000055
:108724000200000082000000ffff0000d8130000d8
:108734003807000080000000a42300002a00000085
:108744008000000066240000140000008000000087
:108754008e24000004000000800000006c22000051
:108764006000000080000000ce1f000054010000e3
:1087740080000000762300002e000000800000002e
:10878400102400001e000000820000002346230085
:1087940049234e002354230052234100234e230037
:1087a400532350002341230052234500234e23002a
:1087b4005400000000080000d80b000080000000f6
:1087c400ee2100007e000000800000007a240000fa
:1087d4000e00000080000000101b0000f2020000e8
:1087e40080000000922400000400000082000000c9
:1087f400ffffff00ff000000021e0000cc0100008c
:10880400800000002e2400001e00000082000000f2
:10881400286e69006c29000025006800076c0900b7
:108824004c836a009074a0007ac0000080688800bd
:1088340000846c00820081009e240000020000007d
:088844008000000000000000ac
:020000040000fa
:020000040003f7
:10884c000000fa0010978000e10f50001e0032006b
:10885c00e10f500003003900e20f500024003200f9
:10886c002c003700ca06a900ca26a800808c21005b
:10887c009040780010c3b30080cf50000500320048
:10888c00808c21009040780050c3b30080cf500002
:10889c0005003a00419c200020c0b300a8620200f1
:1088ac000100000004003700411f200020c0b3006d
:1088bc00a862020001000000109780000000e80090
:1088cc001097880016003700ca06a900ca26a9000e
:1088dc00411f200020c0b300a8620200010000006c
:1088ec00109780000000e800109788000c003700fb
:1088fc00ca06a800ca26a900411f200020c0b30048
:10890c00a8620200010000000000eb001097880034
:10891c00030037000000eb001097880000000000f7
:10892c000080fa00000006000200fa00004f7800f8
:10893c00114798001e407800e54f500002003600a9
:10894c0050c0b300004f7800602481000000e000ac
:10895c0024003a00809a80000000e00021003a00d8
:10896c00d09a80000000e0001e003a004099800080
:10897c00e10f50001b003a001e80fb0060248900b0
:10898c001e409000614060000080fb0061006000b0
:10899c00412481000100a1000100700040248900e5
:1089ac00402481000010a000402489001e4090004b
:1089bc000004e00003003a00800c200050248900e1
:1089cc0002003700401f200050248900f0c0200016
:1089dc0011c0b3000148780040c5b300fea70200e7
:1089ec000100000060248100004078000080fa0043
:0489fc000000060071
:020000040000fa
:020000040003f7
:108a0000f03fb1000180b10006003500ee0309001f
:108a100000000000403fb1000180b100fbff3d00bd
:108a20001000b000203fb0000200350000800900b7
:088a3000000000000000060038
:020000040000fa
:02000004000af0
:04be0000ffffff0041
:020000040000fa
:02000004000af0
:04be2000ff1f000000
:020000040000fa
:02000004000af0
:04be300009ffff0007
:020000040000fa
:02000004000af0
:04be380043ffff00c5
:020000040000fa
:02000004000af0
:04be4000bbffff0045
:020000040000fa
:02000004000af0
:04be4800ffffff00f9
:020000040000fa
:02000004000af0
:04be5000df7fff0091
:020000040000fa
:02000004000af0
:04be5800ffffff00e9
:020000040000fa
:020000040100f9
:04300000feffff00d0
:00000001FF
