:020000040000fa
:080000000001040000000000f3
:020000040000fa
:04000800760400007a
:020000040000fa
:04000c007604000076
:020000040000fa
:040010007604000072
:020000040000fa
:04001400760400006e
:020000040000fa
:04001800760400006a
:020000040000fa
:04001c007604000066
:020000040000fa
:040020007604000062
:020000040000fa
:04002400760400005e
:020000040000fa
:0400280004020000ce
:020000040000fa
:04002c007604000056
:020000040000fa
:040030007604000052
:020000040000fa
:040034006202000064
:020000040000fa
:04003800760400004a
:020000040000fa
:04003c007604000046
:020000040000fa
:040040007604000042
:020000040000fa
:040044005202000064
:020000040000fa
:040048005a02000058
:020000040000fa
:04004c007604000036
:020000040000fa
:040050007604000032
:020000040000fa
:040054008403000021
:020000040000fa
:04005800760400002a
:020000040000fa
:04005c007604000026
:020000040000fa
:040060007604000022
:020000040000fa
:04006400760400001e
:020000040000fa
:04006800760400001a
:020000040000fa
:04006c007604000016
:020000040000fa
:040070007604000012
:020000040000fa
:04007400ba030000cb
:020000040000fa
:040078001e02000064
:020000040000fa
:04007c007604000006
:020000040000fa
:040080007604000002
:020000040000fa
:0400840076040000fe
:020000040000fa
:0400880076040000fa
:020000040000fa
:04008c0076040000f6
:020000040000fa
:0400900076040000f2
:020000040000fa
:0400940076040000ee
:020000040000fa
:0400980076040000ea
:020000040000fa
:04009c003802000026
:020000040000fa
:0400a0004e0300000b
:020000040000fa
:0400a40076040000de
:020000040000fa
:0400a80076040000da
:020000040000fa
:0400ac0076040000d6
:020000040000fa
:0400b00076040000d2
:020000040000fa
:0400b40076040000ce
:020000040000fa
:0400b80076040000ca
:020000040000fa
:0400bc0076040000c6
:020000040000fa
:0400c00076040000c2
:020000040000fa
:0400c40076040000be
:020000040000fa
:0400c80076040000ba
:020000040000fa
:0400cc0076040000b6
:020000040000fa
:0400d00076040000b2
:020000040000fa
:0400d40076040000ae
:020000040000fa
:0400d80076040000aa
:020000040000fa
:0400dc0076040000a6
:020000040000fa
:0400e00076040000a2
:020000040000fa
:0400e400760400009e
:020000040000fa
:0400e800760400009a
:020000040000fa
:0400ec007604000096
:020000040000fa
:0400f0007604000092
:020000040000fa
:0400f400760400008e
:020000040000fa
:0400f800760400008a
:020000040000fa
:0400fc007604000086
:020000040000fa
:040100007604000081
:020000040000fa
:04010400760400007d
:020000040000fa
:040108007604000079
:020000040000fa
:04010c007604000075
:020000040000fa
:040110007604000071
:020000040000fa
:04011400760400006d
:020000040000fa
:040118007604000069
:020000040000fa
:04011c007604000065
:020000040000fa
:040120007604000061
:020000040000fa
:04012400760400005d
:020000040000fa
:040128007604000059
:020000040000fa
:04012c007604000055
:020000040000fa
:040130007604000051
:020000040000fa
:04013400760400004d
:020000040000fa
:040138007604000049
:020000040000fa
:04013c007604000045
:020000040000fa
:040140007604000041
:020000040000fa
:04014400760400003d
:020000040000fa
:040148007604000039
:020000040000fa
:04014c007604000035
:020000040000fa
:040150007604000031
:020000040000fa
:04015400760400002d
:020000040000fa
:040158007604000029
:020000040000fa
:04015c007604000025
:020000040000fa
:040160007604000021
:020000040000fa
:04016400760400001d
:020000040000fa
:040168007604000019
:020000040000fa
:04016c007604000015
:020000040000fa
:040170007604000011
:020000040000fa
:04017400760400000d
:020000040000fa
:040178007604000009
:020000040000fa
:04017c007604000005
:020000040000fa
:040180007604000001
:020000040000fa
:0401840076040000fd
:020000040000fa
:0401880076040000f9
:020000040000fa
:04018c0076040000f5
:020000040000fa
:0401900076040000f1
:020000040000fa
:0401940076040000ed
:020000040000fa
:0401980076040000e9
:020000040000fa
:04019c0076040000e5
:020000040000fa
:0401a00076040000e1
:020000040000fa
:0401a40076040000dd
:020000040000fa
:0401a80076040000d9
:020000040000fa
:0401ac0076040000d5
:020000040000fa
:0401b00076040000d1
:020000040000fa
:0401b40076040000cd
:020000040000fa
:0401b80076040000c9
:020000040000fa
:0401bc0076040000c5
:020000040000fa
:0401c00076040000c1
:020000040000fa
:0401c40076040000bd
:020000040000fa
:0401c80076040000b9
:020000040000fa
:0401cc0076040000b5
:020000040000fa
:0401d00076040000b1
:020000040000fa
:0401d40076040000ad
:020000040000fa
:0401d80076040000a9
:020000040000fa
:0401dc0076040000a5
:020000040000fa
:0401e00076040000a1
:020000040000fa
:0401e400760400009d
:020000040000fa
:0401e8007604000099
:020000040000fa
:0401ec007604000095
:020000040000fa
:0401f0007604000091
:020000040000fa
:0401f400760400008d
:020000040000fa
:0401f8007604000089
:020000040000fa
:0401fc007604000085
:020000040000fa
:100200000f4a22000eff27000e01880000000000a8
:10021000000020000000e000020032000001200089
:100220002002880014000700b20107000000e0006f
:1002300003003a0080322c00110020000200370039
:100240000000200001002000810f7000010032003a
:1002500014000700000020000000e000020032004f
:1002600000000200000000005e5a020001000000d1
:100270000040da000000fe004440a900407723005f
:100280000000e00003003200002020009001880000
:100290004440a800000006008a1f78008b1f7800e9
:1002a00000000600a1028800800478000000eb0036
:1002b0001f003700e284440054a0b4009905ba003e
:1002c000e284440054a0b4009906ba00e2844400d9
:1002d00054a0b4000006eb00476fde00fd07b2003b
:1002e000ae018800636ce10003003a00eaff0700fa
:1002f0000000eb000e003700606ce10008003a00df
:10030000004deb000a05e800020039003420ec0043
:100310000af0a0008b05e900f9ff3e000400370059
:100320006168e100010032000086eb000b0007006d
:1003300019c7ba001905ba000e04e00003003a001c
:100340000a00e000dbff3a0000000600fe07b200f2
:10035000ae0288008a047800f5ff37000cd0a300b5
:10036000e20f4d001c00390089027800354dba00bb
:100370000a05e800020039003420ec000af0a00071
:100380008b05e9000f003200254dba000a05e80090
:10039000020039003420ec000af0a0008b05e900cf
:1003a000080032000c00e0000600320015cdba0053
:1003b0000a05e800020039003420ec000af0a00031
:1003c0008b05e9008984e80054a0b4000b00e0002c
:1003d000e2ff3a00000006009902ba00055d7800cd
:1003e0008b05e900f7ff3200c82ade00055d7800c2
:1003f0008b05e900f3ff32000c00e000f1ff320052
:1004000019ddba00eeff37003200f8003400f800c2
:10041000881f780018002000a8018800082020000c
:10042000980188004f0478000000fa000080fa006c
:100430003400f9003200f900004006003200f800f4
:100440003400f800881f780018002000a8018800f8
:1004500008202000980188004f0478000000fa006e
:100460000080fa003400f9003200f9000040060074
:100470003200f8003400f800881f780018002000cf
:10048000a801880008202000980188004f04780007
:100490000000fa000080fa003400f9003200f90090
:1004a000004006000000fa0088e0a9000080fa0081
:1004b000004006000000fa008900a9000080fa0050
:1004c00000400600809fbe00829fbe000200fa002e
:1004d000c0048000680060000000e0006a00320094
:1004e00040048000680060000000e0006600320008
:1004f000e03c210011c0b300014878006013810086
:100500000000e00003003200601381000000e900f9
:1005100060138900f02b2200104078000004e000f6
:1005200005003200f02b2200104078008040e900e6
:10053000f02b220001487800705880000000e00095
:1005400003003200705880000000e90070588800f5
:100550000040eb00004f7800480037001e80fb0091
:100560006a00b90080007800a02c210000804000c3
:1005700010407800e14f500027003a001e80fb0039
:100580006a00b900000078008080e800a02c2100fb
:1005900000804000100078000000e0000e003200f3
:1005a0009e81fb001e80fb006a00b90000007800fd
:1005b0008080e800a02c210000804000100078001e
:1005c0000001e9006a18b90080007800c02c210001
:1005d00000804000020878001e80fb006a00b9001d
:1005e000000078008080e800a02c210000804000fe
:1005f000100078000000e00007003a001e80fb00b9
:100600006a00b90080007800a02c21000080400022
:100610008040eb00014878001e80fb006a00b900b2
:1006200000007800e6004000a02c2100008040007f
:100630001000be00e00f5000e08f58000e003200a6
:100640001e81fb006a10b90000007800e60040003f
:10065000a02c2100008040001000be00610050006e
:10066000e08058006a11b90082017800022d210053
:10067000028141000089be001e4fe8001e40780044
:10068000f94f5000b5ff36008860a9000080fa00dd
:100690004f01be004f00be00004006003600f800cb
:1006a000809fbe00829fbe00849fbe00869fbe00ca
:1006b0000000fa00020037000e56020001000000a0
:1006c000801d8000610060000000e000faff3a0039
:1006d0008bc0a900c026210010407800804078001f
:1006e0000144a000c0262100014878000080fa00e3
:1006f0004f03be004f02be004f01be004f00be00c0
:100700003600f900004006003600f800809fbe0069
:10071000829fbe00849fbe00869fbe000000fa003c
:10072000020037007a08020001000000d01c80009f
:10073000610060000000e000faff3a008960a90053
:10074000c026210010407800804078000154a000ad
:10075000c0262100014878000080fa004f03be0047
:100760004f02be004f01be004f00be003600f90030
:10077000004006003600f800809fbe00829fbe0049
:10078000849fbe00869fbe000000fa00d004800057
:10079000680060000000e0004d003200500480005e
:1007a000680060000000e00049003200413780002e
:1007b00000202000008060000000e0000c003200fb
:1007c000e0972c00e0c2020001000000007d200044
:1007d000d0738800e926a900c026210010407800c7
:1007e000804078000124a000c02621000148780044
:1007f000a136800000042000008060000000e000be
:1008000011003200603d210010407800e14f50009f
:1008100006003a00c0982c00e0c20200010000006f
:10082000603d21008040eb0001487800d4c6a9005b
:10083000c026210010407800804078000114a000fc
:10084000c026210001487800a036800064006000c6
:100850000000e00007003200d446a900c0262100b5
:1008600010407800804078000104a000c0262100dc
:1008700001487800a0368000680060000000e000b9
:1008800001003200d466a900a136800000022000d9
:10089000008060000000e00001003200d4a6a90042
:1008a000a0368000700060000000e000010032000f
:1008b000d486a9008a60a900c026210010407800d3
:1008c000804078000134a000c02621000148780053
:1008d0000080fa004f03be004f02be004f01be0071
:1008e0004f00be003600f900004006000040da006c
:1008f0000000fe00000005006022b8000602200093
:100900000000d0008180d2000482d2008582d20013
:100910000000a0000202520083825a00030031004e
:100920000202420083824a000000a1000603e9009f
:10093000f3ff3a0000000600efff07000400be00ce
:10094000000006000000fa00e88157004fb9970048
:10095000cb0207000080fa0000000600ef0007004d
:10096000470107007b010700f70107001f0207008e
:1009700040030700eb0237000000fa00e88157004f
:100980004fb99700be0207000080fa000000060081
:10099000e20007003a010700eb010700130207001d
:1009a0006c01070033030700de0237000000fa0085
:1009b00068815700cfb89700d60207000080fa0080
:1009c00000000600d50007002d01070061010700a7
:1009d000dd0107000502070026030700d1023700ea
:1009e0000000fa0068815700cfb89700c9020700dd
:1009f0000080fa0000000600c80007002001070080
:100a0000d1010700f901070052010700190307008f
:100a1000c40237000000fa0068815700cfb8970081
:100a2000bc0207000080fa00000006004901370000
:100a30008001780002003700b15978000201e90016
:100a40000200e000fcff3a0000000600889fbe00a4
:100a50008a9fbe00800478000200e0005b00320044
:100a600001407800814c780082814400f1f99f00b8
:100a7000e20f51005500360091449800a1449800bf
:100a8000e1f99f00d1f99f00e60f51004f003600b9
:100a9000b1449800c1f99f00e80f51004b003600a7
:100aa0000905ea00630565000a8444000a0551004f
:100ab000c1ff2f00010565000080fb008000eb00f6
:100ac000121020001310200008060700008cbe0042
:100ad0000a01440060b99f0071b99f00e80f5500fa
:100ae0003a00360020049800310498004004980031
:100af0005104980020b99f0031b99f0040b99f0070
:100b000051b99f00f80f550030003600600498007e
:100b100071049800000c9800110c9800200c9800ab
:100b2000310c9800400c9800510c980020b19f00a7
:100b300031b19f0040b19f0051b19f0060b19f0053
:100b400071b19f0000b99f0011b99f00640164005a
:100b50007801410002044400020555006011b8000c
:100b60000203be000002be000403be006022b80003
:100b700000007200818072000201730083817300a3
:100b800010003700009cbe000294be004004980094
:100b9000510498006204980073049800000c9800b7
:100ba000110c9800220c9800330c9800400c98000f
:100bb000510c9800620c9800730c98000a02b10066
:100bc0000802b000ff0f5500eeff3e00090078005c
:100bd0004f05be004f04be0000000600889fbe0007
:100be0000004be0008007800180007000000440060
:100bf000890078000e000700080078004f04be004e
:100c00000000060081017800000278003041780081
:100c1000b14f510002003a000204e000f9ff3a002f
:100c20009480fb001380fb00008050000000060051
:100c3000881f78000004780008007800e7040700a7
:100c4000080078004f04780000000600800078005b
:100c5000040037003104e00002003a0000005100b7
:100c600000000600010178000108a300f9ff3a0026
:100c70008101780031017800f4ef2f000202420078
:100c80000281ea00020162000408280004016100f8
:100c9000f7ff320083007800010178003104e000a2
:100ca000fdff3a0000005100000006008001eb004b
:100cb0000200e0001000320000027800010378001a
:100cc000b44178000304e00008003200b14278002b
:100cd0000504e0000500320082034000848f5300c9
:100ce0000200320085cf5100f4ff32008381fb0007
:100cf0001680fb0080815100030078000000060090
:100d0000881f78000004780008007800d3040700ea
:100d1000080078004f04780000000600ec874700c8
:100d2000889fbe008a9fbe008c9fbe008e1f7800e9
:100d3000000678000104780018079000280590004c
:100d400098067800cdb79f00b80590003202be002b
:100d50002203be000400be000601be004f18de00e4
:100d60006011b8008000eb00d0b79f00e1b79f0092
:100d7000f2b79f0083bf9f00800478000900e00065
:100d8000060032006000b8006011b8000402500094
:100d90008582580006035900878359000e00e00041
:100da000020035000d10a100cdb79f000900e00042
:100db00005003a004fb097000028a30002003a0057
:100dc0000038a300020032008a00e9000100370069
:100dd0008a007800f8815700a200200008007800ff
:100de000860007000900e00003003a00cfb097003a
:100df0000128a300080032000000e900008145003e
:100e0000b1c2b3000900e00001003200d1c2b3005a
:100e100001497800050037000138a30003003200c3
:100e20000000e90001c2b30081757800480190001c
:100e30000201e90000015100808045004fb2970097
:100e40008a0178000c007800550207009c00900091
:100e50000188a3000400320098009000810f500028
:100e600001003d00010078004f0778004f06be00ea
:100e70004f05be004f04be00cf00b10000000600c9
:100e80000200fa00889fbe008a9fbe00800578009d
:100e900001047800020078001801900028059000f5
:100ea00098007800b1bf9f00b80490000200e000f5
:100eb000020035000110a100b1bf9f00ea81570078
:100ec000820020008a0078003002be002003be00ad
:100ed00008007800490007003fb99700f000610062
:100ee000030032000000e90001c3b3008174780000
:100ef0003fb99700e8006100030032000000e900fc
:100f000001c2b30081747800480190000201e90039
:100f100000015100808044003fba97008a017800a8
:100f20000b0078001e0207009b0090000188a300c0
:100f30000400320098009000810f500001003d0035
:100f4000010078004f05be004f04be000080fa008b
:100f500000000600ea874700889fbe008a9fbe0007
:100f60008e1f780000047800030078007287570015
:100f700084e2260055c72600049fbe00c3962200c7
:100f8000030f78006c875700004feb0011059000ad
:100f9000a1049000910578000200e00002003200f8
:100fa0000207780001003700728757000000e00058
:100fb00002003a000e00780024ff07000a00e0005b
:100fc000030035008a0f5000010036000a00780047
:100fd0000b02780089017800000178008e0078000b
:100fe00008007800ee0107004f0778004f05be00ab
:100ff0004f04be00af00b10000000600f4874700b8
:10100000889fbe008a9fbe008c9fbe008e1f780006
:101010000605be000404be0081bf9f0082b79f008a
:10102000f3b79f00b0009000e1b79f001301780074
:1010300092b79f0090069000400090000000e900e9
:10104000000678000d00e00001003d001d002000ba
:101050008040eb00efb19700817178001e00200006
:101060001f0037000c06e9000fb09700cf80de00ac
:101070006109b900a0b79f00b1b79f00c2b79f0038
:10108000d3b79f000203be000002be000800be00ee
:101090000a01be003b050700000778000e407800fb
:1010a0000043b000efb0970080707e008d06e9002d
:1010b0000fb997000201e90082bf9f002fb297008d
:1010c000bfb297004fb39700dfb397000800be0090
:1010d0000a01be00240507000205be000004be0090
:1010e0000c00e0000d003400e00f5400e08f5c00c5
:1010f000e00f5d00e08f5d00daff3a000d00e000d8
:10110000d8ff3c008fb997000300e00003003400d3
:101110001fb097000018a300d2ff3a000e00e000b5
:1011200002003a00ffb097001140a1000c007800c7
:101130004f0778004f06be004f05be004f04be00ab
:101140004f01b100000006000200fa00889fbe00b7
:101150008a9fbe0000057800010478000200780034
:1011600018019000a804900098007800b1bf9f007b
:10117000b80590000200e000020035000110a10057
:10118000b1bf9f00ea815700a200200089007800cb
:101190003002be002003be000800780097ff070061
:1011a000480190000201e9000001510080804500e3
:1011b0003fba9700890178000a007800780107009b
:1011c0009a0090000188a30004003200980090006b
:1011d000810f500001003d00010078004f05be0066
:1011e0004f04be000080fa0000000600fa874700a6
:1011f000889fbe008a9fbe008c9fbe008e1f780015
:1012000080047800010478008205780018019000bd
:101210002805900018077800b80090000200e00050
:10122000020035000e10a10001003700120020005e
:1012300070006700e0b79f00090032003b02be006b
:101240002b03be00e00f5200e08f5a00e00f5b005e
:10125000e08f5b00020032008a86e900010037005f
:101260008a067800e8026700f5b79f0001003200a7
:101270008d06e9003b02be002b03be00e4af9f00d9
:10128000f5af9f0086b79f0097b79f004806900074
:101290000c06e9000040eb0080707e00efb2970082
:1012a0007fb297008903780081047800d8af9f004f
:1012b000020478008bbf9f008a0578000345780000
:1012c0002a0037000c06e9006fab97006f0063003f
:1012d000e90f500002003c000003b000010037009d
:1012e0007005b0000a03fb001604b100f90f5300ab
:1012f0000c003e00000378000650a0001606b10066
:10130000f90f530007003e00b4b79f00a5b79f0038
:10131000c7b79f008d030700cfb39700afb2970008
:101320003fb2970080747e000804e9008d06e90052
:101330006fa89700ffa897000fb197009fb1970083
:10134000460020008301d1000281d3008180d300b8
:101350000080d3000603e900faff3a00e0af9f00e7
:10136000f1af9f0082b79f0093b79f00e10f560037
:101370000f0034006fa89700ffa897000fb19700e7
:101380009fb19700e00f5000e08f5800e00f590028
:10139000e08f5900cbff3a000800e000c9ff3c0095
:1013a0000d00e000020034000e18a300c5ff3a0053
:1013b00089007800f4b79f00870478005fac97003d
:1013c0008a4178000b0578008fbd97000500e0008a
:1013d000100032003b02be002b03be00e4af9f00b2
:1013e000f5af9f0086b79f0097b79f00e00f5200b0
:1013f000e08f5a00e00f5b00e08f5b0005003200d9
:101400000c06e90083707e000c06e90000c3b300ff
:1014100080707e00ffb297000500e00003003200fc
:101420000c06e90000c2b30080707e004801900005
:101430000201e9000c0151008c8040000e0278008e
:101440008a01780009007800d50007009900900013
:101450000188a3000400320098009000810f500022
:1014600001003d00010078004f0778004f06be00e4
:101470004f05be004f04be00af01b10000000600e2
:10148000f28747008e1f780002027800030178007f
:101490000000e00002003200000778000100370081
:1014a000728757008002eb000100e000010032006b
:1014b0008102e90070805700060009000018eb0067
:1014c0000080eb0080bf9f002310200093bf9f008f
:1014d000aebf9f00b1bf9f00c5bf9f000100e000ed
:1014e00003003d00b1042000f1248900060037000c
:1014f000004feb00eebf9f00debf9f00840078002e
:1015000070805700180307004f0778002f01b100c3
:10151000000006008201780001017800f1ff270039
:10152000d7ff370084082000848f50001d00320050
:101530000d003c0014082000848f5000270032006a
:1015400002003c00040820000400370024082000aa
:10155000848f50003400320044082000848f5000f3
:1015600043003a0036003700040a2000848f500000
:101570002700320004003c0004092000848f500042
:101580003b003a0028003700020c2000828f5000f8
:101590002f003200020f2000828f500034003a00ea
:1015a0002b0037009380e9000200e00005003200c4
:1015b000810978001102fb00cfa2de00612bb90087
:1015c0002800370081097800114278000482fb006e
:1015d0008002eb006033b80022003700130278006d
:1015e000e40052000200e0000500320081097800aa
:1015f0001102be004fabde008603780019003700f1
:10160000810978001102be006033b8001500370070
:101610009380e9008109780011027800cfa2de00f2
:10162000612bb9000f00370093027800e880520068
:10163000810978003102be002103be000900370095
:101640009380e9000200e00002003200f1ff370061
:101650009380e90081097800110278008002eb0094
:101660006033b8000498be000690be00100005006c
:101670000000050044082000848f5000250032003f
:1016800008003c0014082000848f50001400320031
:1016900024082000848f5000240032000408200019
:1016a0000c00370004092000848f50001f00320016
:1016b00004003c0084082000848f500024003a007d
:1016c0000e003700040a2000848f50001100320001
:1016d000040c2000848f50001d003a000d003700dc
:1016e0009380e90081097800910078000108780072
:1016f000cf91de008288be00140037009380e9009d
:10170000810978009100780001087800824878000b
:101710000e0037009380e90081097800910078007d
:101720000108780082087800080037009380e900fb
:101730008109780091007800010878006112b900f1
:10174000612bb9008498be008690be001000050091
:1017500000000500889fbe0000047800480090004b
:1017600082047800808f54000100360080047800e5
:101770000901780058009000adfc07005800900067
:101780000900400050049800c8009000898450006f
:10179000490498000048eb004f04be00000006001a
:1017a000f2874700889fbe008a9fbe008c9fbe00c4
:1017b0008e1f78008004780001057800020478000c
:1017c000830578006107620002003a008b0f540025
:1017d00008003900080178008a00780009007800c4
:1017e000dcff07008b0f54000200390088057800e9
:1017f0001e003700088655000c017800f00f5600d7
:101800000100360002012000010220007e80570006
:101810008efc07008c0678000500370002012000ce
:10182000fe80570009007800caff0700f0865600c6
:10183000ef8f5600f9ff3e004461de0000ff2f00ed
:101840000091b90002014600fe80570009007800af
:10185000c0ff07000e00e00004003a000801780015
:101860008a00780009007800baff07000b007800b2
:101870004f0778004f06be004f05be004f04be0064
:101880002f01b10000000600000005000000050067
:1018900000000500000178000040eb008080fb00a4
:1018a000818040006343220063c278000404e000aa
:1018b00003003a007043220060c078000000060078
:1018c00092017800934f520004003a0070432200c6
:1018d00060c078000309e800010037000040e8001c
:1018e000ea4f5000edff360000000600f687470083
:1018f000889fbe008a9fbe008c9fbe008e1f78000e
:10190000000578000104780083057800040678005b
:101910000000eb00c0b79f008080eb00d1b79f00b4
:10192000e0b79f00f2b79f000008200080bf9f0033
:1019300098007800010078008004eb000100370077
:101940008904e800304178000204e000030032001e
:1019500053c2b300834f5100f9ff3a000900e00081
:1019600004003200090178000a00780079ff0700be
:10197000188c44001807780050c2b3009e4f100026
:101980003f013a000e07e8000e0c78001000370007
:10199000cfb097000100a0000b003700cfb0970038
:1019a0000110a00008003700cfb097000120a00070
:1019b00005003700cfb097000130a00002003700cb
:1019c000cfb097000140a000c1b79f00000ce80015
:1019d0001800780090407800b2c2b30082cf500067
:1019e000f1ff320007003c0002c2b30082cf50007a
:1019f000f0ff320032c2b30082cf500007003a003d
:101a0000efff3700d2c2b30082cf5000e0ff3200b8
:101a100002c3b30082cf5000e0ff3200a2c2b30085
:101a200082cf50000d003a00000ce8001c80e90055
:101a3000000e780010007800e0b79f000000e00082
:101a40000f003d00cfb097000100a200c1b79f007a
:101a50000000ea00e0b79f000900370039010700e5
:101a6000e0b79f0001003700000ce8001800780084
:101a70009000fb000103b100e98f5000faff36002f
:101a80004fb097000008a300020032000010a10030
:101a9000c0b79f0018007800e1c2b30090cf1000db
:101aa00016003a008000eb00d1b79f000000e8006c
:101ab000000c7800a1c2b30090cf100006003a00dd
:101ac000000ce8001c80e900000e7800100078008f
:101ad000d0b79f00090037001a010700d0b79f0058
:101ae00001003700000ce800180078009000fb00af
:101af0000103b100e98f5000faff360008007800ba
:101b000064ff070080467800180078001000fb0092
:101b10008701070091062000810f50003800320035
:101b200012003c0041062000810f500034003200ba
:101b30000a003c0011062000810f500020003200f6
:101b400031062000810f5000a00032005102200019
:101b5000810f5000bc003a00b4003700710620002d
:101b6000810f5000b8003c008800370001072000ba
:101b7000810f50005c00320007003c00e1062000ad
:101b8000810f50007a003200f1062000810f5000d2
:101b9000ad003a003900370051072000810f500096
:101ba0002700320081072000810f500042003200e0
:101bb00031072000810f5000a3003a008f0037004a
:101bc0008d80fb000c01780000fe2f000f0040000c
:101bd000730107000000e000a80032001800780040
:101be000000ce8009041780002fe2f000f01410038
:101bf000f88057000a00780024ff07000e00370025
:101c00008d80fb008c0178001200200000fe2f0068
:101c10000f00400043fe07000000e0009700320084
:101c2000180ce80002fe2f000f014100f880570059
:101c30000a00780039fc07008084440090003700d7
:101c40008d80fb008c0178000001eb0000fe2f006e
:101c50000f00400033fe07000000e0008700320064
:101c6000180ce80002fe2f000f014100f880570019
:101c70000a00780034fd0700efff37008d80fb007d
:101c80008c0178000001eb0000fe2f000f004000e7
:101c900024fe07000000e00078003200180ce80085
:101ca00002fe2f000f014100f88057000a00780063
:101cb00073fc0700e0ff37008d80fb008c0178008b
:101cc0000001eb0000fe2f000f00400015fe070092
:101cd0000000e0006900320018007800000ce80005
:101ce000904178001c0037008c0178000001eb0067
:101cf000010f200000fe2f000f00400009fe07002a
:101d00000000e0005d003200180ce8000fb0970002
:101d10009fb097002fb19700bfb19700e00f500020
:101d2000e08f5800e00f5900e08f590009003a0099
:101d3000cfb597006fb49700e0422200c3fb0700c5
:101d40000b0278008801780000017800e14222004f
:101d50004700370083c7b30002fe2f000f01410088
:101d6000f88057000a00780020fd0700b2ff370016
:101d70000b8144008d80fb008c01780000fe2f0059
:101d80000f0040003bfe07003c0037008d80fb0049
:101d90000c01780000fe2f000f004000000107003a
:101da0000000e0003500320018007800000ce80068
:101db0009041780002fe2f000f014100f88057008b
:101dc0000a007800b1fe07009bff370000c8b3008f
:101dd00080cf560029003a00180ce8001c80e9006a
:101de000000e780010407800e0df9f001300200014
:101df000e2fd2f000f0141000800370000c8b300ca
:101e000080cf56001d003a00180ce8001c80e90045
:101e1000000e78008001eb0010017800f880570078
:101e20000a0078004bfc070083ff370000c8b300ae
:101e300080cf560011003a00180ce8004fb297000e
:101e4000efb19700080037000e0c78000000eb009f
:101e5000c0b79f00e0b79f000080eb00d0b79f00a5
:101e60000002eb00840178001200200041432200b0
:101e70000a0078004afe07006fff3700180ce800e0
:101e8000090078004f0778004f06be004f05be00de
:101e90004f04be006f01b100000006008200fa008e
:101ea000889fbe008a1f78000005780082047800b1
:101eb000c13f9f000004eb001000370009027800ca
:101ec00088017800a2f72f000f01410081f72f0051
:101ed0008f8040000a00780084fe07000800400060
:101ee000880f500004003d00b0042000f024890059
:101ef0000084eb0004003700000478004f3897009e
:101f00001004e000edff3a00080078004f0578006b
:101f10004f04be000080fa00000006008000780038
:101f20001000200002022000828f500004003200c6
:101f3000e9805000e48f5000010036000000eb0003
:101f400000000600889fbe008a1f78000005780008
:101f50000a047800984478000805e8000900fb00ae
:101f6000eeff07000000e000f9ff3a00b0c2b30046
:101f700080cf540005003200d0c2b3008000eb00d7
:101f800080cf540005003a00020037008000eb00cb
:101f900001003700110020000804e8000000eb00f9
:101fa000030037006a02b900020052000003b000cb
:101fb0003801fb0003fd2f0082814100e98f5100b1
:101fc000f8ff36000100e00001003a000000ea00de
:101fd0004f0578004f04be000000060001017800a4
:101fe00080017800008268000408a3000500320028
:101ff0001300370032407800805978000004e00078
:1020000014003200030278000208a300f9ff3a002e
:102010000300780001003700031878008200780080
:10202000b2017800f5ef2f00838242000382ea00bc
:10203000048262000508280005026200f6ff3200f3
:102040000002780031417800025878000204e00074
:10205000fbff3a000400780000000600881f7800ab
:102060008101780000027800808268000508a300e2
:1020700002003200210037000201e900030078006d
:10208000040478000308a300070032000200e00007
:1020900021003200b3407800015a78000104e000ca
:1020a000f5ff3a00020037000200e0001a0032009b
:1020b0001004e00003003a0017003700031c78000a
:1020c0000281e90080007800e10f5100080036002d
:1020d000b0017800f5ef2f00838242000382ea000e
:1020e000048262000508280005026200f3ff320046
:1020f00008007800010037000201e90000047800c0
:102100000200e00004003200b1417800035878007a
:102110000304e000f8ff3a008000eb0008007800bc
:102120004afa0700080078004f0478000000060013
:10213000f1fb2f0080804000f98f500001003e002d
:102140000050a00000000600f9ff3700f1f92f0051
:1021500080804000f98f500001003e00f005b20081
:1021600000000600f9ff37000200fa00881f78001f
:1021700000047800e2bf9f006481570008007800e7
:1021800046ff0700980090000148a30001003200bc
:102190000080eb004f0478000080fa000000060089
:1021a000881f78000004780000082000808f50000d
:1021b0001700350010082000808f50000b003400fd
:1021c00030082000808f500011003a009200780003
:1021d00068805000000978003002be002003be0075
:1021e000049cbe000694be000700370092027800ef
:1021f00064805200000978001000be00070007004c
:10220000009cbe000294be001000200001003700b8
:102210000000eb004f047800000006008103780006
:102220001d0007000001be006000b8000478a30094
:1022300013003a006220e10015003e000d00390055
:102240008301d1000281d3008180d3008301d100ba
:102250000281d3008180d3008301d1000281d300a9
:102260008180d3000538b000c42add00f300b2003d
:102270008381720007f0a70003f0a00000000600b1
:1022800083ff2700020020006110b900f9ff37002a
:1022900003ff2700f7ff3700c70ade00f107b2008f
:1022a000f50fb20008003200e1cf42000200320018
:1022b0000170a00024000500810f700001003200b1
:1022c0000408050044000500810f700002003a0078
:1022d000140005008502e9000000400081c04800ac
:1022e000fcff3b000170a00024000500020ab900b9
:1022f000001bb9000200b8008100420081004300c9
:1023000000000600889fbe008a9fbe003004420085
:10231000b0844a0030054b0090854b006000b1004e
:102320000898be000a90be000440e10005c8e10024
:1023300006d0e10007d8e10002003100680040004b
:102340001008e8004f05be004f04be000000060064
:10235000889fbe008a9fbe003004be002005be00dc
:102360000418540005985c0006185d0007985d008d
:10237000110020000440e10005c8e10006d0e100a2
:1023800007d8e100010039008000eb001088100040
:102390004f05be004f04be00000006001200fa0008
:1023a000889fbe008a9fbe008c9fbe00e0b79f0042
:1023b000f1b79f0082bf9f0093bf9f000605be003c
:1023c0000404be000000eb00d0b79f00c0b79f0020
:1023d000b0b79f00a0b79f0090b79f00000678009d
:1023e0005fb19700cfb09700820141003fb09700e6
:1023f0000200e00004003d00370007007e80570027
:10240000c0ff070003003700330007007e8057003d
:10241000cfff0700dfb697000d00e0000c0035008d
:102420006fb29700ffb297000fbb97009fbb97005a
:1024300010002000010020006011b80000027200ae
:102440008182720002037300838373001b00070004
:102450000c06e80001042000810f5600e0ff3a005e
:102460000d00e00004003d000802be000a03be00ab
:102470007e805700a3ff07005fa897000000e000e0
:1024800005003a001fb29700afb297003fb3970024
:10249000cfb39700090007006fb09700ffb0970017
:1024a0000fb997009fb997004f06be004f05be00b9
:1024b0004f04be000080fa00000006000100070083
:1024c00000000600a4b79f00b5b79f00c6b79f00e5
:1024d000d7b79f00000006004f09de00828171001f
:1024e000b3b79f004f01de00818040008280700002
:1024f000a1b79f008fb097004f09de000000400099
:102500000200700090b79f007fa897004f01de0087
:10251000818040008280700081b79f000d0007001d
:102520004f3ade000000400004007000f0af9f0052
:10253000080007000402420085824a0006034b009f
:1025400087834b00dfff07000802be000a03be00be
:10255000000006002fb29700bfb297004fb397005c
:10256000dfb3970000000600881f780018002000e5
:10257000881f780089ff07008f87e9004f047800e3
:1025800000000600801feb0084ff07008f87e90032
:1025900000000600889fbe008a9fbe00e00f50002a
:1025a000e08f5800e00f5900e08f59000c003d000b
:1025b0006044b8006055b8000000540081805c00a1
:1025c00002015d0083815d001800200015000700f6
:1025d00008003d00180007000004eb00050037006c
:1025e0000004eb000f00070002003d00120007008e
:1025f00018002000dcff07000800e00006003200a1
:102600006022b8006033b8000000520081805a0098
:1026100002015b0083815b004f05be004f04be00da
:1026200000000600e00f5200e08f5a00e00f5b0050
:10263000e08f5b00000006006044b8006055b80001
:102640000402540085825c0006035d0087835d0000
:1026500000000600889fbe008a9fbe008c1f780085
:10266000e00f5000e08f5800e00f5900e08f590054
:102670000d003d006044b8006055b80000005400f3
:1026800081805c0002015d0083815d001c002000f0
:102690000820e10009a8e1000ab0e1000bb8e10060
:1026a0000d003d00080037000006eb00e00f52006f
:1026b000e08f5a00e00f5b00e08f5b0006003d00fa
:1026c0006044b8006055b8000402540085825c0084
:1026d00006035d0087835d00aaff07000c00e00091
:1026e000060032006022b8006033b80000005200db
:1026f00081805a0002015b0083815b004f067800f5
:0c2700004f05be004f04be0000000600a4
:020000040000fa
:10270c002573000020460000696300003d25000091
:10271c0073200000646500006d3d0000256400001e
:10272c002065000074610000743d00002564000009
:10273c0020650000757200003d250000642000003b
:10274c00256400000a000000453a00002f3100000b
:10275c006b350000687a00002e770000617600006f
:10276c00004500003a2f0000313500006b68000076
:10277c007a2e0000776100007600000044650000ae
:10278c006d6100006e640000650000004172000085
:10279c0072650000740000000d0a00005220000059
:1027ac00525800004d4f000044200000000d000066
:1027bc000a0000000d0a00005220000054580000ce
:1027cc004d4f000044200000000a00000063000090
:1027dc006d640000004300004f4e00004e450000a9
:1027ec0043540000003c00003c3c000045630000ea
:1027fc00686f0000206400006574000065630000d1
:10280c00746500003e3e00003e0a0000002b0000f4
:10281c00434d0000474c00003a20000000450000ea
:10282c00525200004f520000002b0000434d00009c
:10283c005320000045520000524f0000520000008f
:10284c002b4300004d450000204500005252000073
:10285c004f520000002b000057410000565300005f
:10286c0054410000544500003a20000077610000fc
:10287c0076200000706c000061790000207300006d
:10288c00746f0000700000005244000059000000fa
:10289c00526500006365000070740000696f0000f1
:1028ac006e2000004d65000073730000616700002e
:1028bc0065200000505200004554000020530000d9
:1028cc00696d0000436f00006d0a0000002b0000d2
:1028dc0043470000444300004f4e0000543a0000b0
:1028ec0020000000696d0000730000002b43000005
:1028fc0047410000545400003a2000003000000012
:10290c002b43000047410000545400003a200000c3
:10291c00310000002b4300004348000041440000fc
:10292c00445200003a200000002b000048540000e4
:10293c005450000041430000544900004f4e000029
:10294c003a200000004800005454000050200000c1
:10295c005355000043430000455300005300000052
:10296c004854000054500000204500005252000012
:10297c004f5200000a000000485400005450000060
:10298c002053000055430000434500005353000002
:10299c000a0000002b480000545400005052000064
:1029ac004541000044460000494c0000453a0000f7
:1029bc00200000002b48000054540000505f000021
:1029cc0050450000455200005f4300004c4f000092
:1029dc0053450000440000002b48000054540000f4
:1029ec00505f00004e4f00004e450000545f000049
:1029fc0045560000454e0000540000002b430000db
:102a0c00434800005354000041520000543a000067
:102a1c00200000002b4300004348000053540000ea
:102a2c004f5000003a200000300000002b43000003
:102a3c00434800004f500000454e00003a20000073
:102a4c00002b0000434300004845000056450000a1
:102a5c004e540000002b0000434300004c4b000080
:102a6c003a200000002b00004343000048520000b5
:102a7c0045430000563a0000204400004154000039
:102a8c00410000002b430000434800005245000069
:102a9c00435600003a200000302c000030000000ab
:102aac002b43000043480000434c00004f530000f0
:102abc00453a0000200000002b4300004348000072
:102acc005f52000045430000565f0000434c00007d
:102adc004f530000454400003a0000002b43000017
:102aec00434800005f50000045450000525f000065
:102afc00434c00004f530000454400003a000000d6
:102b0c002b43000046540000524100004e5400007c
:102b1c00583a00002030000000550000706700009b
:102b2c002052000065740000727900002043000000
:102b3c006f7200007275000070740000696f000005
:102b4c006e0a000000550000706700002052000063
:102b5c006574000072790000204900006e76000058
:102b6c00616c0000696400000a0000002b43000047
:102b7c0046540000524100004e540000583a0000e8
:102b8c002044000041540000412c00000043000090
:102b9c0046540000524100004e54000058200000e2
:102bac0044410000544100002055000052430000f5
:102bbc0020450000525200004f5200000a00000055
:102bcc0074610000696c00006c650000203d000021
:102bdc0020250000640a0000002b0000434c00007c
:102bec00434300003a2000000041000070700000d8
:102bfc00656c0000206500006e74000072610000be
:102c0c006e740000203e000020490000474e00007a
:102c1c004f52000045200000425000000a00000006
:102c2c0041700000706500006c200000736f0000a4
:102c3c0072740000616e000074200000656e00006c
:102c4c00206300006f750000727300002c200000e0
:102c5c00696700006e6f000072650000206500005f
:102c6c006e740000726100006e7400000a000000b7
:102c7c00524900004e470000206c000075200000f7
:102c8c005374000061740000757300003d41000036
:102c9c0050500000454c00005f54000052410000b1
:102cac0049540000454d0000454e000054200000e2
:102cbc00204300007074000053650000634900005d
:102ccc00676e00006f7200006541000070700000bc
:102cdc00656c00003d3100000a000000303000003f
:102cec003030000030300000303000003030000058
:102cfc0030300000303000000041000070700000e7
:102d0c00656c0000206500006e74000072610000ac
:102d1c006e740000202d00003e2000004150000089
:102d2c00504500004c5f0000414c00004552000033
:102d3c00540a000000460000696e0000206100008b
:102d4c0070700000656c0000203f00003f0a00001e
:102d5c000050000075720000676500002043000001
:102d6c006f0a0000005600004f4900004345000068
:102d7c0020430000414c00004c3a0000204500006c
:102d8c004e44000000520000494e00004700000075
:102d9c00524900004e470000206c000075200000d6
:102dac00696700006e6f0000726500002000000073
:102dbc0020410000544100003d0000002041000073
:102dcc00535300003d0000002d2d00002d2d000060
:102ddc002d2d00002d2d00002d2d00002d54000058
:102dec00494d0000452000004f55000054200000c4
:102dfc002d2000004341000053450000200000003e
:102e0c0025640000002d00002d2d00002d2d00004c
:102e1c002d2d00002d2d00002d0d0000005b00005d
:102e2c00473100003d250000642000003c3c0000c0
:102e3c0020250000645d00000a00000047310000fe
:102e4c002e250000642000007374000061720000e5
:102e5c00742000000a000000494e00004954000094
:102e6c0020470000312000003120000031200000fc
:102e7c003100000041540000264600000d00000007
:102e8c0041540000453000000d000000415400008a
:102e9c002b490000464300003d3000002c30000060
:102eac000d0000002d2d00002d2d00002d610000c7
:102ebc00707700004b4f0000666600002d2d00005f
:102ecc002d2d00002d000000415400002b49000066
:102edc00505200003d31000031350000323000000e
:102eec00300d000000410000542b0000434700004f
:102efc00534e00000d000000494d000045490000f4
:102f0c0020450000727200006f7200000a00000081
:102f1c00494d0000454900003a20000000410000e6
:102f2c00542b0000434700004d5200000d000000e0
:102f3c002b430000474d0000523a000020000000d7
:102f4c00434700004d520000204500007272000003
:102f5c006f7200000a000000415400002b43000077
:102f6c00474d00004d0d000000410000542b0000a7
:102f7c0043500000494e00003f0d0000002b0000a4
:102f8c0043500000494e00003a200000524500001a
:102f9c0041440000590000002b4300005049000040
:102fac004e3a000020530000494d00002050000014
:102fbc00494e0000002b000043500000494e000019
:102fcc003a200000534900004d20000050550000ed
:102fdc004b000000415400002b43000050490000fe
:102fec004e3d000022000000220d000000430000b6
:102ffc006f64000065200000504900004e20000066
:10300c0070610000732000007061000072610000ac
:10301c006d65000074720000652c000020760000c5
:10302c006f69000072200000434600005049000008
:10303c004e0a000000570000415200004e490000ab
:10304c004e4700003a2000004f4e00004c59000043
:10305c00204f00004e450000204100005454000059
:10306c00454d000050540000204600004f52000017
:10307c0020500000494e0000204c00004546000046
:10308c00542c00002043000048450000434b000036
:10309c0020520000454700004953000054450000f1
:1030ac005245000044200000504900004e00000032
:1030bc00415400002b4300004943000043490000e9
:1030cc00440d0000002b0000494300004349000060
:1030dc00443a000020000000434300004944000033
:1030ec0020450000727200006f7200000a000000a0
:1030fc00415400002b430000534d0000533d000091
:10310c00300d000000410000542b00004353000020
:10311c00510d0000002b000043530000513a0000f9
:10312c0020000000473100002e2500006420000024
:10313c0045630000686f0000446500007465000082
:10314c0063740000653e00003e2000003531000035
:10315c00302000000d000000415400002b43000003
:10316c004d450000453d0000320d000000410000bf
:10317c00542b0000434d0000474600003d31000039
:10318c000d00000041540000533000003d300000a1
:10319c003b530000373d000032350000350d000078
:1031ac0000410000542b0000434300004643000044
:1031bc003d3000002c3000000d0000004154000098
:1031cc002b430000523d0000300d00000043000076
:1031dc00434600004320000045520000524f0000bf
:1031ec00520a000000410000542b00004352000022
:1031fc00433d0000300d000000410000542b000046
:10320c0043460000554e00003d3100000d0000000b
:10321c00415400002b43000056480000553d00006f
:10322c00300d000000410000542b0000434c000006
:10323c00434300003d3100000d00000041540000ec
:10324c002b4300004c490000503d0000300d0000a5
:10325c0000410000542b0000434c00004952000078
:10326c003d3000000d000000415400002b430000d5
:10327c004f4c0000503d0000300d0000004100009c
:10328c00542b0000434c0000564c00003d31000014
:10329c003b2b0000434f00005554000047410000f9
:1032ac00494e00003d0000000d000000415400009c
:1032bc002b43000047440000434f00004e540000d5
:1032cc003f0d000000410000542b0000434700005c
:1032dc00444300004f4e0000543d0000312c0000d0
:1032ec0022490000502200002c2200000022000085
:1032fc002c220000302e0000302e0000302e00005a
:10330c00302200002c2c00002c0d0000004100008d
:10331c00542b00004347000041540000543f000070
:10332c000d000000415400002b43000047410000f9
:10333c00435400003d3100002c3100000d00000012
:10334c00415400002b430000535300004c43000039
:10335c00464700003d220000737300006c760000ad
:10336c0065720000736900006f6e0000222c000073
:10337c00302c0000330d000000410000542b0000e5
:10338c0043530000534c000043460000473d0000ef
:10339c00226300006163000065720000742200006b
:1033ac002c3000002c22000000630000615f000044
:1033bc0063650000727400002e700000656d0000e3
:1033cc0000410000542b000043530000534c0000fc
:1033dc0043460000473d0000226300006c6900007a
:1033ec00656e0000746300006572000074220000ba
:1033fc002c3000002c220000006300006c5f0000e9
:10340c0063650000727400005f6f00006e65000061
:10341c002e700000656d000000410000542b000070
:10342c0043530000534c000043460000473d00004e
:10343c00226300006c690000656e0000746b000074
:10344c0065790000222c0000302c000022000000c6
:10345c00636c00005f6b0000657900005f6f00001b
:10346c006e6500002e700000656d000000410000cc
:10347c00542b000043530000534c00004346000003
:10348c00473d00002261000075740000686d00006b
:10349c006f640000652200002c3000002c3000000e
:1034ac000d000000415400002b430000535300005a
:1034bc004c430000464700003d22000061750000af
:1034cc00746800006d6f000064650000222c000021
:1034dc00302c0000310d000000410000542b000086
:1034ec0043530000534c000043460000473d00008e
:1034fc002261000075740000686d00006f640000ac
:10350c00652200002c3000002c3200000d00000061
:10351c00415400002b430000535300004c43000067
:10352c00464700003d220000656e0000616200000d
:10353c006c650000534e0000492200002c30000046
:10354c002c3100000d000000436c00006967000086
:10355c002032000020500000696e0000206f000037
:10356c006b0a0000005500006e2000004d65000045
:10357c007373000061670000652000004d6f000050
:10358c00646500006d2000004f4b00000a00000035
:10359c0053e90000637500002041000070700000ca
:1035ac00656c00000a000000486100006e670000b6
:1035bc0020550000700a0000003f00003f3f000053
:1035cc0000520000656200006f6f00007420000064
:1035dc0064750000206d00006f640000656d0000d4
:1035ec002041000075630000756e00002053000040
:1035fc004d5300000a00000052650000626f00008d
:10360c006f740000206d00006f640000656d000099
:10361c00206500007461000070650000203200001d
:10362c00303000002c200000657400006174000034
:10363c00206900006e6300006f720000726500006c
:10364c00637400000a000000415400002b4300008a
:10365c0047500000533d0000300d000000410000b9
:10366c00542b000043450000445200005853000006
:10367c003d3100002c3400002c22000030300000c2
:10368c0031300000220d000000470000312e0000f8
:10369c002564000020540000494d00004520000026
:1036ac004f550000540d000000470000312e000063
:1036bc002564000020450000727200006f7200004b
:1036cc005265000063750000204500007272000016
:1036dc006f7200005265000063750000202000002e
:1036ec000d0000003c3c00003c3c00003c3c000059
:1036fc003c3c0000473100002e25000064200000f7
:10370c0045630000686f00004465000074650000ac
:10371c0063740000652000003e200000353100007d
:10372c00302000003e3e00003e3e00003e3e0000c9
:10373c003e3e00003e3e00003e3e000020350000b4
:10374c0031300000200d00000052000065700000b8
:10375c00726900007365000020470000312e0000e4
:10376c002564000020470000313700003d25000093
:10377c0064000000415400002b430000454400004d
:10378c0052580000533d0000300d00000041000075
:10379c00542b00004353000044560000433d0000ee
:1037ac00330d000000410000542b0000564d00006a
:1037bc0055540000453d0000310d00000041000053
:1037cc00542b0000434300004d580000504c0000a7
:1037dc004159000057410000563d000022000000f6
:1037ec00222c0000320d000000470000312e00009a
:1037fc0032310000312000006c69000074200000a0
:10380c00002a0000455200005245000055520000ad
:10381c0000640000656d0000616e000064650000ce
:10382c0020660000696300002074000065730000ce
:10383c00742000006f6c0000640a0000004100005e
:10384c00542b0000434300004d580000535400001b
:10385c004f50000057410000560d0000004500007d
:10386c00525200004f520000204900004e530000fd
:10387c004552000054200000504900004e2000002a
:10388c0057480000454e0000204300004152000004
:10389c004420000049530000205500004e50000009
:1038ac004f570000455200004544000020540000d2
:1038bc00484500004e2000005452000059200000e2
:1038cc0041470000414900004e0a0000004500003d
:1038dc00525200004f520000205400004f4f000085
:1038ec00204d0000414e00005920000054520000b1
:1038fc0049450000533a000020530000494d000098
:10390c00204200004c4f0000434b00004544000097
:10391c00204300004f44000045200000505500009b
:10392c004b2000004e45000045440000454400007b
:10393c000a000000415400002b4300004e4d0000d3
:10394c00493d0000322c0000312c0000302c0000ce
:10395c00302c0000300d000000410000542b000002
:10396c00434300004841000044440000520d000055
:10397c0000410000542b0000434d0000474c000058
:10398c003d220000414c00004c2200000d000000c4
:10399c00415400002b4300004d470000443d000003
:1039ac00002c0000300d000000410000542b0000e2
:1039bc00434d0000474400003d3100002c34000012
:1039cc0000410000542b000043520000454700000a
:1039dc003f0d0000002b0000435200004547000043
:1039ec003a200000302c0000310000002b43000076
:1039fc0052450000473a0000203000002c350000f2
:103a0c00002b000043520000454700003a20000004
:103a1c00302c000033000000526500006769000084
:103a2c007374000072610000746900006f6e000016
:103a3c0020640000656e00006965000064200000d1
:103a4c006f6e000020720000656300006f6d000057
:103a5c006d6500006e630000650a0000002b00001d
:103a6c0043520000454700003a200000302c000073
:103a7c00300000002b43000052450000473a000084
:103a8c00203000002c34000000530000657500004d
:103a9c00696c000020700000726500006365000016
:103aac00646500006e740000206400006566000010
:103abc0061750000742000007265000073650000e1
:103acc00617500000a000000526500006c61000086
:103adc006e630000652000007461000063680000e4
:103aec00652000006d6f0000646500006d20000013
:103afc0063610000722000006465000066610000d4
:103b0c0075740000206900006e7300006372000081
:103b1c0069700000746900006f6e00000a000000fc
:103b2c002b43000052450000473a000020310000b2
:103b3c00002b000043520000454700003a200000d3
:103b4c0032000000415400002b430000524500009d
:103b5c00473d0000300d0000004c00006563000084
:103b6c007475000072650000204300005351000082
:103b7c000a000000415400002b4300004553000094
:103b8c00510d0000002b0000434500005351000074
:103b9c003a200000002b0000434500005351000068
:103bac003a200000393900002c390000392c000073
:103bbc00002b000043450000535100003a20000048
:103bcc00393900002c390000392c00003235000046
:103bdc00352c000032350000352c0000004100006f
:103bec00542b0000434d0000475300003d220000c1
:103bfc0000540000696d0000654f000075740000f2
:103c0c0031200000656e0000766f00006920000016
:103c1c00534d0000530a0000002f0000200000004c
:103c2c00202f00000a000000256300000053000054
:103c3c004d530000454e000056200000005400007b
:103c4c00696d0000654f00007574000032200000a3
:103c5c00656e0000766f000069200000534d000077
:103c6c00530a0000004500007272000065750000e8
:103c7c0072200000473100002e3600003220000078
:103c8c00656e0000766f000069200000534d000047
:103c9c00530a0000005300004d5300004552000031
:103cac005220000000410000542b0000434c000047
:103cbc00434300000d00000041540000410d000082
:103ccc0000410000542b000043450000434d000010
:103cdc003d3100000d000000415400002b4300005a
:103cec004f55000054470000414900004e3d000074
:103cfc00256400000d000000415400002b4300001f
:103d0c004d49000043470000414900004e3d000072
:103d1c00256400000d000000415400002b430000fe
:103d2c0050530000493f00000d00000041540000ba
:103d3c00533700003d3000000d00000041540000de
:103d4c00440000003b0d0000004500003a2f00002d
:103d5c006761000072640000652e0000776100004e
:103d6c0076000000415400002b5600004d55000019
:103d7c00544500003d3000000d000000415400008f
:103d8c00480d000000410000542b0000435300007c
:103d9c0044560000433d0000300d0000004e000072
:103dac004f4b00002d3e000032330000322000004b
:103dbc004d6c00003d00000043500000494e0000d7
:103dcc0020540000696d0000654f00005554000040
:103ddc002d3e000032330000320a0000003f00008c
:103dec0000410000542b0000434f000050530000d2
:103dfc003f0d0000002b0000434f0000505300000b
:103e0c003a000000415400002b4300004f550000c5
:103e1c0054470000414900004e3d0000004700009f
:103e2c00312e00003131000034200000506f0000b2
:103e3c0073480000503d000000250000640a00009b
:103e4c0000470000312e0000313100003520000009
:103e5c0047610000696e0000732000006f6b00006a
:103e6c000a000000415400002b430000525800008f
:103e7c00564f00004c3d0000307800003030000000
:103e8c00303000000d000000415400002b430000b6
:103e9c0052580000564f00004c3d00003078000096
:103eac0030460000464600000d0000004154000062
:103ebc002b43000052580000564f00004c3d0000b0
:103ecc003078000031460000464600000d0000002e
:103edc00415400002b43000052580000564f000084
:103eec004c3d000030780000324600004646000091
:103efc000d000000415400002b43000052580000fc
:103f0c00564f00004c3d0000307800003346000056
:103f1c00464600000d000000415400002b430000f9
:103f2c0052580000564f00004c3d00003078000005
:103f3c0034460000464600000d00000041540000cd
:103f4c002b43000052580000564f00004c3d00001f
:103f5c003078000035460000464600000d00000099
:103f6c00415400002b43000052580000564f0000f3
:103f7c004c3d0000307800003646000046460000fc
:103f8c000d000000415400002b430000525800006b
:103f9c00564f00004c3d00003078000037460000c2
:103fac00464600000d000000476500006e4600000c
:103fbc007174000020670000313d000031360000b4
:103fcc0030200000706f000073680000703d00002e
:103fdc0000410000542b0000434c0000564c0000e4
:103fec003d3000000d00000043740000726c0000b6
:103ffc00476500006e460000717400002e4c0000f6
:10400c00616e000063650000653d0000310a000030
:10401c0000410000542b000056540000443d0000a9
:10402c0000410000542b000056540000533d00008a
:10403c000073000069200000706100007320000014
:10404c006d61000072630000686500002c200000a8
:10405c00746500007374000065720000206100003c
:10406c0076650000632000002c200000656e0000c7
:10407c007472000065200000636100007220000073
:10408c00647400006d66000000410000542b0000b9
:10409c0043520000454700003d3200000d00000077
:1040ac00415400002b430000504f0000460d00000f
:1040bc0000520000454200004f4f00005420000009
:1040cc00536f000066740000204d00006f64000008
:1040dc00656d00000a0000002d460000696e0000ae
:1040ec0020740000656d0000706f00002047000018
:1040fc00312e0000256400002d0d00000052000040
:10410c00454200004f4f000054200000656c000039
:10411c006563000074720000697100007565000031
:10412c00204d00006f640000656d00000a00000067
:10413c005761000069740000696e00006720000080
:10414c0025640000200d000000520000200000003b
:10415c00415400002b4300004e4d0000503f000026
:10416c000d0000002b4300004e4d0000503a0000a3
:10417c0020000000415400002b4300004e4d000075
:10418c00503d0000256400000d00000023230000ba
:10419c002344000045420000554700002042000027
:1041ac0061730000637500006c65000020760000f0
:1041bc006572000073200000334700000a00000005
:1041cc002323000023440000454200005547000013
:1041dc002042000061730000637500006c650000f4
:1041ec002076000065720000732000003447000048
:1041fc000a0000000a230000232300005452000090
:10420c00414e00005350000041520000454e00004a
:10421c005420000043500000543d000030200000aa
:10422c0023230000230a000000410000545a000020
:10423c000d000000415400002b43000043480000d7
:10424c00434c00004f530000453d0000300d000072
:10425c0000410000542b0000485400005450000052
:10426c0054450000524d00003d3000000d00000090
:10427c00415400002b430000434800004d4f000008
:10428c00444500003d3000000d000000415400008a
:10429c002b4300004348000053450000543d0000f0
:1042ac00302c0000310d000000410000542b0000a8
:1042bc004343000048530000544100005254000096
:1042cc000d000000415400002b4300004348000047
:1042dc004f500000454e00003d3000002c220000e5
:1042ec0025730000222c0000256400002c310000f6
:1042fc000d000000415400002b4300004348000017
:10430c00534500004e4400003d3000002c250000b9
:10431c00640d000000410000542b000043430000da
:10432c004c4b00003f0d000000410000542b0000de
:10433c00434300004852000045430000563d000036
:10434c00302c0000256400000d00000041540000da
:10435c002b43000043480000535400004f50000012
:10436c000d000000415400002b430000544300009a
:10437c00504b0000413d0000312c0000352c00005a
:10438c00350d000000410000542b00004e4500008c
:10439c00544300004c4f0000534500000d0000003a
:1043ac004854000054500000204900006e69000081
:1043bc0074690000616c0000697300006174000096
:1043cc00696f00006e0a000000410000542b0000d1
:1043dc004854000054500000494e0000495400005d
:1043ec000d00000048540000545000002050000004
:1043fc0061720000616d000020550000524c0000fd
:10440c000a000000415400002b48000054540000e6
:10441c005050000041520000413d00002255000068
:10442c00524c0000222c0000226800007474000022
:10443c00707300003a2f00002f250000732f00002e
:10444c00257300003a250000642200000d000000d6
:10445c00415400002b480000545400005050000000
:10446c0041520000413d000022550000524c00001a
:10447c00222c00002268000074740000707300008d
:10448c003a2f00002f250000732f00002573000029
:10449c00220d000000410000542b00004854000085
:1044ac005450000050410000524100003d220000d9
:1044bc00535300004c43000046470000222c0000e0
:1044cc00300d000000410000542b00004854000047
:1044dc005450000050410000524100003d220000a9
:1044ec0055410000222c0000220000004154000025
:1044fc002b4800005454000050440000415400006c
:10450c00413d0000256400002c310000350d0000f9
:10451c00004400004f5700004e4c00004f4100007b
:10452c004400000048540000545000002047000094
:10453c00455400000a000000415400002b460000c6
:10454c0053430000443d0000463a00002f0d00008c
:10455c0000410000542b000046530000434400006f
:10456c003d4500003a2f00000d00000041540000b2
:10457c002b4300004345000052540000444500000a
:10458c004c4500003d22000025730000220d000068
:10459c00005300007570000070720000657300001d
:1045ac00736900006f6e0000206e000065770000dc
:1045bc00736f0000667400002e65000078650000c3
:1045cc000a000000415400002b4600005344000038
:1045dc00454c00003d22000025730000220d000018
:1045ec0000530000757000007072000065730000cd
:1045fc00736900006f6e0000200000004154000041
:10460c002b4800005454000050410000435400005b
:10461c00494f00004e3d0000310d000000410000ec
:10462c00542b00004854000054500000414300003b
:10463c00544900004f4e00003d3000000d000000ba
:10464c00415400002b48000054540000505200000c
:10465c004541000044460000494c0000453d000027
:10466c0022250000732200002c3400000d000000f5
:10467c00415400002b4800005454000050520000dc
:10468c004541000044460000494c0000453d0000f7
:10469c0022250000732200002c3100000d000000c8
:1046ac00415400002b4800005454000050520000ac
:1046bc004541000044460000494c0000453d0000c7
:1046cc0022250000732200002c3300000d00000096
:1046dc0045720000726f00007220000053740000dd
:1046ec006f700000204e00006f7700000a00000081
:1046fc00415400002b48000054540000505400005a
:10470c00455200004d0d000000410000542b0000ec
:10471c0046530000434400003d4600003a0d0000a3
:10472c0000410000542b000046530000415400008f
:10473c0054520000493d00000075000070640000f8
:10474c00745f0000736f00006674000077610000f6
:10475c00726500002e68000065780000002b0000d8
:10476c00465300004154000054520000493a0000e6
:10477c00200000006c3100005f3100003a20000086
:10478c00256c0000750a0000002c0000256c000050
:10479c00752c0000256400000d0000004154000041
:1047ac002b43000046540000524100004e540000c0
:1047bc00583d0000224600003a2f00000022000065
:1047cc000045000072720000657500007220000048
:1047dc005570000067200000646f000069740000d1
:1047ec0020730000746f0000700a0000005000007d
:1047fc00726f00006772000065730000736900003f
:10480c006f6e0000203a0000202500006c7500003f
:10481c000a000000456e0000642000005265000094
:10482c00616400000a000000537700006170000012
:10483c00205000006172000074690000746900006f
:10484c006f6e0000204f00004b0a00000053000068
:10485c00776100007020000050610000727400004d
:10486c0069740000696f00006e2000004661000052
:10487c00696c00000a0000004d6100007820000007
:10488c00534d0000532000006a6f00007572000049
:10489c0020610000757400006f72000069730000e5
:1048ac0065200000646500007061000073730000f7
:1048bc00650a000000000000522000004346000082
:1048cc00412000004c3d000000200000453d000050
:1048dc0000200000443d000000200000433d00008b
:1048ec0000200000583d000000200000563d000054
:1048fc0000200000533d000000200000493d000056
:10490c00002000004d3d0000005a00000020000077
:10491c00543d000000200000483d00000031000024
:10492c000030000000520000205300004d530000e6
:10493c00204e0000554d00003d00000020450000b9
:10494c00503d0000002000004c4e0000473d000090
:10495c000020000043500000453d000000200000f6
:10496c0043500000533d0000000a000000200000ee
:10497c00434f0000523d0000002000004e55000047
:10498c004d3d00000020000044540000453d000057
:10499c000020000044540000453d000030000000a1
:1049ac0020480000524500003d0000002048000057
:1049bc00524500003d300000005400004350000000
:1049cc00533d000000200000545300004d530000e4
:1049dc003d00000042550000473d00000052000021
:1049ec00204d000041500000504900004e4700008f
:1049fc0000200000470000003d0000002053000094
:104a0c0000200000440000002f0000005f000000a8
:104a1c003a00000052200000494e0000464f0000b2
:104a2c0020480000423d00000020000048430000e8
:104a3c003d00000020480000524f00004b3d00009c
:104a4c0000200000485200004b4f00003d000000c9
:104a5c00204d0000453d0000002000004e54000099
:104a6c004f3d000000200000444500004e4900006e
:104a7c00454400003d00000020540000523d000061
:104a8c0000200000484c0000453d000000420000a2
:104a9c00434c00003d00000046490000433d00002f
:104aac00004500003a2f00006761000072640000ae
:104abc00652e00007761000076000000453a00008a
:104acc002f66000069700000686f00002e770000f0
:104adc0061760000005500006e2000005465000057
:104aec00737400000a000000453a00002f700000ab
:104afc00617500006f6b00002e770000617600007e
:104b0c00004500003a2f0000697300006f6c000034
:104b1c00652e00007761000076000000453a000029
:104b2c002f3100006b350000687a00002e770000f2
:104b3c0061760000004500003a2f0000313500007e
:104b4c006b6800007a2e0000776100007600000090
:104b5c00453a00002f77000061690000742e0000b8
:104b6c007761000076000000453a00002f6e0000cf
:104b7c006f6e0000616200002e770000617600000d
:104b8c0000460000494e00003d000000522000008d
:104b9c004d530000475400004553000054200000c2
:104bac00444500004d3d0000002000004243000041
:104bbc004c3d0000005400004f3d00000049000037
:104bcc0043520000413d0000004300004d440000f2
:104bdc003d000000436d0000642000006d6f00007c
:104bec00646500006d2000003a000000464f000094
:104bfc00524300004547000052410000463d000072
:104c0c0000470000312000003e3e00003e20000026
:104c1c00256400000a00000052450000424f0000cd
:104c2c004f5400003d00000052650000626f000010
:104c3c006f740000207300006f6600007420000089
:104c4c00696d00006d65000064690000617400000e
:104c5c0020640000752000006d6f0000646500008a
:104c6c006d0a000000520000656200006f6f0000ca
:104c7c007420000064750000206d00006f6400005b
:104c8c00656d00002061000070720000657300000b
:104c9c00205300004d5300002045000072610000bd
:104cac00736500000a00000052650000626f00008e
:104cbc006f740000206500006c65000063740000d8
:104ccc00726900007175000065200000696d0000bc
:104cdc006d650000646900006174000020640000d0
:104cec00752000006d6f0000646500006d0a000007
:104cfc0000520000656200006f6f0000742000001d
:104d0c00656c00006563000074720000697100003e
:104d1c007565000020640000752000006d6f0000b8
:104d2c00646500006d200000617000007265000079
:104d3c0073200000534d000053200000457200000a
:104d4c0061730000650a00000052000065620000fb
:104d5c006f6f000074200000706100007220000072
:104d6c00415400005a200000696d00006d65000080
:104d7c006469000061740000206e000000520000a5
:104d8c00656200006f6f0000742000004154000049
:104d9c005a20000064750000206d00006f64000054
:104dac00656d0000206100007072000065730000ea
:104dbc00205300004d53000020450000726100009c
:104dcc00736500000a0000005453000054500000aa
:104ddc00494e00003d00000044430000443d0000eb
:104dec0000440000495400003d0000004454000001
:104dfc004d4600003d000000494e0000464f0000ab
:104e0c003d000000522000004d4f000044450000c2
:104e1c004d20000052650000717500004f660000c7
:104e2c00663d000000200000526500007175000016
:104e3c00536c000065650000703d00000020000010
:104e4c00475300004d5f000053740000653d0000a7
:104e5c0000500000575200005f4f00004646000013
:104e6c0000500000575f00004f4e00000043000050
:104e7c004f4e000046490000470000005052000011
:104e8c0045540000004e00004f5f000053490000e5
:104e9c00474e0000414c0000005300004c45000000
:104eac004550000000450000525200004f520000d7
:104ebc00003f00003f3f000000200000542800008d
:104ecc0020700000696e00003d00000020200000f2
:104edc0072730000736900003d0000002020000088
:104eec00636100006c6c00003d000000202000009d
:104efc00736d0000733d00000020000029200000ad
:104f0c0000200000204e0000627400006f3d000085
:104f1c000045000046460000414300004552000099
:104f2c00534d0000533d000000200000545200007f
:104f3c0041430000453d000000520000204d0000a0
:104f4c004f440000454d0000205400005241000029
:104f5c00434500003d000000204400004344000095
:104f6c003d00000020440000495400003d000000ba
:104f7c005220000050430000205000005245000019
:104f8c003d000000522000004f5000004552000030
:104f9c0041540000455500005220000052450000cd
:104fac00473d0000002000004e4f00004d3d00002a
:104fbc0022000000220000004f500000543d000071
:104fcc000054000050460000453d00000052000017
:104fdc00494e0000473d000000520000544f0000b5
:104fec003d000000522000004f50000054490000ca
:104ffc004f4e0000002000004f500000543d0000b8
:10500c000020000054500000464500003d00000008
:10501c0020520000494e0000473d000000200000d7
:10502c00525400004f3d000000410000435400006a
:10503c003d00000052200000414d0000504c00008b
:10504c004920000041430000543d00000043000093
:10505c004f550000525400003d3100000054000038
:10506c00504100003d00000055520000473d00003b
:10507c00004e0000554d00003d0000005220000085
:10508c0041500000504500004c2000004e550000df
:10509c004d3d00000020000054500000413d000038
:1050ac000020000055520000473d00000020000089
:1050bc00434f000055520000543d000000200000fa
:1050cc00444500004d3d0000310000004c3d000007
:1050dc00004e00003d00000052200000424900003c
:1050ec00502000004e3d0000002000004c3d000010
:1050fc00004500004646000041430000453d0000cd
:10510c00005200002043000046500000414d0000ba
:10511c0044500000004d00004450000020430000ab
:10512c00616e0000616c0000205000006f72000086
:10513c007420000073e9000072690000650a000029
:10514c0000520000415a00003d000000454500009f
:10515c00505200004f4d0000206500006d700000a3
:10516c0074790000202d0000204d0000656d0000ba
:10517c006f720000792000003d20000025730000b4
:10518c000a000000204d0000445000003d000000cb
:10519c00444d0000433d00000052000054520000fa
:1051ac003d00000054410000433d0000004d000054
:1051bc0044530000433d00000057000044530000de
:1051cc00563d00000057000044530000543d0000c1
:1051dc000057000044530000473d000000570000fa
:1051ec0044560000413d000000440000533d0000c7
:1051fc0000480000544a00003d000000484d0000eb
:10520c00415800003d000000484d0000494e000090
:10521c003d0000004e4f00004d3d000000540000ca
:10522c00454c00003d0000005220000043460000a9
:10523c0050410000552000004e4f00004d3d000035
:10524c0000200000445400004d4600003d000000ca
:10525c0020480000544a00003d000000204400009b
:10526c004d4300003d00000020540000454c000060
:10527c003d00000020440000533d000000200000d1
:10528c00565400003d000000204d00004453000027
:10529c00433d00000020000052540000523d00002d
:1052ac000020000057440000535600003d00000051
:1052bc002057000044530000543d00000020000023
:1052cc0057440000534700003d00000020570000e9
:1052dc0044560000413d00000020000054410000f5
:1052ec00433d000000200000484d000041580000e4
:1052fc003d000000204800004d4900004e3d0000dc
:10530c0000500000494e00003d00000050490000d4
:10531c004e2000004c550000203d000020000000f5
:10532c005220000043460000504900004e2000006f
:10533c00504900004e3d0000002000004356000084
:10534c003d000000522000004346000053200000a6
:10535c00533d000000200000463d0000004d0000c1
:10536c004a4100003d000000522000004350000064
:10537c005420000043500000453d00000020000078
:10538c00454a00003d00000020450000483d00005b
:10539c0000200000534a00003d0000002053000094
:1053ac00483d000000200000534a0000413d000031
:1053bc000020000053480000413d00000020000088
:1053cc00534a0000453d00000020000053480000f7
:1053dc00453d0000002000004d4a0000413d00000a
:1053ec0000200000454100003d000000522000005c
:1053fc005354000041540000555300004f5300001b
:10540c00432000000053000051330000473d0000d2
:10541c000053000051340000473d000000520000d2
:10542c0053520000503d0000005200005352000047
:10543c00513d000000450000434e00004f3d000070
:10544c000052000053430000503d00000052000089
:10545c00205200004553000045410000552000003b
:10546c0057530000343600003d2500006420000036
:10547c0054590000504500003d25000064200000f8
:10548c00535100003d250000642000002d2d00002c
:10549c002053000051340000473d000025640000fb
:1054ac002052000053520000513d000025640000c2
:1054bc002052000053520000503d000025640000b3
:1054cc00202d00002d200000535100003347000018
:1054dc003d250000642000005253000043500000a2
:1054ec003d25000064200000454300004e4f0000a5
:1054fc003d250000642000002d2d0000204c0000f4
:10550c0041530000545f0000344700005f5300001b
:10551c00513d000025640000204c00004153000068
:10552c00545f0000344700005f52000053520000eb
:10553c00513d000025640000204c00004153000048
:10554c00545f0000344700005f52000053520000cb
:10555c00503d000025640000005200002044000073
:10556c00555200004545000020000000204e000070
:10557c00535600004a3d000000200000535200002a
:10558c00454a00003d000000205300005048000038
:10559c00494a00003d000000205300005048000024
:1055ac004f4a00003d000000204e00005356000002
:1055bc00483d000000200000535200004548000008
:1055cc003d000000205300005048000049480000f6
:1055dc003d00000020530000504800004f480000e0
:1055ec003d000000522000004445000042550000e0
:1055fc0047200000002000004d6f00006465000093
:10560c006d4f00006b3d000000200000546f000047
:10561c00473100003d000000205300006d73000076
:10562c00547000003d000000204c0000536f00003f
:10563c006e2e0000446500006d3d0000002000004f
:10564c004c5300006f6e00002e450000746100008a
:10565c00743d0000002000002e460000696300002d
:10566c00302100003d300000002000002e460000dc
:10567c0069630000303d00003d3000000020000058
:10568c00414300002e41000054720000616900008b
:10569c0074650000723d0000002000002e500000d8
:1056ac006f73000069740000696f00006e6e00007b
:1056bc00653d0000002000002e54000079700000b1
:1056cc00506f0000733d00000020000057440000a4
:1056dc003d00000052200000445400002000000057
:1056ec00202800006d730000713d000000290000af
:1056fc0000520000204600005245000051200000de
:10570c0041430000543d0000005500005349000087
:10571c004e4500003d000000505300003d000000cd
:10572c00485000004e3d0000004d0000434e00006c
:10573c003d000000485000004d4500003d000000b9
:10574c004d4300004d4500003d0000004850000056
:10575c00443d000000480000505400003d00000093
:10576c004d430000505400003d000000474600002f
:10577c00543d000000520000204700004149000049
:10578c004e200000563d0000532000004850000001
:10579c004e3d0000002000004d4300004e3d000037
:1057ac0000200000485000004d4500003d00000066
:1057bc00204d0000434d0000453d0000002000003e
:1057cc0048500000443d00000020000048500000fc
:1057dc00543d0000002000004d43000050540000d8
:1057ec003d00000020470000465400003d00000032
:1057fc002000000047410000494e000020500000ee
:10580c00533d000033200000485000004e3d000086
:10581c00352000004d4300004e3d000036200000b6
:10582c00485000004d4500003d340000204d000064
:10583c00434d0000453d000034200000485000005e
:10584c00443d00003320000048500000543d00004f
:10585c00332000004d490000505400003d3300003f
:10586c0020470000465400003d3200003535000052
:10587c00200000005220000047520000414600006a
:10588c0000200000474300003d00000052200000b3
:10589c0047530000494d0000434f00004d000000ed
:1058ac00204c0000564c00003d0000004c560000ff
:1058bc004c3d0000002000004f550000543d0000fe
:1058cc00004f0000555400003d000000204d00002a
:1058dc00494300003d0000004d490000433d0000dd
:1058ec0000460000545000002041000043540000ca
:1058fc003d3000002054000059500000453d000090
:10590c005041000055200000495000003d3000007f
:10591c002e3000002e3000002e30000020500000f1
:10592c004f520000543d000032310000204900006d
:10593c00443d00005a200000505700003d5a000022
:10594c00004300004650000041550000204e00006e
:10595c004f4d00003d550000534900004e450000de
:10596c0020540000454c00003d5a0000204400002b
:10597c00544d0000463d0000313200003320000041
:10598c00485400004a3d0000323400003a30000018
:10599c0030200000444d0000433d00003130000039
:1059ac00204800004d410000583d000031360000f9
:1059bc00204800004d4900004e3d000031300000f1
:1059cc0020440000533d00000043000046500000fe
:1059dc00415500002057000044530000563d000084
:1059ec0031320000372000005744000053540000af
:1059fc003d310000323700002057000044530000b6
:105a0c00473d0000313200003720000057440000b1
:105a1c00564100003d31000032370000204d00009f
:105a2c0044530000433d0000004700004149000082
:105a3c004e20000055530000494e0000453d00002b
:105a4c003100000043460000412000004c3d0000a6
:105a5c000020000045460000464100004345000080
:105a6c003d3100000043000046530000205300006d
:105a7c003d310000204600003d3300003420000082
:105a8c00433d000036350000204900003d30000049
:105a9c00204400003d30000000430000465300004d
:105aac00205300003d000000204600003d30000067
:105abc00204300003d300000204900003d30000034
:105acc00204400003d300000005200002047000040
:105adc0055530000494e00004500000052200000c4
:105aec00494d00004f440000205600003d000000ce
:105afc0052440000523d000000440000454e00009e
:105b0c0049450000443d0000005300004d53000087
:105b1c003d000000522000004c4500005252000095
:105b2c004f520000204800004c4500003d00000092
:105b3c0020470000313d000000200000543d0000d3
:105b4c00270000002700000020450000313c000029
:105b5c00204800004c4500003d000000273e00009e
:105b6c0000520000204c0000434f00004e46000045
:105b7c00204300004f4e0000533d00000020000069
:105b8c00534d0000533100003d0000002053000035
:105b9c004d530000323d000000200000494400003d
:105bac00583d00000052000020520000414300000c
:105bbc00435200004f4300004845000020410000c4
:105bcc00435400003d0000005220000052450000ec
:105bdc00424f00004f5400000052000020520000c1
:105bec00455000004f4e000044520000452000007c
:105bfc0041430000543d000000430000413d0000c3
:105c0c0000430000433d0000005200002053000000
:105c1c00534c0000434f00004e4600002043000050
:105c2c00413d000000200000434300003d00000007
:105c3c004e4500003d00000052200000534900007a
:105c4c004d5500004c450000204e0000453d000025
:105c5c0000470000534d00003d00000052200000a2
:105c6c00534c0000454500005020000047530000f5
:105c7c004d3d00005300000052200000534c00002a
:105c8c004545000050200000475300004d3d0000ea
:105c9c004e000000574400003d000000524400003c
:105cac00503d000000520000444100003d00000047
:105cbc0053520000563d0000004f000050450000bc
:105ccc003d00000041550000545200003d00000012
:105cdc0052200000534d0000534600004149000083
:105cec004c2000004e4200003d00000020530000fc
:105cfc004d5300003d00000020480000523d0000c4
:105d0c000020000041550000545200003d000000ee
:105d1c0020520000415a00003d31000000430000b9
:105d2c00505400003d00000052200000545200006e
:105d3c00414e00005350000041520000454e0000ff
:105d4c005420000043500000543d0000002000008f
:105d5c00464900004e3d0000002000005045000068
:105d6c003d31000000530000593d0000310000009f
:105d7c0052200000544500005354000041550000cf
:105d8c00444900004f20000041430000543d0000f6
:105d9c0000670000736d00007374000061740000f4
:105dac00653d0000256900002041000053530000b0
:105dbc003d2500006920000041450000533d0000d6
:105dcc0025690000200a0000004400004543000043
:105ddc003d000000464f000052430000453d0000ce
:105dec0000530000424300003d00000053480000f7
:105dfc00433d00000044000050420000433d0000c1
:105e0c00004d0000433d00000053000042410000e3
:105e1c004c3d000000520000204800004852000099
:105e2c00204800003d0000005220000048540000b3
:105e3c00545000005347000045540000002000005f
:105e4c00555200004c3d000000550000524c000023
:105e5c003d0000006874000074700000733a00008c
:105e6c002f2f000000200000504f00005254000063
:105e7c003d000000504f0000525400003d00000057
:105e8c0020540000595000003d00000054590000ff
:105e9c00503d000000630000615f0000636500007e
:105eac00727400002e700000656d0000006300002d
:105ebc006c5f000063650000727400005f7400008a
:105ecc00776f00002e700000656d0000006300000d
:105edc006c5f00006b650000795f00007477000058
:105eec006f2e0000706500006d00000075700000e2
:105efc00647400005f7300006f660000747700002c
:105f0c0061720000652e00006865000078000000da
:105f1c0041550000443d0000004500003a2f0000b0
:105f2c00726900006e6700002e7700006176000039
:105f3c000020000041550000443d000000520000cc
:105f4c004551000055450000544500002045000017
:105f5c004e200000434f000055520000530000003b
:105f6c00435500003d000000445400002000000098
:105f7c00522000005645000052490000464e0000d9
:105f8c00554d0000544500004c5000004155000098
:105f9c00205600004e5000003d0000005220000032
:105fac005645000052530000494f00004e2000009f
:105fbc00474500004e3d0000004d000054560000c7
:105fcc00344700003100000020550000433d000024
:105fdc00003100002e3000002e3000002d6100003a
:105fec006c70000068610000002000004e5300003f
:105ffc003d000000565500003d00000020560000fa
:10600c00553d0000002000004343000049440000bf
:10601c003d0000002043000043490000443d0000c7
:10602c005a000000204900004d450000493d000089
:10603c0000200000494d0000454900003d5a000079
:10604c00002000004d4f0000443d000000410000c6
:10605c00524e0000533d0000004e0000533d000026
:10606c000052000020460000545000002041000067
:10607c00435400003d300000204400004546000021
:10608c00494e0000453d000030200000004d00004e
:10609c00535100003d000000563d0000005200002e
:1060ac002044000045460000494e000045200000f9
:1060bc000020000044550000414c00005f450000ea
:1060cc00544f00004e3d000030000000204c0000fa
:1060dc004f520000413d000030000000204c0000f9
:1060ec00495400005f410000525200003d30000056
:1060fc0000200000434f00004e4600005f410000ae
:10610c0050500000454c00003d30000000200000c5
:10611c0047500000533d00003000000020520000aa
:10612c00455000004f4e0000534500005f410000f9
:10613c00555400004f3d000030000000204100008d
:10614c0055540000485f00004d4f000044450000ce
:10615c003d30000000200000534f0000465400006a
:10616c005f41000056450000435f000046540000ac
:10617c00503d00003000000020530000493d00005d
:10618c003100000041500000504500004c00000060
:10619c00414d0000504c00004900000042490000f5
:1061ac005000000043460000410000004346000040
:1061bc00504100004d4400005000000043460000d8
:1061cc0050410000550000004346000050490000bb
:1061dc004e000000434600005300000043500000f6
:1061ec005400000043540000524c00005245000083
:1061fc005345000041550000004400004546000096
:10620c00494e0000450000004454000000440000ca
:10621c004542000055470000004400005552000064
:10622c0045450000004400004f4400004f000000b2
:10623c00465200004551000000460000545000003a
:10624c000046000043540000004600004f5200007e
:10625c004345000045540000415400000047000035
:10626c00414900004e00000047520000414600002a
:10627c000047000055530000494e00004500000047
:10628c0047530000494d0000434f00004d000000f3
:10629c0048480000520000004854000054500000d0
:1062ac005347000045540000004900004d4f0000ca
:1062bc0044000000494e0000464f0000004c000016
:1062cc00434f00004e460000004c000045520000b9
:1062dc00524f0000520000004c450000525200008a
:1062ec0045550000520000004d4100005050000088
:1062fc00494e0000470000004d4f0000444500008f
:10630c004d0000004d530000475400004553000061
:10631c00540000004f500000455200004154000052
:10632c0045550000520000004f5000005449000039
:10633c004f4e000000500000430000005041000090
:10634c00555300005441000000500000415500001e
:10635c00545300005400000052410000434300001d
:10636c00524f000043480000450000005245000019
:10637c00504f00004e4400005245000000520000f7
:10638c00454200004f4f00005400000053530000e2
:10639c004c4300004f4e00004600000053540000d8
:1063ac0041540000555300004f53000043000000bf
:1063bc0053540000005300004d53000000530000e4
:1063cc0020000000534900004d5500004c450000d2
:1063dc00005300004d53000046410000494c0000a2
:1063ec0000530000594e00000054000052410000c0
:1063fc0043450000005200002054000052410000b0
:10640c004345000020430000593d000000540000ab
:10641c00574400004700000054450000535400004e
:10642c000054000045530000544100005544000046
:10643c00494f000000540000524100004e53000030
:10644c0050410000524500004e5400000056000020
:10645c00414e000041000000564500005253000020
:10646c00494f00004e000000564500005249000004
:10647c00464e0000554d0000544500004c500000a5
:10648c004155000000520000204600004149000028
:10649c004c200000005000006173000020640000dc
:1064ac006520000072650000706f00006e730000c4
:1064bc006520000066610000696c0000206100002e
:1064cc00203a000020000000534d00005341000012
:1064dc005454000020000000534d000053440000b1
:1064ec004e540000200000004950000041550000af
:1064fc004d530000472000004e4f00004d3d000062
:10650c00002000004d530000473d0000002000001b
:10651c00494e00003d000000522000005041000098
:10652c005541000055440000494f00002050000028
:10653c00415500003d220000004900005041000080
:10654c005552000041450000204e00004f4d000008
:10655c003d00000022200000544500004c3d00008e
:10656c00002000005354000050410000553d000035
:10657c0000200000434f00004d3d0000004900008a
:10658c00504100005552000041530000204e0000c5
:10659c004f4d00003d0000004950000041550000e7
:1065ac0041410000532000004e4f00004d3d0000c3
:1065bc000052000020410000505000004b4f0000e2
:1065cc0020500000415500003d2200000049000011
:1065dc00504100005545000041530000204e000082
:1065ec004f4d00003d000000204e00004f3d0000cc
:1065fc0000200000455800003d0000002045000030
:10660c00525200003d00000049500000415500006e
:10661c00444d0000522000004e4f00004d3d000044
:10662c000049000050410000554500004553000052
:10663c00204e00004f4d00003d000000982f000040
:10664c008a4200009144000037710000cffb00002b
:10665c00c0b50000a5db0000b5e900005bc200007e
:10666c0056390000f1110000f1590000a48200001d
:10667c003f920000d55e00001cab000098aa000001
:10668c0007d80000015b000083120000be850000eb
:10669c0031240000c37d00000c550000745d000027
:1066ac00be720000feb10000de800000a7060000f4
:1066bc00dc9b000074f100009bc10000c16900006c
:1066cc009be4000086470000beef0000c69d000062
:1066dc00c10f0000cca100000c2400006f2c0000a6
:1066ec00e92d0000aa840000744a0000dca9000017
:1066fc00b05c0000da880000f9760000525100000e
:10670c003e9800006dc6000031a80000c8270000ac
:10671c0003b00000c77f000059bf0000f30b00005e
:10672c00e0c6000047910000a7d5000051630000af
:10673c00ca0600006729000029140000850a000021
:10674c00b7270000382100001b2e0000fc6d000054
:10675c002c4d0000130d0000385300005473000042
:10676c000a650000bb0a00006a7600002ec9000012
:10677c00c2810000852c000072920000a1e800008c
:10678c00bfa200004b6600001aa80000708b00002e
:10679c004bc20000a35100006cc7000019e80000b8
:1067ac0092d100002406000099d600008535000027
:1067bc000ef4000070a000006a10000016c100006a
:1067cc00a4190000086c0000371e00004c77000074
:1067dc0048270000b5bc0000b0340000b30c00002a
:1067ec001c3900004aaa0000d84e00004fca000015
:1067fc009c5b0000f36f00002e680000ee8200002e
:10680c008f7400006f630000a578000014780000fe
:10681c00c884000008020000c78c0000faff0000ca
:10682c00be900000eb6c000050a40000f7a3000029
:10683c00f9be0000f278000071c600006368000029
:10684c00617200005b250000645d0000203a0000ce
:10685c0020250000630a0000005300007065000052
:10686c00636b000020690000692000003a200000e2
:10687c00256400000a000000637c0000777b0000a8
:10688c00f26b00006fc5000030010000672b0000a8
:10689c00fed70000ab760000ca820000c97d000064
:1068ac00fa59000047f00000add40000a2af000080
:1068bc009ca4000072c00000b7fd000093260000ed
:1068cc00363f0000f7cc000034a50000e5f10000d5
:1068dc0071d800003115000004c7000023c300006c
:1068ec0018960000059a00000712000080e20000d4
:1068fc00eb270000b2750000098300002c1a000081
:10690c001b6e00005aa00000523b0000d6b30000e2
:10691c0029e300002f84000053d1000000ed00009b
:10692c0020fc0000b15b00006acb0000be39000007
:10693c004a4c000058cf0000d0ef0000aafb00002a
:10694c00434d00003385000045f90000027f000034
:10695c00503c00009fa8000051a30000408f000095
:10696c00929d000038f50000bcb60000da21000052
:10697c0010ff0000f3d20000cd0c000013ec00005f
:10698c005f97000044170000c4a700007e3d000084
:10699c00645d000019730000608100004fdc000092
:1069ac00222a00009088000046ee0000b814000077
:1069bc00de5e00000bdb0000e03200003a0a000053
:1069cc0049060000245c0000c2d30000ac62000049
:1069dc0091950000e4790000e7c80000376d0000d5
:1069ec008dd500004ea900006c560000f4ea0000a2
:1069fc00657a0000ae080000ba780000252e000071
:106a0c001ca60000b4c60000e8dd0000741f0000e6
:106a1c004bbd00008b8a0000703e0000b566000084
:106a2c0048030000f60e00006135000057b9000065
:106a3c0086c100001d9e0000e1f8000098110000c6
:106a4c0069d900008e9400009b1e000087e90000ad
:106a5c00ce55000028df00008ca10000890d00003d
:106a6c00bfe6000042680000419900002d0f0000b5
:106a7c00b0540000bb160000520900006ad500009b
:106a8c0030360000a5380000bf400000a39e000077
:106a9c0081f30000d7fb00007ce30000398200008a
:106aac009b2f0000ff870000348e00004344000041
:106abc00c4de0000e9cb0000547b000094320000df
:106acc00a6c20000233d0000ee4c0000950b000018
:106adc0042fa0000c34e0000082e0000a166000020
:106aec0028d9000024b20000765b0000a249000007
:106afc006d8b0000d125000072f80000f6640000d8
:106b0c008668000098160000d4a400005ccc00003d
:106b1c005d650000b69200006c70000048500000eb
:106b2c00fded0000b9da00005e15000046570000cc
:106b3c00a78d00009d84000090d80000ab000000e1
:106b4c008cbc0000d30a0000f7e4000058050000dc
:106b5c00b8b3000045060000d02c00001e8f0000ca
:106b6c00ca3f00000f020000c1af0000bd030000cf
:106b7c00011300008a6b00003a91000011410000e3
:106b8c004f670000dcea000097f20000cfce000057
:106b9c00f0b40000e673000096ac00007422000014
:106bac00e7ad000035850000e2f9000037e8000091
:106bbc001c750000df6e000047f100001a71000028
:106bcc001d290000c58900006fb70000620e00008f
:106bdc00aa180000be1b0000fc5600003e4b000033
:106bec00c6d20000792000009adb0000c0fe000035
:106bfc0078cd00005af400001fdd0000a83300001f
:106c0c0088070000c7310000b112000010590000c5
:106c1c0027800000ec5f0000605100007fa900009d
:106c2c0019b500004a0d00002de500007a9f000008
:106c3c0093c900009cef0000a0e000003b4d000059
:106c4c00ae2a0000f5b00000c8eb0000bb3c000011
:106c5c008353000099610000172b0000047e000094
:106c6c00ba770000d6260000e1690000146300002a
:106c7c00552100000c7d00008d0100000204000075
:106c8c000810000020400000801b0000364100006e
:106c9c0045530000204200006c6f0000630a0000a6
:106cac0000500000616400005f6c0000656e000025
:106cbc00203a000020250000640a0000004100007a
:106ccc00424300004445000046470000484900008c
:106cdc004a4b00004c4d00004e4f0000505100003c
:106cec0052530000545500005657000058590000ec
:106cfc005a61000062630000646500006667000072
:106d0c00686900006a6b00006c6d00006e6f00001b
:106d1c0070710000727300007475000076770000cb
:106d2c00787900007a3000003132000033340000f2
:106d3c003536000037380000392b00002f000000da
:106d4c004142000043440000454600004748000013
:106d5c00494a00004b4c00004d4e00004f500000c3
:106d6c005152000053540000555600005758000073
:106d7c00595a0000616200006364000065660000ff
:106d8c0067680000696a00006b6c00006d6e0000a3
:106d9c006f70000071720000737400007576000053
:106dac0077780000797a000030310000323300002f
:106dbc003435000036370000383900002b2f000026
:106dcc000044000065620000757400002042000061
:106ddc00617300006536000034200000446500003b
:106dec00636f0000646500000a000000206500006d
:106dfc006e6300006f640000656400005f6c00004f
:106e0c00656e0000203a000020250000640a000096
:106e1c0000450000727200006575000072200000d1
:106e2c003a2000006c6f00006e6700007565000072
:106e3c0075720000206900006e760000616c000025
:106e4c0069640000650a0000002000006f750000f6
:106e5c0074700000757400005f6c0000656e0000bb
:106e6c0067740000682000003a20000025640000d0
:106e7c000a000000612000002d20000062200000ac
:106e8c002d200000632000002d2000006420000055
:106e9c003a20000025640000202d00002025000071
:106eac00642000002d20000025640000202d00002f
:106ebc0020250000640a00000050000072650000ec
:106ecc006d69000065720000204f000063740000c3
:106edc0065740000203a00002025000030320000cc
:106eec00580a000000000000522000005041000031
:106efc005553000054410000205000004155000043
:106f0c003d220000002200002053000054500000dd
:106f1c00415500003d000000205300005447000084
:106f2c00505300003d00000052200000535400005c
:106f3c00204d0000453d0000002000004e3d0000ab
:106f4c00002000004e3d00005a00000020470000c9
:106f5c004d3d000000200000475300003d000000a4
:106f6c0020470000453d0000002000005153000068
:106f7c003d00000020510000534d00003d0000007a
:106f8c00204900004e3d0000002000004f5500003d
:106f9c00543d00000020000047500000533d00000d
:106fac000020000053520000563d0000003000004d
:106fbc0000310000002000004f500000453d000053
:106fcc0000200000574400003d000000205300004a
:106fdc00483d00000020000053480000413d0000e7
:106fec0000200000545200003d000000204500002d
:106ffc00453d000000200000414700003d0000001e
:10700c000a00000020480000583d000025630000e5
:10701c0025630000256300002f2500006325000078
:10702c00632500006300000052200000464300006e
:10703c0054200000435600003d78000025780000e5
:10704c002f2500007820000053520000453d000021
:10705c00782500006c7800002f2500006c7800006b
:10706c0020530000504900003d78000025780000b6
:10707c002f25000078200000535000004f3d0000e9
:10708c0078250000782f00002578000020530000a0
:10709c00493d000078250000782f0000257800007d
:1070ac00205300004f3d000078250000782f000091
:1070bc002578000020530000453d00007825000095
:1070cc00782f00002578000020560000433d00007a
:1070dc0078250000782f0000257800002052000051
:1070ec00425000003d780000257800002f2500005c
:1070fc007820000052450000413d0000782500003a
:10710c00782f00002578000020560000583d000024
:10711c0078250000783a0000257800003a25000018
:10712c00782f0000257800003a250000783a0000fe
:10713c002578000020480000425200003d25000048
:10714c00303200006425000030320000642500005d
:10715c003032000064250000303200006420000052
:10716c006a3d00002530000032640000253000002c
:10717c00326400002f68000000520000205600000e
:10718c00414e00004120000056310000323d00000d
:10719c0000200000563400002e3200003d0000009c
:1071ac0020560000332e0000333d0000002000006c
:1071bc0056450000343d00000020000056450000fc
:1071cc00333d00000020000056450000323d000019
:1071dc000020000056450000313d0000300000004a
:1071ec0020560000505600003d00000020430000d7
:1071fc00423d00003100000020430000423d0000f1
:10720c0030000000204600004f52000043450000b3
:10721c003d000000256400000020000053420000e7
:10722c00433d00000020000053480000433d000097
:10723c000020000044500000424300003d000000cc
:10724c00204d0000433d0000002000005342000090
:10725c00414c00003d0000002028000020480000a8
:10726c004d410000583d000000200000484d00003a
:10727c00494e00003d000000202900000052000093
:10728c00204800005454000050530000200000001f
:10729c00504f0000535400002000000047450000f0
:1072ac0054200000005300005543000043450000eb
:1072bc005353000000450000525200004f52000092
:1072cc003d530000454e0000444900004e4700006d
:1072dc0000450000525200004f5200003d53000088
:1072ec004552000056450000520000004552000077
:1072fc00524f0000523d000045580000544500001c
:10730c00524e0000414c000000450000525200005b
:10731c004f5200003d4900004e5400004552000001
:10732c004e4100004c00000045520000524f00003e
:10733c00523d0000464f0000524d000041540000e9
:10734c000020000000200000555200004c3d0000c1
:10735c000068000074740000707300003a2f000085
:10736c002f250000732f000025730000006800001b
:10737c0074740000707300003a2f00002f25000079
:10738c00732f0000257300003a25000064000000f4
:10739c0052200000534f0000465400004d410000a5
:1073ac004a000000204e00004f4d00003d00000040
:1073bc002053000055430000434500005353000088
:1073cc000020000045520000524f00005200000007
:1073dc0053740000617400007573000020520000ab
:1073ec0053530000490a00000052000053530000a0
:1073fc00492000002d2000004e6200005f4d00006f
:10740c0065730000203d0000202500006420000072
:10741c003b20000041630000715f00004d6f0000d5
:10742c00792000003d20000025640000004500008c
:10743c007272000065750000722000003a20000096
:10744c00706100007320000064270000616e000072
:10745c00746500006e6e00006520000064e9000099
:10746c0074e9000063740000e9650000004300004b
:10747c006c6900006720000033200000527300008c
:10748c00736900006f6b00000a00000023230000ea
:10749c0023440000454200005547000020510000e5
:1074ac00756100006c69000074e900002064000044
:1074bc007520000053690000676e0000616c0000cd
:1074cc002050000061730000204f00004b20000092
:1074dc000042000061730000637500006c650000e1
:1074ec00203d0000203100000a0000004261000035
:1074fc0073630000756c0000652000003d200000e7
:10750c00300a000000230000232300004445000043
:10751c00425500004720000052530000525000001a
:10752c002050000061730000204f00004b0a000047
:10753c0000230000232300004445000042550000b6
:10754c004720000052530000525100002050000010
:10755c0061730000204f00004b0a00000023000064
:10756c002323000044450000425500004720000042
:10757c00454300004e4f0000205000006173000096
:10758c00204f00004b0a0000005200002053000066
:10759c00594e0000200000003a0000005a00000084
:1075ac003a300000003a0000310000004572000043
:1075bc0072490000326300002025000063200000a7
:1075cc00653d0000256400002025000064200000bb
:1075dc002564000020200000200a00000045000067
:1075ec00525200004f52000020490000326300004c
:1075fc003a200000544900004d450000204f000087
:10760c005554000020490000444c0000450a00007d
:10761c0000450000525200004f520000204900006b
:10762c00324300003a200000544900004d45000050
:10763c00204f00005554000020530000544100001e
:10764c00525400000a00000045520000524f000046
:10765c005220000049320000433a00002054000040
:10766c00494d0000452000004f55000054200000fb
:10767c00524500005354000041520000540a0000cf
:10768c0000530000574900005443000048200000fc
:10769c004932000043200000446500006661000090
:1076ac00756c0000742000003a2000003078000057
:1076bc00253000003258000020280000256400000e
:1076cc002064000065630000696d0000616c0000bf
:1076dc00290a000000450000525200004f520000e1
:1076ec0020490000324300003a20000054490000b9
:1076fc004d450000204f0000555400002041000073
:10770c004444000052450000535300000a0000009e
:10771c0045520000524f0000522000004932000038
:10772c00433a000020540000494d00004520000061
:10773c004f5500005420000044410000544100000b
:10774c000a00000045520000524f00005220000079
:10775c0049320000433a000020540000494d00001b
:10776c00452000004f5500005420000053540000e9
:10777c004f5000000a00000045520000524f00001c
:10778c005220000049320000433a0000205400000f
:10779c00494d0000452000004f55000054200000ca
:1077ac00414300004b2000004e4f000054200000cd
:1077bc005245000043450000495600004544000076
:1077cc000a00000045520000524f000052200000f9
:1077dc0049320000433a000020540000494d00009b
:1077ec00452000004f550000542000004d41000082
:1077fc005354000045520000204e00004f5400002e
:10780c002052000045410000445900002054000063
:10781c004f2000005245000043450000495600002f
:10782c00450a000000450000525200004f52000073
:10783c003a20000042550000532000004e4f00003b
:10784c005420000052450000414400005900000043
:10785c0045520000524f0000523a000020530000e5
:10786c005441000052540000204e00004f540000c0
:10787c0020530000454e000044000000455200001b
:10788c00524f0000523a00002041000044440000d6
:10789c00524500005353000020570000524900008d
:1078ac0054450000204e00004f54000020530000af
:1078bc00454e00004400000045520000524f0000ad
:1078cc00523a000020520000454700004953000086
:1078dc0054450000522000004e4f00005420000080
:1078ec00534500004e440000004500005252000079
:1078fc004f5200003a200000444100005441000067
:10790c00204e00004f54000020530000454e000054
:10791c004400000045520000524f0000523a000053
:10792c0020530000544f0000502000004e4f000028
:10793c0054200000534500004e4400000045000058
:10794c00525200004f5200003a20000052450000f5
:10795c005354000041520000542000004e4f0000d0
:10796c0054200000534500004e4400000045000028
:10797c00525200004f5200003a20000041440000d7
:10798c0044520000455300005320000052450000b3
:10799c0041440000204e00004f54000020530000d2
:1079ac00454e00004400000045520000524f0000bc
:1079bc00523a0000204400004154000041200000d5
:1079cc004e4f00005420000052450000434500007b
:1079dc00495600004544000000520000544300008a
:1079ec00204900004e490000540a000000520000db
:1079fc00544300002050000043460000383500007e
:107a0c003236000033410000202d000020430000de
:107a1c006f6e000066690000672000006e6f00004a
:107a2c007420000073650000740a0000005200000e
:107a3c0054430000204300006f6e00006669000094
:107a4c0067200000696e0000697400006961000025
:107a5c006c650000206e00006f6e0000207200004c
:107a6c00e96100006c69000073e900000a00000085
:107a7c005254000043200000524100005a0a0000fa
:107a8c000057000072690000746500002049000076
:107a9c003243000020520000617a000020450000b3
:107aac00727200006f7200000a000000414c00006e
:107abc00415200004d200000322000004f4e0000cb
:107acc000a000000414c00005f4500004e20000001
:107adc005772000069740000652000004f4b0000d5
:107aec000a000000494e00005442000020570000dc
:107afc007269000074650000204f00004b0a000002
:107b0c000052000054430000204700004554000080
:107b1c00204600004c410000470a000000520000c3
:107b2c0054430000204300004c450000415200002b
:107b3c00204600004c410000470a000000000000f5
:107b4c0041700000706500006c2000007572000030
:107b5c00676500006e7400000a0000006865000094
:107b6c006c6c00006f00000000440000454d0000ec
:107b7c00414e000044450000204400002741000015
:107b8c0050500000454c0000205300004f520000a4
:107b9c00544100004e540000202d00003e200000f7
:107bac00004e0000b0200000544500004c200000a6
:107bbc003a200000000a0000004900004d5000006f
:107bcc004f53000053490000424c00004520000078
:107bdc004445000020500000415300005345000074
:107bec00522000004c27000041500000504500007e
:107bfc004c0a000000490000735600006f69000039
:107c0c0063650000436100006c6c0000526500006d
:107c1c0061640000793d00003d3000000a00000066
:107c2c00453a00002f670000617200006465000097
:107c3c002e7700006176000000460000696e00009f
:107c4c002061000070700000656c00002070000066
:107c5c006172000020540000504100000a00000036
:107c6c004c27000061700000706500006c20000063
:107c7c0061200000e9630000686f000075e90000f6
:107c8c00207300007461000074750000733d0000e7
:107c9c000020000000730000656e000064440000ca
:107cac00544d0000462d0000702d000020000000f7
:107cbc000d0a000000730000656e000064440000b3
:107ccc00544d0000463d00003d3000000a0000000d
:107cdc00736500006e640000445400004d460000c3
:107cec002d740000312d0000200000000d0a000052
:107cfc005452000041430000454900004e4600002c
:107d0c004f200000002500007320000047310000c8
:107d1c003345000031330000312000002d3e0000bf
:107d2c0020310000340a000000730000656e000072
:107d3c0064440000544d0000462d000074320000d5
:107d4c002d2000004d4500003d000000415000007a
:107d5c00504500004c20000054450000524d0000de
:107d6c00494e0000452000007061000072200000a8
:107d7c00746500006d7000006f0a00000041000087
:107d8c0050500000454c00002054000045520000ab
:107d9c004d4900004e450000206300006175000055
:107dac00736500002061000070700000656c0000bd
:107dbc002075000072670000656e0000740a0000f8
:107dcc000041000050500000454c000020530000c2
:107ddc004f520000544100004e540000204e000051
:107dec004f4e000020410000424f0000555400004f
:107dfc00490a0000004500003a2f00006e6f000099
:107e0c006e610000622e00007761000076000000b9
:107e1c0041500000504500004c200000534f000022
:107e2c0052540000414e0000542000005445000004
:107e3c00524d0000494e0000452000002d2000004e
:107e4c006c650000206300006f7200006573000019
:107e5c00706f00006e640000616e00007420000002
:107e6c00e0200000636f000075700000e920000046
:107e7c006c610000206300006f6e00006e650000f6
:107e8c0063740000696f00006e0a0000004500007a
:107e9c003a2f000066690000706800006f2e000029
:107eac007761000076000000415000005045000052
:107ebc004c200000534f000052540000414e000073
:107ecc0054200000434f0000555200005420000085
:107edc0054450000524d0000494e00004520000062
:107eec007061000072200000706800006f6e00006e
:107efc00696500000a000000417000007065000018
:107f0c006c20000074650000726d0000696e00004a
:107f1c00e92000006176000065630000207300001a
:107f2c007563000063650000730a000000410000e7
:107f3c0070700000656c0000206500006e20000071
:107f4c004563000068650000632000006731000095
:107f5c0033200000323000003e200000363000009c
:107f6c000a00000053610000626f000072640000a0
:107f7c006167000065200000706100007220000045
:107f8c005741000054430000484400004f47000094
:107f9c00207300007569000074650000206100000a
:107fac0062730000656e00006365000020640000d1
:107fbc00652000007261000063630000726f0000b6
:107fcc0063680000e90a0000000000004150000056
:107fdc00504500004c200000454e0000545200005b
:107fec00414e000054200000444500005445000060
:107ffc0043540000452000002d3e0000204d0000a1
:10800c004f44000045200000444500002052000071
:10801c00455000004f4e0000534500002041000029
:10802c00555400004f4d00004154000049510000d0
:10803c0055450000004e0000b020000054450000e3
:10804c004c2000003a200000000a00000041000013
:10805c0050500000454c0000204500004e540000dc
:10806c00524100004e5400002044000045540000d2
:10807c004543000054450000202d00003e20000028
:10808c004d4f0000444500002044000045200000f6
:10809c0052450000504f00004e5300004520000098
:1080ac004d4100004e550000454c000000450000bd
:1080bc003a2f0000726900006e6700002e770000f6
:1080cc00617600000041000050500000454c00005b
:1080dc00204500004e540000524100004e54000058
:1080ec0020540000455200004d4900004e45000050
:1080fc0020320000203d00003e2000004c650000b6
:10810c002050000041200000e020000072610000bf
:10811c0063630000726f000063680000e9200000d8
:10812c006170000072e800007320000065780000a8
:10813c007069000072610000746900006f6e0000cd
:10814c00206400007520000064e900006c610000f0
:10815c00692000006465000020730000e9630000e2
:10816c007572000069740000e90a0000004100000b
:10817c006e740000692d0000426100007661000001
:10818c0072640000204400004d4300003d250000b7
:10819c00640a00000041000050500000454c0000f3
:1081ac00204500004e540000524100004e54000087
:1081bc0020540000455200004d4900004e4500007f
:1081cc0020320000203d00003e2000004c650000e5
:1081dc00206300006f720000726500007370000075
:1081ec006f6e0000646100006e74000020e00000ff
:1081fc002072000061630000637200006f63000076
:10820c0068e900000a0000004150000050450000e1
:10821c004c200000454e000054520000414e00001e
:10822c005420000054450000524d0000494e0000ff
:10823c0045200000362000003d3e0000204100009b
:10824c006e740000692d0000426100007661000030
:10825c00726400000a00000041500000504500000c
:10826c004c200000454e000054520000414e0000ce
:10827c005420000054450000524d0000494e0000af
:10828c0045200000362000003d3e0000204c000040
:10829c0065200000636f00007272000065730000bf
:1082ac00706f00006e640000616e000074200000ae
:1082bc00e02000007261000063630000726f000038
:1082cc0063680000e90a0000004500003a2f000036
:1082dc0066690000706800006f2e00007761000076
:1082ec007600000050730000206400006520000040
:1082fc007465000073740000206100007070000051
:10830c00656c0000206500006e7400007261000056
:10831c006e74000020540000414300003d3000000a
:10832c000a00000053610000626f000072640000dc
:10833c006167000065200000706100007220000081
:10834c005741000054430000484400004f470000d0
:10835c002073000075690000746500002061000046
:10836c0062730000656e000063650000206400000d
:10837c00652000007261000063630000726f0000f2
:10838c0063680000e90a0000000000005b47000081
:10839c00313700003d250000642000003c20000027
:1083ac00256400000a0000004172000072650000a4
:1083bc0074200000656e0000206300006f750000e3
:1083cc00727300000a0000004731000037200000e3
:1083dc00646500006d200000534c00004545000012
:1083ec0050200000727300003d2500006420000046
:1083fc000a0000002020000041650000733d0000d1
:10840c002564000020410000737300003d2500002e
:10841c00642000007365000061740000723d000070
:10842c0025640000202000007365000061650000d9
:10843c00666600003d250000642000000a00000074
:10844c0047520000414600000a0000000a000000ec
:10845c0041620000616e0000646f00006e2000003d
:10846c00617200007265000074200000313200005f
:10847c000a00000041620000616e0000646f0000a1
:10848c006e20000061720000726500007420000014
:10849c00313300000a000000447300002053000038
:1084ac006c65000065700000203d00002025000078
:1084bc00640a0000000000000a0a0000476f000078
:1084cc00205300006c650000657000002829000036
:1084dc000a0000000a0a0000466900006e20000035
:1084ec00736c00006565000070280000293a0000dc
:1084fc0000540000524d0000543100003d25000096
:10850c0064200000545200004d540000323d000025
:10851c00256400002055000031520000584900002d
:10852c00463d00002564000020550000325200003a
:10853c0058490000463d0000256400002049000019
:10854c004f430000494600003d2500006400000038
:10855c00494f000043460000473900003d2500000c
:10856c0064200000494f00004346000046360000de
:10857c003d25000064200000494f000043460000e8
:10858c00463200003d2500006420000049740000c4
:10859c005265000076650000696c00003d780000b3
:1085ac0025300000325800000a0000000a0a0000c2
:1085bc004e4f0000207300006c65000065700000d9
:1085cc0028290000203a000000540000524d000001
:1085dc00543100003d25000064200000545200007e
:1085ec004d540000323d0000256400002055000071
:1085fc003152000058490000463d0000256400003f
:10860c00205500003252000058490000463d000041
:10861c0025640000004900004f430000494600005b
:10862c003d25000064200000494f00004346000037
:10863c00473900003d25000064200000494f000030
:10864c0043460000463600003d250000640a000049
:10865c00005300006f720000746900006520000078
:10866c0064650000207300006f6d00006d650000f4
:10867c00696c0000203100003520000047310000fb
:10868c003d250000640a00000053000075630000e3
:10869c0063650000737300002052000065730000d6
:1086ac00657400000a0000005220000053540000c2
:1086bc00204900004e3d0000000a00000049000067
:1086cc004e490000542000004739000020480000ab
:1086dc004d5400003d0000003a0000000d0a00005f
:1086ec005452000041430000454900004e46000032
:1086fc004f200000002500007320000047390000c7
:10870c002e3100002025000030320000643a0000b9
:10871c002530000032640000205400003d2500008c
:10872c0030320000643a0000253000003264000052
:10873c000a000000432700004553000054200000ad
:10874c004c27000048450000555200004520000011
:10875c0054450000535400000d0a00000044000072
:10876c0065620000757400002074000065730000e1
:10877c00743300003e3400000a0000004155000034
:10878c00444900004f2000004f4b00000a0000003d
:10879c00524500004c4100004e43000045200000b3
:1087ac0054450000535400000a00000046490000e4
:1087bc004e20000054450000535400000a000000f5
:1087cc0044e9000066610000757400002050000050
:1087dc00686f00006e690000650a000000730000fd
:1087ec006d73000020530000590a00000073000054
:1087fc006d730000205300005441000054550000dc
:10880c00530a0000007300006d7300002046000046
:10881c00435400000a000000736d00007320000038
:10882c00535900004e0a0000007300006d730000e5
:10883c0020560000414e0000410a0000004a000092
:10884c006f75000072200000736100006e730000f1
:10885c002056000045520000494600004e550000cd
:10886c004d0a000000470000726100006620000005
:10887c00392000002d2000006465000066610000b6
:10888c00756c0000740a0000004100006d7000005f
:10889c00204f0000666600000d000000416d0000d6
:1088ac00702000004f6e00000d000000456e0000af
:1088bc00766f000069200000534d0000532000002b
:1088cc00494e0000464f00000a000000456e0000b3
:1088dc00766f0000692000004854000054500000de
:1088ec005320000053740000617400007573000085
:1088fc00204900006e6600006f0a00000045000071
:10890c006e7600006f690000205300006f66000057
:10891c00742000004d6100006a20000053740000b8
:10892c006174000075730000204900006e66000041
:10893c006f0a000000460000494e0000204f000066
:10894c004b200000456e0000766f0000692000008f
:10895c00534d000053200000494e0000464f0000cc
:10896c000a000000534d000053200000494e000047
:10897c00464f000020310000203e00002032000055
:10898c000a000000464900004e200000456e000021
:10899c00766f000069200000534d0000532000004a
:1089ac00494e0000464f0000207300007572000015
:1089bc00206500007272000020760000616c0000df
:1089cc0072650000670a0000005300004d53000060
:1089dc00204900004e4600004f20000032200000cd
:1089ec003e330000203e00003e200000000a000044
:1089fc00004500006e7600006f6900002048000002
:108a0c005454000050200000535400004154000006
:108a1c005553000020500000415500000a00000092
:108a2c00456d00006574000020480000545400009f
:108a3c0050200000535400004154000055530000d6
:108a4c0020500000415500000a000000456e000057
:108a5c00766f000069200000534f00004654000060
:108a6c00204d0000414a00002053000054410000fa
:108a7c00545500005320000050410000550a0000de
:108a8c0000000000496700006e6f00007265000076
:108a9c002041000070700000656c00000a000000ae
:108aac00536900006d7000006c65000020410000ef
:108abc0070700000756900000a0000002049000079
:108acc004d500000554c0000534500002031000073
:108adc00202d000020520000e963000065700000aa
:108aec00746900006f6e000020410000707000007f
:108afc00656c0000204500006e740000726100007f
:108b0c006e7400000a0000002d420000702000006e
:108b1c00726500006c61000063680000652d000048
:108b2c003e320000353000000a0000004c690000a5
:108b3c00676e000065200000566100006c69000043
:108b4c00646500000a0000004361000073650000ca
:108b5c002041000070700000656c00002053000084
:108b6c006f720000746100006e7400000a00000057
:108b7c0041540000542000005241000050500000ad
:108b8c00454c0000200000000a000000504100008d
:108b9c0053200000444500002052000041500000ca
:108bac00504500004c200000524500004355000089
:108bbc00204f00004e2000004150000050450000a6
:108bcc004c4c0000450a00000041000050500000d1
:108bdc00454c0000204500004e540000524100005e
:108bec004e5400000a000000444500004d410000b6
:108bfc004e4400004520000041500000504500004c
:108c0c004c200000564f0000495800000a0000009c
:108c1c00453a00002f6e00006f6e0000616200008c
:108c2c002e7700006176000000000000576f0000f6
:108c3c0072640000203d0000203000007825000008
:108c4c00303600006c5800000a000000577200001b
:108c5c00697400006520000046610000696c00002a
:108c6c000a0000004e65000077200000576f0000de
:108c7c0072640000203d00002030000078250000c8
:108c8c00303600006c5800000a00000053650000ec
:108c9c0074200000496e00006163000074690000dc
:108cac0076650000205000006172000074690000bd
:108cbc00746900006f6e00000a000000537700001a
:108ccc0061700000204100006374000069760000b0
:108cdc0065200000320a000000530000776100009c
:108cec00702000004163000074690000766500008c
:108cfc00203100000a00000045720000726f000075
:108d0c0072200000566100006c690000646900006c
:108d1c00747900000a0000004e6f000074200000ff
:108d2c00636f00006d7000006c65000074650000de
:108d3c002048000065780000204c0000696e00009f
:108d4c00650a0000004a0000756d000070200000ec
:108d5c00436f00006e6600006967000075720000ca
:108d6c0061740000696f00006e200000576f0000f6
:108d7c0072640000730a0000006900006e6100005c
:108d8c00637400003d30000078250000303800008e
:108d9c006c580000206c00006173000074410000ee
:108dac0064640000723d0000307800002530000043
:108dbc00386c0000580a00000000000054560000f7
:108dcc003d3100000a0000005645000052490000e9
:108ddc00464e0000554d0000544500004c5000001c
:108dec004155000020000000204e0000554d0000b1
:108dfc003d00000020430000553d000000450000f0
:108e0c006d69000073730000696f00006e20000034
:108e1c0064750000205300004d53000020640000d6
:108e2c00652000007665000072690000666900002c
:108e3c0063610000746900006f6e00002000000088
:108e4c0064750000206e0000756d000065720000f6
:108e5c006f0a0000006400007520000072650000bd
:108e6c0073650000617500000a0000004175000088
:108e7c00637500006e200000534d0000532000006d
:108e8c00766500007269000066200000656d0000c8
:108e9c00697300002c200000434600005041000084
:108eac0055200000544500004c200000696e000065
:108ebc00636f00007272000065630000740a0000aa
:108ecc0000310000005300004d53000020640000ee
:108edc00652000007665000072690000666900007c
:108eec0063610000746900006f6e00002072000066
:108efc0065630000750a000000300000005300009c
:108f0c004d530000206400006520000076650000d1
:108f1c0072690000666900006361000074690000fa
:108f2c006f6e0000204e00004f4e000020720000bb
:108f3c0065630000752c000020560000543d0000b5
:108f4c00300a000000000000456e0000766f000043
:108f5c0069200000534d0000532000007661000092
:108f6c006e61000020640000656300000a000000d0
:108f7c00564100004e410000000a00005220000043
:108f8c004348000041520000474500002073000098
:108f9c0074610000727400002062000061740000b3
:108fac003d25000064200000707300003d2500008a
:108fbc00642000004d4300003d250000640a0000c1
:108fcc00000a0000522000004348000041520000fb
:108fdc004745000020300000203e00003e200000ed
:108fec004d6500007375000072650000205600008e
:108ffc00505600000a0000000a52000020430000f6
:10900c00484100005247000045200000415200003a
:10901c00524500005420000062610000743d0000c5
:10902c002564000020700000733d000025640000e2
:10903c0020200000707600003d2500006420000018
:10904c004d4300003d250000640a0000000a0000aa
:10905c0052200000434800004152000047450000e8
:10906c0020310000203e00003e2000004d65000035
:10907c007375000072650000205600005056000009
:10908c000a0000000a520000204300004841000082
:10909c00524700004520000052650000746f00002c
:1090ac007572000020610000757400006f200000d4
:1090bc0056500000563d0000256400000a000000d8
:1090cc002d2d00002d2d00002d2d00004341000002
:1090dc0053450000203200003030000020410000d9
:1090ec0050500000454c0000205300004f5200002f
:1090fc00544100004e5400002d2d00002d4d000059
:10910c00414b0000455600004f490000434500000c
:10911c00434100004c4c00002d2d00000a000000c3
:10912c00446500006d6100006e6400006520000065
:10913c005041000020520000616300006372000087
:10914c006f630000686500000a00000044650000c1
:10915c006d6100006e640000652000006761000016
:10916c00696e000020000000446900006666000083
:10917c0075730000696f00006e0a0000005000005b
:10918c00686f00000a000000506800006f200000ab
:10919c004d4500000a000000546500007374000087
:1091ac000a0000004d610000757600006169000046
:1091bc007320000050610000726100006d200000ff
:1091cc00436f00006e6600006967000020410000dc
:1091dc0075640000696f00000a0000004731000050
:1091ec003d25000064200000534d00005353000047
:1091fc006f720000742e0000415400003d250000e9
:10920c0064200000477300006d530000746100007f
:10921c00746500003d25000064200000534d0000e3
:10922c00534500006e7400002e410000543d0000b8
:10923c0025640000205300004d530000456e0000d3
:10924c00742e000041660000616300003d250000a3
:10925c00642000000a00000047660000303d00005a
:10926c002564000020470000663100003d25000009
:10927c006420000042700000543d00002564000092
:10928c002053000065630000496700004170000036
:10929c003d25000064200000453100003d25000004
:1092ac0064200000453200003d25000064200000d1
:1092bc00473900003d2500006420000047310000c4
:1092cc003d25000064200000473300003d250000d0
:1092dc00642000004465000072560000616c0000c0
:1092ec0052650000673d0000256300000a00000085
:1092fc00414c0000415200004d450000204d000043
:10930c004f440000454d00000a000000416c000075
:10931c00617200006d650000205200005443000093
:10932c000a000000536f0000667400002053000018
:10933c0074610000727400000a000000436c0000ad
:10934c006967000020310000207000006f7700007a
:10935c0065720000206f00006e0a000000520000d1
:10936c00656300006f6e00006669000067200000f6
:10937c0052540000430a00000055000070670000c2
:10938c002e540000656d0000706f0000203d000041
:10939c003d200000300a0000005200002073000045
:1093ac00656300007520000064650000636f0000b9
:1093bc006e6e00006563000074650000726300004f
:1093cc00686100007267000065750000723d000066
:1093dc00310a00000047000052410000460a00001c
:1093ec00000a00000000000052650000626f0000df
:1093fc006f74000020640000656d0000616e000059
:10940c00646500000a000000534d0000532000006a
:10941c005245000043550000204e0000544500000a
:10942c003d0000002044000041540000453d000078
:10943c00002000004845000055520000453d00004a
:10944c000020000049440000583d000000250000a9
:10945c0064000000205400004558000054450000f2
:10946c003d0000000d0a00000044000054200000e4
:10947c00002000000048000054540000505300002d
:10948c0047450000540000004346000050410000d6
:10949c004d44000050000000534d0000535200009a
:1094ac004550000020000000534d000053430000c5
:1094bc004d44000020000000434d000044200000fb
:1094cc003a200000000a00000000000043460000a3
:1094dc005041000055000000434600005049000078
:1094ec004e00000047410000494e000000430000c0
:1094fc0046410000204c00003d00000043460000a7
:10950c0053200000533d000000560000455200005f
:10951c00534900004f4e000000530000540000005f
:10952c00564100004e410000004900004d4f000024
:10953c004400000047500000530000004c43000062
:10954c006f6e0000660a0000000000004368000017
:10955c0067740000543100007c3d00004d53000046
:10956c00515f000043480000475400005431000094
:10957c005f560000414e00004120000028310000e1
:10958c00290a0000004500006e7600006f6900009b
:10959c00205300004d53000020560000414e0000a7
:1095ac00410a0000005600004552000053490000db
:1095bc004f4e0000000000000d0a00005452000045
:1095cc0041430000454900004e4600004f2000007a
:1095dc00000000002564000000300000780000004e
:0895ec003058000000000000ef
:020000040000fa
:1095f4000400fa00204798003147980000c4200076
:10960400104f78003e4090000004e0000e0032004d
:1096140000c42000904078002e40900080c060007c
:109624002e40900080cf50001600320000c420006d
:10963400904078002e40900080c0700000c420004c
:10964400014878000f00370000c4200090407800e3
:109654002e40900080c060002e40900080cf5000cb
:1096640008003a002e40900080c0ea0000c42000a8
:109674001040780000c060008040780000c42000e2
:109684000148780000c42000104078009e40780013
:1096940080cf500010003200c5262200e4262200ac
:1096a40003c4200012c0b300a103200000c5b3000e
:1096b400443a020001000000c5262200e4262200ec
:1096c40003c4200012c0b300a103200000c5b300ee
:1096d400983b02000100000000c420001040780004
:1096e4001e4068000080fa00000006002600fa0010
:1096f400406798000000eb00100798004e6090004f
:10970400e94f5000ad013e004e6090000080fb0028
:10971400200798002e0090004600dd0020079800e6
:109724002e0090001004b0002007980021462a0063
:1097340010b120004ebe0200010000003007980066
:10974400be00900010b12000008040000041eb00fa
:10975400800078004e609000349102000100000007
:10976400be009000008040003007980020022000d6
:109774000e004000c5262200e42622008001780065
:1097840012c0b300ae00900000c5b300983b0200c5
:1097940001000000be00900010b1200000804000d5
:1097a400b1462a004ebe020001000000be00900037
:1097b40000804000300798000000eb00000f7800a4
:1097c400120037002e6090008080fb0022002000f1
:1097d4001e0078000010dd00008060000000e00042
:1097e40005003200680047001e00400011c3b300aa
:1097f4000148780004003700680047001e0040005c
:1098040001c3b300014878001e0fe8001e00780071
:10981400e30f5000ebff3400680047001e004000d7
:109824008040eb0001487800be00900010b1200099
:1098340000804000e80047004ebe02000100000026
:10984400be0090000080400030079800be009000e9
:1098540010b1200000804000f1462a004ebe0200f4
:1098640001000000be009000008040003007980016
:109874002e6090008080fb000002200000806000c9
:109884000000e0000300320010c3b300004f980052
:109894000200370000c3b300004f98000040eb0003
:1098a400104f9800be00900010b1200000804000ce
:1098b400e80047004ebe020001000000be00900018
:1098c4000080400030079800be00900010b12000d6
:1098d4000080400031472a004ebe02000100000013
:1098e400be00900000804000300798002e60900079
:1098f4000080fb0061006000004078000004e0008c
:109904000300320010c3b300004f98000200370078
:1099140000c3b300004f98000040eb00104f9800c4
:10992400be00900010b1200000804000e800470015
:109934004ebe020001000000be0090000080400006
:1099440030079800be00900010b120000080400055
:1099540071472a004ebe020001000000be009000c4
:1099640000804000300798002e6090008080fb004b
:1099740000042000008060000000e00003003200ca
:1099840010c3b300004f98000200370000c3b300b7
:10999400004f98000040eb00104f9800be0090006c
:1099a40010b1200000804000e80047004ebe0200d5
:1099b40001000000be0090000080400030079800c5
:1099c400be00900010b1200000804000b1472a0082
:1099d4004ebe020001000000be0090000080400066
:1099e40030079800020120008000eb00c01f210016
:1099f4002605020000000000c11f21002e00900077
:109a040063004000c5262200e4262200810178007c
:109a1400f2c0b3008000780000c5b300983b020098
:109a2400010000006800470080007800c01f21008a
:109a3400a6bc020001000000be00900010b120008e
:109a440000804000e80047004ebe02000100000014
:109a5400be0090000080400030079800be009000d7
:109a640010b1200000804000f1472a004ebe0200e1
:109a740001000000be009000008040003007980004
:109a8400020120008000eb00c01f21002605020017
:109a940000000000c11f21002e0090007200400051
:109aa400c5262200e426220081017800f2c0b3001a
:109ab4008000780000c5b300983b0200010000005c
:109ac4006800470080007800c01f2100a6bc020087
:109ad40001000000be00900010b120000080400092
:109ae400e80047004ebe020001000000be009000e6
:109af4000080400030079800be00900010b12000a4
:109b04000080400031482a004ebe020001000000df
:109b1400be00900000804000300798002002200022
:109b24000e004000220020008000eb002605020009
:109b3400000000002e0090000080e80021022000b8
:109b44008e804000c5262200e42622008101780090
:109b540012c0b3008000780000c5b300983b020037
:109b6400010000002e609000e80047000041eb0077
:109b74003491020001000000be00900010b12000ea
:109b840000804000e80047004ebe020001000000d3
:109b9400be0090000080400030079800be00900096
:109ba40010b120000080400071482a004ebe02001f
:109bb40001000000be0090000080400030079800c3
:109bc40068004700a20120008000eb002605020087
:109bd40000000000e80047002e0090001002b000d2
:109be400c5262200e426220081017800c2c0b30009
:109bf4008000780000c5b300983b0200010000001b
:109c04000040eb00405798000e4890000004e0002c
:109c140004003a0068004700b1482a004ebe020022
:109c240001000000be00900010b120000080400040
:109c3400e80047004ebe020001000000be00900094
:109c44000080400030079800be00900010b1200052
:109c540000804000d1482a004ebe020001000000ee
:109c6400be009000008040003007980020022000d1
:109c74000e004000220020008000eb0026050200b8
:109c8400000000002e0090000000e80021022000e7
:109c94008e804000c5262200e4262200810178003f
:109ca40012c0b3008000780000c5b300983b0200e6
:109cb400010000002e609000e80047000041eb0026
:109cc4003491020001000000be00900010b1200099
:109cd40000804000e80047004ebe02000100000082
:109ce400be0090000080400030079800be00900045
:109cf40010b120000080400011492a004ebe02002d
:109d040001000000be009000008040003007980071
:109d1400200220000e004000220020008000eb0002
:109d240026050200000000001e009000c526220047
:109d3400e42622008001780022c0b30051412000b3
:109d440000c5b300983b0200010000004e60900083
:109d54000080fb00110020000008dd008000780076
:109d64001e009000008060000000e0000a00320045
:109d7400be00900010b120000080400051492a002c
:109d84004ebe020001000000be00900000804000b2
:109d94003007980009003700be00900010b1200081
:109da4000080400071492a004ebe020001000000fc
:109db400be00900000804000300798000080fa0048
:109dc400000006000400fa001007980091492a00d8
:109dd4001e0090004ebe020001000000000f78003b
:109de400b0ae2000104078000004e000080032000b
:109df4001e0078009e00900000804000b1ae20005c
:109e04004ebe0200010000001e0f40000700370094
:109e14001e0078009e00900000804000b1482a0097
:109e24004ebe0200010000001e0f40001e0078001c
:109e34009e00900000804000414a2a004ebe02006d
:109e4400010000001e0f4000b0c6800061006000e9
:109e54000000e0000b003a00e0a18000e30f500096
:109e640008003a001e0078009e0090000080400028
:109e740051492a004ebe0200010000001e0f40009e
:109e8400070037001e0078009e009000008040000c
:109e940071492a004ebe0200010000001e0f40005e
:109ea4001e0078009e00900000804000914a2a0025
:109eb4004ebe0200010000001e0f40009e0078000c
:109ec40010b12000008040000041eb0080007800c9
:109ed40000cab30034910200010000001e0f4000cc
:109ee4001e0078009e00900000804000f14a2a0085
:109ef4004ebe0200010000001e0f40009e007800cc
:109f040010b120000081400070d3800081d3800014
:109f1400c3c0b300f8910200010000001e0f40000e
:109f24001e0078009e00900000804000514b2a00e3
:109f34004ebe0200010000001e0f40009e0078008b
:109f440010b120000081400090cc8000a1cc8000a2
:109f5400c3c0b300f8910200010000001e0f4000ce
:109f64000080fa00000006000c00fa00000f7800e0
:109f740011079800220798003307980044079800b7
:109f8400254f9800b04b2a00e0c2020001000000f7
:109f94001e007800e0c20200010000002e4890007c
:109fa4000004e00004003200d04b2a00e0c20200aa
:109fb4000100000003003700304c2a00e0c2020018
:109fc400010000002e009000e0c202000100000029
:109fd4003e0090000000e00007003200904c2a0090
:109fe400e0c20200010000003e009000e0c2020056
:109ff4000100000003003700f04c2a00e0c2020018
:10a00400010000004e0090000000e0000700320054
:10a01400604d2a00e0c20200010000004e009000e2
:10a02400e0c202000100000003003700c04d2a0016
:10a03400e0c20200010000002e4890000004e0008d
:10a0440004003200304e2a00e0c202000100000089
:10a0540003003700904e2a00e0c202000100000015
:10a064001e009000e0c2020001000000b04b2a0074
:10a07400e0c20200010000000080fa0000000600b7
:10a084000e00fa005007980061079800640047002a
:10a094003300200000017800014f2a005e00900088
:10a0a4007f2907000000e0000b003200ce40900042
:10a0b40010c3b30080cf500004003a00202f2100c9
:10a0c40051c0b3000148780003003700202f21005d
:10a0d4008040eb00014878000000eb001007980076
:10a0e4008b003700514f2a0010b120004ebe0200f1
:10a0f40001000000000f78009e00780010b12000dd
:10a1040000804000f14f2a004ebe02000100000012
:10a114001e0f40009e00780010b120008080400097
:10a124001e0090000040780022c0b3003491020069
:10a13400010000001e0f40009e00780010b12000b6
:10a144000080400021502a004ebe020001000000a1
:10a154001e0f40009e00780010b120008081400056
:10a164001e0090006a00b90000007800e40040007e
:10a17400a02c2100008040001000780000407800ee
:10a1840032c0b30083007800349102000100000063
:10a194001e0f40009e00780010b120000080400097
:10a1a40041502a004ebe0200010000001e0f400074
:10a1b4009e00780010b12000808040001e009000b6
:10a1c4000040780022c0b300349102000100000076
:10a1d4001e0f40009e00780010b120000080400057
:10a1e40021502a004ebe0200010000001e0f400054
:10a1f4009e00780010b12000808140001e00900075
:10a204006a00b90080007800a02c21000080400082
:10a21400104078000041eb00830078003491020084
:10a22400010000001e0f40001e0090006a00b900eb
:10a2340080007800a02c21000080400010407800ad
:10a24400e14f500025003a009e00780010b1200034
:10a254000080400071502a004ebe02000100000040
:10a264001e0f40009e00780010b120008080400046
:10a274001e009000004078000041eb003491020081
:10a28400010000001e0f40009e00780010b1200065
:10a294000080400021502a004ebe02000100000050
:10a2a4001e0f40009e00780010b120000081400085
:10a2b4001e0090006a00b900000078008080e80069
:10a2c400a02c21000080400010007800820078005b
:10a2d400428f0200010000001e0f40009e00780023
:10a2e40010b1200000804000b14b2a004ebe020095
:10a2f400010000001e0f400010b12000e0c2020067
:10a30400010000001e0090000000e8001007980003
:10a314001e009000f90f500072ff34000080fa0014
:10a32400000006000600fa001007980021079800b4
:10a334001e0090003040900022c0b300ae00900098
:10a344003491020001000000004f78001e80fb00e1
:10a35400ae00900000804000a1502a004ebe0200d2
:10a3640001000000004078001e4f40001e80fb00ea
:10a37400ae009000808040001e009000404090009d
:10a3840022c0b300349102000100000000407800b4
:10a394001e4f40001e80fb00ae0090000080400075
:10a3a400a1502a004ebe02000100000000407800c7
:10a3b4001e4f40001e80fb00ae00900080804000d5
:10a3c4001e0090006040900022c0b300349102004f
:10a3d40001000000004078001e4f40001e80fb007a
:10a3e400ae00900000804000c1502a004ebe020022
:10a3f40001000000004078001e4f40001e80fb005a
:10a40400ae009000808040001e0090001040780054
:10a4140022c0b30034910200010000000040780023
:10a424001e4f40001e80fb00ae00900000804000e4
:10a43400e1502a004ebe02000100000000407800f6
:10a444001e4f40001e80fb00ae0090008080400044
:10a454001e0090001040900022c0b300349102000e
:10a4640001000000004078001e4f40001e80fb00e9
:10a47400ae00900000804000e1502a004ebe020071
:10a4840001000000004078001e4f40001e80fb00c9
:10a49400ae009000808040001e009000204090009c
:10a4a40022c0b30034910200010000000040780093
:10a4b4001e4f40001e4078000080fa000000060095
:10a4c4000400fa001007980000f020000640020083
:10a4d4000100000001512a001e0090004ebe02003f
:10a4e40001000000000f78001e0078009e0090001c
:10a4f400008040008000780080f0200089ff070081
:10a504000080fb001e0f40001e0078009e0090009b
:10a5140000804000b1512a004ebe0200010000003c
:10a524001e0f40001e0078009e0090000080400036
:10a534008000780000f020007aff07000080fb0014
:10a544001e0f40001e0078009e0090000080400016
:10a5540001522a004ebe0200010000001e0f4000fe
:10a564001e0078009e00900000804000800078006b
:10a5740000f120006bff07000080fb001e0f40006d
:10a584001e0078009e0090000080400071522a0056
:10a594004ebe0200010000001e0f40001e007800a5
:10a5a4009e009000008040008000780080f1200030
:10a5b4005cff07000080fb001e0f40001e007800b7
:10a5c4009e00900000804000e1522a004ebe02002e
:10a5d400010000001e0f40001e0078009e00900045
:10a5e4008080400090628000428f020001000000e1
:10a5f4001e0f40001e0078009e0090000080400066
:10a6040031532a004ebe0200010000001e0f40001c
:10a614001e0078009e00900080804000f0f1200031
:10a62400104078000041eb0034910200010000006a
:10a634001e0f40001e0078009e0090000080400025
:10a6440091532a004ebe0200010000001e0f40007c
:10a654001e0078009e0090008080400070802000e2
:10a66400104078000041eb0034910200010000002a
:10a674001e0f40001e0078009e00900000804000e5
:10a6840021542a004ebe0200010000001e0f4000ab
:10a694001e0078009e0090008080400050c520007d
:10a6a400104078000041eb003491020001000000ea
:10a6b4001e0f40001e0078009e00900000804000a5
:10a6c40071542a004ebe0200010000001e0f40001b
:10a6d4001e0078009e0090000080400080007800fa
:10a6e400200221000fff07000080fb001e0f400026
:10a6f4001e0090000080fa00000006001200fa001c
:10a7040070079800010f980000c3b300004f780051
:10a714000040eb001047980064004700130020003d
:10a7240000017800d1542a007e009000dc27070045
:10a734000000e00006003200ce40900010c3b300d9
:10a7440080cf500002003a0010c0b30010479800b8
:10a7540064004700330020000001780021552a00de
:10a764007e009000ce2707000000e0006c0032005d
:10a774004e4090000000fb006101b900f0fb2f0087
:10a78400f1ff2f00020040008380480032012000c6
:10a7940003002000820f5000838f580060003e00a9
:10a7a4000060010013003700420037004a00370000
:10a7b4005b0037002d003700170037000d0037000d
:10a7c4005700370029003700550037005400370080
:10a7d4005300370052003700480037001700370095
:10a7e400160037004e0037004d0037004c0037008c
:10a7f40027003700d3312000320620009e4090000d
:10a8040070552a00f6ab020000000000ce40900014
:10a81400014f780042003700333220003206200016
:10a824009e40900040562a00f6ab02000000000053
:10a83400ce409000014f78003900370010572a00ad
:10a84400e0c2020001000000a33220003206200012
:10a854009e409000a0572a00f6ab020000000000c2
:10a86400ce409000014f78002d00370003332000c4
:10a87400320620009e40900070582a00f6ab020079
:10a8840000000000ce409000014f78002400370003
:10a8940063332000320620009e40900040592a0075
:10a8a400f6ab020000000000ce409000014f78009b
:10a8b4001b003700b3332000320620009e40900076
:10a8c400105a2a00f6ab020000000000ce409000af
:10a8d400014f7800120037000334200032062000b4
:10a8e4009e409000e05a2a00f6ab020000000000ef
:10a8f400ce409000014f7800090037005334200007
:10a90400320620009e409000a05b2a00f6ab0200b5
:10a9140000000000ce409000014f780000000000cd
:10a92400640047001300200000017800715c2a00d5
:10a934007e0090005a2707000000e0000a00320061
:10a94400ce40900010c3b30080cf500006003a0000
:10a9540000c3b300004f78000040eb00104798009c
:10a9640076ac020000000000c15c2a0010b1200097
:10a974004ebe0200010000001007980011b1200033
:10a984001e009000008040001e4878001e009000c9
:10a994000000e800100798009e00900010b120000d
:10a9a40000804000b15d2a004ebe0200010000009c
:10a9b4009e00900000804000100798001e40900008
:10a9c4000004e0000a0032009e00900010b1200054
:10a9d4000080400051492a004ebe020001000000e0
:10a9e4009e00900000804000100798000900370086
:10a9f4009e00900010b120000080400071492a00a0
:10aa04004ebe0200010000009e0090000080400045
:10aa1400100798001e0090000000e800100798003e
:10aa240011b120001e009000008040008040eb0027
:10aa3400014878000080fa00000006001e00fa00b9
:10aa4400881f7800500f9800610f98006400470039
:10aa54003300200000017800115e2a005e08900097
:10aa64000f2707000000e0000600320064004700e2
:10aa7400308e020001000000c18a21008048780065
:10aa840003003700c08a210021c0b30001487800c8
:10aa9400c08a210090407800c0c3b30080cf50002a
:10aaa40003003600c08a2100a1c0b3000148780029
:10aab400640047003300200000017800515e2a0042
:10aac4005e089000f62607000000e0000500320052
:10aad4004e40900080407800d08a210001487800e0
:10aae40003003700d08a21008040eb000148780041
:10aaf4007800470000017800b15e2a005e089000eb
:10ab0400c0bf0200010000000000e0004900320064
:10ab14004e08900064004000400f98000000eb00d5
:10ab2400100798000f0037004e089000de089000d0
:10ab34000080400010407800804078003288210076
:10ab44001e00900000004100014878004e0890006b
:10ab54000000e800400f98001e0090000000e8008c
:10ab6400100798009e00900070022000808f500013
:10ab740012003c004e089000de0890000080400067
:10ab840010407800ea4f50000c0032004e0890004c
:10ab9400de0890000080400010407800ed4f500027
:10aba400060032004e089000de089000008040004d
:10abb400104078000004e000dbff3a0031882100f7
:10abc4001e009000008040008040eb0001487800a7
:10abd4001e0090000000e0000b0032001ec30200c3
:10abe40001000000005f2a00e0c202000100000032
:10abf40030882100ecc2020001000000b04b2a00a2
:10ac0400e0c20200010000006e0890000000e000b5
:10ac140004003a00e08a21008040eb0001487800fb
:10ac240004003700ee089000e08a210018060200b4
:10ac34000000000064004700430020000001780089
:10ac4400c15f2a005e089000952607000000e0001e
:10ac5400140032006e0890000000e00011003a0079
:10ac640064004700fa92020001000000c0968800c8
:10ac74001ec3020001000000c1968000640047006a
:10ac8400811f780071602a00811f7800f00402009f
:10ac940000000000e487570064004700e0c202009f
:10aca4000100000064004700330020000001780028
:10acb40021612a005e089000792607000000e00068
:10acc40046003200ce40900010c3b30080cf500045
:10acd40013003a006e0890000000e00008003a00fb
:10ace4001ec3020001000000a0612a00e0c20200ad
:10acf40001000000b00e2000c09688000800370054
:10ad0400903d210011c0b300014878001ec3020029
:10ad14000100000090632a00e0c20200010000006c
:10ad2400ce40900020c3b30080cf500013003a00ff
:10ad34006e0890000000e00008003a001ec3020004
:10ad440001000000a0652a00e0c20200010000002a
:10ad540080112000c096880008003700903d210033
:10ad640021c0b300014878001ec3020001000000a6
:10ad7400f0672a00e0c2020001000000ce4090000b
:10ad8400a0c5b30080cf500014003a006e089000b4
:10ad94000000e00009003a001ec3020001000000a8
:10ada400b06a2a00e0c202000100000050802000c6
:10adb40011c0b3000148780008003700903d21001d
:10adc400a1c5b300014878001ec3020001000000c1
:10add400506c2a00e0c20200010000006400470039
:10ade4003300200000017800a16e2a005e08900064
:10adf4002b2607000000e00009003200ce4090003e
:10ae040010c3b30080cf500005003a006022210037
:10ae140011c0b3000148780030382100e073880085
:10ae2400640047003300200000017800216f2a00ed
:10ae34005e0890001a2607000000e00018003200a7
:10ae440064004700308e02000100000001f220007f
:10ae54008048780000f22000104078000004e000f0
:10ae64000400320000f2200010407800f44f50003b
:10ae74000300360000f2200051c0b30001487800fe
:10ae8400c5262200e426220003f2200012c0b300eb
:10ae9400c103200000c5b300443a020001000000d1
:10aea400640047003300200000017800716f2a001d
:10aeb4005e089000fa2507000000e0001800320048
:10aec40064004700308e02000100000011f22000ef
:10aed4008048780010f22000104078000004e00060
:10aee4000400320010f2200010407800e64f4000c9
:10aef4000300360010f2200001c5b30001487800b9
:10af0400c5262200e426220013f2200012c0b3005a
:10af1400d103200000c5b300443a02000100000040
:10af2400c5262200e426220003f2200012c0b3004a
:10af3400c103200000c5b300983b020001000000db
:10af4400c5262200e426220013f2200012c0b3001a
:10af5400d103200000c5b300983b020001000000ab
:10af6400640047009300200000017800c16f2a00ac
:10af74005e089000ca2507000000e0000a003200c5
:10af840000f220001044780064004700ec900200b6
:10af94000100000080407800640047000841780008
:10afa4006aa902000100000010b120008040eb00fb
:10afb4000148780064004700330020000001780055
:10afc40021702a005e089000b52507000000e0000b
:10afd400dd003200ce40900010c3b30080cf50009b
:10afe400d9003a0081702a0010b120004ebe020040
:10aff40001000000000f780030d68000610060007e
:10b004000000e000080032009e00780010b120002b
:10b014000080400051492a004ebe02000100000099
:10b024001e0f4000070037009e00780010b120007a
:10b034000080400071492a004ebe02000100000059
:10b044001e0f40009e00780010b1200000804000d8
:10b0540091712a004ebe0200010000001e0f400044
:10b0640030d68000620060000000e000080032007a
:10b074009e00780010b120000080400051492a0051
:10b084004ebe0200010000001e0f40000700370002
:10b094009e00780010b120000080400071492a0011
:10b0a4004ebe0200010000001e0f40009e0078000a
:10b0b40010b120000080400051722a004ebe0200f0
:10b0c400010000001e0f4000e0a18000e30f5000cb
:10b0d40026003200e30f500005003e00e10f50004f
:10b0e40012003200e10f500018003e000700370044
:10b0f400e50f50002d003200e50f50002300390009
:10b10400e60f500031003200380037009e0078000e
:10b1140010b1200000804000f1722a004ebe0200ef
:10b12400010000001e0f4000380037009e00780028
:10b1340010b120000080400071732a004ebe02004e
:10b14400010000001e0f4000300037009e00780010
:10b1540010b1200000804000d1732a004ebe0200ce
:10b16400010000001e0f4000280037009e007800f8
:10b1740010b120000080400041742a004ebe02003d
:10b18400010000001e0f4000200037009e007800e0
:10b1940010b120000080400091742a004ebe0200cd
:10b1a400010000001e0f4000180037009e007800c8
:10b1b40010b120000080400031752a004ebe02000c
:10b1c400010000001e0f4000100037009e007800b0
:10b1d40010b120000080400091752a004ebe02008c
:10b1e400010000001e0f4000080037009e00780098
:10b1f40010b1200000804000f1752a004ebe02000c
:10b20400010000001e0f4000000000009e007800b6
:10b2140010b120000080400031762a004ebe0200aa
:10b22400010000001e0f40009e00780010b12000b5
:10b2340080804000e0738000428f02000100000023
:10b244001e0f40009e00780010b1200000804000d6
:10b25400c1762a004ebe0200010000001e0f40000d
:10b264009e00780010b1200080804000c0738000f0
:10b27400428f0200010000001e0f40009e00780073
:10b2840010b120000080400041772a004ebe020029
:10b29400010000001e0f40009e00780010b1200045
:10b2a40080804000d0738000428f020001000000c3
:10b2b4001e0f40009e00780010b120000080400066
:10b2c400c1772a004ebe0200010000001e0f40009c
:10b2d4009e00780010b1200080804000b073800090
:10b2e400428f0200010000001e0f40009e00780003
:10b2f40010b120000080400031782a004ebe0200c8
:10b30400010000001e0f40009e00780010b12000d4
:10b314000080400071782a004ebe02000100000047
:10b324001e0f40009e00780010b120008080400075
:10b3340040e72000104078000041eb003491020007
:10b34400010000001e0f400064004700330020008d
:10b3540000017800f1782a005e089000d0240700ec
:10b364000000e00007003200ce40900010c3b3009c
:10b3740080cf500003003a00e0cc80000020a00001
:10b38400e0cc88006400470033002000000178000e
:10b39400b1792a005e089000c12407000000e00093
:10b3a40011003200ce40900010c3b30080cf500093
:10b3b4000a003a0011c0b30010c0b3008cf80700b3
:10b3c40090da20008040eb000148780030e720004c
:10b3d4008040eb0001487800030037008040eb0018
:10b3e40010c0b30082f8070010b1200010407800ac
:10b3f4000004e0003b003a00317a2a0010b120003a
:10b404004ebe020001000000000f780000c42000be
:10b41400104078000080fb0061006000004078006c
:10b424000004e000080032009e00780010b1200003
:10b434000080400051492a004ebe02000100000075
:10b444001e0f4000070037009e00780010b1200056
:10b454000080400071492a004ebe02000100000035
:10b464001e0f40009e00780010b1200000804000b4
:10b47400217b2a004ebe0200010000001e0f400086
:10b484009e00780010b120008080400000f220006f
:10b494001040780012c0b300349102000100000093
:10b4a4001e0f40009e00780010b120000080400074
:10b4b400817b2a004ebe0200010000001e0f4000e6
:10b4c4009e00780010b120008080400010f220001f
:10b4d4001040780012c0b300349102000100000053
:10b4e4001e0f40004f0478000080fa0000000600a0
:10b4f4000600fa001007980021079800e17b2a0053
:10b5040010b120004ebe020001000000000f7800c0
:10b514009e00780010b1200080804000a0ae200082
:10b524001040780012c0b300349102000100000002
:10b534001e0f40000080fa00000006000600fa001a
:10b544001007980021079800817c2a0010b1200080
:10b554004ebe020001000000000f7800808c210024
:10b56400104078008040780010b120001e00400098
:10b57400014878001e0fe8009e00780010b12000fa
:10b5840000804000917d2a004ebe020001000000b0
:10b594001e0f400081ac21001e01780010b1200074
:10b5a400000041004ebe0200010000001e0f4000da
:10b5b4009e00780010b1200000804000017e2a0027
:10b5c4004ebe0200010000001e0f40009e007800e5
:10b5d40010b120000080400021542a004ebe020019
:10b5e400010000001e0f40009e00780010b12000f2
:10b5f4008080400050c52000104078000041eb00de
:10b6040034910200010000001e0f40000080fa0087
:10b61400000006000c00fa0040079800510798004b
:10b62400630047003300200000017800217e2a00d7
:10b634004e0090001a2407000000e000330032009e
:10b6440063004700308e020001000000204798008c
:10b654009022210010407800ae40900080cf50002e
:10b664002a00320090222100104078000080fb0064
:10b67400700060000000e000040032002e409000e2
:10b684000044a00020479800030037002e4090009b
:10b694000044a1002047980090222100ae40900071
:10b6a40001487800c5262200e426220093222100c6
:10b6b40012c0b300e103200000c5b300443a020005
:10b6c40001000000c5262200e42622009322210066
:10b6d40012c0b300e103200000c5b300983b020090
:10b6e4000100000090222100104078000080fb003f
:10b6f400610060000000e00004003a0011c0b300e3
:10b70400000120001a280200010000006300470025
:10b714003300200000017800717e2a004e00900062
:10b72400df2307000000e00024003200630047002c
:10b73400308e02000100000020479800a022210062
:10b7440010407800ae40900080cf50001b003200c3
:10b75400a0222100ae40900001487800a0222100e0
:10b764009040780040c6b30080cf500003003600fc
:10b77400a0222100c1c3b30001487800c5262200dd
:10b78400e4262200a322210012c0b300f10320000a
:10b7940000c5b300443a020001000000c52622009f
:10b7a400e4262200a322210012c0b300f1032000ea
:10b7b40000c5b300983b020001000000630047008d
:10b7c4001300200000017800d17e2a004e00900072
:10b7d400b32307000000e00021003200be409000c7
:10b7e40010c3b30080cf500007003a00902221001c
:10b7f40010407800804078000144a000902221008d
:10b80400014878000600370090222100104078009b
:10b81400804078000144a100902221000148780072
:10b82400c5262200e42622009322210012c0b30080
:10b83400e103200000c5b300443a02000100000007
:10b84400c5262200e42622009322210012c0b30060
:10b85400e103200000c5b300983b02000100000092
:10b86400630047003300200000017800317f2a0084
:10b874004e0090008a2307000000e0001800320008
:10b8840063004700308e020001000000204798004a
:10b89400ae4090007147980067004700c52622001b
:10b8a400e42622008001780012c0b300e12f2000ba
:10b8b40000c5b300443a02000100000067004700dd
:10b8c400c5262200e42622008001780012c0b300bd
:10b8d400e12f200000c5b300983b020001000000e6
:10b8e400817f2a0010b120004ebe0200010000003a
:10b8f400000f78009e00780010b120000080400006
:10b9040011802a004ebe0200010000001e0f4000fc
:10b914009e00780010b12000808040009022210019
:10b924001040780012c0b3003491020001000000fe
:10b934001e0f40009e00780010b1200000804000df
:10b9440071802a004ebe0200010000001e0f40005c
:10b954009e00780010b1200080804000a0222100c9
:10b964001040780012c0b3003491020001000000be
:10b974001e0f40000040eb00204798009e00780016
:10b9840010b1200000804000e1802a004ebe020079
:10b99400010000001e0f400090222100104078009a
:10b9a4000080fb00700060000000e000080032002e
:10b9b4009e00780010b120000080400051492a0008
:10b9c4004ebe0200010000001e0f400007003700b9
:10b9d4009e00780010b120000080400071492a00c8
:10b9e4004ebe0200010000001e0f40009e007800c1
:10b9f40010b120000080400051812a004ebe020098
:10ba0400010000001e0f40009e00780010b12000cd
:10ba1400808040007e40900012c0b3003491020048
:10ba2400010000001e0f40001e0fe80010b12000ae
:10ba34001e0040008040eb00014878000080fa00be
:10ba4400000006000800fa0020079800310798005b
:10ba54000e80e8001300200000017800b1812a0064
:10ba64002e0090000e2307000000e0000b003200bf
:10ba7400ae40900000c3b30080cf500004003a00f1
:10ba840000c120008040eb0001487800030037002b
:10ba940000c12000e1c1b3000148780001822a00fe
:10baa40010b120004ebe020001000000000f78001b
:10bab400a0358000620060000000e0000500320054
:10bac40010b120001e00400011c3b30001487800eb
:10bad4000400370010b120001e00400001c3b30071
:10bae400014878001e0fe80010b120001e0040003d
:10baf4008040eb00014878000080fa000000060056
:10bb04002400fa0000179800111798000040eb0079
:10bb1400004f78007e00470000017800d1822a009f
:10bb24000e109000c0bf0200010000000000e00001
:10bb34000300320010c0b300204798000200370011
:10bb44000040eb00204798006300470033002000ca
:10bb54000001780051832a000e109000d0220700c3
:10bb64000000e0000500320063004700308e020050
:10bb740001000000004f780002003700c0c3b3008a
:10bb8400004f780063004700130020000001780094
:10bb9400a1832a000e109000c12207000000e000db
:10bba4000500320063004700308e020001000000ef
:10bbb40010479800020037000040eb00104798003f
:10bbc400630047009301200000017800f1832a00fc
:10bbd4000e109000b22207000000e0006500320061
:10bbe40063004700ae43900026c0b3008042eb00e0
:10bbf4000042eb009e4190001e4178008040eb0023
:10bc04004a6402000100000041842a0010b12000af
:10bc14004ebe020001000000700f98007e089000e4
:10bc24008000780010b1200000804000e30047004d
:10bc34004ebe020001000000fe089000010040001a
:10bc4400700f98007e0890008000780010b12000ea
:10bc54000080400011852a004ebe02000100000051
:10bc6400fe08900001004000700f98007e089000cc
:10bc74008000780010b120000080400012c0b300a2
:10bc8400800078001e40780034910200010000001a
:10bc9400fe08900001004000700f98007e0890009c
:10bca4008000780010b120000080400071852a00d7
:10bcb4004ebe020001000000fe089000010040009a
:10bcc400700f98007e0890008000780010b120006a
:10bcd4000080400012c0b300800078001e40900035
:10bce4003491020001000000fe08900001004000b1
:10bcf400700f98007e0890008000780010b120003a
:10bd040000804000d1852a004ebe020001000000e0
:10bd1400fe08900001004000700f98007e0890001b
:10bd24008000780010b120000080400012c0b300f1
:10bd3400800078002e409000349102000100000041
:10bd4400fe08900001004000700f98007e089000eb
:10bd54008000780010b120000080400051862a0045
:10bd64004ebe020001000000fe08900001004000e9
:10bd7400700f98000080fa00000006000c00fa0022
:10bd840040079800510798000040eb00004f7800ee
:10bd94000040eb0010479800640047002300200097
:10bda40000017800c1862a004e0090003c22070062
:10bdb4000000e00006003200ce40900010c3b30043
:10bdc40080cf500002003a0010c0b3001047980022
:10bdd400640047002300200000017800f1862a0057
:10bde4004e0090002e2207000000e00009003200ff
:10bdf40064004700308e020001000000004f78000c
:10be04009e4090001e40780070c4020001000000b3
:10be1400004f780021872a0010b120004ebe020096
:10be240001000000100798009e00900010b120004f
:10be3400008040000041eb00800078001e40780044
:10be440034910200010000009e0090000080400038
:10be5400100798000080fa00000006004a00fa006b
:10be640030279800412798000000eb002007980035
:10be74006a0047002300200000017800b1872a00ef
:10be84003e209000062207000000e000e30132009b
:10be94006a004700308e02000100000060479800ed
:10bea4006e409000e94f5000dc013e006e4090006f
:10beb4000080fb00400798004e0090004600dd0023
:10bec400400798004e0090001004b000400798000e
:10bed4006a0047001300200000017800f1872a005f
:10bee4003e209000ee2107000000e00049003200ef
:10bef400ae48900010c3b30080cf500045003a0014
:10bf04006a004700020120008000eb0026050200c1
:10bf140000000000ea0047004e009000630040006b
:10bf2400c5262200e426220081017800f2c0b30075
:10bf34008000780000c5b300443a0200010000000c
:10bf4400ea0047004e00900072004000c52622001f
:10bf5400e426220081017800f2c0b300800078005a
:10bf640000c5b300443a020001000000ea004700a3
:10bf74004e0090000000e800c5262200e4262200be
:10bf84008101780012c0b3008000780000c5b300be
:10bf9400443a020001000000ea0047004e0090000d
:10bfa4001002b000c5262200e42622008101780098
:10bfb400c2c0b3008000780000c5b300443a020058
:10bfc40001000000ea0047004e0090000080e800f5
:10bfd400c5262200e42622008101780012c0b300a5
:10bfe4008000780000c5b300443a0200010000005c
:10bff4006a004700c5262200e4262200800178005a
:10c0040012c0b300ce00900000c5b300443a020051
:10c01400010000006a00470093012000000178003d
:10c02400b1472a003e2090009d2107000000e00057
:10c0340026003200ae489000a0c5b30080cf500067
:10c0440011003a006a004700020120008000eb0062
:10c054002605020000000000ea0047004e009000a0
:10c0640063004000c5262200e426220081017800f6
:10c07400f2c0b3008000780000c5b300443a020067
:10c084000100000011003700610220008e80400092
:10c094006a00470098bb0200010000006102200012
:10c0a4008e8040004e00900063004000c5262200b0
:10c0b400e426220081017800f2c0b30080007800f9
:10c0c40000c5b300443a0200010000006a004700c2
:10c0d4009301200000017800f1472a003e209000df
:10c0e4006f2107000000e00026003200ae489000f7
:10c0f400a0c5b30080cf500011003a006a00470089
:10c10400a20120008000eb002605020000000000d0
:10c11400ea0047004e00900072004000c52622004d
:10c12400e426220081017800f2c0b3008000780088
:10c1340000c5b300443a02000100000011003700ba
:10c14400610320008e8040006a00470098bb020013
:10c1540001000000610320008e8040004e0090002a
:10c1640072004000c5262200e426220081017800e6
:10c17400f2c0b3008000780000c5b300443a020066
:10c18400010000006a00470033002000000178002d
:10c19400d1482a003e209000412107000000e00021
:10c1a400100032006a004700308e020001000000d7
:10c1b400406798004e0090000000e8004102200013
:10c1c4008e804000c5262200e426220081017800ea
:10c1d40012c0b3008000780000c5b300443a0200e6
:10c1e400010000006a004700c3002000000178003d
:10c1f40071482a003e209000292107000000e00039
:10c2040014003200ae489000a0c5b30080cf5000a7
:10c2140005003a006a004700a20120008000eb00fc
:10c224002605020000000000ea0047004e009000ce
:10c234001002b000c5262200e42622008101780005
:10c24400c2c0b3008000780000c5b300443a0200c5
:10c25400010000006a00470033002000000178005c
:10c2640031482a003e2090000d2107000000e00024
:10c27400100032006a004700308e02000100000006
:10c28400406798004e0090000080e80041022000c2
:10c294008e804000c5262200e42622008101780019
:10c2a40012c0b3008000780000c5b300443a020015
:10c2b400010000000040eb00004f78000040eb005c
:10c2c400104798006a0047004300200000017800ee
:10c2d400b1462a003e209000f12007000000e00053
:10c2e4002c0032000040eb00204798002600370065
:10c2f4002e4090000080fb00000047002048900082
:10c304000000fb0001032000810f500006003200f2
:10c3140011032000810f50000c0032000000e000e7
:10c3240013003200150037002e4090000080fb00ff
:10c33400210020000008dd00804078001e409000ad
:10c3440000c07000104798000c0037002e40900089
:10c354000080fb00210020000008dd008040780000
:10c364001e40780000c07000004f780003003700c2
:10c3740040c0b30020479800000000002e40900009
:10c384000040e800204798002e409000e34f500002
:10c39400d7ff36006a004700130020000001780030
:10c3a400f1462a003e209000bd2007000000e00076
:10c3b4000f0032002e4890000000fb000103200013
:10c3c400810f50000400320011032000810f50003f
:10c3d40005003200060037001e4090000054a00003
:10c3e40010479800020037001e54a000000000000f
:10c3f4006a004700130020000001780031472a003a
:10c404003e209000a62007000000e0000f0032004c
:10c414002e4890000000fb0001032000810f500013
:10c424000400320011032000810f50000500320087
:10c43400060037001e4090000004a000104798003a
:10c44400020037001e04a000000000006a0047003c
:10c45400130020000001780071472a003e2090005c
:10c464008f2007000000e0000f0032002e489000eb
:10c474000000fb0001032000810f50000400320083
:10c4840011032000810f5000050032000600370020
:10c494001e4090000064a00010479800020037007e
:10c4a4001e64a000000000001e4078000004e000ac
:10c4b40003003a001e4090000004e0002100320016
:10c4c4006a004700c5262200e42622008001780085
:10c4d40012c0b300ce00900000c5b300983b020028
:10c4e400010000002e489000304f9800ae489000a4
:10c4f4001e40780000c07000204f9800ae489000a5
:10c504001e40900000c0ea0000c06000204f980068
:10c51400be4890002e48900080cf500009003200a1
:10c524006a004700c5262200e42622008001780024
:10c5340012c0b300ce00900000c5b300443a02001c
:10c54400010000006a004700130020000001780089
:10c5540011492a003e209000512007000000e0000d
:10c564002c0032002e009000c5262200e426220072
:10c574008001780022c0b3005141200000c5b300ff
:10c58400983b0200010000002e4890000000fb00d0
:10c5940001032000810f5000040032001103200029
:10c5a400810f50000a003200110037006e409000e5
:10c5b4000080fb00110020000008dd000080ea007c
:10c5c400ae0090000080600020079800080037004b
:10c5d4006e4090000080fb00110020000008dd0088
:10c5e400ae009000010070002007980000000000d9
:10c5f4002e009000c5262200e42622008001780047
:10c6040022c0b3005141200000c5b300443a0200e7
:10c61400010000006e40900034f407000080fa002e
:10c62400000006007200fa0070379800013f98007d
:10c6340071882a0010b120004ebe020001000000e3
:10c64400000f78000e3890000000e00042003a002d
:10c6540010892a00e0c2020001000000d00420007a
:10c664000e0040001300200000017800718a2a00a7
:10c674007e3090000a2007000000e00036003200ff
:10c68400dec8900010c3b30080cf500032003a00df
:10c694000040eb0050ef9800d00420000e00400052
:10c6a40002022000f10f2000260502000000000015
:10c6b400d00420000e004000c5262200e4262200fb
:10c6c4008001780002c2b3002148200000c5b300f5
:10c6d400443a020001000000d00420000e00400093
:10c6e400c5262200e42622008001780022c0b3007f
:10c6f4000148200000c5b300443a020001000000d4
:10c70400d00420000e004000c5262200e4262200aa
:10c714008001780002c2b3002148200000c5b300a4
:10c72400983b0200010000000e80e800d1042000c4
:10c734008e804000811f7800c18a2a00811f780002
:10c74400d604020000000000e48757000e80e800d1
:10c75400e0c20200010000000e3890000000e0007a
:10c7640019003a00d00420000e004000c526220023
:10c77400e42622008001780002c2b3002148200090
:10c7840000c5b300983b0200010000009e00780041
:10c7940010b1200000804000818c2a004ebe0200af
:10c7a400010000001e0f4000d10420008e804000d4
:10c7b4001e01780010b12000000041004ebe0200ae
:10c7c400010000001e0f400010b120001e004000b8
:10c7d4008040eb00014878000080fa000000060069
:10c7e4007000fa0060379800713798004300200009
:10c7f40022e92000e18c2a006e309000a81f070077
:10c804000000e0000e00320020e92000308e02001b
:10c814000100000020ef9800a00620000e00400058
:10c82400c5262200e42622008001780012c0b3004d
:10c83400d101200000c5b300443a02000100000009
:10c84400a00620000e004000c5262200e426220097
:10c854008001780012c0b300d101200000c5b300ec
:10c86400983b0200010000002ee890000080fb00cd
:10c874006060880061608000c00320000088b90007
:10c8840000007800606088003300200022e9200066
:10c89400318d2a006e309000811f07000000e000f7
:10c8a4000b00320020e920009040780010c3b30050
:10c8b40000c068000080fb000000e9004f00de00bb
:10c8c400004078008040780000c8b30048f30700b7
:10c8d4003300200022e92000818d2a006e30900070
:10c8e4006f1f07000000e0000b00320020e9200069
:10c8f4009040780010c3b30000c068000080fb00c3
:10c904000000e9004f00de0000407800804078001d
:10c9140000c2b30036f307005300200022e92000d0
:10c92400d18d2a006e3090005d1f07000000e000ea
:10c934001b00320020e92000fa92020001000000ee
:10c9440040379800ce30900090108100808f5000c6
:10c9540013003200800620000e004000c52622008d
:10c96400e42622008001780022c0b300512f200069
:10c9740000c5b300443a0200010000002021220057
:10c98400c5262200e42622008001780022c0b300dc
:10c99400512f200000c5b300983b020001000000a5
:10c9a4003300200022e92000318e2a006e309000ee
:10c9b4003b1f07000000e0001500320020e92000c2
:10c9c400308e0200010000004121220080487800de
:10c9d400c5262200e42622004321220012c0b3000f
:10c9e400712f200000c5b300443a0200010000008a
:10c9f400c5262200e42622004321220012c0b300ef
:10ca0400712f200000c5b300983b02000100000014
:10ca14003300200022e92000918e2a006e3090001d
:10ca24001f1f07000000e0001500320020e920006d
:10ca3400308e02000100000051212200804878005d
:10ca4400c5262200e42622005321220012c0b3008e
:10ca5400812f200000c5b300443a02000100000009
:10ca6400c5262200e42622005321220012c0b3006e
:10ca7400812f200000c5b300983b02000100000094
:10ca84003300200022e92000f18e2a006e3090004d
:10ca9400031f07000000e0001500320020e9200019
:10caa400308e0200010000006121220080487800dd
:10cab400c5262200e42622006321220012c0b3000e
:10cac400912f200000c5b300443a02000100000089
:10cad400c5262200e42622006321220012c0b300ee
:10cae400912f200000c5b300983b02000100000014
:10caf4003300200022e92000518f2a006e3090007c
:10cb0400e71e07000000e0001500320020e92000c5
:10cb1400308e02000100000071212200804878005c
:10cb2400c5262200e42622007321220012c0b3008d
:10cb3400a12f200000c5b300443a02000100000008
:10cb4400c5262200e42622007321220012c0b3006d
:10cb5400a12f200000c5b300983b02000100000093
:10cb64003300200022e92000b18f2a006e309000ab
:10cb7400cb1e07000000e0001300320020e9200073
:10cb8400308e02000100000070e798007ee0900003
:10cb9400e44f500002003e00e0c1b30070e798008b
:10cba400700620000e004000c5262200e426220064
:10cbb4008001780012c0b3006103200000c5b300f7
:10cbc400443a020001000000e00520000e0040008d
:10cbd4005300200000017800f18f2a006e3090008d
:10cbe400af1e07000000e00028003200e00520002e
:10cbf4000e004000100798000040eb0060e798002a
:10cc0400600620000e00400080017800a2c72000ca
:10cc1400a1c3b3001e0090007ac00200010000000e
:10cc24000000e000190032006ee090000000fb00fc
:10cc34000000e8009e00900000804000100798006b
:10cc4400600620000e00400080017800b2c720007a
:10cc540001c2b3001e0090007ac00200010000006f
:10cc64000000e00009003200a0c72000c526220011
:10cc7400e42622008001780022c0b300b101200024
:10cc840000c5b300443a0200010000000000eb00bc
:10cc9400200798003300200022e9200041902a0058
:10cca4006e3090007e1e07000000e0001600320087
:10ccb40020e92000308e02000100000051c2200053
:10ccc4008048780050c220009040780040c2200084
:10ccd4001040780080cf50000300310050c2200083
:10cce40001c1b30001487800c5262200e4262200d1
:10ccf40053c2200012c0b3004141200000c5b3005c
:10cd0400443a020001000000c5262200e426220065
:10cd140053c2200012c0b3004141200000c5b3003b
:10cd2400983b0200010000003300200022e92000ab
:10cd3400a1902a006e309000591e07000000e00008
:10cd44001600320020e92000308e020001000000ad
:10cd540041c220008048780040c220009040780002
:10cd640050c220001040780080cf500003003600ed
:10cd740040c22000a1c0b30001487800c5262200ab
:10cd8400e426220043c2200012c0b3003141200037
:10cd940000c5b300443a020001000000c526220089
:10cda400e426220043c2200012c0b3003141200017
:10cdb40000c5b300983b020001000000a0c720009a
:10cdc400c5262200e42622008001780022c0b30098
:10cdd400b101200000c5b300983b0200010000002f
:10cde4004301200022e9200001912a006e309000c6
:10cdf4002b1e07000000e0000900320020e920009b
:10ce0400c5262200e42622008001780042c1b30036
:10ce14004100200000c5b300443a020001000000b4
:10ce2400420120008000eb0020e9200026050200da
:10ce34000000000020e92000c5262200e42622008c
:10ce44008001780042c1b3004100200000c5b30056
:10ce5400983b02000100000060ea20008040eb00e3
:10ce640001487800a00520000e0040003300200097
:10ce740000017800c16f2a006e309000081e070080
:10ce84000000e0000a003200a00520000e0040006f
:10ce9400c5262200e42622008001780032c0b300b7
:10cea4008101200000c5b300443a020001000000e3
:10ceb400a00520000e004000320020008000eb009e
:10cec4002605020000000000a00520000e0040001e
:10ced400c5262200e42622008001780032c0b30077
:10cee4008101200000c5b300983b0200010000004e
:10cef4000040eb0050df98006600470093012000db
:10cf04000001780051912a006e309000e41d070062
:10cf14000000e0003e003200000320000e0040004c
:10cf2400020120008000eb00260502000000000042
:10cf3400000320000e004000c5262200e426220043
:10cf440080017800f2c0b3006102200000c5b30084
:10cf5400983b020001000000010420008e80400084
:10cf6400000320000e004000a6bc020001000000e7
:10cf7400e6004700000420000e0040000206020004
:10cf8400000000000000e000210032000102200047
:10cf94008e8040006600470098bb0200010000003c
:10cfa400000220000e004000c5262200e4262200d4
:10cfb40080017800f2c0b3006102200000c5b30014
:10cfc400443a02000100000050b0200011c0b30038
:10cfd40001487800400620000e00400071492a00f4
:10cfe4004ebe020001000000400620000e0040007a
:10cff400c5262200e42622008001780012c0b30076
:10d004005103200000c5b300443a020001000000af
:10d01400000220000e004000020120008000eb000e
:10d024002605020000000000000220000e0040005f
:10d03400c5262200e426220080017800f2c0b30055
:10d044006102200000c5b300983b0200010000000b
:10d05400e6004700000220000e004000a6bc0200cb
:10d0640001000000400620000e00400022002000c5
:10d074008000eb00260502000000000040062000ae
:10d084000e004000c5262200e4262200800178001c
:10d0940012c0b3005103200000c5b300983b020046
:10d0a40001000000cee0900010c3b30080cf500018
:10d0b40006003200cee0900000c3b30080cf5000e1
:10d0c40002003200a0c5b30040e798000040eb0026
:10d0d40050e79800700620000e004000c52622008c
:10d0e400e42622008001780012c0b300610320000e
:10d0f40000c5b300983b020001000000c5262200d1
:10d10400e426220053c2200012c0b3004141200093
:10d1140000c5b300983b020001000000c5262200b0
:10d12400e426220043c2200012c0b3003141200093
:10d1340000c5b300983b020001000000a1912a0041
:10d1440010b120004ebe020001000000000f780064
:10d154009e00780010b120000080400021e92000ea
:10d164004ebe0200010000001e0f40009e00780029
:10d1740010b120000080400071922a004ebe0200cf
:10d18400010000001e0f40009e00780010b1200036
:10d1940000804000a10520008e8040004ebe0200a9
:10d1a400010000001e0f40009e00780010b1200016
:10d1b40000804000e1922a004ebe020001000000ff
:10d1c4001e0f40009e00780010b1200080804000b7
:10d1d400a0c720001040780022c0b30034910200a0
:10d1e400010000001e0f40009e00780010b12000d6
:10d1f40000804000e1502a004ebe02000100000001
:10d204001e0f40009e00780010b120008080400076
:10d21400b0c720001040780022c0b300349102004f
:10d22400010000001e0f40009e00780010b1200095
:10d234000080400041932a004ebe0200010000001d
:10d244001e0f40009e00780010b120008080400036
:10d254002ee8900022c0b3003491020001000000c7
:10d264001e0f40009e00780010b120000080400096
:10d27400a1932a004ebe0200010000001e0f4000d0
:10d284009e00780010b1200000804000e6004700b6
:10d294004ebe0200010000001e0f40009e007800f8
:10d2a40010b120000080400001942a004ebe02000c
:10d2b400010000001e0f40009e00780010b1200005
:10d2c400808040007ee090000041eb003491020039
:10d2d400010000001e0f40009e00780010b12000e5
:10d2e4000080400051942a004ebe0200010000005c
:10d2f4001e0f40009e00780010b120000080400006
:10d30400410620008e8040004ebe02000100000055
:10d314001e0f40009e00780010b1200000804000e5
:10d32400a1942a004ebe0200010000001e0f40001e
:10d334009e00780010b12000808040009010810091
:10d34400428f0200010000001e0f40009e00780082
:10d3540010b120000080400011952a004ebe02004a
:10d36400010000001e0f400000c42000104078009f
:10d374000004e00008003d009e00780010b1200089
:10d384000080400051492a004ebe02000100000006
:10d394001e0f4000070037009e00780010b12000e7
:10d3a4000080400071492a004ebe020001000000c6
:10d3b4001e0f40009e00780010b120000080400045
:10d3c40071952a004ebe0200010000001e0f4000ad
:10d3d4009e00780010b1200080804000402122008f
:10d3e400104078000041eb0034910200010000007d
:10d3f4001e0f40009e00780010b120000080400005
:10d40400e1952a004ebe0200010000001e0f4000fc
:10d414009e00780010b1200080804000502122003e
:10d42400104078000041eb0034910200010000003c
:10d434001e0f40009e00780010b1200000804000c4
:10d4440051962a004ebe0200010000001e0f40004b
:10d454009e00780010b120008080400060212200ee
:10d46400104078000041eb003491020001000000fc
:10d474001e0f40009e00780010b120000080400084
:10d48400c1962a004ebe0200010000001e0f40009b
:10d494009e00780010b1200080804000702122009e
:10d4a400104078000041eb003491020001000000bc
:10d4b4001e0f40009e00780010b120000080400044
:10d4c40031972a004ebe0200010000001e0f4000ea
:10d4d40000c42000104078008080fb00000220007f
:10d4e400008060000000e000080032009e00780028
:10d4f40010b120000080400051492a004ebe0200b5
:10d50400010000001e0f4000070037009e00780055
:10d5140010b120000080400071492a004ebe020074
:10d52400010000001e0f40009e00780010b1200092
:10d534000080400091972a004ebe020001000000c6
:10d544001e0f40009e00780010b120008080400033
:10d5540050c220001040780022c0b3003491020071
:10d56400010000001e0f40009e00780010b1200052
:10d574000080400001982a004ebe02000100000015
:10d584001e0f40009e00780010b1200080804000f3
:10d5940040c220001040780022c0b3003491020041
:10d5a400010000001e0f40001e0fe80010b1200013
:10d5b4001e0040008040eb00014878000080fa0023
:10d5c400000006000e00fa0050079800610798005a
:10d5d4006e0090000000e0001c003a006400470068
:10d5e400430020000001780071982a005e0090003a
:10d5f4002b1c07000000e00014003200c0982a0031
:10d60400e0c202000100000064004700e0c2020022
:10d6140001000000b04b2a00e0c20200010000003b
:10d624000040eb00004f980064004700c52622002c
:10d63400e42622008001780042c0b3008000eb00a1
:10d6440000c5b300443a0200010000006400470032
:10d65400420020008000eb002605020000000000cc
:10d6640064004700c5262200e426220080017800d9
:10d6740042c0b3008000eb0000c5b300983b020039
:10d68400010000000040eb00004f980064004700d8
:10d69400a31c0700004f780061992a0010b12000f4
:10d6a4004ebe020001000000100798009e0090008a
:10d6b40010b1200000804000e40047004ebe02008c
:10d6c400010000009e0090000080400010079800b8
:10d6d4009e00900010b1200000804000319a2a0082
:10d6e4004ebe0200010000009e0090000080400039
:10d6f400100798009e00900010b1200000804000a8
:10d704000041eb00800078001e4078003491020054
:10d71400010000009e009000008040001007980067
:10d724000080fa00000006000a00fa00004f98008a
:10d734000e489000e34f500030003e000e48900029
:10d744000080fb00000f78001e0078006500b9001f
:10d7540000007800000f7800c04220001e0f400037
:10d764000e80e800c5262200e4262200800178000d
:10d7740052c0b3009e00780000c5b300983b02007d
:10d78400010000000e4890000080fb00ae409000b5
:10d79400a2c620004200dd000000410001487800dc
:10d7a4000e4890000080fb00be409000b2c62000ee
:10d7b4004200dd0000004100014878000e4890005e
:10d7c4000080fb00ce409000a2c620004200dd0095
:10d7d400000041000080e800014878000e489000f5
:10d7e4000080fb00de409000b2c620004200dd0055
:10d7f400000041000080e800014878000080fa0041
:10d80400000006000400fa00204798002e40900013
:10d81400e34f50005e003e002e409000c2ff070020
:10d82400819a2a0010b120004ebe020001000000bf
:10d83400000f78009e00780010b120008080400026
:10d844002e4090000040e8000041eb0034910200bb
:10d85400010000001e0f40009e00780010b120005f
:10d8640000804000119b2a004ebe0200010000000f
:10d874001e0f40009e00780010b120008080400000
:10d884002e4090000080fb004200dd00a2c6200074
:10d89400624078000041eb00349102000100000076
:10d8a4001e0f40009e00780010b120000080400050
:10d8b40031472a004ebe0200010000001e0f400046
:10d8c4009e00780010b12000808040002e4090001f
:10d8d4000080fb004200dd00b2c6200062407800f8
:10d8e4000041eb0034910200010000001e0f4000d3
:10d8f4009e00780010b120000080400031482a00ca
:10d904004ebe0200010000001e0f40009e00780081
:10d9140010b12000808040002e4090000080fb0069
:10d924004200dd000080e800a2c6200062407800ca
:10d934000041eb0034910200010000001e0f400082
:10d944009e00780010b1200000804000f1462a00bb
:10d954004ebe0200010000001e0f40009e00780031
:10d9640010b12000808040002e4090000080fb0019
:10d974004200dd000080e800b2c62000624078006a
:10d984000041eb0034910200010000001e0f400032
:10d994000080fa00000006000e00fa00500798000c
:10d9a400610798006400470023002000000178000c
:10d9b400f1472a005e009000391b07000000e000d8
:10d9c4008b00320064004700308e0200010000002a
:10d9d400004f78001e4078000004e000840032000c
:10d9e4001e407800e44f500081003e001e4fe900c5
:10d9f4001e80fb00100798001e0090006500b9000f
:10da040000007800100798009e009000c04220009b
:10da14000080400010079800640047003300200095
:10da240000017800119b2a005e0090001c1b070077
:10da34000000e0000d00320064004700308e020058
:10da440001000000004f980068004700c52622002e
:10da5400e42622008001780012c0b3009e009000ea
:10da640000c5b300443a020001000000640047000e
:10da7400330020000001780031472a005e00900046
:10da8400071b07000000e0000f003200640047009d
:10da9400308e020001000000004f98001e0090002c
:10daa4000000e800e8004700c5262200e426220022
:10dab4008101780012c0b3008000780000c5b30073
:10dac400443a0200010000006400470033002000d3
:10dad4000001780031482a005e009000f01a070027
:10dae4000000e0000f00320064004700308e0200a6
:10daf40001000000004f98001e0090000080e80024
:10db0400e8004700c5262200e426220081017800af
:10db140012c0b3008000780000c5b300443a02008c
:10db24000100000064004700330020000001780079
:10db3400f1462a005e009000d91a07000000e000b8
:10db44002900320064004700308e0200010000000a
:10db5400004f98000e489000e14f500010003a002a
:10db640064004700308e020001000000004f98005e
:10db74001e00900063004000e8004700c526220014
:10db8400e42622008101780012c0b30080007800ee
:10db940000c5b300443a020001000000120037003f
:10dba4000e4890000004e0000f003a0064004700b3
:10dbb400308e020001000000004f98001e0090000b
:10dbc40063004000e8004700c5262200e426220046
:10dbd4008101780012c0b3008000780000c5b30052
:10dbe400443a0200010000001e40780005ff0700cf
:10dbf4000080fa00000006000c00fa0040079800bc
:10dc0400510798000e80e8001300200000017800fe
:10dc1400718a2a004e009000a11a07000000e0005b
:10dc2400140032000e80e800308e02000100000073
:10dc34000080fb00000f78009e0078006180600087
:10dc4400004078000004e000030032006000b800e7
:10dc540070d3880081d388009e00780062806000c1
:10dc64000000e000030032006000b80090cc88009f
:10dc7400a1cc88000e80e800330020000001780069
:10dc8400519b2a004e009000851a07000000e00016
:10dc94001a0032000e80e800308e020001000000fd
:10dca40060479800ee4090008021220010407800e8
:10dcb40080cf50001100320066004700c5262200c4
:10dcc400e42622008001780012c0b300b12f2000a6
:10dcd40000c5b300443a020001000000c52622003a
:10dce400e42622008321220012c0b300b12f2000b9
:10dcf40000c5b300983b020001000000a19b2a006c
:10dd040010b120004ebe020001000000000f780098
:10dd14009e00780010b120000081400070d3800084
:10dd240081d38000c3c0b300f89102000100000059
:10dd34001e0f40009e00780010b1200000804000bb
:10dd4400514b2a004ebe0200010000001e0f40008d
:10dd54009e00780010b120000081400090cc80002b
:10dd6400a1cc8000c3c0b300f89102000100000000
:10dd74001e0f40009e00780010b12000008040007b
:10dd8400519c2a004ebe0200010000001e0f4000fc
:10dd94009e00780010b120008080400020a7210060
:10dda400104078000041eb003491020001000000b3
:10ddb4001e0f40009e00780010b12000008040003b
:10ddc400a19c2a004ebe0200010000001e0f40006c
:10ddd4009e00780010b120008080400030a7210010
:10dde400104078000041eb00349102000100000073
:10ddf4001e0f40009e00780010b1200000804000fb
:10de0400f19c2a004ebe0200010000001e0f4000db
:10de14009e00780010b120008080400060992100ad
:10de2400104078000041eb00349102000100000032
:10de34001e0f40009e00780010b1200000804000ba
:10de4400419d2a004ebe0200010000001e0f40004a
:10de54009e00780010b1200080804000709921005d
:10de6400104078000041eb003491020001000000f2
:10de74001e0f40009e00780010b12000008040007a
:10de8400919d2a004ebe0200010000001e0f4000ba
:10de94009e00780010b1200080804000809921000d
:10dea400104078000041eb003491020001000000b2
:10deb4001e0f40009e00780010b12000008040003a
:10dec400f19d2a004ebe0200010000001e0f40001a
:10ded4009e00780010b120008080400090992100bd
:10dee400104078000041eb00349102000100000072
:10def4001e0f40009e00780010b1200000804000fa
:10df0400519e2a004ebe0200010000001e0f400078
:10df14009e00780010b1200080804000a09921006c
:10df2400104078000041eb00349102000100000031
:10df34001e0f40009e00780010b1200000804000b9
:10df4400b19e2a004ebe0200010000001e0f4000d8
:10df54009e00780010b1200080804000b09921001c
:10df6400104078000041eb003491020001000000f1
:10df74001e0f40009e00780010b120000080400079
:10df8400119f2a004ebe0200010000001e0f400037
:10df94009e00780010b12000808040008021220083
:10dfa400104078000041eb003491020001000000b1
:10dfb4001e0f40000040eb003a090200010000007f
:10dfc400204798009e00780010b120000080400097
:10dfd400719f2a004ebe0200010000001e0f400087
:10dfe4009e00780010b12000808040002e409000f8
:10dff4000041eb0034910200010000001e0f4000bc
:10e004000080fa00000006000800fa0020079800cb
:10e01400310798000e80e800c5262200e42622007d
:10e024008001780012c0b300014c200000c5b30089
:10e03400983b020001000000c19f2a0010b120009b
:10e044004ebe020001000000000f78009e00780020
:10e0540010b12000808040002e4090000080fb0022
:10e06400428f0200010000001e0f40001e0fe80056
:10e0740010b120001e0040008040eb0001487800f1
:10e084000080fa00000006009e00fa00889fbe008f
:10e094008a9fbe008c1f7800508f9800618f980073
:10e0a4000e80e800330020000001780091a02a00cf
:10e0b4005e8890007a1907000000e0000e0032002c
:10e0c4000e80e800fa92020001000000804078000f
:10e0d4004026210001487800c5262200e4262200bb
:10e0e4004326210012c0b300e141200000c5b30063
:10e0f400443a020001000000c5262200e426220062
:10e104004326210012c0b300e141200000c5b30042
:10e11400983b0200010000000e80e800330020005c
:10e1240000017800f1a02a005e8890005c190700c5
:10e134000000e0000e0032000e80e800fa920200b7
:10e14400010000008040780010262100014878007a
:10e15400c5262200e42622001326210012c0b300a3
:10e16400b141200000c5b300443a020001000000a0
:10e17400c5262200e42622001326210012c0b30083
:10e18400b141200000c5b300983b0200010000002b
:10e194000e80e800430020000001780051a12a000d
:10e1a4005e8890003e1907000000e0000e00320077
:10e1b4000e80e800fa92020001000000804078001e
:10e1c4003026210001487800c5262200e4262200da
:10e1d4003326210012c0b300d141200000c5b30092
:10e1e400443a020001000000c5262200e426220071
:10e1f4003326210012c0b300d141200000c5b30072
:10e20400983b0200010000000e80e800430020005b
:10e2140000017800b1a12a005e889000201907004f
:10e224000000e0000e0032000e80e800fa920200c6
:10e234000100000080407800202621000148780079
:10e24400c5262200e42622002326210012c0b300a2
:10e25400c141200000c5b300443a0200010000009f
:10e26400c5262200e42622002326210012c0b30082
:10e27400c141200000c5b300983b0200010000002a
:10e284000e80e800430020000001780011a22a005b
:10e294005e889000021907000000e0000e003200c2
:10e2a4000e80e800fa92020001000000804078002d
:10e2b4006026210001487800c5262200e4262200b9
:10e2c4006326210012c0b3000142200000c5b30040
:10e2d400443a020001000000c5262200e426220080
:10e2e4006326210012c0b3000142200000c5b30020
:10e2f400983b0200010000000e80e800430020006b
:10e304000001780071a22a005e889000e4180700da
:10e314000000e0000e0032000e80e800fa920200d5
:10e324000100000080407800502621000148780058
:10e33400c5262200e42622005326210012c0b30081
:10e34400f141200000c5b300443a0200010000007e
:10e35400c5262200e42622005326210012c0b30061
:10e36400f141200000c5b300983b02000100000009
:10e3740080262100104078000086fb0090262100b2
:10e38400104078008085fb00702621001040780042
:10e394000085fb0060262100104078008084fb008b
:10e3a40050262100104078000084fb004026210004
:10e3b400104078008083fb00302621001040780054
:10e3c4000083fb0020262100104078008082fb009f
:10e3d40010262100104078000082fb0000c62000b7
:10e3e400104078008081fb0050c520001040780068
:10e3f4000001fb0000262100104078008080fb0013
:10e404000e80e8008c1f78008b1f78008a1f78002c
:10e41400891f7800881f7800871f7800861f78007e
:10e42400851f7800841f7800831f7800821f78007e
:10e43400811f7800d1a22a00811f7800d60402002f
:10e4440000000000fa8757000e80e8008000780082
:10e4540010b120004ebe020001000000000f780041
:10e4640010b120001e0040008040eb0001487800fd
:10e474004f0678004f05be004f04be000080fa002e
:10e48400000006000600fa00100798002107980013
:10e4940031ab2a0010b120004ebe02000100000082
:10e4a400000f78009e00780010b12000008040002a
:10e4b400c1ab2a004ebe0200010000001e0f400046
:10e4c4009e00780010b1200080804000a091800060
:10e4d400428f0200010000001e0f40009e007800e1
:10e4e40010b120000080400031ac2a004ebe020072
:10e4f400010000001e0f40009e00780010b12000b3
:10e5040000814000609180007191800000007800db
:10e5140082007800428f0200010000001e0f4000bc
:10e524009e00780010b1200000804000a1ac2a00b9
:10e534004ebe0200010000001e0f40009e00780045
:10e5440010b120008080400080918000428f020042
:10e55400010000001e0f40009e00780010b1200052
:10e564000080400021ad2a004ebe020001000000e0
:10e574001e0f40009e00780010b1200080804000f3
:10e5840090918000428f0200010000001e0f4000a5
:10e594009e00780010b1200000804000a1ad2a0048
:10e5a4004ebe0200010000001e0f40009e007800d5
:10e5b40010b120008080400070928000428f0200e1
:10e5c400010000001e0f40009e00780010b12000e2
:10e5d4000080400011ae2a004ebe0200010000007f
:10e5e4001e0f40009e00780010b120000081400002
:10e5f4003092800041928000000078008200780010
:10e60400428f0200010000001e0f40009e007800af
:10e6140010b120000080400081ae2a004ebe0200ee
:10e62400010000001e0f40009e00780010b1200081
:10e634008080400050928000428f02000100000060
:10e644001e0f40009e00780010b1200000804000a2
:10e6540001af2a004ebe0200010000001e0f400060
:10e664009e00780010b120008080400060928000fd
:10e67400428f0200010000001e0f40000080fa00db
:10e68400000006000400fa00000f7800110798004b
:10e6940010b120007e280200010000000080fa0072
:10e6a400000006000600fa001007980021079800f1
:10e6b40081af2a0010b120004ebe0200010000000c
:10e6c400000f78009e00780010b120000080400008
:10e6d40011b02a004ebe0200010000001e0f4000cf
:10e6e4009e00780010b1200080804000803d210011
:10e6f4001040780012c0b300349102000100000001
:10e704001e0f40009e00780010b1200000804000e1
:10e71400b1b02a004ebe0200010000001e0f4000ee
:10e724009e00780010b1200000814000d096800047
:10e73400e19680000000780082007800428f020099
:10e74400010000001e0f40009e00780010b1200060
:10e754000080400021b12a004ebe020001000000ea
:10e764001e0f40009e00780010b120008080400001
:10e77400b0c680004500de006740600012c0b300f0
:10e7840034910200010000001e0f40009e0078003a
:10e7940010b1200000804000a1b12a004ebe02004a
:10e7a400010000001e0f40009e00780010b1200000
:10e7b4008080400060c220001040780012c0b30086
:10e7c40034910200010000001e0f40009e007800fa
:10e7d40010b120000080400051b22a004ebe020059
:10e7e400010000001e0f40009e00780010b12000c0
:10e7f4008080400070c320001040780012c0b30035
:10e8040034910200010000001e0f400070c220007d
:10e81400104078000004e000080032009e007800f8
:10e8240010b120000080400011b32a004ebe020047
:10e83400010000001e0f4000070037009e00780012
:10e8440010b1200000804000b1b32a004ebe020087
:10e85400010000001e0f40009e00780010b120004f
:10e864000080400051b42a004ebe020001000000a6
:10e874001e0f40009e00780010b1200080804000f0
:10e8840000ab2100100078006140600012c0b300aa
:10e8940034910200010000001e0f40009e00780029
:10e8a40010b120000080400031b52a004ebe0200a5
:10e8b400010000001e0f40009e00780010b12000ef
:10e8c4008080400000ab2100100078000000d100df
:10e8d4006140600012c0b3003491020001000000e6
:10e8e4001e0f40009e00780010b120000080400000
:10e8f40011b62a004ebe0200010000001e0f4000a7
:10e9040000ab2100304090000004e000070032001a
:10e9140000ab2100304090008040780010b120000e
:10e924001e004000014878000400370010b12000a8
:10e934001e004000a1c7b300014878001e0fe80084
:10e9440010b120001e0040008040eb000148780018
:10e954000080fa00000006001400fa007007980016
:10e96400010f980022579800030037007e009000a2
:10e974000000e800700798007e00900010407800c6
:10e984000004e0000a0032007e009000904078000d
:10e9940000c2b30080cf5000f4ff3a0005003700f6
:10e9a4007e0090000000e800700798000100370026
:10e9b400000000007e0090009040780000c2b30088
:10e9c40080cf5000f6ff32007e00900010407800a7
:10e9d4000004e000990032000e80e800720020007c
:10e9e4008000eb0026050200000000000040eb0060
:10e9f400104f9800e90047000e80e80063004000d3
:10ea04008101780000017800f1c2b3007e0090001b
:10ea14007ac00200010000000000e000870032001c
:10ea24001e4890000000fb000000e800fe0090007b
:10ea34000080400070079800e90047006a00470022
:10ea44008101780000017800f1c2b3007e009000db
:10ea54007ac00200010000000000e00077003200ec
:10ea64002e489000604798001e4890000000fb006c
:10ea74000000e800fe00900000804000700798004d
:10ea8400e90047000e80e80066004000810178003c
:10ea94000001780001c2b3007e0090007ac0020039
:10eaa400010000000000e000640032001e489000f5
:10eab4000000fb00fe0090000080400070079800fa
:10eac400030037007e0090000000e8007007980003
:10ead4007e0090009040780000c2b30080cf5000c8
:10eae400f8ff3200e90047000e80e8008101780059
:10eaf40000017800a1c3b3007e0090007ac0020038
:10eb0400010000000000e0004c0032001e489000ac
:10eb14000000fb000000e800fe00900000804000c0
:10eb240070079800e90047000e80e8000000e80044
:10eb34008101780000017800a1c3b3007e00900039
:10eb44007ac00200010000000000e0003b00320037
:10eb54001e4890000000fb000000e800fe0090004a
:10eb64000080400070079800e90047000e80e8002c
:10eb74000080e800810178000001780001c2b30040
:10eb84007e0090007ac00200010000000000e00056
:10eb94002a0032002e5090000004e00006003200eb
:10eba4005e409000204f98000e4890005047980017
:10ebb4002e489000004f98006b004700130020007f
:10ebc40000017800b1b62a007e009000b416070058
:10ebd4000000e000060032003e48900080407800cb
:10ebe40000cdb30000c04000204f98000200370061
:10ebf40000c0eb00204f98002e489000704798000a
:10ec04000e80e800a24002000100000000f0200095
:10ec14000640020001000000a2c0b3008040eb00e7
:10ec240000f020004041020001000000f1c0b300e8
:10ec340000f0200000440200010000002e5090006b
:10ec44000004e0003f003a00e01e2200104078007b
:10ec54000004e0003b003a0000f0200006400200ff
:10ec64000100000001b72a0010b120004ebe0200ce
:10ec740001000000000f78009e00780010b1200011
:10ec8400008040008000780000f02000a5ed07001f
:10ec94000080fb001e0f40009e00780010b1200091
:10eca40000804000b1b62a004ebe02000100000000
:10ecb4001e0f40009e00780010b1200080804000ac
:10ecc40050f020001040780012c0b30034910200cc
:10ecd400010000001e0f40009e00780010b12000cb
:10ece4000080400061b72a004ebe0200010000000f
:10ecf4001e0f40009e00780010b12000808040006c
:10ed040050f02000104078000000fb0012002000aa
:10ed14000010dd000040780012c0b30034910200fe
:10ed2400010000001e0f40009e00780010b120007a
:10ed340000804000d1b72a004ebe0200010000004e
:10ed44001e0f40000080fa00000006001000fa00c8
:10ed540060079800710798006400470013002000c2
:10ed640000017800b1812a006e0090004c16070063
:10ed74000000e0000500320064004700308e02000d
:10ed840001000000004f7800020037000040eb0053
:10ed9400004f7800f1b72a0010b120004ebe0200e7
:10eda40001000000100798009e00900010b12000a0
:10edb400008040000041eb00800078001e40780095
:10edc40034910200010000009e0090000080400089
:10edd400100798001e4078000004e000070032008d
:10ede40000c12000e1c1b3000148780000c5b300b0
:10edf400d4a70200010000000300370000c1200076
:10ee04008040eb00014878000080fa000000060012
:10ee1400c200fa00709f980001a7980064004700a0
:10ee24003300200000017800b1b82a007e989000d9
:10ee34001b1607000000e00008003200ce409000de
:10ee440010c3b30080cf500004003a006a004700aa
:10ee54008ea0900093050700900537000040eb005a
:10ee6400004f780064004700330020000001780060
:10ee740021b92a007e989000091607000000e000de
:10ee84009a01320064004700308e02000100000045
:10ee9400104798009e40900010c3b30080cf5000ec
:10eea4004d003a0010c1200031c0b3000148780081
:10eeb400c5262200e426220013c1200012c0b3009c
:10eec400f101200000c5b300443a02000100000033
:10eed400c5262200e426220013c1200012c0b3007c
:10eee400f101200000c5b300983b020001000000be
:10eef40020c1200051c0b30001487800c52622007b
:10ef0400e426220023c1200012c0b3000102200025
:10ef140000c5b300443a020001000000c5262200e7
:10ef2400e426220023c1200012c0b3000102200005
:10ef340000c5b300983b020001000000f0c12000ae
:10ef440011c0b30001487800c5262200e42622003f
:10ef5400f3c1200012c0b3009141200000c5b300ea
:10ef6400443a020001000000c5262200e4262200e3
:10ef7400f3c1200012c0b3009141200000c5b300ca
:10ef8400983b02000100000000c220008040eb001a
:10ef940001487800c5262200e426220003c220008e
:10efa40012c0b300a141200000c5b300443a0200de
:10efb40001000000c5262200e426220003c220002e
:10efc40012c0b300a141200000c5b300983b020069
:10efd40001000000430137009e40900020c3b300ad
:10efe40080cf50004d003a0010c1200041c0b30052
:10eff40001487800c5262200e426220013c120001f
:10f0040012c0b300f101200000c5b300443a02006d
:10f0140001000000c5262200e426220013c12000be
:10f0240012c0b300f101200000c5b300983b0200f8
:10f034000100000020c1200051c0b3000148780045
:10f04400c5262200e426220023c1200012c0b300fa
:10f054000102200000c5b300443a02000100000090
:10f06400c5262200e426220023c1200012c0b300da
:10f074000102200000c5b300983b0200010000001b
:10f08400f0c1200011c0b30001487800c526220059
:10f09400e4262200f3c1200012c0b30091412000f5
:10f0a40000c5b300443a020001000000c526220056
:10f0b400e4262200f3c1200012c0b30091412000d5
:10f0c40000c5b300983b02000100000000c220000c
:10f0d4008040eb0001487800c5262200e426220087
:10f0e40003c2200012c0b300a141200000c5b30038
:10f0f400443a020001000000c5262200e426220052
:10f1040003c2200012c0b300a141200000c5b30017
:10f11400983b020001000000f20037009e4090007e
:10f1240030c3b30080cf50004d003a0010c120001e
:10f1340051c0b30001487800c5262200e42622000d
:10f1440013c1200012c0b300f101200000c5b300b8
:10f15400443a020001000000c5262200e4262200f1
:10f1640013c1200012c0b300f101200000c5b30098
:10f17400983b02000100000020c1200061c0b300e0
:10f1840001487800c5262200e426220023c120007d
:10f1940012c0b3000102200000c5b300443a0200cb
:10f1a40001000000c5262200e426220023c120001d
:10f1b40012c0b3000102200000c5b300983b020056
:10f1c40001000000f0c1200011c0b3000148780024
:10f1d400c5262200e4262200f3c1200012c0b30099
:10f1e4009141200000c5b300443a02000100000030
:10f1f400c5262200e4262200f3c1200012c0b30079
:10f204009141200000c5b300983b020001000000ba
:10f2140000c220008040eb0001487800c52622008f
:10f22400e426220003c2200012c0b300a141200042
:10f2340000c5b300443a020001000000c5262200c4
:10f24400e426220003c2200012c0b300a141200022
:10f2540000c5b300983b020001000000a100370084
:10f264009e40900040c3b30080cf50004d003a0050
:10f2740010c1200051c0b30001487800c526220007
:10f28400e426220013c1200012c0b300f1012000c3
:10f2940000c5b300443a020001000000c526220064
:10f2a400e426220013c1200012c0b300f1012000a3
:10f2b40000c5b300983b02000100000020c12000fb
:10f2c40061c0b30001487800c5262200e42622006c
:10f2d40023c1200012c0b3000102200000c5b30006
:10f2e400443a020001000000c5262200e426220060
:10f2f40023c1200012c0b3000102200000c5b300e6
:10f30400983b020001000000f0c1200011c0b300ce
:10f3140001487800c5262200e4262200f3c120001b
:10f3240012c0b3009141200000c5b300443a02006a
:10f3340001000000c5262200e4262200f3c12000bb
:10f3440012c0b3009141200000c5b300983b0200f5
:10f354000100000000c2200011c0b3000148780081
:10f36400c5262200e426220003c2200012c0b300f6
:10f37400a141200000c5b300443a0200010000008e
:10f38400c5262200e426220003c2200012c0b300d6
:10f39400a141200000c5b300983b02000100000019
:10f3a400500037009e40900050c3b30080cf5000ff
:10f3b4004c003a0010c1200061c0b300014878003d
:10f3c400c5262200e426220013c1200012c0b30087
:10f3d400f101200000c5b300443a0200010000001e
:10f3e400c5262200e426220013c1200012c0b30067
:10f3f400f101200000c5b300983b020001000000a9
:10f4040020c1200061c0b30001487800c526220055
:10f41400e426220023c1200012c0b3000102200010
:10f4240000c5b300443a020001000000c5262200d2
:10f43400e426220023c1200012c0b30001022000f0
:10f4440000c5b300983b020001000000f0c1200099
:10f4540011c0b30001487800c5262200e42622002a
:10f46400f3c1200012c0b3009141200000c5b300d5
:10f47400443a020001000000c5262200e4262200ce
:10f48400f3c1200012c0b3009141200000c5b300b5
:10f49400983b02000100000000c220008040eb0005
:10f4a40001487800c5262200e426220003c2200079
:10f4b40012c0b300a141200000c5b300443a0200c9
:10f4c40001000000c5262200e426220003c2200019
:10f4d40012c0b300a141200000c5b300983b020054
:10f4e4000100000010c0b300004f7800c5262200c0
:10f4f400e4262200f3c1200012c0b3009141200091
:10f5040000c5b300983b020001000000c52622009c
:10f51400e426220003c2200012c0b300a14120004f
:10f5240000c5b300983b02000100000064004700de
:10f53400330020000001780061b92a007e98900011
:10f54400571407000000e0005c003200640047002c
:10f55400308e0200010000001047980010c1200006
:10f56400104078000080fb000000e8000000e0008c
:10f574001900350010c12000104078000080fb0005
:10f584000000e800e80f500013003c00ce4090005b
:10f59400b0c2b30080cf50000f003a0010c1200069
:10f5a400104078008040e80010c120000148780035
:10f5b400c5262200e426220013c1200012c0b30095
:10f5c400f101200000c5b300443a0200010000002c
:10f5d40010c0b300004f780010c120001040780024
:10f5e4000080fb000000e9000000e0001900350085
:10f5f40010c12000104078000080fb000000e900ea
:10f60400e80f500013003c00ce409000d0c2b3007d
:10f6140080cf50000f003a0010c120001040780045
:10f624008040e90010c1200001487800c52622006e
:10f63400e426220013c1200012c0b300f10120000f
:10f6440000c5b300443a02000100000010c0b3003a
:10f65400004f780010c12000904078001e409000b8
:10f6640080cf500015003200ce409000b0c2b300ed
:10f6740080cf500011003200ce409000d0c2b300c1
:10f6840080cf50000d00320010c120009e40900039
:10f6940001487800c5262200e426220013c1200078
:10f6a40012c0b300f101200000c5b300443a0200c7
:10f6b4000100000010c0b300004f7800c5262200ee
:10f6c400e426220013c1200012c0b300f10120007f
:10f6d40000c5b300983b020001000000640047002d
:10f6e4003300200000017800b1b92a007e98900010
:10f6f400eb1307000000e0005c00320064004700e8
:10f70400308e0200010000001047980020c1200044
:10f71400104078000080fb000000e8000000e000da
:10f724001900350020c12000104078000080fb0043
:10f734000000e800e80f500013003c00ce409000a9
:10f74400b0c2b30080cf50000f003a0020c12000a7
:10f75400104078008040e80020c120000148780073
:10f76400c5262200e426220023c1200012c0b300d3
:10f774000102200000c5b300443a02000100000069
:10f7840010c0b300004f780020c120001040780062
:10f794000080fb000000e9000000e00019003500d3
:10f7a40020c12000104078000080fb000000e90028
:10f7b400e80f500013003c00ce409000d0c2b300cc
:10f7c40080cf50000f003a0020c120001040780084
:10f7d4008040e90020c1200001487800c5262200ad
:10f7e400e426220013c1200012c0b300010220004d
:10f7f40000c5b300443a02000100000010c0b30089
:10f80400004f780020c12000904078001e409000f6
:10f8140080cf500015003200ce409000b0c2b3003b
:10f8240080cf500011003200ce409000d0c2b3000f
:10f8340080cf50000d00320020c120009e40900077
:10f8440001487800c5262200e426220023c12000b6
:10f8540012c0b3000102200000c5b300443a020004
:10f864000100000010c0b300004f7800c52622003c
:10f87400e426220023c1200012c0b30001022000ac
:10f8840000c5b300983b020001000000640047007b
:10f89400330020000001780001ba2a007e9890000d
:10f8a4007f1307000000e0005c00320064004700a2
:10f8b400308e0200010000001047980030c1200083
:10f8c400104078000080fb000000e8000000e00029
:10f8d4001900350030c12000104078000080fb0082
:10f8e4000000e800e80f500013003c00ce409000f8
:10f8f400b0c2b30080cf50000f003a0030c12000e6
:10f90400104078008040e80030c1200001487800b1
:10f91400c5262200e426220033c1200012c0b30011
:10f924001102200000c5b300443a020001000000a7
:10f9340010c0b300004f780030c1200010407800a0
:10f944000080fb000000e9000000e0001900350021
:10f9540030c12000104078000080fb000000e90066
:10f96400e80f500013003c00ce409000d0c2b3001a
:10f9740080cf50000f003a0030c1200010407800c2
:10f984008040e90030c1200001487800c5262200eb
:10f99400e426220033c1200012c0b300110220006b
:10f9a40000c5b300443a02000100000010c0b300d7
:10f9b400004f780030c12000904078001e40900035
:10f9c40080cf500015003200ce409000b0c2b3008a
:10f9d40080cf500011003200ce409000d0c2b3005e
:10f9e40080cf50000d00320030c120009e409000b6
:10f9f40001487800c5262200e426220033c12000f5
:10fa040012c0b3001102200000c5b300443a020042
:10fa14000100000010c0b300004f7800c52622008a
:10fa2400e426220033c1200012c0b30011022000da
:10fa340000c5b300983b02000100000064004700c9
:10fa4400330020000001780061ba2a007e989000fb
:10fa5400131307000000e0005c003200640047005c
:10fa6400308e0200010000001047980040c12000c1
:10fa7400104078000080fb000000e8000000e00077
:10fa84001900350040c12000104078000080fb00c0
:10fa94000000e800e80f500013003c00ce40900046
:10faa400b0c2b30080cf50000f003a0040c1200024
:10fab400104078008040e80040c1200001487800f0
:10fac400c5262200e426220043c1200012c0b30050
:10fad4002102200000c5b300443a020001000000e6
:10fae40010c0b300004f780040c1200010407800df
:10faf4000080fb000000e9000000e0001900350070
:10fb040040c12000104078000080fb000000e900a4
:10fb1400e80f500013003c00ce409000d0c2b30068
:10fb240080cf50000f003a0040c120001040780000
:10fb34008040e90040c1200001487800c526220029
:10fb4400e426220043c1200012c0b3002102200099
:10fb540000c5b300443a02000100000010c0b30025
:10fb6400004f780040c12000904078001e40900073
:10fb740080cf500015003200ce409000b0c2b300d8
:10fb840080cf500011003200ce409000d0c2b300ac
:10fb940080cf50000d00320040c120009e409000f4
:10fba40001487800c5262200e426220043c1200033
:10fbb40012c0b3002102200000c5b300443a020081
:10fbc4000100000010c0b300004f7800c5262200d9
:10fbd400e426220043c1200012c0b3002102200009
:10fbe40000c5b300983b0200010000006400470018
:10fbf4003300200000017800c1ba2a007e989000ea
:10fc0400a71207000000e0005c0032006400470017
:10fc1400308e0200010000001047980050c12000ff
:10fc2400104078000080fb000000e8000000e000c5
:10fc34001900350050c12000104078000080fb00fe
:10fc44000000e800e80f500013003c00ce40900094
:10fc5400b0c2b30080cf50000f003a0050c1200062
:10fc6400104078008040e80050c12000014878002e
:10fc7400c5262200e426220053c1200012c0b3008e
:10fc84003102200000c5b300443a02000100000024
:10fc940010c0b300004f780050c12000104078001d
:10fca4000080fb000000e9000000e00019003500be
:10fcb40050c12000104078000080fb000000e900e3
:10fcc400e80f500013003c00ce409000d0c2b300b7
:10fcd40080cf50000f003a0050c12000104078003f
:10fce4008040e90050c1200001487800c526220068
:10fcf400e426220053c1200012c0b30031022000c8
:10fd040000c5b300443a02000100000010c0b30073
:10fd1400004f780050c12000904078001e409000b1
:10fd240080cf500015003200ce409000b0c2b30026
:10fd340080cf500011003200ce409000d0c2b300fa
:10fd440080cf50000d00320050c120009e40900032
:10fd540001487800c5262200e426220053c1200071
:10fd640012c0b3003102200000c5b300443a0200bf
:10fd74000100000010c0b300004f7800c526220027
:10fd8400e426220053c1200012c0b3003102200037
:10fd940000c5b300983b0200010000006400470066
:10fda400330020000001780011bb2a007e989000e7
:10fdb4003b1207000000e0005c00320064004700d2
:10fdc400308e0200010000001047980070c120002e
:10fdd400104078000080fb000000e8000000e00014
:10fde4001900350070c12000104078000080fb002d
:10fdf4000000e800e80f500013003c00ce409000e3
:10fe0400b0c2b30080cf50000f003a0070c1200090
:10fe1400104078008040e80070c12000014878005c
:10fe2400c5262200e426220073c1200012c0b300bc
:10fe34008140200000c5b300443a020001000000e4
:10fe440010c0b300004f780070c12000104078004b
:10fe54000080fb000000e9000000e000190035000c
:10fe640070c12000104078000080fb000000e90011
:10fe7400e80f500013003c00ce409000d0c2b30005
:10fe840080cf50000f003a0070c12000104078006d
:10fe94008040e90070c1200001487800c526220096
:10fea400e426220073c1200012c0b3008140200068
:10feb40000c5b300443a02000100000010c0b300c2
:10fec400004f780070c12000904078001e409000e0
:10fed40080cf500015003200ce409000b0c2b30075
:10fee40080cf500011003200ce409000d0c2b30049
:10fef40080cf50000d00320070c120009e40900061
:10ff040001487800c5262200e426220073c120009f
:10ff140012c0b3008140200000c5b300443a02007f
:10ff24000100000010c0b300004f7800c526220075
:10ff3400e426220073c1200012c0b30081402000d7
:10ff440000c5b300983b02000100000064004700b4
:10ff5400330020000001780061bb2a007e989000e5
:10ff6400cf1107000000e0005c003200640047008d
:10ff7400308e0200010000001047980080c120006c
:10ff8400104078000080fb000000e8000000e00062
:10ff94001900350080c12000104078000080fb006b
:10ffa4000000e800e80f500013003c00ce40900031
:10ffb400b0c2b30080cf50000f003a0080c12000cf
:10ffc400104078008040e80080c12000014878009b
:10ffd400c5262200e426220083c1200012c0b300fb
:10ffe4001141200000c5b300443a020001000000a2
:10fff40010c0b300004f780080c12000104078008a
:020000040001f9
:100004000080fb000000e9000000e000190035005a
:1000140080c12000104078000080fb000000e9004f
:10002400e80f500013003c00ce409000d0c2b30053
:1000340080cf50000f003a0080c1200010407800ab
:100044008040e90080c1200001487800c5262200d4
:10005400e426220083c1200012c0b3001141200015
:1000640000c5b300443a02000100000010c0b30010
:10007400004f780080c12000904078001e4090001e
:1000840080cf500015003200ce409000b0c2b300c3
:1000940080cf500011003200ce409000d0c2b30097
:1000a40080cf50000d00320080c120009e4090009f
:1000b40001487800c5262200e426220083c12000de
:1000c40012c0b3001141200000c5b300443a02003d
:1000d4000100000010c0b300004f7800c5262200c4
:1000e400e426220083c1200012c0b3001141200085
:1000f40000c5b300983b0200010000006400470003
:100104003300200000017800c1bb2a007e989000d3
:10011400631107000000e0001e0032006400470085
:10012400308e020001000000104798001e4090002d
:100134000004e000170032001e409000ee4f500013
:1001440014003e0060c12000904078001e409000e2
:1001540080cf50000f00320064004700308e020050
:100164000100000061c1200080487800c5262200fb
:10017400e426220063c1200012c0b3005102200013
:1001840000c5b300443a02000100000010c0b300ef
:10019400004f7800c5262200e426220063c1200017
:1001a40012c0b3005102200000c5b300983b020006
:1001b4000100000011bc2a0010b120004ebe020054
:1001c40001000000100798009e00900010b120006c
:1001d4008080400010c12000104078000041eb00f6
:1001e40034910200010000009e0090000080400055
:1001f400100798009e00900010b12000008040007d
:1002040011bd2a004ebe0200010000009e009000b5
:1002140000804000100798009e00900010b120005c
:100224008080400020c12000104078000041eb0095
:1002340034910200010000009e0090000080400004
:10024400100798009e00900010b12000008040002c
:1002540071bd2a004ebe0200010000009e00900005
:1002640000804000100798009e00900010b120000c
:100274008080400030c12000104078000041eb0035
:1002840034910200010000009e00900000804000b4
:10029400100798009e00900010b1200000804000dc
:1002a400e1bd2a004ebe0200010000009e00900045
:1002b40000804000100798009e00900010b12000bc
:1002c4008080400040c12000104078000041eb00d5
:1002d40034910200010000009e0090000080400064
:1002e400100798009e00900010b12000008040008c
:1002f40051be2a004ebe0200010000009e00900084
:1003040000804000100798009e00900010b120006b
:100314008080400050c12000104078000041eb0074
:1003240034910200010000009e0090000080400013
:10033400100798009e00900010b12000008040003b
:10034400b1be2a004ebe0200010000009e009000d3
:1003540000804000100798009e00900010b120001b
:100364008080400070c12000104078000041eb0004
:1003740034910200010000009e00900000804000c3
:10038400100798009e00900010b1200000804000eb
:1003940011bf2a004ebe0200010000009e00900022
:1003a40000804000100798009e00900010b12000cb
:1003b4008080400080c12000104078000041eb00a4
:1003c40034910200010000009e0090000080400073
:1003d400100798009e00900010b12000008040009b
:1003e40081bf2a004ebe0200010000009e00900062
:1003f40000804000100798009e00900010b120007b
:100404008080400060c12000104078000041eb0073
:1004140034910200010000009e0090000080400022
:10042400100798009e00900010b12000008040004a
:10043400e1bf2a004ebe0200010000009e009000b1
:10044400008040001007980011b120001e009000a9
:10045400008040008040eb00014878001e40780096
:10046400e14f50000d003a0000ab210030409000f5
:100474000004e0000900320000ab21001000780005
:10048400610060000000e00004003a0000ab2100bd
:1004940030409000d4a70200010000000080fa0060
:1004a400000006005000fa006027980071279800a9
:1004b40001c02a000e0078004ebe020001000000b8
:1004c400fe2090000e00780051fa07000080fa0028
:1004d400000006000800fa00200798003107980081
:1004e40001c42a0010b120004ebe02000100000029
:1004f400000f78000000eb00100798003a00370066
:100504001e009000f50f5000340032001e009000d1
:10051400e40f5000310032001e009000e50f50003f
:100524002e0032001e009000e60f50002b00320017
:100534001e009000e70f5000280032001e009000bb
:10054400f00f5000250032009e00780010b120000a
:1005540000804000f14f2a004ebe0200010000005e
:100564001e0f40009e00780010b1200080804000e3
:100574001e009000004078000041eb00349102001e
:10058400010000001e0f40009e00780010b1200002
:100594000080400021502a004ebe020001000000ed
:1005a4001e0f40009e00780010b120000081400022
:1005b4001e0090006a00b90000007800e4004000ca
:1005c400a02c2100008040001000780082007800f8
:1005d400428f0200010000001e0f40001e00900028
:1005e4000000e800100798001e009000f90f50006a
:1005f400c3ff34009e00780010b12000008040004a
:1006040071c42a004ebe0200010000001e0f40000b
:100614009e00780010b120008080400020cc200093
:10062400104078000041eb0034910200010000000a
:100634001e0f40000080fa00000006000c00fa00c3
:1006440040079800510798000040eb00004f7800e5
:10065400c1c42a0010b120004ebe020001000000f7
:10066400100798009e00900010b120000080400008
:1006740061c52a004ebe0200010000009e009000e9
:100684000080400010079800650047002300200008
:1006940000017800c1c52a004e0090000010070038
:1006a4000000e0001500320065004700308e0200b3
:1006b40001000000404798004e409000e54f500074
:1006c4000e003e0064004700c5262200e4262200f6
:1006d4008001780012c0b3008141200000c5b3003e
:1006e400443a020001000000ce409000a0c1200066
:1006f4000148780010c0b300004f78006400470040
:10070400120020008000eb0026050200000000001b
:1007140064004700c5262200e426220080017800f8
:1007240012c0b3008141200000c5b300983b020011
:10073400010000009e00900010b120008080400065
:100744004e4090000041eb00349102000100000093
:100754009e00900000804000100798009e009000ca
:1007640010b120000080400011c62a004ebe0200d5
:10077400010000009e0090000080400010079800d7
:1007840065004700230020000001780071c62a009c
:100794004e009000c20f07000000e0001500320078
:1007a40065004700308e02000100000040479800b9
:1007b4004e409000e84f50000e003e006400470099
:1007c400c5262200e42622008001780012c0b3006e
:1007d4006141200000c5b300443a0200010000005a
:1007e400ce409000d0c120000148780010c0b30072
:1007f400004f780064004700120020008000eb00e6
:10080400260502000000000064004700c5262200ff
:10081400e42622008001780012c0b3006141200068
:1008240000c5b300983b0200010000009e00900048
:1008340010b12000808040004e4090000041eb0049
:1008440034910200010000009e00900000804000ee
:10085400100798009e00900010b120000080400016
:10086400c1c62a004ebe0200010000009e00900096
:100874000080400010079800650047002300200016
:100884000001780021c72a004e009000840f070061
:100894000000e0001500320065004700308e0200c1
:1008a40001000000404798004e409000e84f50007f
:1008b4000e003e0064004700c5262200e426220004
:1008c4008001780012c0b3007141200000c5b3005c
:1008d400443a020001000000ce409000e0c1200034
:1008e4000148780010c0b300004f7800640047004e
:1008f400120020008000eb0026050200000000002a
:1009040064004700c5262200e42622008001780006
:1009140012c0b3007141200000c5b300983b02002f
:10092400010000009e00900010b120008080400073
:100934004e4090000041eb003491020001000000a1
:100944009e00900000804000100798001e00900058
:100954000000e8001007980011b120001e0090006c
:10096400008040008040eb00014878001e40780081
:100974000004e0000400320000ab21009000780085
:100984000120a000010878000080fa0000000600a1
:10099400ac00fa0040979800519798000040eb0093
:1009a400404798006600470071c72a004ebe020007
:1009b4000100000010079800660047007c0b070048
:1009c4000060fe006600470071ca2a004ebe0200a5
:1009d40001000000100798001e009000e600470088
:1009e400008040000041eb0080007800e0c1b300cb
:1009f40034910200010000009e009000008040003d
:100a040010079800e40047006600470074ef0700f1
:100a14000060fe0066004700b1ce2a004ebe020010
:100a240001000000100798001e009000e600470037
:100a34000080400080007800e07f2000428f0200a8
:100a4400010000009e009000008040001007980004
:100a5400e40047006600470061ef07000060fe0005
:100a640066004700b1d12a004ebe0200010000001a
:100a740010079800e40047006600470089fe07005d
:100a84000060fe000000eb00000f78001e0037003d
:100a94006600470081d22a004ebe02000100000019
:100aa400100798001e009000e60047008080400078
:100ab4001e007800004078000041eb0034910200f1
:100ac400010000009e009000008040001007980084
:100ad4001e009000e600470000804000f1d22a008a
:100ae4004ebe0200010000009e0090000080400005
:100af40010079800e400470066004700d7ec0700a1
:100b04000060fe001e0fe8001e007800e90f500090
:100b1400dfff36006600470091d32a004ebe020074
:100b24000100000010079800e40047006600470039
:100b340099f3070020002000000f78001e00370002
:100b44006600470031d52a004ebe020001000000b5
:100b5400100798001e009000e600470080804000c7
:100b64001e007800004078000041eb003491020040
:100b7400010000009e0090000080400010079800d3
:100b84001e009000e600470000804000a1d52a0026
:100b94004ebe0200010000009e0090000080400054
:100ba40010079800e4004700660047007af3070046
:100bb4000060fe001e0fe8001e007800e40f5000e5
:100bc400dfff340000c4200001cab30001487800ec
:100bd400c5262200e426220003c4200012c0b3006c
:100be400a103200000c5b300443a02000100000044
:100bf400c5262200e426220003c4200012c0b3004c
:100c0400a103200000c5b300983b020001000000ce
:100c140000f2200051c0b30001487800c52622002c
:100c2400e426220003f2200012c0b300c103200016
:100c340000c5b300443a02000100000010f2200095
:100c440001c5b30001487800c5262200e42622002d
:100c540013f2200012c0b300d103200000c5b3007a
:100c6400443a02000100000010c4200051cab3003d
:100c740001487800c5262200e426220013c420007f
:100c840012c0b300b12e200000c5b300443a0200e4
:100c940001000000c5262200e426220013c420001f
:100ca40012c0b300b12e200000c5b300983b02006f
:100cb40001000000400d2300f0238900e0472200da
:100cc400c5262200e42622008001780022c0b30059
:100cd400f12e200000c5b300443a020001000000d8
:100ce4000000eb00f0238900e0472200c526220023
:100cf400e42622008001780022c0b300f12e2000f7
:100d040000c5b300983b020001000000006b230003
:100d14000024890000482200c5262200e42622007f
:100d24008001780022c0b300112f200000c5b30059
:100d3400443a0200010000000000eb000024890096
:100d440000482200c5262200e42622008001780003
:100d540022c0b300112f200000c5b300983b02004d
:100d640001000000401f20001024890020482200b8
:100d7400c5262200e42622008001780022c0b300a8
:100d8400312f200000c5b300443a020001000000e6
:100d94000000eb001024890020482200c526220010
:100da400e42622008001780022c0b300312f200005
:100db40000c5b300983b020001000000007122004e
:100dc4002024890040482200c5262200e42622006f
:100dd4008001780022c0b300312f200000c5b30089
:100de400443a0200010000000000eb0020248900c6
:100df40040482200c5262200e42622008001780013
:100e040022c0b300312f200000c5b300983b02007c
:100e1400010000006048220011c0b30001487800be
:100e2400c5262200e42622006348220012c0b30033
:100e34004102200000c5b300443a02000100000052
:100e4400c5262200e42622006348220012c0b30013
:100e54004102200000c5b300983b020001000000dd
:100e64008021220021c3b30001487800c526220056
:100e7400e42622008321220012c0b300b12f2000f7
:100e840000c5b300443a020001000000c526220058
:100e9400e42622008321220012c0b300b12f2000d7
:100ea40000c5b300983b020001000000400120008f
:100eb4001061880020c22000c5262200e4262200fa
:100ec4008001780022c0b3000144200000c5b300b3
:100ed400443a02000100000020c22000c52622007e
:100ee400e42622008001780022c0b30001442000df
:100ef40000c5b300983b02000100000090222100cd
:100f0400d1c1b30001487800c5262200e42622009e
:100f14009322210012c0b300e103200000c5b300f6
:100f2400443a020001000000c5262200e426220003
:100f34009322210012c0b300e103200000c5b300d6
:100f4400983b02000100000020c0b30060679900d4
:100f5400600a20000e004000c5262200e42622007c
:100f64008001780012c0b300e12f200000c5b30057
:100f7400443a020001000000a0222100c1c3b300d2
:100f840001487800c5262200e4262200a32221007d
:100f940012c0b300f103200000c5b300443a0200bc
:100fa40001000000c5262200e4262200a32221001d
:100fb40012c0b300f103200000c5b300983b020047
:100fc40001000000b1d62a0010b120004ebe02007c
:100fd40001000000100798000080fa0000000600dd
:100fe4000800fa00200798003107980041d72a002a
:100ff40010b120004ebe020001000000000f780076
:101004000000eb0010079800180037001e00900045
:101014000000e000070034009e00780010b12000ba
:1010240000804000a1502a004ebe020001000000d2
:101034001e0f4000f23e21001e0090007f00b90008
:1010440000007800800041001e01780010b12000eb
:10105400000041004ebe0200010000001e0f4000cf
:101064001e0090000000e800100798001e00900089
:101074000000e000e5ff34009e00780010b120007d
:1010840000804000e1bf2a004ebe020001000000c3
:101094001e0f4000e14021001e01780010b1200025
:1010a400000041004ebe0200010000001e0f40007f
:1010b4000080fa00000006000600fa0010079800fd
:1010c40021079800130020000e017800e1d72a00c0
:1010d4001e009000720d07000000e0000f003200b7
:1010e4009e40780010c3b30080cf500004003a0043
:1010f40011c0b300000120001a2802000100000002
:101104009e40780020c3b30080cf500003003a0013
:10111400f0f120008040eb0001487800130020002b
:101124000e01780031d82a001e0090005c0d0700e3
:101134000000e000070032009e40780010c3b300b6
:1011440080cf500003003a00708020008040eb0004
:1011540001487800130020000e017800b1d82a005d
:101164001e0090004e0d07000000e0000700320052
:101174009e40780010c3b30080cf500003003a00b3
:101184007022210011c0b3000148780010b1200082
:10119400cbe407000080fa00000006000a00fa0011
:1011a400300798004107980001d92a0010b12000a7
:1011b4004ebe020001000000000f78009e0078007f
:1011c40010b120000080400080007800200221003f
:1011d40054e407000080fb001e0f40009e007800ce
:1011e40010b1200000804000e1d92a004ebe020068
:1011f400010000001e0f40009e00780010b1200086
:101204008080400050818000428f02000100000075
:101214001e0f40009e00780010b1200000804000a6
:1012240021542a004ebe0200010000001e0f40009f
:101234009e00780010b1200080804000c002210090
:10124400104078000041eb003491020001000000de
:101254001e0f40009e00780010b120000080400066
:1012640031da2a004ebe0200010000001e0f4000c9
:10127400e00920001e005000100798001e00900096
:101284000000e000150034009e009000f0092000ea
:10129400808f500011003c009e00900020f220003e
:1012a40000804000904078004147980021f22000df
:1012b4001e01780010b12000000041004ebe020063
:1012c400010000001e0f40009e00900020f220004c
:1012d40000804000ce409000014878009e007800d5
:1012e40010b120000080400081da2a004ebe0200c6
:1012f400010000001e0f4000f00420009e00780052
:10130400808f500058003c009e00780010b12000ef
:1013140000804000a1da2a004ebe02000100000055
:101324001e0f40009e00780010b120000080400095
:1013340080007800e0122100fae307000080fb003f
:101344001e0f40009e00780010b120000080400075
:10135400e1d92a004ebe0200010000001e0f400029
:101364009e00780010b1200080804000b089800089
:10137400428f0200010000001e0f40009e00780012
:1013840010b120000080400021542a004ebe02000b
:10139400010000001e0f40009e00780010b12000e4
:1013a4008080400080132100104078000041eb0051
:1013b40034910200010000001e0f40009e007800de
:1013c40010b120000080400031da2a004ebe020035
:1013d400010000001e0f4000e00920001e00500024
:1013e400100798001e0090000000e0001700340071
:1013f4009e009000f0092000808f500013003c00f4
:101404001e009000c11020008080400020f22000c7
:10141400008040009040780041479800e10221009c
:101424001e01780010b12000000041004ebe0200f1
:10143400010000001e0f40009e009000e002210009
:1014440000804000ce409000014878009e00780063
:1014540010b120000080400041db2a004ebe020093
:10146400010000001e0f40000080fa00000006008a
:101474000800fa0020079800310798000e80e80061
:101484001300200000017800b1812a002e00900092
:10149400830c07000000e0003a003200ae409000e8
:1014a40010c3b30080cf500004003200ae4090005f
:1014b40020c3b30080cf500032003a003e009000b9
:1014c4000000e00007003a002e40900080407800c1
:1014d40000cdb30080c04000c0cb2000014878009c
:1014e400280037003e00900040bf020001000000c9
:1014f4000000e0002300320080c820001040780083
:101504000004e0000e003a00be00900080c82000f5
:101514004ebe0200010000002e4090008040780082
:1015240000cdb30080c04000e0cb2000014878002b
:10153400e01e220011c0b3000148780011003700fa
:1015440020ca2000104078000004e0000d003a009a
:10155400be00900020ca20004ebe02000100000020
:101564002e4090008040780000cdb30080c0400041
:10157400f0cb200001487800e01e220011c0b30027
:1015840001487800e01e2200104078000004e000ca
:1015940052003a0071db2a0010b120004ebe020056
:1015a40001000000000f78009e00780010b12000b8
:1015b40080804000c0cb2000104078000041eb0048
:1015c40034910200010000001e0f40009e007800cc
:1015d40010b120000080400051dc2a004ebe020001
:1015e400010000001e0f400080c820001040780059
:1015f4000004e000080032009e00780010b12000d2
:101604000080400081c820004ebe0200010000009e
:101614001e0f4000070037009e00780010b1200024
:1016240000804000b1482a004ebe020001000000c4
:101634001e0f40009e00780010b120000080400082
:10164400c1dc2a004ebe0200010000001e0f400053
:1016540020ca2000104078000004e0000800320096
:101664009e00780010b120000080400021ca2000b4
:101674004ebe0200010000001e0f400007003700ac
:101684009e00780010b1200000804000b1482a007c
:101694004ebe0200010000001e0f40009e007800b4
:1016a40010b120000080400031dd2a004ebe02004f
:1016b400010000001e0f40009e00780010b12000c1
:1016c40080804000d0cb2000104078000041eb0027
:1016d40034910200010000001e0f40000080fa0057
:1016e400000006000800fa0020079800310798005f
:1016f40091dd2a0010b120004ebe0200010000005e
:10170400000f78000e80e80013002000000178002c
:10171400b1812a002e009000e10b07000000e000d8
:101724000a003200ae40900010c3b30080cf5000d6
:1017340003003a00aca702000100000005003700d6
:1017440000c3b300204798000200370000c3b30071
:1017540020479800ae40900010b120001e004000c9
:10176400014878001e0fe80010b120001e00400060
:101774008040eb00014878000080fa000000060079
:101784000600fa00100798002107980013002000b3
:101794000e017800b1812a001e009000c00b0700e2
:1017a4000000e0000e0032009e407800d0c4b30078
:1017b40080cf500003003a009021220021c0b300e2
:1017c400014878009e40780000c5b30080cf5000e7
:1017d40003003a009021220011c0b30001487800b0
:1017e40090212200104078000004e0000400320040
:1017f400a1de2a0010b120004ebe0200010000004c
:101804000080fa00000006000800fa002007980093
:10181400310798000e80e8001300200000017800d2
:10182400b1812a002e0090009d0b07000000e0000b
:101834001c003200ae40900010c3b30080cf5000b3
:1018440007003a00d09a8000e20f500004003a00ea
:1018540060c8200011c0b3000148780003003700bd
:1018640060c820008040eb000148780031df2a0086
:1018740010b120004ebe020001000000000f7800ed
:101884009e00780010b120008080400060c82000d5
:10189400104078000041eb00349102000100000088
:1018a4001e0f40000080fa00000006000800fa0045
:1018b40020079800310798000e80e80013002000ec
:1018c4000001780031e02a002e009000740b07001c
:1018d4000000e00023003200ae40900010c3b300cb
:1018e40080cf50000e003a00c0af80006800600056
:1018f4000000e0000a003a00c0af80000030a00001
:10190400c0af8800c0af80000000a100c0af880055
:10191400c0af80000020a000c0af880011003700d5
:10192400ae40900010c3b30080cf50000d003200d1
:10193400c0af8000680060000000e00009003200d1
:10194400c0af80000030a100c0af8800c0af8000ed
:101954000000a100c0af8800c0af80000020a0003c
:10196400c0af88000e80e80013002000000178005a
:1019740071e02a002e009000490b07000000e000ef
:1019840023003200ae40900010c3b30080cf50005b
:101994000e003a00c0af8000700060000000e0005c
:1019a4000a003a00c0af80000040a000c0af880029
:1019b400c0af80000000a100c0af8800c0af8000ad
:1019c4000020a000c0af880011003700ae40900096
:1019d40010c3b30080cf50000d003200c0af8000b0
:1019e400700060000000e00009003200c0af800019
:1019f4000040a100c0af8800c0af80000000a1007b
:101a0400c0af8800c0af80000020a000c0af880035
:101a1400b1e02a0010b120004ebe02000100000017
:101a2400000f78009e00780010b1200080804000f4
:101a3400c0af80004300de00614060000041eb0065
:101a440034910200010000001e0f400091e12a00c1
:101a540010b120004ebe020001000000000f78000b
:101a64009e00780010b1200080804000c0af80004c
:101a74004400de00614060000041eb00349102004c
:101a8400010000001e0f40001e0fe80010b12000ee
:101a94001e0040008040eb00014878000080fa00fe
:101aa400000006000200fa00000f7800b0ae20002b
:101ab400104078000004e0001c00320001003700f0
:101ac4001e0fe8001e0078009040780000c2b300aa
:101ad40080cf5000070032001e00780010407800cc
:101ae4000004e000f6ff3a00030037001e0fe80090
:101af40001003700000000001e00780090407800cc
:101b040000c2b30080cf5000f8ff32001e007800fe
:101b1400104078000004e000040032000041eb00b3
:101b24009e007800b0ae2000970b070010b1200093
:101b3400a4e007000080fa00000006001c00fa0080
:101b4400500f9800930120000e017800f1832a00c1
:101b54005e089000d20a07000000e0000c0032008a
:101b64009e407800a0c5b30080cf500004003a0026
:101b7400b0ae20008040eb0001487800040037003c
:101b84008e007800b0ae20004ebe020001000000be
:101b940010b120008be007000080fa00000006006e
:101ba4000a00fa0030079800410798000e80e80008
:101bb4002300200000017800e1e12a003e009000ab
:101bc400b70a07000000e000200032002e40900019
:101bd4008040780000cdb30080c0400000c52000e4
:101be4000148780000c52000104078000004e0009f
:101bf4001300320000c5200010407800e44f50006c
:101c04000f003e0021e22a0010b120004ebe020067
:101c140001000000000f78009e00780010b1200041
:101c24008080400000c52000104078000041eb0097
:101c340034910200010000001e0f40000300370031
:101c440000c520008040eb00014878000080fa00c5
:101c5400000006001200fa0070079800010f9800b7
:101c64000e80e8001300200000017800f1e22a0051
:101c74007e0090008a0a07000000e000180032008d
:101c8400ae40900030c5b30080cf500008003a0049
:101c940010c0b3004ca602000100000041e32a007a
:101ca40010b120004ebe020001000000000f7800b9
:101cb400ae409000e0c4b30080cf500008003a006a
:101cc40021e42a0010b120004ebe020001000000f1
:101cd400000f78000040eb004ca602000100000059
:101ce4000080fa00000006000400fa00000f7800eb
:101cf4001107980090628000520a2000800078004a
:101d040010b1200052310200010000000080fa00ee
:101d1400000006000c00fa00300798004107980004
:101d2400224f98000e00e800130020000001780004
:101d340001e52a003e009000590a07000000e00077
:101d4400110032001e4090008040780000cdb300a6
:101d540000c04000104798001e409000e64f50001d
:101d640009003c009e40900050f02000014878009b
:101d740000f02000a24002000100000000f020005a
:101d840006400200010000000e00e80033002000bd
:101d94000001780041e52a003e009000400a070057
:101da4000000e000080032009e40900010c3b30021
:101db40080cf500004003a0011c0b300000220009c
:101dc4001a280200010000000e00e8003300200081
:101dd4000001780091e52a003e009000300a0700d7
:101de4000000e000080032009e40900010c3b300e1
:101df40080cf500004003a0011c0b300000420005a
:101e04001a280200010000000e00e8003300200040
:101e140000017800e1e52a003e009000200a070056
:101e24000000e000310032009e40900010c3b30077
:101e340080cf500011003a0010c420009040780078
:101e4400a0c5b30080cf50000c003a0010c420009d
:101e540051cab30001487800c5262200e4262200b6
:101e640013c4200012c0b300b12e200000c5b3007b
:101e7400443a020001000000140037009e40900024
:101e840000c3b30080cf500010003a0010c42000fb
:101e940090407800a0c5b30080cf50000b00320002
:101ea40010c42000a1c5b30001487800c526220053
:101eb400e426220013c4200012c0b300b12e200077
:101ec40000c5b300443a020001000000c526220008
:101ed400e426220013c4200012c0b300b12e200057
:101ee40000c5b300983b0200010000000e00e800aa
:101ef400330020000001780031e62a003e00900003
:101f0400e70907000000e0001a0032000e00e800b4
:101f1400308e020001000000004f780020c4200031
:101f2400104078009e4f50000a00320020c4200068
:101f34001e487800c5262200e426220023c420007f
:101f440012c0b300e12e200000c5b300443a0200e1
:101f540001000000c5262200e426220023c420003c
:101f640012c0b300e12e200000c5b300983b02006c
:101f74000100000090628000530a20002e49900066
:101f84008000780010b12000062402000100000047
:101f94000080fa00000006000a00fa0030079800ea
:101fa400410798000e80e80013002000000178002b
:101fb40081e62a003e009000b90907000000e00015
:101fc4000b003200ae40900010c3b30080cf50002d
:101fd40004003a0011c0b30020c0b30084dd070040
:101fe400030037008040eb0020c0b30080dd070011
:101ff400e1e62a0010b120004ebe020001000000fc
:10200400000f78009e00780010b12000808040000e
:10201400a02022001040780012c0b30034910200c6
:10202400010000001e0f40009e00780010b1200047
:1020340000804000c1e72a004ebe020001000000fb
:102044001e0f4000001f2200104078000004e00032
:10205400080032009e00780010b12000008040008b
:10206400011f22004ebe0200010000001e0f4000ae
:10207400070037009e00780010b120000080400067
:10208400b1482a004ebe0200010000001e0f4000ad
:102094009e00780010b120000080400021e82a0052
:1020a4004ebe0200010000001e0f40009e0078009a
:1020b40010b120000080400080007800b020220091
:1020c40098e007000080fb001e0f40009e0078008f
:1020d40010b120000080400071e82a004ebe0200ca
:1020e400010000001e0f400000c4200010407800d2
:1020f4000080fb00620060000000e0000800320085
:102104009e00780010b120000080400051492a0050
:102114004ebe0200010000001e0f40000700370001
:102124009e00780010b120000080400071492a0010
:102134004ebe0200010000001e0f40000e80e800a9
:102144001300200000017800718a2a003e009000ec
:10215400530907000000e0000e003200ae4090007a
:1021640010c3b30080cf50000a003a00a020220020
:102174008040eb00014878009e00780010b12000f8
:1021840000804000e1e82a004ebe02000100000089
:102194001e0f40000080fa00000006000800fa004c
:1021a400300798000e80e80033002000000178001a
:1021b40051e92a003e009000390907000000e000c0
:1021c4000a0032000e80e800308e02000100000098
:1021d4003180200080487800408020008040eb005f
:1021e40001487800401f2000c0968800a1e92a0019
:1021f40010b120004ebe020001000000000f780064
:102204009e00780010b120008080400030802000c3
:102214001040780032c0b300349102000100000085
:102224001e0f40009e00780010b120000080400086
:10223400d1ea2a004ebe0200010000001e0f400039
:10224400014122001e01780010b12000000041006d
:102254004ebe0200010000001e0f40000080fa0084
:10226400000006000a00fa003007980041079800b1
:10227400130020000e017800b1812a003e00900076
:10228400070907000000e0003b0032009e40780090
:1022940010c3b30080cf5000040032009e40780089
:1022a40020c3b30080cf500015003a001e407800d0
:1022b4008040780000cdb30080c04000c0c720003b
:1022c40001487800640047000001780031eb2a00df
:1022d4003e009000c0bf0200010000000000e000ca
:1022e4000a003200c0c72000104078008040780007
:1022f4000134a000c0c72000014878000300370063
:10230400c0c720008040eb00014878004e009000d8
:102314000000e00018003200a021220010407800e4
:102324000004e00014003a00c20120008000eb0029
:10233400a02122002605020000000000ce0090002b
:10234400a02122004ebe02000100000064004700ec
:102354000001780091eb2a003e009000c0bf02000b
:10236400010000000000e0000300320050232200be
:1023740011c0b30001487800c0c7200010407800a5
:102384000004e0000700320010b120008040eb00a0
:1023940001487800e01e220011c0b3000148780013
:1023a40011003700e1eb2a0010b120004ebe0200fc
:1023b40001000000200798002e00900080007800a3
:1023c40010b1200080804000c0c720001040780079
:1023d40012c0b3003491020001000000ae0090006e
:1023e40001004000200798000080fa000000060069
:1023f4000200fa00000f7800f0a8210010407800d5
:102404000081fb00d0aa2100104078008080fb00ee
:10241400e0a18000821f7800811f7800801f78006f
:10242400f0ec2a00801f780010b12000d6040200ce
:1024340000000000e88757000080fa000000060052
:102444000400fa00000f780011079800c0c72000ac
:1024540011c0b30001487800e01e220011c0b3008f
:10246400014878001e0090000000e0000e003200d9
:10247400a0212200104078000004e0000a003a0085
:102484009e009000a02122004ebe02000100000028
:102494004023220011c0b3000148780050232200d9
:1024a4008040eb00014878000080fa00000006003c
:1024b4000e00fa0050079800610798000e80e800ab
:1024c4001300200000017800b1ee2a005e009000a5
:1024d400730807000000e0001c003200ae409000ca
:1024e40010c3b30080cf500018003a0030cc200055
:1024f40011c0b300014878006e0090000000e000b5
:10250400120032006e009000104078000004e000d9
:102514000e003200ee00900060cc20004ebe02009f
:10252400010000006e0090008040eb00014878003c
:10253400a0ae200010407800e94f500003003e0098
:10254400a0ae2000a1c0b300014878000e80e800ce
:10255400330020000001780001ef2a005e009000a3
:102564004f0807000000e0000b0032000e80e80076
:10257400728e0200010000000000fb00206688004b
:10258400206680000000e0000300320030cc200010
:102594008040eb00014878000e80e80053002000e2
:1025a4000001780071ef2a005e0090003c080700eb
:1025b4000000e000220032000e80e800fa920200df
:1025c40001000000000f7800f02381009e007800d5
:1025d400808f50001a003200f07022009e007800b4
:1025e400808f5000160036009e007800f123890089
:1025f400e0472200c5262200e4262200800178005c
:1026040022c0b300f12e200000c5b300443a0200fa
:10261400010000000000eb00f0238900e0472200e5
:10262400c5262200e42622008001780022c0b300df
:10263400f12e200000c5b300983b02000100000009
:102644000e80e8005300200000017800c1ef2a004a
:102654005e009000120807000000e0002200320033
:102664000e80e800fa92020001000000000f7800da
:10267400002481009e007800808f50001a003200f0
:10268400400125009e007800808f500016003e0017
:102694009e0078000124890000482200c5262200fb
:1026a400e42622008001780022c0b300112f20000c
:1026b40000c5b300443a0200010000000000eb0032
:1026c4000024890000482200c5262200e4262200b6
:1026d4008001780022c0b300112f200000c5b30090
:1026e400983b0200010000000e80e8005300200027
:1026f4000001780011f02a005e009000e80707004e
:102704000000e000220032000e80e800fa9202008d
:1027140001000000000f7800102481009e00780062
:10272400808f50001a003200007721009e0078004c
:10273400808f500016003e009e007800112489000e
:1027440020482200c5262200e426220080017800c9
:1027540022c0b300312f200000c5b300443a020068
:10276400010000000000eb00102489002048220032
:10277400c5262200e42622008001780022c0b3008e
:10278400312f200000c5b300983b02000100000077
:102794000e80e800330020000001780071f02a0068
:1027a4005e009000be0707000000e0001a0032003f
:1027b4000e80e800308e020001000000004f9800f7
:1027c4008e489000604822001040780080cf50006e
:1027d4001100320068004700c5262200e4262200ca
:1027e4008001780012c0b3004102200000c5b3008c
:1027f400443a020001000000c5262200e42622001b
:102804006348220012c0b3004102200000c5b30097
:10281400983b0200010000000e80e80053002000f5
:1028240000017800b1f02a005e0090009c070700c8
:102834000000e0001e0032000e80e800fa92020060
:1028440001000000000f7800202481009e00780021
:10285400808f5000160032009e00780021248900e9
:1028640040482200c5262200e42622008001780088
:1028740022c0b300c12f200000c5b300443a0200b7
:10288400010000009e0078002124890040482200b5
:10289400c5262200e42622008001780022c0b3006d
:1028a400c12f200000c5b300983b020001000000c6
:1028b40010b12000042a0200010000000080fa0088
:1028c400000006000800fa0020079800310798006d
:1028d40011f12a0010b120004ebe020001000000d8
:1028e400000f78000000eb00100798009e007800ad
:1028f40010b12000808040001e0090004200dd00e6
:102904000080e80092ea20006240780022c0b30010
:1029140034910200010000001e0f40009e00780068
:1029240010b12000808040001e0090004200dd00b5
:1029340082ea20006240780022c0b3003491020091
:10294400010000001e0f40009e00780010b120001e
:10295400808040001e0090004200dd0092ea2000ca
:102964006240780022c0b3003491020001000000ec
:102974001e0f40009e00780010b1200080804000af
:102984001e0090004200dd000080e80082ea200082
:102994006240780022c0b3003491020001000000bc
:1029a4001e0f40009e00780010b1200000804000ff
:1029b400e1502a004ebe0200010000001e0f40003c
:1029c4001e0090000000e800100798001e00900010
:1029d400f30f500004003c00500920009e007800d2
:1029e400808f5000c1ff34000080fa000000060010
:1029f4008400fa000087980011879800a1f12a004a
:102a040010b120004ebe020001000000000f78004b
:102a1400d1b3800000202000008060000000e000ae
:102a240023013a009e00780010b12000008040008d
:102a340051f22a004ebe0200010000001e0f4000a9
:102a4400660047005306200000017800b1f22a0016
:102a54000e809000120707000000e00025003200fd
:102a64000000eb0020079800715d2100660047001c
:102a7400030220000101780001f32a00080707007f
:102a8400030037002e0090000000e80020079800a3
:102a94002e009000ff0f500009003c002e00900013
:102aa4008119200080804000e04321000080400024
:102ab40090409000f0c2b30080cf5000f1ff3a0084
:102ac400ae009000605d2100008040008040eb007b
:102ad400114098002e00900069004000e600470075
:102ae4000080400080007800306021004ebe02006b
:102af400010000009e00780010b12000008040001a
:102b040001f32a004ebe0200010000001e0f400027
:102b1400715d21001e01780010b120000000410009
:102b24004ebe0200010000001e0f40009e0078000f
:102b340010b1200000804000a1502a004ebe0200c7
:102b4400010000001e0f40009e00780010b120001c
:102b540000804000316021004ebe020001000000f0
:102b64001e0f40009e00780010b12000008040003d
:102b740091f32a004ebe0200010000001e0f400027
:102b840066004700530020000001780001f42a0089
:102b94000e809000c20607000000e000050032002d
:102ba40066004700fa9202000100000000b08800ad
:102bb400020037000000eb0000b088009e0078009f
:102bc40010b120008080400000b08000428f0200dd
:102bd400010000001e0f40009e00780010b120008c
:102be4000080400061f42a004ebe02000100000093
:102bf4001e0f40006600470013002000000178000b
:102c0400c1f42a000e809000a50607000000e00031
:102c14007f00320066004700308e02000100000091
:102c24002160210080487800206021001040780055
:102c34000004e00005003a0011f52a007066210046
:102c44004ebe0200010000006d003700206021002c
:102c540010407800e14f500005003a00d1f52a00f9
:102c6400706621004ebe02000100000064003700bf
:102c74002060210010407800e24f500005003a0027
:102c8400d1f62a00706621004ebe02000100000049
:102c94005b0037002060210010407800e34f5000b3
:102ca40009003a00c1f72a00706621004ebe0200f6
:102cb400010000009e809000902a21004ebe020078
:102cc400010000004e003700206021001040780011
:102cd400e44f50004a003a00660047001300200009
:102ce40000017800e1f82a000e8090006c060700cd
:102cf4000000e0004200320066004700308e02000f
:102d040001000000204798002e4090000080fb0046
:102d1400e30f500021003200e30f500007003c0095
:102d2400e10f500013003200e10f500016003c0088
:102d34000000e0000a00320031003700e50f5000c7
:102d440020003200e50f500019003500e60f500056
:102d540021003200e70f5000240032002800370021
:102d640071552a00706621004ebe02000100000069
:102d74002300370041562a00706621004ebe02002f
:102d8400010000001e003700a15b2a0070662100cc
:102d94004ebe0200010000001900370031f92a007c
:102da400706621004ebe02000100000014003700ce
:102db400e15a2a00706621004ebe020001000000a4
:102dc4000f003700a1572a00706621004ebe020092
:102dd400010000000a00370071582a0070662100c3
:102de4004ebe0200010000000500370041592a00d0
:102df400706621004ebe02000100000000000000c9
:102e04009e809000f02821004ebe020001000000c8
:102e14009e00780010b120008080400020602100d6
:102e24001040780012c0b300349102000100000089
:102e34001e0f40002060210010407800e44f500035
:102e440010003a009e00780010b12000008040007d
:102e5400f1f92a004ebe0200010000001e0f4000de
:102e64009e00780010b120000080400012c0b30022
:102e7400800078002e409000349102000100000090
:102e84001e0f400030602100104078000004e00074
:102e94000e003200d0b380000090a000d0b38800b0
:102ea400d0b3800000b0a100d0b388000700370081
:102eb4009e00780010b120000080400051fa2a00e2
:102ec4004ebe0200010000001e0f40001e0fe8006d
:102ed40010b120001e0040008040eb000148780043
:102ee4000080fa00000006006e00fa0030379800f7
:102ef4004137980052379800633798000e80e800f5
:102f04009301200000017800f1832a003e309000f4
:102f1400e30507000000e000630032007c00470086
:102f2400630020000001780061fb2a003e3090001d
:102f3400db0507000000e000710032007c00470060
:102f44008000780060b0200002060200000000004b
:102f54000000e0006a003a00300220000e00400049
:102f6400020120008000eb002605020000000000a2
:102f7400300220000e004000c5262200e426220074
:102f840080017800f2c0b3006102200000c5b300e4
:102f9400983b020001000000310320008e804000b5
:102fa400300220000e004000a6bc02000100000018
:102fb4008e80e800300320000e00400016c002009e
:102fc40001000000e54f50004d00360050b02000d5
:102fd40010407800e34f500049003a0050b0200000
:102fe40041c0b300014878004e3090000000e0007a
:102ff400290032005e3090000000e000260032001c
:103004006e3090000000e00023003200d004200065
:103014000e004000a1fb2a004ebe02000100000089
:10302400000f78001e007800d10420008e8040003c
:1030340000804000de3090004ebe0200010000001f
:103044001e0f40001e007800d10420008e80400036
:1030540000804000e1bf2a004ebe020001000000d3
:103064001e0f40001e007800d10420008e80400016
:1030740000804000ee3090004ebe020001000000cf
:103084001e0f4000d00420000e00400012c0b30008
:103094008000eb0030ee0700e01e220011c0b300f8
:1030a40001487800160037000e80e80093012000e4
:1030b40000017800f1e22a003e3090007805070014
:1030c4000000e00007003200ae40900010c3b300df
:1030d40080cf500003003a0050b0200021c0b3005c
:1030e4000148780050b02000104078000004e0004f
:1030f40003003a0050b0200011c0b300014878002a
:10310400e1fb2a0010b120004ebe020001000000c5
:10311400000f78009e00780010b1200080804000ed
:1031240050b02000104078000041eb0034910200c0
:10313400010000001e0f40000080fa00000006009d
:103144001a00fa00889fbe00300f9800410f9800c3
:1031540041fd2a0010b120004ebe02000100000013
:10316400100798009e00900010b1200000804000dd
:1031740031fe2a004ebe0200010000009e009000b5
:1031840000804000100798009e00900010b12000bd
:1031940000804000a1fe2a004ebe02000100000093
:1031a4009e00900000804000100798009e00900050
:1031b40010b1200000804000f1fe2a004ebe020043
:1031c400010000009e00900000804000100798005d
:1031d40065004700c5262200e4262200800178000d
:1031e40032c0b3007103200000c5b300983b020055
:1031f400010000009e00900010b1200000804000fb
:10320400b1ff2a004ebe0200010000009e009000a3
:1032140000804000100798005e409000e14f40009d
:1032240003003a0010c0b300004f780002003700da
:103234000040eb00004f78009e00900010b1200089
:10324400808040005e409000ba92020001000000bd
:103254009e009000008040001007980010c0b3004a
:1032640040479800200037009e00900010b12000d5
:1032740000804000e1502a004ebe02000100000020
:103284009e00900000804000100798009e0090006f
:1032940010b12000808040004e4090000080fb0070
:1032a4000000470050409000ba9202000100000064
:1032b4009e00900000804000100798004e4090004f
:1032c4000080fb000000470050409000e14f4000a8
:1032d400020032000040eb00004f78004e409000a6
:1032e4000040e800404798004e409000e24f5000f4
:1032f400ddff360073004700130020000001780052
:1033040001002b003e089000e50407000000e000e7
:10331400180032000040eb0040579800be50900067
:10332400f0c2b30080cf500007003600be509000ba
:1033340090c3b30080cf500003003e001e407800cd
:10334400e14f500002003a0000c3b3003057980028
:1033540073004700c5262200e4262200800178007d
:1033640012c0b300e101200000c5b300443a0200da
:10337400010000009e00900010b120000080400079
:1033840041002b004ebe0200010000009e00900090
:10339400008040001007980073004700c5262200f3
:1033a400e42622008001780012c0b300e10120006d
:1033b40000c5b300983b0200010000000040eb0090
:1033c40040579800be509000f0c2b30080cf500028
:1033d4000b003600be50900090c3b30080cf500065
:1033e40007003e00be50900000c3b30080cf5000e1
:1033f400100032001e407800e14f50000d003a00ea
:1034040000c3b300305798000040eb0040579800c9
:1034140073004700c5262200e426220080017800bc
:1034240012c0b300e101200000c5b300443a020019
:1034340001000000f30047001e01900010b12000bd
:10344400000041004ebe0200010000009e009000fa
:10345400008040001007980030422100104078009e
:103464000004e000130032009e00900010b1200020
:103474000080400091002b004ebe020001000000bd
:103484009e00900000804000100798003142210007
:103494001e01900010b12000000041004ebe020049
:1034a400010000009e00900000804000100798007a
:1034b400090037009e00900010b1200000804000f9
:1034c40001012b004ebe0200010000009e0090008e
:1034d4000080400010079800a03d210010407800b3
:1034e4000004e000130032009e00900010b12000a0
:1034f4000080400081012b004ebe0200010000004c
:103504009e0090000080400010079800a13d21001b
:103514001e01900010b12000000041004ebe0200c8
:10352400010000009e0090000080400010079800f9
:10353400090037009e00900010b120000080400078
:10354400f1012b004ebe0200010000009e0090001d
:1035540000804000100798009e00900010b12000e9
:103564000080400071022b004ebe020001000000ea
:103574009e0090000080400010079800f13e21005a
:103584001e01900010b12000000041004ebe020058
:10359400010000009e009000008040001007980089
:1035a400690047009300200000017800d1022b003d
:1035b4003e0890003a0407000000e00006003200d4
:1035c4009e48900010c3b30080cf500002003a0020
:1035d40010c0b300004f78001e407800e14f500047
:1035e40068003a0069004700930020000001780059
:1035f40031032b003e089000290407000000e0007e
:10360400600032000040eb0040479800080037009b
:103614004e4090000080fb00000047008040eb001b
:10362400514098004e4090000040e8004047980008
:103634004e409000e24f5000f5ff36000040eb0092
:10364400404798000000eb00100798002600370060
:10365400e90047001e009000008040009040780080
:10366400a0c3b30080cf500004003a004e40900045
:103674000040e80040479800180037004e40900092
:103684000080fb00ce4090008180fb008100470059
:10369400d1409000c408dd0000004700514098006c
:1036a4004e4090000084fb004e4090000080fb00e0
:1036b40000004700d0449000e90047001e0090003d
:1036c4000080400010407800849002000100000057
:1036d40080c0740008004700514098001e0090000c
:1036e4000000e80010079800e90047001e00900061
:1036f40000804000104078000004e0000300320025
:103704004e409000e24f5000d1ff36004e409000f2
:10371400e24f50001b003a0065004700c526220016
:10372400e42622008001780032c0b3007103200037
:1037340000c5b300443a02000100000000c3b30016
:10374400305798000040eb00405798007300470042
:10375400c5262200e42622008001780012c0b300ae
:10376400e101200000c5b300443a0200010000005a
:103774000040eb003057980073004700ce089000db
:103784006ffe07001e0090000000e800100798007c
:1037940011b120001e009000008040008040eb002a
:1037a400014878004f04be000080fa0000000600c3
:1037b4000200fa00000f780071032b0010b1200002
:1037c4004ebe0200010000000080fa000000060066
:1037d4000c00fa0040079800510798000e80e8009a
:1037e4004300200000017800d1042b004e0090001b
:1037f400ab0307000000e0001d0032000e80e8006b
:10380400fa92020001000000000f78000e80e80028
:10381400130020000001780021052b004e009000c9
:103824009f0307000000e00011003200ae4090004a
:1038340000c3b30080cf500005003a001e0078009a
:1038440011c0b3001a28020001000000080037006c
:10385400ae40900010c3b30080cf500004003a0083
:103864001e00780011c0b3004c28020001000000c3
:103874000080fa00000006000600fa001007980015
:103884002107980051052b0010b120004ebe020004
:1038940001000000000f78009e00780010b12000a5
:1038a40000804000f1052b004ebe02000100000024
:1038b4001e0f40009e00780010b1200000804000e0
:1038c400c1062b004ebe0200010000001e0f400086
:1038d4009e00780010b120000080400041072b00ba
:1038e4004ebe0200010000001e0f40009e00780042
:1038f40010b1200000804000f1072b004ebe0200f2
:10390400010000001e0f40009e00780010b120004e
:1039140000804000d1082b004ebe020001000000d0
:103924001e0f40009e00780010b12000008040006f
:1039340041092b004ebe0200010000001e0f400092
:103944009e00780010b1200000804000410a2b0046
:103954004ebe0200010000001e0f40009e007800d1
:1039640010b1200000804000110b2b004ebe02005d
:10397400010000001e0f40000080fa000000060055
:103984000400fa00100798000040eb00004f780094
:103994001e0090000000e00003003a0010c0b300d5
:1039a400004f78002400370000c420001040780045
:1039b4000080fb00620060000000e000170032009d
:1039c4001e00900090407800b0c2b30080cf500039
:1039d40012003a00a020220010407800e14f50006d
:1039e40007003e00a0202200104078008040e8003c
:1039f400a02022000148780010c0b300004f7800d6
:103a04009e009000001f22004ebe02000100000034
:103a1400b020220006400200010000009e00900039
:103a2400001f22004ebe020001000000b020220050
:103a340006400200010000001e4078000080fa00e9
:103a4400000006000e00fa003007980041079800b5
:103a5400520798006307980010b120008040eb00e3
:103a6400014878006400470000017800210c2b0015
:103a74003e009000c0bf0200010000000000e00012
:103a840004003200e01e220011c0b3000148780097
:103a940003003700e01e22008040eb00014878005c
:103aa4003e009000104078000000fb006101b90066
:103ab400f0fb2f00f1ff2f0002004000838048003c
:103ac4005201200003002000820f5000838f580011
:103ad4008f023e0000600100150037002700370008
:103ae400300037006f003700890237009c00370030
:103af400c2003700e6003700f800370084023700c0
:103b040083023700080137002001370080023700a4
:103b14003d0137004f0137007d0237006a0137004d
:103b24008b013700e2013700790237003902370090
:103b3400810c2b003e0090008ebd020001000000ad
:103b44000000e00003003200ce0090003e00900030
:103b5400ebdf0700e10c2b003e0090008ebd02005d
:103b6400010000000000e00048023200ce00900096
:103b74003e009000b3df070065023700410d2b00c3
:103b84003e0090008ebd0200010000000000e00035
:103b940040023200ce0090003e00900077e0070023
:103ba4005b023700810d2b003e0090008ebd0200a9
:103bb400010000000000e00003003200ce0090008d
:103bc4003e009000a5e00700c10d2b003e009000d0
:103bd4008ebd0200010000000000e000030032007e
:103be400ce0090003e0090008ee20700410e2b00b4
:103bf4003e0090008ebd0200010000000000e000c5
:103c040003003200ce0090003e009000f4e2070072
:103c1400a10e2b003e0090008ebd020001000000aa
:103c24000000e00003003200ce0090003e0090004f
:103c340064e60700010f2b003e0090008ebd0200d9
:103c4400010000000000e00003003200ce009000fc
:103c54003e00900050e70700410f2b003e0090000b
:103c64008ebd0200010000000000e00003003200ed
:103c7400ce0090003e009000dfe70700810f2b008c
:103c84003e0090008ebd0200010000000000e00034
:103c940002023200ce0090003e009000fae80700d5
:103ca4001b02370031102b003e0090008ebd020035
:103cb400010000000000e00003003200ce0090008c
:103cc4003e009000ecfe0700a1102b003e00900087
:103cd4008ebd0200010000000000e000040032007c
:103ce4000041eb00ce0090003e0090001aeb07006c
:103cf400d1102b003e0090008ebd02000100000098
:103d04000000e00003003200ce0090003e0090006e
:103d140064ea070031112b003e0090008ebd0200c2
:103d2400010000000000e00003003200ce0090001b
:103d34003e009000d3e9070091112b003e00900053
:103d44008ebd0200010000000000e000d501320039
:103d540080a4200011c0b30001487800ec013700b2
:103d6400e1112b003e0090008ebd02000100000016
:103d74000000e000060032004e0090000000e00069
:103d840003003a00ce0090003e009000efeb0700e5
:103d940031122b003e0090008ebd02000100000095
:103da4000000e000020032003e00900080fe0700a8
:103db40071122b003e0090008ebd02000100000035
:103dc4000000e00003003200ce0090003e009000ae
:103dd4002cea0700b1122b003e0090008ebd0200b9
:103de400010000000000e000b0013200ce009000ad
:103df4003e00900076fe0700c501370051132b00ea
:103e04003e0090008ebd0200010000000000e000b2
:103e140003003200ce0090003e009000fceb07004f
:103e2400a1132b003e0090008ebd02000100000093
:103e34000000e00003003200ce0090003e0090003d
:103e4400a4f10700f1132b003e0090008ebd020088
:103e5400010000000000e00003003200ce009000ea
:103e64003e009000caf2070061142b003e0090004f
:103e74008ebd0200010000000000e0008d01320050
:103e8400ce0090003e009000ecf10700a001370046
:103e9400e1142b003e0090008ebd020001000000e2
:103ea4000000e00003003200ce0090003e009000cd
:103eb40084fa070021152b003e0090008ebd0200fd
:103ec400010000000000e0007c013200ce00900000
:103ed4003e009000c6fa07008d013700b1152b0093
:103ee4003e0090008ebd0200010000000000e000d2
:103ef40003003200ce0090003e00900038f407002a
:103f040001162b003e0090008ebd0200010000004f
:103f14000000e0006b013200ce0090003e009000f3
:103f240065f407007a01370051162b003e0090001b
:103f34008ebd0200010000000000e000030032001a
:103f4400ce0090003e00900049f50700b1162b000a
:103f54003e0090008ebd0200010000000000e00061
:103f640006003a0021172b003e0090008ebd02008f
:103f7400010000000000e00054013200ce00900077
:103f84003e00900085f4070061013700a1172b0063
:103f94003e0090008ebd0200010000000000e00021
:103fa400060032004e0090000000e00003003a00da
:103fb400ce0090003e00900031d8070021182b005d
:103fc4003e0090008ebd0200010000000000e000f1
:103fd40003003200ce0090003e00900097da070004
:103fe40081182b003e0090008ebd020001000000ed
:103ff4000000e00037013200ce0090003e00900047
:10400400bed907004201370001192b003e00900081
:104014008ebd0200010000000000e0000300320039
:10402400ce0090003e00900044dd0700a1192b0053
:104034003e0090008ebd0200010000000000e00080
:1040440026013200ce0090003e00900071dd070092
:104054002f013700111a2b003e0090008ebd020084
:10406400010000000000e00003003200ce009000d8
:104074003e0090001edd0700411a2b003e00900018
:104084008ebd0200010000000000e00004003200c8
:1040940012c0b300ce0090003e0090001df7070050
:1040a400b11a2b003e0090008ebd020001000000fa
:1040b4000000e0000b013200ce0090003e009000b2
:1040c400dff8070012013700211b2b003e0090008f
:1040d4008ebd0200010000000000e0000600320076
:1040e4004e0090000000e00003003a00ce00900073
:1040f4003e0090007bf50700c11b2b003e009000a2
:104104008ebd0200010000000000e0000600320045
:104114004e0090000000e00003003a00ce00900042
:104124003e009000b8f50700511c2b003e009000a3
:104134008ebd0200010000000000e000eb00320030
:10414400ce0090003e0090008df50700f00037008f
:10415400c11c2b003e0090008ebd02000100000037
:104164000000e00003003200ce0090003e0090000a
:10417400cef50700411d2b003e0090008ebd0200cd
:10418400010000000000e00003003200ce009000b7
:104194003e0090009ce70700e11d2b003e009000cc
:1041a4008ebd0200010000000000e00005003200a6
:1041b4000041eb00ce0090003e009000d5f60700d1
:1041c400d3003700111e2b003e0090008ebd02006c
:1041d400010000000000e000050032004e009000e5
:1041e4000000e00002003a003e00900053f6070091
:1041f400511e2b003e0090008ebd02000100000005
:104204000000e000050032004e0090000000e000d5
:1042140002003a003e00900022f60700811e2b00a7
:104224003e0090008ebd0200010000000000e0008e
:1042340003003200ce0090003e00900058f60700c4
:1042440031752a003e0090008ebd0200010000007e
:104254000000e00003003200ce0090003e00900019
:104264007cf60700f11e2b003e0090008ebd02007c
:10427400010000000000e00003003200ce009000c6
:104284003e00900044f70700711f2b003e00900091
:104294008ebd0200010000000000e0009500320025
:1042a400ce0090003e0090008ff607009800370083
:1042b400b11f2b003e0090008ebd020001000000e3
:1042c4000000e000290032004e0090000000e000f1
:1042d40026003a0060802000104078000004e000ce
:1042e40004003200608020008040eb000148780028
:1042f400030037006080200011c0b300014878003b
:1043040011202b0010b120004ebe0200010000005d
:10431400200798002e0090008000780010b1200043
:104324008080400060802000104078000041eb0055
:104334003491020001000000ae0090000100400032
:10434400200798002e0090008000780010b1200013
:1043540000804000b14b2a004ebe02000100000064
:10436400ae0090000100400020079800d1202b00ef
:104374003e0090008ebd0200010000000000e0003d
:10438400040032004e0090000000e00001003a00fa
:10439400ffff370021212b003e0090008ebd02005c
:1043a400010000000000e000050032004e00900013
:1043b4000000e00002003a003e0090000cf8070004
:1043c40071212b003e0090008ebd02000100000010
:1043d4000000e00003003200ce0090003e00900098
:1043e400a0f7070011222b003e0090008ebd0200b2
:1043f400010000000000e000400032004e00900088
:104404000000e0003f003a003e00900063f7070020
:104414003f003700d1222b003e0090008ebd0200e9
:10442400010000000000e00003003200ce00900014
:104434003e0090001ef8070021232b003e00900050
:104444008ebd0200010000000000e0000300320005
:10445400ce0090003e00900039fb0700a1232b0002
:104464003e0090008ebd0200010000000000e0004c
:1044740026003200ee0190005e019000ce00900014
:104484003e00900098fa0700210037000000000069
:104494001f003700000000001d003700000000006e
:1044a4001b00370000000000190037000000000066
:1044b400170037000000000015003700000000005e
:1044c4001300370000000000110037000000000056
:1044d4000f003700000000000d003700000000004e
:1044e4000b00370000000000090037000000000046
:1044f400070037000000000005003700000000003e
:104504000300370000000000010037000000000035
:10451400e01e2200104078000004e0000700320092
:1045240010b120008040eb0001487800a0ae2000cc
:10453400a1c0b300014878005700370010b1200033
:10454400104078000004e00034003a004e0090006f
:104554000bfd0700204798002e4090000004e00067
:104564002200320091242b0010b120004ebe020024
:1045740001000000200798000000eb00000f780005
:104584000b0037002e0090009e0078003e01900042
:10459400810041001141780011b12000827078003f
:1045a4002e0090000000e800200798001e0fe8008d
:1045b400ae009000400a2000808f500006003c00ae
:1045c4001e007800be00900000804000104078007b
:1045d4000004e000ebff3a002e00900011b120002f
:1045e4000041eb00827078001b0037001ec30200fc
:1045f4000100000010252b00e0c2020001000000b1
:104604004e009000e0c2020001000000b04b2a00fe
:10461400e0c20200010000000f0037004e009000cd
:104624000000e00009003200ce009000001f2200cc
:1046340002060200000000000000e00003003a004f
:10464400a02022008040eb0001487800a0ae2000aa
:10465400e1c1b300014878004e0090000000e00082
:104664000d003a0010b12000104078000004e00072
:104674000900320010b12000e0c202000100000075
:10468400b04b2a00e0c202000100000010b120007b
:104694008040eb00014878000080fa00000006002a
:1046a4000e00fa003007980041079800520798005e
:1046b400630798000000eb00000f78003e009000b4
:1046c4000000e0004300320064004700000178006d
:1046d400ce0090003e009000c0bf02000100000028
:1046e4000000e0003b0032004e009000ec9002001d
:1046f40001000000ae009000010040002007980077
:104704000000eb00100798000e0037001e00900018
:10471400de00900000804000ae0090003e0190005a
:104724008100410091407800014878002e009000fb
:104734000000e800200798001e0090000000e80038
:10474400100798009e0090006e009000808f50002b
:1047540019003d002e009000be0090000080400033
:104764009040780000c2b30080cf500012003200a5
:104774002e009000be0090000080400010407800a1
:10478400ea4f50000c0032002e009000be00900052
:104794000080400010407800ed4f500006003200c9
:1047a4002e009000be009000008040001040780071
:1047b4000004e000d5ff3a001e009000de009000e7
:1047c400008040008040eb00014878001000200089
:1047d400000f78001e0078000080fa000000060038
:1047e4000e00fa003007980041079800520798001d
:1047f400630798000000eb00000f78003e00900073
:104804000000e0004300320064004700000178002b
:10481400ce0090003e009000c0bf020001000000e6
:104824000000e0003b0032004e009000ec900200db
:1048340001000000ae009000010040002007980035
:104844000000eb00100798000e0037001e009000d7
:10485400de00900000804000ae0090003e01900019
:104864008100410091407800014878002e009000ba
:104874000000e800200798001e0090000000e800f7
:10488400100798009e0090006e009000808f5000ea
:1048940019003d002e009000be00900000804000f2
:1048a4009040780000c2b30080cf50001200320064
:1048b4002e009000be009000008040001040780060
:1048c400ea4f50000c0032002e009000be00900011
:1048d4000080400010407800ed4f50000600320088
:1048e4002e009000be009000008040001040780030
:1048f4000004e000d5ff3a001e009000de009000a6
:10490400008040008040eb00014878001000200047
:10491400000f78001e0078000080fa0000000600f6
:104924000400fa00100798000040eb00004f7800e4
:10493400040037001e0090000000e80010079800f3
:104944001e4fe8001e0090001040780022bf0200b5
:10495400010000000000e000f6ff3a001e4078006d
:10496400e44f500003003a0010c0b300004f780039
:10497400020037000040eb00004f78001e40780032
:104984000080fa00000006000800fa0010079800f2
:1049940021079800624798006e4090000080fb0059
:1049a40061006000004078000004e000070032006d
:1049b40012c0b300ae0090001e0090003ca502009f
:1049c40001000000004f7800060037000041eb00b2
:1049d400ae0090001e0090003ca502000100000003
:1049e400004f78001e407800e14f500008003a0064
:1049f4008042eb000002eb008001eb008297210073
:104a0400718d2100a0262b0057d507000700370021
:104a14008042eb000002eb008001eb001e019000dd
:104a2400ae00900020272b004fd507001e407800d1
:104a34000080fa00000006000600fa001007980043
:104a440021079800ae0090001e009000eaa5020025
:104a540001000000004f78001e407800e14f500034
:104a640008003a0015c0b3000002eb008001eb001f
:104a74001e01900061502100a0262b003ad50700aa
:104a84000700370015c0b3000002eb008001eb0003
:104a94001e019000ae00900020272b0032d50700a5
:104aa4001e4078000080fa00000006000800fa00aa
:104ab400204798002107980032079800a1272b006f
:104ac40090a420004ebe020001000000000f7800f8
:104ad400420120008000eb0020e9200026050200ae
:104ae4000000000020e92000c5262200e426220060
:104af4008001780042c1b3004100200000c5b3002a
:104b0400983b02000100000060ea20008040eb00b6
:104b1400014878009e00780090a4200000804000a6
:104b240021e920004ebe0200010000001e0f4000db
:104b34009e00780090a420000080400071282b0083
:104b44004ebe0200010000001e0f40009e007800cf
:104b540090a4200000804000be0090004ebe0200e1
:104b6400010000001e0f40009e00780090a4200069
:104b740000804000b1872a004ebe02000100000000
:104b84001e0f40009e00780090a42000008040008a
:104b94000041eb00800078002e4090003491020028
:104ba400010000001e0f40009e00780090a4200029
:104bb40000804000e1522a004ebe020001000000c5
:104bc4001e0f40009e00780090a4200080804000ca
:104bd40090628000428f0200010000001e0f40001e
:104be4009e00780090a4200000804000d1282b0073
:104bf4004ebe0200010000001e0f40009e0078001f
:104c040090a4200000804000062302000100000060
:104c14000080fb001e0f400012c0b30091a42000ce
:104c24002e00900058ff07000080fa0000000600e4
:104c34000c00fa00204798002107980032079800da
:104c440043079800244f9800354f98002e48900051
:104c54000004e0000600320021292b0090a420006b
:104c64004ebe020001000000000f7800050037006e
:104c7400312a2b0090a420004ebe02000100000047
:104c8400000f7800420120008000eb0020e92000a2
:104c9400260502000000000020e92000c5262200ad
:104ca400e42622008001780042c1b30041002000c4
:104cb40000c5b300983b02000100000060ea200038
:104cc4008040eb00014878009e00780090a420000a
:104cd4000080400021e920004ebe020001000000d7
:104ce4001e0f40002e4890000004e000080032002f
:104cf4009e00780090a4200000804000012b2b002f
:104d04004ebe0200010000001e0f400007003700e5
:104d14009e00780090a4200000804000b1472a0043
:104d24004ebe0200010000001e0f40009e007800ed
:104d340090a4200000804000be0090004ebe0200ff
:104d4400010000001e0f40002e4890000004e00007
:104d540022003a003e4890000004e00010003a00af
:104d64009e00780090a4200000804000b1872a00b3
:104d74004ebe0200010000001e0f40009e0078009d
:104d840090a42000008040000041eb0080007800e7
:104d94002e40900034910200010000001e0f4000dc
:104da4009e00780090a4200000804000e1522a0078
:104db4004ebe0200010000001e0f40009e0078005d
:104dc40090a420008080400090628000428f020006
:104dd400010000001e0f40000e0037009e00780006
:104de40090a4200000804000712b2b004ebe0200d6
:104df400010000001e0f40009e00780090a42000d7
:104e04008080400090628000428f02000100000018
:104e14001e0f40002e4890000004e00008003200fd
:104e24009e00780090a4200000804000f12b2b000d
:104e34004ebe0200010000001e0f400007003700b4
:104e44009e00780090a4200000804000f1462a00d3
:104e54004ebe0200010000001e0f40009e007800bc
:104e640090a4200000804000800078004e00900054
:104e7400428f0200010000001e0f40003e489000d7
:104e84000004e0000400320091a420002e009000f1
:104e9400e9fe07000400370012c0b30091a420000b
:104ea4002e009000b8fe07000080fa000000060003
:104eb4000c00fa0020479800210798003207980058
:104ec40043079800244f9800512c2b0090a42000f5
:104ed4004ebe020001000000000f780042012000d5
:104ee4008000eb0020e920002605020000000000fd
:104ef40020e92000c5262200e42622008001780053
:104f040042c1b3004100200000c5b300983b020039
:104f14000100000060ea20008040eb0001487800b6
:104f24009e00780090a420000080400021e9200029
:104f34004ebe0200010000001e0f40009e007800db
:104f440090a4200000804000b1472a004ebe020019
:104f5400010000001e0f40009e00780090a4200075
:104f640000804000be0090004ebe02000100000020
:104f74001e0f40009e00780090a420000080400096
:104f8400b1872a004ebe0200010000001e0f40003f
:104f94009e00780090a42000008040000041eb00b7
:104fa400800078002e40900034910200010000003f
:104fb4001e0f40009e00780090a420000080400056
:104fc400f1462a004ebe0200010000001e0f400000
:104fd4009e00780090a420000080400080007800ab
:104fe4004e009000428f0200010000001e0f40009e
:104ff4009e00780090a4200000804000e1522a0026
:105004004ebe0200010000001e0f40009e0078000a
:1050140090a420008080400090628000428f0200b3
:10502400010000002e4890000004e000040032005b
:1050340091a420002e0090007ffe0700040037009a
:1050440012c0b30091a420002e0090004efe070071
:105054000080fa00000006000a00fa0020479800c9
:105064002107980032079800034f9800212d2b0048
:1050740090a420004ebe020001000000000f780042
:10508400420120008000eb0020e9200026050200f8
:105094000000000020e92000c5262200e4262200aa
:1050a4008001780042c1b3004100200000c5b30074
:1050b400983b02000100000060ea20008040eb0001
:1050c400014878009e00780090a4200000804000f1
:1050d40021e920004ebe0200010000001e0f400026
:1050e4009e00780090a4200000804000b1472a0070
:1050f4004ebe0200010000001e0f40009e0078001a
:1051040090a4200000804000be0090004ebe02002b
:10511400010000001e0f40009e00780090a42000b3
:1051240000804000b1872a004ebe0200010000004a
:105134001e0f40009e00780090a4200000804000d4
:105144000041eb00800078002e4090003491020072
:10515400010000001e0f40009e00780090a4200073
:1051640000804000e1522a004ebe0200010000000f
:105174001e0f40009e00780090a420008080400014
:1051840090628000428f0200010000000e489000ef
:105194000004e0000400320091a420002e009000de
:1051a40025fe07000400370012c0b30091a42000bc
:1051b4002e009000f4fd07000080fa0000000600b5
:1051c4000e00fa0020479800210798003207980043
:1051d400034f9800144f9800254f9800364f9800bd
:1051e400474f98004e4890000004e000060032004b
:1051f400f12d2b0090a420004ebe020001000000ff
:10520400000f780005003700d12e2b0090a4200059
:105214004ebe020001000000000f78004201200091
:105224008000eb0020e920002605020000000000b9
:1052340020e92000c5262200e4262200800178000f
:1052440042c1b3004100200000c5b300983b0200f6
:105254000100000060ea20008040eb000148780073
:105264009e00780090a420000080400021e92000e6
:105274004ebe0200010000001e0f40004e48900088
:105284000004e000080032009e00780090a4200092
:1052940000804000012b2b004ebe020001000000e4
:1052a4001e0f4000070037009e00780090a42000e5
:1052b40000804000b1472a004ebe020001000000f9
:1052c4001e0f40009e00780090a420000080400043
:1052d400be0090004ebe0200010000001e0f400000
:1052e4004e4890000004e0004f0032009e00780019
:1052f40090a4200000804000712b2b004ebe0200c1
:10530400010000001e0f40009e00780090a42000c1
:105314008080400090628000428f02000100000003
:105324001e0f40009e00780090a4200000804000e2
:10533400a12f2b004ebe0200010000001e0f4000f2
:105344009e00780090a42000008040000041eb0003
:10535400800078000e4890003491020001000000a3
:105364001e0f40009e00780090a4200000804000a2
:10537400a1502a004ebe0200010000001e0f400092
:105384009e00780090a42000008040000041eb00c3
:10539400800078001e489000349102000100000053
:1053a4001e0f40009e00780090a420000080400062
:1053b400f12f2b004ebe0200010000001e0f400022
:1053c4009e00780090a42000008040000041eb0083
:1053d400800078003e4890003491020001000000f3
:1053e4001e0f40009e00780090a420000080400022
:1053f40041302b004ebe0200010000001e0f400091
:105404009e00780090a42000008040000041eb0042
:10541400800078002e4890003491020001000000c2
:105424001e0f40001e0037009e00780090a420004c
:1054340000804000b1872a004ebe02000100000037
:105444001e0f40009e00780090a4200000804000c1
:105454000041eb00800078002e409000349102005f
:10546400010000001e0f40009e00780090a4200060
:1054740000804000e1522a004ebe020001000000fc
:105484001e0f40009e00780090a420008080400001
:1054940090628000428f0200010000001e0f400055
:1054a4000ef897000004e0000400320091a42000ec
:1054b4002e00900060fd07000400370012c0b30006
:1054c40091a420002e0090002ffd07000080fa0018
:1054d400000006000600fa00204798002107980003
:1054e400a1302b0090a420004ebe02000100000059
:1054f400000f7800420120008000eb0020e920002a
:10550400260502000000000020e92000c526220034
:10551400e42622008001780042c1b300410020004b
:1055240000c5b300983b02000100000060ea2000bf
:105534008040eb00014878009e00780090a4200091
:105544000080400021e920004ebe0200010000005e
:105554001e0f40009e00780090a4200000804000b0
:10556400b1872a004ebe0200010000001e0f400059
:105574009e00780090a42000008040000041eb00d1
:10558400800078002e409000349102000100000059
:105594001e0f40009e00780090a420000080400070
:1055a400e1522a004ebe0200010000001e0f40001e
:1055b4009e00780090a420008080400090628000cb
:1055c400428f02000100000022c0b30091a4200019
:1055d4002e009000ecfc07000080fa00000006009a
:1055e4000a00fa00204798002107980062479800b3
:1055f4004307980071312b0090a420004ebe020096
:1056040001000000000f7800420120008000eb0040
:1056140020e92000260502000000000020e9200007
:10562400c5262200e42622008001780042c1b3008e
:105634004100200000c5b300983b020001000000b7
:1056440060ea20008040eb00014878009e0078006a
:1056540090a420000080400021e920004ebe0200fa
:10566400010000001e0f40009e00780090a420005e
:1056740000804000b1472a004ebe02000100000035
:105684001e0f40009e00780090a42000008040007f
:10569400ce0090004ebe0200010000001e0f40002c
:1056a4009e00780090a4200000804000a12f2b00d1
:1056b4004ebe0200010000001e0f40009e00780054
:1056c40090a42000008040000041eb00800078009e
:1056d4006e40900034910200010000001e0f400053
:1056e4009e00780090a4200000804000b1872a002a
:1056f4004ebe0200010000001e0f40009e00780014
:1057040090a42000008040000041eb00800078005d
:105714002e40900034910200010000001e0f400052
:105724009e00780090a4200000804000e1522a00ee
:105734004ebe0200010000001e0f40009e007800d3
:1057440090a420008080400090628000428f02007c
:105754000100000012c0b30091a420002e009000ac
:1057640089fc07000080fa00000006009a00fa0095
:10577400408f9800e3618000d261800070c32000f4
:10578400104078008080fb0060c220001040780048
:105794000080fb00831f7800821f7800811f78003f
:1057a400801f780070c22000801f7800ce8890008f
:1057b400811f780060382900801f78000e0078006f
:1057c400d604020000000000ee8757000040eb0002
:1057d400605799000e007800e0c20200010000004a
:1057e4000080fa00000006000800fa00000f7800ac
:1057f40021479800220798003307980060c22000d0
:1058040011c0b300014878002e4090000004e0006d
:105814000700320060c22000104078008040780009
:105824000114a00060c2200001487800060037007f
:1058340060c2200010407800804078000114a1006c
:1058440060c2200001487800f20020009e00780029
:1058540070c22000800602000000000060c3200027
:105864008040eb000148780080c32000e1c1b30010
:1058740001487800ae009000d1618800be0090001d
:10588400e1618800c20020009e007800a03a29004f
:1058940056060200000000000000e000070032008d
:1058a400c20020009e007800703b290056060200ca
:1058b400000000000000e00004003a0040c5b3000e
:1058c400d4a70200010000000300370040c4b30065
:1058d400d4a7020001000000403c2900a3ff0700f8
:1058e4000080fa00000006000000fa0070c32000e7
:1058f400104078000080fb006100600000407800e8
:105904000004e00009003200a20120008000eb0046
:1059140060c22000260502000000000080c32000b1
:1059240031c0b3000148780005003700a20120000f
:105934008000eb0060c22000260502000000000089
:10594400c03c290089ff07000080fa00000006001f
:105954000400fa00204798000040eb00004f780054
:105964002e4090000004e0001300320040e72000c5
:10597400104078008040e80040e7200001487800ab
:1059840040e7200010407800ea4f50000d00360038
:10599400800e2000c0968800f0f1200010407800ae
:1059a4008040e800f0f120000148780010c0b30006
:1059b400004f78000300370040e720008040eb00f0
:1059c400014878001e4078000080fa0000000600bc
:1059d4000200fa00004f780000c420001040780054
:1059e4000080fb0061006000004078000004e000db
:1059f4003d0032001e407800ed4f5000030032009d
:105a04001e407800ea4f50001c003a0030e72000a6
:105a1400104078000004e0001400320030e7200059
:105a24009040780070ccb30080cf50000f003e004f
:105a340030e72000104078000080fb00a1da20004d
:105a44000041eb0082707800203d2900e0c2020092
:105a540001000000a0da2000e0c202000100000002
:105a6400d03d2900e0c202000100000030e7200020
:105a74008040eb00014878001b00370030e720002d
:105a84009040780070ccb30080cf500016003e00e8
:105a940030e72000104078000080fb001e417800b1
:105aa400a1da20008270780030e7200010407800ee
:105ab4008040e80030e7200001487800d08a2100c7
:105ac400104078009e40780080cf500006003a00d5
:105ad400d08a2100104078000004e0000200320067
:105ae400a0c0b300baff07000080fa00000006005f
:105af4000200fa00004f780000c420001040780033
:105b04000080fb0061006000004078000004e000b9
:105b1400390032001e407800ed4f5000030032007f
:105b24001e407800ea4f500021003a0090da20002d
:105b3400104078000004e0002f00320090da2000ca
:105b44009040780080ccb30080cf500029003e0004
:105b540090da2000104078000080fb0001ce200085
:105b64000041eb0082707800003e2900e0c2020090
:105b74000100000000ce2000e0c20200010000008d
:105b8400b03e2900e0c202000100000090da2000cb
:105b94008040eb0001487800820c20008000eb007c
:105ba40000ce20002605020000000000120037008d
:105bb40090da20009040780070ccb30080cf500081
:105bc4000d003e0090da2000104078000080fb00b9
:105bd4001e41780001ce20008270780090da200007
:105be400104078008040e80090da200001487800f6
:105bf40001003700000000000080fa0000000600e9
:105c04004800fa00881f780060c798000040eb0045
:105c1400104798000000eb00300f98000040eb00a4
:105c2400405798006ec0900069ff0700c08c2100a7
:105c3400904078006ec0900080cf50000b003a0076
:105c440060c680000090a00060c6880080c2b300d7
:105c54005fff070010c3b3005dff070090c2b300ed
:105c64005bff0700d0c0b30059ff0700e08c2100a0
:105c7400904078006ec0900080cf500013003a002e
:105c840061c6800000202000008060000000e00069
:105c94000e003200e08c21008040eb0001487800c7
:105ca40070c680000090a00070c6880080c2b30057
:105cb40047ff070020c3b30045ff070090c2b300ad
:105cc40043ff0700d0c0b30041ff070091c6800026
:105cd40000102000008060000000e000100032008e
:105ce4007600470000017800d13e29002068210099
:105cf400c0bf020001000000405798004e509000c1
:105d04000004e0000600320090c680000090a0006d
:105d140090c6880090c680000080a10090c68800cc
:105d2400a1c6800000102000008060000000e00098
:105d3400100032007600470000017800113f29006e
:105d440020682100c0bf02000100000040579800f5
:105d54004e5090000004e00006003200a0c680000f
:105d64000090a000a0c68800a0c680000080a1000a
:105d7400a0c6880081c6800000102000008060005a
:105d84000000e000580032006ec090000080fb006c
:105d9400ed0f500023003200ed0f500003003c00d3
:105da400ea0f5000310032004f003700b1042000e8
:105db400810f50000f003200f1042000810f5000c9
:105dc40049003a00008d210010407800e24f500055
:105dd40004003a00008d210031c0b300014878006e
:105de40041003700008d21008040eb00014878001d
:105df4003d003700008d210010407800e34f500033
:105e040004003a00008d210041c0b300014878002d
:105e140035003700008d21008040eb0001487800f8
:105e240031003700008d2100104078000004e000ac
:105e340004003200008d210010407800e44f50002f
:105e440006003a00008d2100104078008040e800f0
:105e5400008d21000148780023003700008d2100c7
:105e640011c0b300014878001f003700008d2100e5
:105e740010407800e14f500004003200008d2100f2
:105e840010407800e54f500013003a00008d2100c7
:105e9400104078008040e800008d2100014878001f
:105ea400008d210010407800e64f500008003a00b1
:105eb40080c680000090a00080c6880080c6800054
:105ec4000080a10080c688000040eb00a0fe07000f
:105ed4000000000004003700008d21008040eb002a
:105ee40001487800000000006ec09000ea4f5000a6
:105ef4005d083a00f0ad210010407800e14f5000f9
:105f04003a003a0081c68000002020000080600032
:105f14000000e00035003200e0cc80000000a0006a
:105f2400e0cc8800e0cc80000010a000e0cc880029
:105f340070d3800081d3800061004000e08048007d
:105f440070d3880081d3880020a7210010407800f6
:105f5400e14f40000500320020a7210010407800e6
:105f64008040e80020a7210001487800f0ad21001e
:105f74008040eb0001487800e0cc80000030a100b4
:105f8400e0cc8800c0a6210010407800e14f50000a
:105f940016003600c0a62100104078000080fb00e7
:105fa4008000e900c09921000080400090409000ea
:105fb400c0c7b30080cf50000c003a00c0a6210037
:105fc400104078008040e900c0a621000148780014
:105fd400c0a62100104078008080fb00c0992100f9
:105fe400008040008040eb001140980000b4800025
:105ff4000000e0002a08320000b48000216821007b
:106004000041eb0082707800f0ad21001040780070
:10601400e14f50000f003a0000b4800021682100d5
:10602400c2c7b3008270780001b48000d00f200092
:10603400808f500003003e0000b480000000e800a0
:1060440000b4880000b48000216821000041eb0006
:10605400827078000000eb0020079800008d21007a
:1060640010407800e54f500025003200008d2100db
:1060740010407800e64f50002100320021682100d2
:10608400207821004ebe02000100000080ae2100f5
:10609400104078000004e00019003200207821004c
:1060a400260602000000000000407800004178004d
:1060b40081ae21002078210018be020001000000fa
:1060c4000000e0000e00320042012000913f290050
:1060d400e0bc20001805020000000000e0bc200025
:1060e400e0c202000100000070ae210011c0b30044
:1060f4000148780080ae21008040eb000148780020
:10610400605e80000000e00011003500605e8000e9
:106114000000e0000e003c00007a21008040eb000b
:1061240001487800f23e2100605e80007f00b900e3
:106134000000780000004100217821008cbe02009c
:1061440001000000605e80000000e800605e8800de
:10615400e0cc8000610060000000e000ff013a0034
:10616400e0cc8000620060000000e000fb013a0027
:1061740000b48000e70f50007f01360072c0b30006
:10618400d14029002068210018be0200010000004f
:106194000000e0007801320010c0b300004f780026
:1061a400272c0700f0ad2100104078000004e00027
:1061b400a2013a00f0ad210011c0b30001487800fb
:1061c400e0cc80000020a000e0cc880070c0b300c8
:1061d400104798000000eb0050d388001f003700e0
:1061e4001e4090000080fb0021682100e1407800ff
:1061f400f0c2b30080cf5000150034001e40900060
:106204000080fb0021682100e140780090c3b300c6
:1062140080cf50000e003c0050d380006a00b900cb
:106224000000780050d3880058d380001e409000ae
:106234000080fb0021682100614078008490020006
:10624400010000000080fb000000440050d38800df
:106254001e4090000040e800104798001e40900047
:106264008080fb0000b48000808f50000d0031005e
:106274001e4090000080fb002168210061407800ee
:106284000004e000070032001e4090000080fb0084
:1062940021682100e1407800c0c2b30080cf5000e3
:1062a400cfff3a001e4090008080fb0000b48000c5
:1062b400808f5000270131001e4090000080fb00b9
:1062c40021682100e1407800c0c2b30080cf5000b3
:1062d40020013a001e4090000040e800104798005a
:1062e4001e4090000080fb0021682100614078007e
:1062f4000004e000070032001e4090000080fb0014
:1063040021682100e1407800c0c2b30080cf500072
:10631400f0ff3a001e4090000080fb00216821003d
:10632400e1407800c0c2b30080cf500009013a00b8
:106334001e4090000040e800104798001e40900066
:106344000080fb0021682100e140780020c2b300f6
:1063540080cf5000ff003a000000eb0010079800c7
:106364001e4090000040e800104798000e003700df
:106374001e4090000080fb0021682100e14078006d
:106384001e019000e0a321000000410001487800b4
:106394001e4090000040e800104798001e00900046
:1063a4000000e800100798001e4090008080fb0069
:1063b40000b48000808f5000100031001e40900017
:1063c4000080fb0021682100614078000004e000a7
:1063d4000a0032001e4090000080fb00216821006a
:1063e400e140780020c2b30080cf500003003200a7
:1063f4001e009000f80f5000ddff34009e00900056
:10640400e0a32100008040008040eb0001487800b8
:106414001e4090008080fb0000b48000808f5000fc
:10642400cc0031001e4090000080fb002168210058
:10643400614078000004e000c60032001e40900075
:106444000040e800104798001e4090000080fb00c8
:1064540021682100614078000004e0000700320058
:106464001e4090000080fb0021682100e14078007c
:10647400c0c2b30080cf5000f0ff3a001e4090002d
:106484000080fb0021682100e1407800c0c2b30015
:1064940080cf5000af003a001e4090000040e8005a
:1064a400104798001e4090000080fb0021682100e6
:1064b400614078000004e000070032001e409000b4
:1064c4000080fb0021682100e1407800c0c2b300d5
:1064d40080cf5000f0ff3a001e4090000080fb0087
:1064e40021682100e1407800c0c2b30080cf500091
:1064f40098003a001e4090000040e80010479800c1
:106504001e4090000080fb0021682100e1407800db
:1065140020c2b30080cf50008e003a001e4090008d
:106524000040e80010479800c0a621008040eb001e
:106534000148780015003700c0a6210010407800fb
:106544000081fb001e4090000080fb0021682100b8
:10655400e140780080a52100000041000148780056
:106564001e4090000040e80010479800c0a621009b
:10657400104078008040e800c0a62100014878005f
:106584002e0090000000e800200798001e409000b4
:106594008080fb0000b48000808f50001100310027
:1065a4001e4090000080fb002168210061407800bb
:1065b4000004e0000b0032001e4090000080fb004d
:1065c40021682100e1407800c0c2b30080cf5000b0
:1065d40004003200c0a6210010407800e74f5000ac
:1065e400d5ff3600ae009000f0092000808f5000e7
:1065f40058003c00c0a62100104078008080fb00b9
:1066040080a52100008040008040eb000148780014
:10661400030037001e4090000040e8001047980037
:106624001e4090000080fb0021682100614078003a
:106634000004e000070032001e4090000080fb00d0
:1066440021682100e1407800c0c2b30080cf50002f
:10665400f0ff3a001e4090000080fb0021682100fa
:10666400e1407800c0c2b30080cf500039003a0046
:106674001e4090000040e80010479800c0a621008a
:106684008040eb000148780012003700c0a62100ca
:10669400104078000081fb001e4090000080fb0049
:1066a40021682100e140780000a62100000041009b
:1066b400114098001e4090000040e80010479800e8
:1066c400c0a62100104078008040e800c0a6210048
:1066d400014878001e4090008080fb0000b48000d8
:1066e400808f5000110031001e4090000080fb009c
:1066f40021682100614078000004e0000b003200b2
:106704001e4090000080fb0021682100e1407800d9
:10671400b0c2b30080cf500004003200c0a62100f4
:1067240010407800e74f5000d8ff3600c0a6210083
:10673400104078008080fb0000a62100008040000b
:106744008040eb0011409800e0cc80000020a100c4
:10675400e0cc8800c0a621008040eb00014878000e
:10676400d09921008040eb000148780020c0b3009c
:10677400004f7800310037000040eb00004f7800f4
:1067840081c6800000202000008060000000e0003e
:106794002a003a00f0ad210010407800e14f50008b
:1067a40026003a000040eb00104798001200370022
:1067b400c0a62100104078000081fb001e4090001c
:1067c4000080fb0021682100e1407800c09921008d
:1067d40000004100114098001e4090000040e80075
:1067e40010479800c0a62100104078008040e800bf
:1067f400c0a62100014878001e4090008080fb0064
:1068040000b48000808f500005003100c0a6210034
:1068140090407800f0c9b30080cf5000e4ff360008
:10682400c0a62100104078008080fb00c0992100a0
:10683400008040008040eb0011409800f0ad210042
:1068440010407800e14f500044003a001e407800a8
:10685400e14f50000500320081c680000020200076
:10686400008060000000e0003c003200e0cc8000ca
:106874000000a000e0cc8800e0cc80000010a00064
:10688400e0cc880070d3800081d380006100400098
:10689400e080480070d3880081d38800f0ad2100e7
:1068a4008040eb000148780020a7210010407800c8
:1068b400e14f40000500320020a72100104078007d
:1068c4008040e80020a72100014878001e4078009d
:1068d4000004e00004003200e0cc80000030a0009e
:1068e400e0cc880003003700e0cc80000030a10039
:1068f400e0cc8800c0a6210010407800e14f500091
:1069040016003600c0a62100104078000080fb006d
:106914008000e900c0992100008040009040900070
:10692400c0c7b30080cf50000c003a00c0a62100bd
:10693400104078008040e900c0a62100014878009a
:10694400c0a62100104078008080fb00c09921007f
:10695400008040008040eb0011409800f0ad210021
:10696400104078000004e000bc053a0052c0b300b7
:10697400514129002068210018be020001000000d6
:106984000000e0000e003a00a2c0b300b1412900ab
:106994002068210018be0200010000000000e00091
:1069a40007003a00a2c0b300614229002068210018
:1069b40018be0200010000000000e0001a003200ce
:1069c400e0022100c210200021f22000180502007c
:1069d4000000000000f0200006400200010000005a
:1069e4007200200001f0200020022100180502009e
:1069f400000000002168210020f220008cbe02006b
:106a040001000000c09680005081880050c520001d
:106a140090407800c00221000148780060ae210057
:106a240011c0b3000148780082c1b30011432900aa
:106a34002068210018be0200010000000000e000f0
:106a44002c00320070c32000104078000080fb004e
:106a5400680060000000e0001600320060c2200000
:106a6400104078000080fb00640060000000e0003b
:106a740010003a0070c320008040eb000148780009
:106a840060c2200021c0b3000148780060c2200029
:106a940010407800804078000104a00060c220000b
:106aa40001487800e0c3200031c0b30001487800f9
:106ab4001000370060c22000104078000080fb0006
:106ac40061006000004078000004e000040032002f
:106ad40070c320008040eb000148780005003700b7
:106ae400a20120008000eb0060c220002605020005
:106af4000000000032c0b300a14429002068210036
:106b040018be0200010000000000e0000500320091
:106b1400e0442900e0c2020001000000100020004f
:106b2400c0968800a2c0b300d14629002068210085
:106b340018be0200010000000000e00094003200d2
:106b4400705a210090407800a0c5b30080cf500057
:106b54008f003a00c0c0b300104798001e40900058
:106b64000080fb006300400021682100e1407800c0
:106b740020c2b30080cf500012003a001e409000a3
:106b840063404000104798001e4090000080fb00c6
:106b94006300400021682100e140780020c2b30076
:106ba40080cf5000040032001e409000634040003b
:106bb4001047980050003700c0c0b3001047980039
:106bc4004d0037001e4090000080fb006400400030
:106bd40021682100e140780020c2b30080cf50003a
:106be40012003a001e409000644040001047980094
:106bf4001e4090000080fb006300400021682100db
:106c0400e140780020c2b30080cf5000040032007d
:106c14001e40900063404000104798003600370043
:106c2400c0c0b30010479800330037001e409000e6
:106c34000080fb006500400021682100e1407800ed
:106c440020c2b30080cf500012003a001e409000d2
:106c540065404000104798001e4090000080fb00f3
:106c64006300400021682100e140780020c2b300a5
:106c740080cf5000040032001e409000634040006a
:106c8400104798001c003700c0c0b300104798009c
:106c9400190037001e4090000080fb006700400090
:106ca40021682100e140780020c2b30080cf500069
:106cb40011003a001e4090006740400010479800c1
:106cc4001e4090000080fb0063004000216821000a
:106cd400e140780020c2b30080cf500004003200ad
:106ce4001e409000634040001047980002003700a7
:106cf400c0c0b300104798001e409000ec4f5000f5
:106d0400230036000000eb00300798000f00370026
:106d14001e4090000080fb00216821006140780043
:106d2400804078003e019000605a2100000041003c
:106d3400114098003e0090000000e80030079800e1
:106d44001e4090000040e800104798001e4090004c
:106d54000080fb0021682100e140780020c2b300dc
:106d640080cf5000eaff3a00705a210032c0b300cd
:106d74008147290018be0200010000000000e00065
:106d840003003200705a2100a1c5b3000148780005
:106d940092c0b300c14729002068210018be020038
:106da400010000000000e00004003200c0af8000d9
:106db4000000a100c0af88000a00370092c0b300f1
:106dc400614829002068210018be0200010000006b
:106dd4000000e00003003200c0af80000000a0000b
:106de400c0af8800a2c0b300014929002068210077
:106df40018be0200010000000000e000070032009d
:106e0400c1682100705c21004ebe02000100000038
:106e14008022210011c0b30001487800d2c0b30021
:106e2400b14929002068210018be020001000000b9
:106e34000000e0005e0032001069210090407800fc
:106e440000c3b30080cf500009003a00904a2900e3
:106e5400e0c2020001000000d1b38000f0ff28006e
:106e64000080600000c0a000d0b388004c00370050
:106e7400106921009040780070c3b30080cf5000a7
:106e84000a003a00604b2900e0c202000100000041
:106e9400d1b38000f0ff280080806000000025004e
:106ea40001007000d0b388003d0037001069210054
:106eb4009040780010c3b30080cf500038003200f7
:106ec400106921009040780020c3b30080cf5000a7
:106ed40009003a00204c2900e0c202000100000031
:106ee400d1b38000f0ff28000080600000c0a00043
:106ef400d0b388002a003700106921009040780040
:106f040030c3b30080cf500009003a00604b290021
:106f1400e0c2020001000000d1b38000f0ff2800ad
:106f24000080600000e0a000d0b388001c0037009f
:106f3400106921009040780040c3b30080cf500016
:106f440009003a00604b2900e0c202000100000081
:106f5400d1b38000f0ff28000080600000d0a000c2
:106f6400d0b388000e0037001069210090407800eb
:106f740050c3b30080cf500009003a00604b290091
:106f8400e0c2020001000000d1b38000f0ff28003d
:106f9400808060000000230001007000d0b38800ee
:106fa40010692100fa92020001000000e0b3880099
:106fb400f2c0b300014d29002068210018be020070
:106fc400010000000000e0001800320010692100f8
:106fd4009040780000c3b30080cf500006003a0010
:106fe400d1b38000f0ff28000080600000c0a00042
:106ff400d0b388000a003700d1b38000f0ff280026
:10700400808060000000250001007000d0b388007b
:1070140020692100fa92020001000000e0b3880018
:10702400d0b3800000f0a000d0b3880012c1b30038
:10703400014e29002068210018be02000100000052
:107044000000e00003003200d0b380000080a10003
:10705400d0b3880012c1b300214f29002068210059
:1070640018be0200010000000000e000030032002e
:10707400d0b380000080a100d0b38800b2c0b300b8
:10708400415029002068210018be020001000000c0
:107094000000e0000c003200d0682100904078002d
:1070a40000c3b30080cf500004003200f0af800072
:1070b4000080a100f0af880003003700f0af80002b
:1070c4000080a000f0af8800b2c0b30001512900d5
:1070d4002068210018be0200010000000000e0004a
:1070e40003003200f0af80000080a100f0af880000
:1070f400a2c0b300c15129002068210018be0200bb
:10710400010000000000e0000c003200e0682100f3
:107114009040780000c3b30080cf500004003a00d0
:10712400f0af80000090a000f0af880003003700ab
:10713400f0af80000090a100f0af880092c0b300cf
:10714400715229002068210018be020001000000cd
:107154000000e00003003200f0af800000d0a00087
:10716400f0af880072c0b3001153290020682100d9
:1071740018be0200010000000000e0004d003200d3
:1071840070c0b300004f98000040eb00104f98000f
:107194000f0037001e4890000081fb000e4890004d
:1071a4000080fb0021682100e1407800404f21006d
:1071b40000004100014878000e4890000040e800bb
:1071c400004f98001e4890000040e800104f9800bf
:1071d4000e4890000080fb00216821006140780087
:1071e4000004e000070032000e4890000080fb001d
:1071f40021682100e1407800c0c2b30080cf500074
:10720400e4ff3a001e4890008080fb00404f2100bc
:10721400008040008040eb00014878000e48900058
:107224000040e800004f98000040eb00104f980029
:107234000f0037001e4890000081fb001e409000a4
:107244000080fb0021682100e1407800c04f21004c
:1072540000004100114098000e4890000040e800f2
:10726400004f98001e4890000040e800104f98001e
:107274001e4090008080fb0000b48000808f50008e
:10728400060031000e4890000080fb0021682100b8
:10729400614078000004e000e6ff3a001e489000d8
:1072a4008080fb00c04f2100008040008040eb0044
:1072b4001140980060b0210010407800e14f500068
:1072c4007a003a00e05f2100104078000000fb00e3
:1072d400500798000040eb0010479800f1af800081
:1072e40000002800008060000000e000130032006d
:1072f400f0af800000f0a100f0af88005a00370022
:107304001e4090000080fb0021682100e1407800cd
:107314005e019000e04d2100000041001140980002
:107324001e4090000040e800104798005e00900066
:107334000000e8005007980001003700000000003a
:107344001e4090008080fb0000b48000808f5000bd
:10735400100031001e4090000080fb0021682100d5
:10736400614078000004e0000a0032001e409000f2
:107374000080fb0021682100e1407800c0c2b30016
:1073840080cf5000030032005e009000f30f5000e5
:10739400dbff3400de009000e04d2100008040005f
:1073a4008040eb00114098001e4090000040e8002f
:1073b400104798000000eb00500798002a0037009f
:1073c4001e4090000080fb0021682100e14078000d
:1073d4005e019000e0432100000041000148780074
:1073e400de009000e043210000804000104078005f
:1073f400ea4f500016003a001e4090000080fb0047
:1074040021682100614078000080fb000000ea0050
:107414004f00de00004078009e4090008140e8006c
:10742400114798000004e000090032005e0090005b
:1074340080407800e05f210001487800de00900081
:10744400e0432100008040008040eb0001487800c8
:107454001e4090000040e800104798005e00900035
:107464000000e800500798001e4090008080fb0058
:1074740000b48000808f500004003100de009000d2
:10748400f0092000808f5000cdff3400de00900012
:10749400e0432100008040008040eb000148780078
:1074a40060b021008040eb0001487800e2c0b300e6
:1074b400915329002068210018be02000100000039
:1074c4000000e00021003200f0af800000d0a100f5
:1074d400f0af880010c1b300104798000000eb0023
:1074e40060079800100037006e0090006a00b90031
:1074f40000007800600798001e4090008080fb0028
:107504002068210000804000fa920200010000007f
:10751400ee00900001004000600798001e409000bb
:107524000040e800104798001e4090000080fb00d7
:1075340021682100614078000004e000eaff3a007d
:1075440060b0210011c0b30001487800d2c0b3007c
:10755400815429002068210018be020001000000a7
:107564000000e00003003200f0af800000e0a00063
:10757400f0af8800b2c0b300615529002068210033
:1075840018be0200010000000000e0000300320009
:10759400f0af80000090a100f0af8800b2c0b3004b
:1075a400015129002068210018be020001000000da
:1075b4000000e00003003200f0af80000080a10072
:1075c400f0af880012c1b3002156290020682100c1
:1075d40018be0200010000000000e00003003200b9
:1075e400f0af80000090a100f0af880012c1b3009a
:1075f400415729002068210018be02000100000044
:107604000000e00003003200f0af80000090a10011
:10761400f0af8800c2c0b30061582900206821007f
:1076240018be0200010000000000e0000800320063
:10763400e0b0210011c0b3000148780090fc800044
:107644000040a10090fc8800a00f200030f08800ca
:1076540090fc8000700060000000e00068003200d0
:1076640020682100ec9002000100000050579800af
:1076740090f92100ec90020001000000604f980096
:10768400de5090006e48900080cf5000020036001b
:10769400de509000614f980020682100c0810200f4
:1076a400010000000004e0001700320030592900f6
:1076b400e0c202000100000090fc80000040a10034
:1076c40090fc880090f921006e49900080007800b9
:1076d4002068210018be0200010000000000e00044
:1076e4000300320090fc80000060a00090fc880041
:1076f40022c3b3002168210090f92100cabe020010
:10770400010000003e00370020682100de50900098
:107714003e830200010000000004e0001700320074
:10772400905a2900e0c202000100000090fc800091
:107734000040a10090fc880090f921006e4990005f
:10774400800078002068210018be020001000000bb
:107754000000e0000300320090fc80000060a00004
:1077640090fc880022c3b3002168210090f9210015
:10777400cabe0200010000002100370012f08000a0
:1077840023f080005e5090000080fb008000eb003e
:10779400020040008380480010f0880021f0880037
:1077a40010f0800021f0800062004000e08048007a
:1077b40010f0880021f0880012f0800023f080008f
:1077c40050d8800061d88000000cb0000180b00067
:1077d400800f5100818f59000600360050d8800078
:1077e40061d88000000cb0000180b00010f0880067
:1077f40021f0880090f921008040eb0001487800d6
:1078040002c1b300c15b29002068210018be020038
:10781400010000000000e000510032002069210056
:10782400000f98000000eb00100f98000c003700c8
:107834001e0890006a00b900800078000e089000cd
:10784400104078000000fb000003b10000804000fd
:10785400100f98000e0890000000e800000f980038
:107864000e08900090407800f0c2b30080cf500022
:107874000a0034000e0890009040780090c3b300d2
:1078840080cf5000eaff3400050037000e08900056
:107894000000e800000f980001003700000000001d
:1078a4000e0890009040780000c2b30080cf5000d2
:1078b400f6ff32009e089000000c2000808f5000dc
:1078c40010003c000e08900010407800ed4f50006e
:1078d400080032000e08900010407800ea4f500073
:1078e400040032000e089000104078000004e0000c
:1078f40004003a0090fc80000040a00090fc880046
:1079040011003700d05c2900e0c202000100000031
:10791400780047009e089000811f7800615e29006e
:10792400811f7800d604020000000000e48757009d
:1079340078004700e0c202000100000090fc8000d3
:107944000040a10090fc880050d8800061d88000dd
:1079540010f0880021f088000071220030f08800c7
:1079640072c0b300315f29002068210018be0200f4
:10797400010000000000e0005501320020682100f1
:107984002606020000000000eb0f500050013600f4
:1079940020882100104078008040e80020882100e1
:1079a40001487800b06821009040780010c3b3000b
:1079b40080cf5000f3003a00f0a821001040780076
:1079c4000080fb00e10f500034003200e10f500052
:1079d40003003c000000e00006003200e300370032
:1079e400e20f500031013200e30f50007f003200fb
:1079f400de003700a0802000104078000004e00082
:107a040008003a00a080200021c0b300014878009b
:107a14001ec3020001000000b05f2900e0c20200a2
:107a240001000000d0aa2100104078000004e0000a
:107a3400060032001ec3020001000000606129003c
:107a4400e0c202000100000021013700e0a1800033
:107a5400e50f500005003a000040eb004ca6020080
:107a64000100000030002000e0a18800f0a82100ff
:107a740011c0b300014878001ec3020001000000d9
:107a8400e0632900e0c2020001000000a0802000a1
:107a940011c0b300014878000d01370090c0b30055
:107aa400104798000000eb0010079800030037000f
:107ab4001e4090000040e800104798001e409000cf
:107ac4008080fb0000b48000808f500007003100ec
:107ad4001e4090000080fb0021682100e1407800f6
:107ae40020c2b30080cf5000f1ff3a001e40900046
:107af4000080fb0021682100e140780020c2b3002f
:107b040080cf500023003a001e4090000040e8005f
:107b1400104798000000eb00100798000e00370093
:107b24001e4090000080fb0021682100e1407800a5
:107b34001e01900040a72100000041001140980060
:107b44001e0090000000e800100798001e409000fe
:107b54000040e800104798001e4090008080fb0021
:107b640000b48000808f50000a0031001e40900055
:107b74000080fb0021682100e140780020c2b300ae
:107b840080cf5000030032001e009000f80f500018
:107b9400e3ff34001e0090000000e00005003a00fe
:107ba4004167290050a721004ebe020001000000d9
:107bb400100798009e00900040a72100008040001c
:107bc4008040eb0011409800f0a8210021c0b300d0
:107bd400014878001ec3020001000000306829003b
:107be400e0c2020001000000b9003700d0682100a3
:107bf4009040780000c3b30080cf5000ad00320045
:107c040090c0b300104798000000eb0010079800e4
:107c1400030037001e4090000040e8001047980021
:107c24001e4090008080fb0000b48000808f5000d4
:107c3400070031001e4090000080fb0021682100f5
:107c4400e140780020c2b30080cf5000f1ff3a0039
:107c54001e4090000080fb0021682100e140780074
:107c640020c2b30080cf500024003a001e40900090
:107c74000040e800104798000000eb00100798004f
:107c84000f0037001e4090000080fb002168210097
:107c9400e1407800c20220000e0141001e00900065
:107ca40000004100014878001e0090000000e80038
:107cb400100798001e4090000040e800104798000c
:107cc4001e4090008080fb0000b48000808f500034
:107cd4000a0031001e4090000080fb002168210052
:107ce400e140780020c2b30080cf5000030032008e
:107cf4001e009000f80f5000e2ff34001e009000b8
:107d04000000e00006003a00c00220000e0040001f
:107d1400416729004ebe02000100000010079800d0
:107d2400c10220008e8040001e00900000804000b0
:107d34008040eb0001487800c00220000e004000a3
:107d440051a721008ebd0200010000000000e000e8
:107d54005a003200106a2900e0c20200010000004b
:107d640040062000c096880059003700f06a2900b8
:107d7400e0c202000100000040062000c096880016
:107d840053003700b06821009040780000c3b3006e
:107d940080cf50004e003a00d0aa21001040780055
:107da4000080fb00e10f50003d003500e20f500061
:107db40003003400e30f5000310032003800370074
:107dc400d06821009040780020c3b30080cf5000d9
:107dd40005003200d06821009040780030c3b30021
:107de40080cf500003003a00d0aa210021c0b30084
:107df40001487800d06821009040780000c3b300a7
:107e040080cf500015003a00d0aa210031c0b30041
:107e14000148780000ab2100b040900000c5b300d9
:107e240080cf50000d00320000ab2100100078001c
:107e3400610060000000e0000500320000ab21009a
:107e4400a040900000c5b30080cf50000300320072
:107e540000c5b300d4a7020001000000d0682100cf
:107e64009040780060c3b30080cf500015003a0002
:107e7400d0aa210061c0b300014878001400370083
:107e8400d06821009040780000c3b30080cf500038
:107e94000e00320040062000c09688000c00370017
:107ea40040062000c096880009003700000000004a
:107eb4000700370000000000050037000000000044
:107ec400030037000000000001003700000000003c
:107ed400f2c0b300916b29002068210018be020093
:107ee400010000000000e000020032004006200013
:107ef400c096880042c0b300916c2900206821001c
:107f040018be0200010000000000e000530032002f
:107f1400f0a82100104078000004e00021003a009d
:107f2400d0aa2100104078000004e0001d003a00af
:107f3400e0a18000e50f500005003a000040eb008e
:107f44004ca602000100000030002000e0a18800df
:107f5400f0a8210011c0b300014878001ec302003c
:107f640001000000e0632900e0c2020001000000fb
:107f7400a080200011c0b300014878000000eb008d
:107f8400e0738800007d2000d07388000000eb00bf
:107f9400b0738800602221008040eb000148780023
:107fa4002e0037001ec3020001000000e06c29000f
:107fb400e0c2020001000000e16d2900e0bc2000e5
:107fc4004ebe020001000000100798009e009000c1
:107fd400e0bc200080804000f0a821001040780020
:107fe4000041eb0034910200010000009e0090006b
:107ff4000080400010079800e0bc2000e0c20200ae
:1080040001000000416e2900e0bc20004ebe0200c9
:1080140001000000100798009e009000e0bc2000c2
:1080240080804000d0aa2100104078000041eb007d
:1080340034910200010000009e0090000080400086
:1080440010079800e0bc2000e0c20200010000001c
:10805400b03e2900e0c20200010000000000eb0075
:1080640000b488000e0037006ec09000ed4f500041
:108074000b00320001b48000f0092000808f500012
:1080840007003e0000b480006ec19000216821000a
:108094008270780000b480000000e80000b488001a
:1080a4004f0478000080fa00000006001600fa0071
:1080b400200f9800a06e2900e0c202000100000019
:1080c400c0968000801f780060702900801f7800af
:1080d4000e007800d604020000000000e487570078
:1080e4000e007800e0c20200010000009070290038
:1080f400e0c20200010000002e089000c096880033
:1081040080c680000090a00080c688006000200027
:10811400e0a1880010c0b3000df607000080fa004b
:1081240000000600bc02fa0000c4200010407800e1
:108134000080fb0061006000004078000004e00063
:1081440004003a0060802000104078000004e00041
:1081540013003200c1968000e0248100808f50001b
:108164000f003200e1248100c0968000811f780056
:10817400801f780050712900801f7800e0bc200027
:10818400d604020000000000e6875700e0bc20008f
:10819400e0c2020001000000c0968000e0248900d3
:1081a400c0968000610d2000810f5000ac0e32009b
:1081b400610d2000810f500069013e003103200051
:1081c400810f50002a10320031032000810f50002b
:1081d40099003e00f60f5000c9063200f60f500019
:1081e4003f003e00ea0f5000bd043200ea0f500089
:1081f4001b003e00e40f5000d0033200e40f500097
:1082040009003e00e10f500082033200e10f5000ec
:10821400ea023900e20f50008e033200e30f5000ef
:10822400a9033200a3233700e70f500031043200c2
:10823400e70f500005003e00e50f5000d90332005f
:10824400e60f5000f70332009a233700e80f50007e
:108254004d043200e90f50008104320095233700a9
:10826400f00f5000d0053200f00f50000e003e0019
:10827400ed0f50002c053200ed0f500005003e00bc
:10828400eb0f5000bc043200ec0f5000da04320053
:1082940088233700ee0f500069053200ef0f5000bd
:1082a4008705320083233700f30f5000460632005f
:1082b400f30f500005003e00f10f5000d4053200ca
:1082c400f20f5000ef0532007a233700f40f50000c
:1082d40057063200f50f50006f0632007523370041
:1082e40021022000810f5000dd073200210220000e
:1082f400810f500022003e00fc0f50002b0732007b
:10830400fc0f50000e003e00f90f5000d906320059
:10831400f90f500005003e00f70f5000920632009e
:10832400f80f5000aa06320062233700fa0f5000fb
:10833400ea063200fb0f5000020732005d233700cb
:10834400ff0f500067073200ff0f500005003e008a
:10835400fd0f50002f073200fe0f50004707320078
:108364005423370001022000810f500077073200a8
:1083740011022000810f50009f0732004d23370067
:1083840091022000810f50000d0f32009102200055
:10839400810f500014003e0051022000810f500054
:1083a400fd07320051022000810f500007003e00fb
:1083b40031022000810f5000c70732004102200023
:1083c400810f5000de0732003a233700710220008b
:1083d400810f50003009320081022000810f5000cb
:1083e400cf0e320033233700d1022000810f50001a
:1083f400680f3200d1022000810f500007003e00b8
:10840400b1022000810f50001b0f3200c102200076
:10841400810f50002b0f320026233700e102200089
:10842400810f5000760f320021032000810f50008d
:10843400820f32001f23370061062000810f500095
:108444008c16320061062000810f500062003e004d
:1084540001052000810f5000931332000105200014
:10846400810f50002e003e00d1032000810f5000e8
:1084740099123200d1032000810f500014003e00f5
:1084840061032000810f5000361132006103200087
:10849400810f500007003e0041032000810f50006f
:1084a4007d10320051032000810f500087103200ec
:1084b4000023370071032000810f50003611320071
:1084c400c1032000810f500066123200f9223700e8
:1084d40001042000810f5000db123200010420004f
:1084e400810f500007003e00e1032000810f50007f
:1084f400a1123200f1032000810f5000bf1232009c
:10850400ec22370011042000810f50003813320090
:1085140021042000810f500042133200e52237006d
:10852400a1052000810f5000e3143200a1052000b2
:10853400810f500014003e0031052000810f5000cf
:10854400ef13320031052000810f500007003e0078
:1085540011052000810f500067133200210520000f
:10856400810f5000c5133200d2223700510520007c
:10857400810f5000b314320061052000810f5000b8
:10858400be143200cb223700d1052000810f5000e9
:1085940020153200d1052000810f500007003e0055
:1085a400b1052000810f5000d8143200c10520000d
:1085b400810f5000fc143200be223700e105200078
:1085c400810f5000aa15320041062000810f50008f
:1085d400ce153200b7223700c10a2000810f5000a7
:1085e400ec183200c10a2000810f50002e003e001a
:1085f400b1072000810f50007e163200b107200021
:10860400810f500014003e0031072000810f5000fc
:108614003317320031072000810f500007003e005d
:1086240071062000810f50001f1632002107200020
:10863400810f5000d91632009e22370041072000d6
:10864400810f50005e173200a1072000810f5000f7
:108654005616320097223700210a2000810f50005d
:1086640066183200210a2000810f500007003e00e6
:10867400010a2000810f5000ff173200110a200068
:10868400810f5000231832008a223700a10a2000eb
:10869400810f500066183200b10a2000810f50008b
:1086a4008418320083223700d10c2000810f50003f
:1086b4006f0c3200d10c2000810f500014003e00da
:1086c400a10c2000810f5000cb0b3200a10c200024
:1086d400810f500007003e00810c2000810f5000e4
:1086e4009b083200910c2000810f50009e0b320039
:1086f40070223700b10c2000810f50000b0c3200a7
:10870400c10c2000810f5000500c32006922370048
:10871400310d2000810f5000a60c3200310d2000d5
:10872400810f500007003e00e10c2000810f500033
:108734005e0c3200210d2000810f5000680c3200c5
:108744005c223700410d2000810f5000df0c320005
:10875400510d2000810f5000370d32005522370093
:10876400211c2000810f5000ee1b3200211c200030
:10877400810f5000c7003e0081112000810f50007e
:108784003819320081112000810f50005f003e0033
:10879400010f2000810f500076193200010f2000d4
:1087a400810f50002b003e00a10e2000810f5000cd
:1087b400d6183200a10e2000810f500011003e0097
:1087c400910d2000810f50004c0d3200910d2000be
:1087d400810f500004003e00810d2000810f5000e5
:1087e400400d320033223700810e2000810f5000eb
:1087f400a2183200910e2000810f5000ac183200f4
:108804002c223700d10e2000810f5000f4183200c2
:10881400d10e2000810f500007003e00b10e200051
:10882400810f5000c6183200c10e2000810f500085
:10883400d01832001f223700e10e2000810f5000b3
:10884400fc183200f10e2000810f50000119320093
:1088540018223700e10f2000810f5000830d3200f1
:10886400e10f2000810f500014003e00b10f2000e2
:10887400810f5000380d3200b10f2000810f5000dd
:1088840007003e00110f2000810f500054193200e0
:10889400a10f2000810f50001e0d32000522370069
:1088a400c10f2000810f50004c0d3200d10f200069
:1088b400810f5000570d3200fe2137005110200067
:1088c400810f50008e19320051102000810f50008a
:1088d40007003e00f10f2000810f50006d19320097
:1088e40041102000810f500074193200f12137002b
:1088f40061102000810f5000ca193200711020004d
:10890400810f5000fa193200ea213700311b200090
:10891400810f5000831a3200311b2000810f500058
:108924002e003e00d1172000810f5000d2063200e5
:10893400d1172000810f500014003e00b111200017
:10894400810f5000ff183200b1112000810f500038
:1089540007003e0091112000810f5000cc18320016
:10896400a1112000810f5000d4183200d12137000a
:10897400c1112000810f5000fa183200c1172000e5
:10898400810f500092063200ca21370001182000de
:10899400810f50005e07320001182000810f500043
:1089a40007003e00e1172000810f5000e00632006e
:1089b400f1172000810f50001e073200bd2137003f
:1089c40011182000810f5000960732000119200071
:1089d400810f50008a013200b6213700c11b2000ec
:1089e400810f5000c81a3200c11b2000810f5000b3
:1089f40014003e00911b2000810f50007f1a3200aa
:108a0400911b2000810f500007003e00411b2000f5
:108a1400810f50004d1a3200811b2000810f50003d
:108a2400631a3200a3213700a11b2000810f5000dc
:108a3400921a3200b11b2000810f5000a51a320097
:108a44009c213700f11b2000810f5000ff1a3200d7
:108a5400f11b2000810f500007003e00d11b2000b5
:108a6400810f5000c21a3200e11b2000810f500018
:108a7400e51a32008f213700011c2000810f5000bd
:108a8400fc1a3200111c2000810f5000121b32000e
:108a940088213700f1332000810f5000c2123200c8
:108aa400f1332000810f500062003e00011d2000c0
:108ab400810f5000581d3200011d2000810f50000d
:108ac4002e003e00811c2000810f5000a11b3200ab
:108ad400811c2000810f500014003e00511c200016
:108ae400810f5000531b3200511c2000810f500095
:108af40007003e00311c2000810f5000131b320080
:108b0400411c2000810f50002b1b320069213700cb
:108b1400611c2000810f50005f1b3200711c20007b
:108b2400810f5000721b320062213700c11c2000eb
:108b3400810f5000fd1b3200c11c2000810f50002a
:108b440007003e00911c2000810f5000ae1b320034
:108b5400b11c2000810f5000c11b32005521370089
:108b6400d11c2000810f5000061c3200f11c200093
:108b7400810f5000f31c32004e213700611d20008c
:108b8400810f50003e1f3200611d2000810f5000f4
:108b940014003e00311d2000810f50001c1e3200c5
:108ba400311d2000810f500007003e00111d2000e0
:108bb400810f5000441d3200211d2000810f500000
:108bc400d31d32003b213700411d2000810f50008e
:108bd400bd1e3200511d2000810f5000ed1e3200d9
:108be40034213700f11f2000810f50007719320023
:108bf400f11f2000810f500007003e00411f20009c
:108c0400810f500057193200e11f2000810f5000de
:108c14005e1932002721370001202000810f500007
:108c24008119320011202000810f5000b519320043
:108c340020213700a1482000810f5000591632002e
:108c4400a1482000810f50002e003e00513a200020
:108c5400810f5000b3133200513a2000810f5000ad
:108c640014003e0031342000810f5000cf12320036
:108c740031342000810f500007003e0001342000f1
:108c8400810f50007a12320021342000810f5000ed
:108c94009112320007213700213a2000810f500041
:108ca40074133200313a2000810f500087133200d0
:108cb40000213700213f2000810f50002c14320086
:108cc400213f2000810f500007003e00613a200040
:108cd400810f5000c4133200a13e2000810f5000c8
:108ce4001b0b3200f3203700313f2000810f50006e
:108cf4003914320091482000810f5000b71532001a
:108d0400ec203700d1202100810f5000f41b3200e9
:108d1400d1202100810f500014003e00011d2100cc
:108d2400810f50002d1b3200011d2100810f5000c6
:108d340007003e00b1482000810f50003b1632006e
:108d4400e1832000810f50004a0b3200d920370004
:108d5400f11e2100810f5000541b3200c12021005c
:108d6400810f5000ac1b3200d2203700b122210009
:108d7400810f50000e1d3200b1222100810f5000de
:108d840007003e00e1202100810f50000e1c32003c
:108d9400f1202100810f50003a1c3200c520370019
:108da400f1232100810f5000261e320031252100bd
:108db400810f5000a51e3200be203700b666a80001
:108dc400508020008040eb0001487800bb20070061
:108dd400e02622008040eb0001487800400120009a
:108de40060138900803d21008040eb000148780039
:108df400903d21008040eb000148780090da20008b
:108e04008040eb000148780030e720008040eb0010
:108e140001487800308821008040eb000148780048
:108e2400e08a21008040eb0001487800d08a2100cc
:108e34008040eb0001487800308020008040eb0047
:108e440001487800408020008040eb000148780011
:108e54001ec3020001000000c0968000801f78003d
:108e640040722900801f7800e0bc2000d604020074
:108e740000000000e4875700e0bc2000e0c20200cc
:108e8400010000001ec3020001000000207329003d
:108e9400e0c2020001000000b03e2900e0c202006e
:108ea400010000000040eb004ca60200010000009d
:108eb40050e720008040eb00014878000000eb0000
:108ec400b07388000000eb00107488000000eb0011
:108ed400d07388000000eb00007488000000eb00f1
:108ee400e07388000000eb00f073880050ae2100ae
:108ef4008040eb0001487800208821008040eb008e
:108f04000148780090c120008040eb0001487800bf
:108f1400808c2100f1c3b30001487800808c2100cb
:108f240090407800a01321000148780080ac210013
:108f3400f1c3b3000148780090ac21008040eb00fd
:108f4400014878000000eb00605e88000c003700e8
:108f5400605e80007f00b90080007800f03e210050
:108f640000804000e20120008000eb0026050200a2
:108f740000000000605e80000000e800605e880081
:108f8400605e80000000e000f1ff34000080eb0030
:108f9400605e8800e08c21008040eb00014878008e
:108fa400c08c21008040eb000148780080ae210095
:108fb4008040eb000148780070ae21008040eb0057
:108fc40001487800dcc6a800b6a6a80040b021007d
:108fd4008040eb000148780050b021008040eb0055
:108fe4000148780091fc800000ff2f0000806000a1
:108ff40090fc880000192000c09688002d203700be
:10900400813e200010c0b3008e6202000100000007
:109014002820370010002000e0a1880088200700e5
:10902400007429005e20070000e2240001002000f3
:10903400d0968800e196880020002000c096880021
:109044004106200010c0b3008e620200010000003f
:109054001820370081c680000020200000806000b6
:109064000000e0000c003200752007006074290045
:109074004b20070000e2240001002000d096880065
:10908400e196880040c4b300d4a7020001000000a8
:1090940030002000c0968800d0968000e1968000c1
:1090a400e00f5000e08f580002003a00100020004a
:1090b400fefb07004106200010c0b3008e620200d0
:1090c40001000000fb1f370081c680000020200043
:1090d400008060000000e000090032005820070012
:1090e40000e2240001002000d0968800e196880068
:1090f400c07429002a20070040002000c096880080
:10910400d0968000e1968000e00f5000e08f580078
:109114001b1f3a0080752900e0c202000100000014
:1091240001fa200010c0b3008e62020001000000aa
:1091340080112000ddfb0700de1f370081c68000a0
:1091440000202000008060000000e00009003200e0
:109154003b200700a07629001120070000e224002c
:1091640001002000d0968800e1968800500020007d
:10917400c0968800d0968000e1968000e00f5000f1
:10918400e08f580002003a0030002000c7fb0700bf
:109194004106200010c0b3008e62020001000000ee
:1091a400c41f370081c680000020200000806000ba
:1091b4000000e0000f003200212007002078210089
:1091c4008040eb000148780060ae21008040eb0055
:1091d4000148780090772900f11f070000e224007d
:1091e40001002000d0968800e196880060002000ed
:1091f400c0968800d0968000e1968000e00f500071
:10920400e08f580002003a0040002000a7fb07004e
:109214004106200010c0b3008e620200010000006d
:10922400a41f370020782100104078000004e000db
:1092340024003200607921008040eb00014878006e
:1092440021782100a03d21008cbe02000100000015
:1092540060ae2100104078000004e0000b003200f2
:1092640060002000e0a188001ec30200010000008d
:1092740020782900e0c202000100000080c68000be
:109284000090a00080c688000c0037001ec30200b6
:1092940001000000e0782900e0c2020001000000a3
:1092a400a03d2100e0c202000100000000e2240011
:1092b40001002000d0968800e1968800700020000c
:1092c400c0968800d0968000e1968000e00f5000a0
:1092d400e08f580002003a005000200073fb0700a2
:1092e4004106200010c0b3008e620200010000009d
:1092f400701f370081c680000020200000806000bd
:109304000000e00014003200cd1f07002078210087
:109314008040eb000148780060ae21008040eb0003
:1093240001487800507929009d1f0700e2012000c0
:109334008000eb00f03e2100260502000000000042
:1093440000e2240001002000d0968800e196880005
:1093540080002000c0968800d0968000e1968000ae
:10936400e00f5000e08f580002003a005000200047
:109374004efb07004106200010c0b3008e620200bd
:10938400010000004b1f37002078210010407800b6
:109394000004e0002600320072c0b300e179290025
:1093a4002078210018be0200010000000000e00047
:1093b4000b00320090782100104078000004e00097
:1093c40007003200007a21008040eb000148780059
:1093d400f03e2100917821008cbe020001000000c3
:1093e40060ae2100104078000004e0000a00320062
:1093f40060002000e0a188001ec3020001000000fc
:10940400607a2900e0c202000100000080c68000ea
:109414000090a00080c6880000e224000100200023
:10942400d0968800e196880090002000c0968800bd
:10943400d0968000e1968000e00f5000e08f580045
:1094440002003a007000200018fb070041062000cb
:1094540010c0b3008e62020001000000151f370027
:1094640081c6800000202000008060000000e00031
:109474000f003200721f0700207821008040eb00ab
:109484000148780060ae21008040eb00014878007c
:10949400207b2900421f070000e224000100200075
:1094a400d0968800e1968800a0002000c09688002d
:1094b400d0968000e1968000e00f5000e08f5800c5
:1094c40002003a0070002000f8fa0700410620006c
:1094d40010c0b3008e62020001000000f51e3700c8
:1094e40020782100104078000004e00016003200cb
:1094f400607921008040eb00014878002178210048
:10950400e04021008cbe02000100000060ae21009a
:10951400104078000004e0000500320060002000e4
:10952400e0a1880080c680000090a00080c688006a
:1095340000e2240001002000d0968800e196880013
:10954400b0002000c0968800d0968000e19680008c
:10955400e00f5000e08f580002003a009000200015
:10956400d2fa07004106200010c0b3008e62020048
:1095740001000000cf1e370081c6800000202000bb
:10958400008060000000e0000f00320050ae2100b7
:109594008040eb0001487800291f07002078210053
:1095a4008040eb0001487800b07b2900fc1e0700d6
:1095b40000e2240001002000d0968800e196880093
:1095c400c0002000c0968800d0968000e1968000fc
:1095d400e00f5000e08f580002003a009000200095
:1095e400b2fa07004106200010c0b3008e620200e8
:1095f40001000000af1e37002078210010407800e1
:109604000004e0003c003200c2c0b300517c2900d9
:109614002078210018be0200010000000000e000d4
:109624000500320020002000e0a18800e0002000b6
:10963400c09688002c003700e2c0b300217d2900c9
:109644002078210018be0200010000000000e000a4
:1096540006003200d0002000c096880050ae2100e1
:109664008040eb00014878001f003700e2c0b300df
:10967400117e29002078210018be0200010000009c
:109684000000e00009003200900d2000c096880020
:1096940011c0b300100020004c280200010000009b
:1096a40060002000e0a188000f00370052c0b30022
:1096b400514129002078210018be02000100000059
:1096c4000000e00008003200800d2000c0968800f1
:1096d40011c0b300100020004c280200010000005b
:1096e40060002000e0a1880000e2240001002000c6
:1096f400d0968800e1968800d0968000e19680009c
:10970400e00f5000e08f580002003a00b000200043
:1097140066fa07004106200010c0b3008e62020002
:1097240001000000631e3700420020008000eb00af
:1097340000ae2100260502000000000000ae21005a
:10974400c5262200e42622008001780042c0b3002e
:109754008000eb0000c5b300983b0200010000004c
:1097640040ae21008040eb000148780000ae2100ab
:1097740092a40200000000000004e0001500320082
:10978400af1e0700007f2900851e070000ae2100e0
:10979400831e0700a07f2900811e070000e2240029
:1097a40001002000d0968800e1968800e0002000a7
:1097b400c09688004106200010c0b3008e620200eb
:1097c4000100000050ae21008040eb000148780009
:1097d400381e370050ae2100104078008040e80069
:1097e40050ae2100014878001ec3020001000000b1
:1097f400d07f2900e0c202000100000001712200b4
:1098040010c0b3008e6202000100000080c6800018
:109814000090a00080c6880050ae2100104078005f
:10982400e24f5000581d360010822900e0c20200a9
:1098340001000000f00f2000c09688001d1e3700b4
:1098440081c6800000202000008060000000e0004d
:109854000f0032007a1e0700207821008040eb00c0
:109864000148780060ae21008040eb000148780098
:10987400e08529004a1e070000e2240001002000c0
:10988400d0968800e1968800f0002000c0968800f9
:10989400d0968000e1968000e00f5000e08f5800e1
:1098a40002003a00c000200000fa07004106200030
:1098b40010c0b3008e62020001000000fd1d3700dd
:1098c40020782100104078000004e0002a003200d3
:1098d40082c0b300918629002078210018be0200be
:1098e400010000000000e0000b003200a07821001d
:1098f400104078000004e00007003200d079210015
:109904008040eb0001487800a1782100304221001a
:109914008cbe02000100000060ae210010407800ff
:109924000004e0000e00320060002000e0a1880086
:109934001ec302000100000020872900e0c20200cb
:109944000100000080c680000090a00080c688004e
:1099540060ae21008040eb0001487800d51d37003f
:1099640000e2240001002000d0968800e1968800df
:1099740000012000c0968800d0968000e196800007
:10998400e00f5000e08f580002003a00e000200091
:10999400c6f907004106200010c0b3008e62020021
:1099a40001000000c31d370081c680000020200094
:1099b400008060000000e00009003200201e070063
:1099c400e0872900f61d070000e2240001002000c2
:1099d400d0968800e196880010012000c096880087
:1099e400d0968000e1968000e00f5000e08f580090
:1099f40002003a00e0002000acf907004106200014
:109a040010c0b3008e62020001000000a91d3700df
:109a140081c6800000202000008060000000e0007b
:109a24000c003200061e070090882900dc1d070088
:109a340000e2240001002000d0968800e19688000e
:109a440020012000c0968800207821008040eb008f
:109a540001487800d0968000e1968000e00f500025
:109a6400e08f580002003a00000120008ff907003f
:109a74004106200010c0b3008e6202000100000005
:109a84008c1d370081c6800000202000008060000b
:109a94000000e0002b00320062c0b30011892900ed
:109aa4002078210018be0200010000000000e00040
:109ab4002000320080782100104078008490020059
:109ac400010000000080fb0010079800907821003e
:109ad40090407800f0c2b30080cf500011003400f1
:109ae400907821009040780090c3b30080cf50005c
:109af4000c003c001e0090006a00b90000007800d1
:109b0400100798009078210010407800849002009b
:109b1400010000000080fb009e00900000804000d7
:109b2400100798001e009000004078007a2e020072
:109b3400010000000000eb00c07388003001200029
:109b4400c0968800d0968000e1968000e00f500017
:109b5400e08f580002003a000001200053f907008a
:109b640070ae2100104078000004e00011003200c3
:109b7400c0968000801f780080892900801f7800ab
:109b8400e0bc2000d604020000000000e487570077
:109b9400e0bc2000e0c2020001000000411f2000e0
:109ba40010c0b3008e62020001000000e01f20001c
:109bb400c09688004106200010c0b3008e620200e7
:109bc400010000003b1d370081c6800000202000fa
:109bd400008060000000e00009003200981d0700ca
:109be400208b29006e1d070000e2240001002000e4
:109bf400d0968800e196880040012000c096880035
:109c0400d0968000e1968000e00f5000e08f58006d
:109c140002003a001001200024f907004106200048
:109c240010c0b3008e62020001000000211d370045
:109c340081c6800000202000008060000000e00059
:109c4400090032007e1d0700c0742900541d07005e
:109c540000e2240001002000d0968800e1968800ec
:109c640050012000c0968800d0968000e1968000c4
:109c7400e00f5000e08f580002003a00300120004d
:109c84000af907004106200010c0b3008e620200ea
:109c940001000000071d370081c68000002020005d
:109ca400008060000000e00009003200641d07002d
:109cb400d08b29003a1d070000e224000100200097
:109cc400d0968800e196880060012000c096880044
:109cd400d0968000e1968000e00f5000e08f58009d
:109ce40002003a0020012000f0f80700410620009d
:109cf40010c0b3008e62020001000000ed1c3700aa
:109d040081c6800000202000008060000000e00088
:109d1400090032004a1d0700808c2900201d07001d
:109d240000e2240001002000d0968800e19688001b
:109d340070012000c0968800d0968000e1968000d3
:109d4400e00f5000e08f580002003a00500120005c
:109d5400d6f807004106200010c0b3008e6202004e
:109d640001000000d31c370081c6800000202000c1
:109d7400008060000000e00009003200301d070090
:109d840000e2240001002000d0968800e1968800bb
:109d9400708d2900021d070080012000c0968800f4
:109da400d0968000e1968000e00f5000e08f5800cc
:109db40002003a0060012000bcf8070041062000c0
:109dc40010c0b3008e62020001000000b91c37000d
:109dd40081c6800000202000008060000000e000b8
:109de40009003200161d0700408e2900ec1c0700f4
:109df40000e2240001002000d0968800e19688004b
:109e040090012000c096880060ae210010407800c8
:109e14000004e0000b0032001ec302000100000039
:109e2400d08e2900e0c202000100000060ae2100d3
:109e34008040eb000148780080c680000090a000bc
:109e440080c68800d0968000e1968000e00f500024
:109e5400e08f580002003a007001200093f80700d8
:109e64004106200010c0b3008e6202000100000011
:109e7400901c370081c68000002020000080600014
:109e84000000e00009003200ed1c0700908f29005b
:109e9400c31c070000e2240001002000d0968800c3
:109ea400e1968800a0012000c0968800d09680002a
:109eb400e1968000e00f5000e08f580002003a0065
:109ec4008001200079f807004106200010c0b3008b
:109ed4008e62020001000000761c370081c68000fb
:109ee40000202000008060000000e0000900320033
:109ef400d31c070030902900a91c070000e22400ad
:109f040001002000d0968800e1968800b00120006e
:109f1400c0968800d0968000e1968000e00f500043
:109f2400e08f580002003a00900120005ff807001b
:109f340081b5210010c0b3008e6202000100000050
:109f44005c1c370081c68000002020000080600077
:109f54000000e00009003200b91c070000e2240000
:109f640001002000d0968800e1968800e090290046
:109f74008b1c0700d0012000c0968800d09680007a
:109f8400e1968000e00f5000e08f580002003a0094
:109f9400a001200045f807004106200010c0b300ce
:109fa4008e62020001000000421c370081c680005e
:109fb40000202000008060000000e0000900320062
:109fc4009f1c070000e2240001002000d0968800b6
:109fd400e196880090912900711c0700d0012000af
:109fe400c0968800d0968000e1968000e00f500073
:109ff400e08f580002003a00b00120002bf807005f
:10a004004106200010c0b3008e620200010000006f
:10a01400281c370081c680000020200000806000da
:10a024000000e00009003200851c0700409229006e
:10a034005b1c070000e2240001002000d096880089
:10a04400e1968800e0012000c0968800d096800048
:10a05400e1968000e00f5000e08f580002003a00c3
:10a06400b001200011f807004106200010c0b30021
:10a074008e620200010000000e1c370081c68000c1
:10a0840000202000008060000000e0000900320091
:10a094006b1c0700f0922900411c070000e2240019
:10a0a40001002000d0968800e1968800f00120008d
:10a0b400c0968800d0968000e1968000e00f5000a2
:10a0c400e08f580002003a00d0012000f7f70700a3
:10a0d4004106200010c0b3008e620200010000009f
:10a0e400f41b370081c6800000202000008060003f
:10a0f4000000e00009003200511c0700a093290071
:10a10400271c070000e2240001002000d0968800ec
:10a11400e196880000022000c0968800d096800056
:10a12400e1968000e00f5000e08f580002003a00f2
:10a13400e0012000ddf707004106200010c0b30055
:10a144008e62020001000000da1b370081c6800025
:10a1540000202000008060000000e0001a003200af
:10a1640050c120009040780000ab210011409800bd
:10a1740000ab210010409000e84f5000030036006f
:10a1840000ab210041c0b300114098002c1c070013
:10a1940050942900021c070050c120001040780090
:10a1a4003a93020001000000a0952900fc1b07005f
:10a1b40000e2240001002000d0968800e196880087
:10a1c40010022000c0968800d0968000e19680009e
:10a1d400e00f5000e08f580002003a00f001200028
:10a1e400b2f707004106200010c0b3008e620200df
:10a1f40001000000af1b370081c680000020200052
:10a20400008060000000e000090032000c1c070020
:10a21400c0952900e21b070000e224000100200091
:10a22400d0968800e196880020022000c09688001d
:10a23400d0968000e1968000e00f5000e08f580037
:10a2440002003a000002200098f7070041062000af
:10a2540010c0b3008e62020001000000951b37009d
:10a2640081c6800000202000008060000000e00023
:10a274000d003200f21b070090962900c81b07004e
:10a28400705a2100c61b0700d0972900c41b070081
:10a2940000e2240001002000d0968800e1968800a6
:10a2a40030022000c0968800d0968000e19680009d
:10a2b400e00f5000e08f580002003a001002200026
:10a2c4007af707004106200010c0b3008e62020036
:10a2d40001000000771b370081c6800000202000a9
:10a2e400008060000000e00009003200d41b070079
:10a2f400d0982900aa1b070040022000c0968800bd
:10a3040000e2240001002000d0968800e196880035
:10a31400d0968000e1968000e00f5000e08f580056
:10a3240002003a002002200060f7070041062000e6
:10a3340010c0b3008e620200010000005d1b3700f4
:10a3440081c6800000202000008060000000e00042
:10a3540009003200c0af8000610060000000e0002e
:10a3640003003a0050022000c09688000200370023
:10a37400c0172000c0968800d0968000e196800027
:10a38400e00f5000e08f5800811a3a00300220009c
:10a3940046f70700471b3700a91b070080992900cf
:10a3a4007f1b0700c0172000c0968800803821005a
:10a3b40001002000d0968800e19688004106200024
:10a3c40010c0b3008e62020001000000391b370088
:10a3d40081c6800000202000008060000000e000b2
:10a3e40009003200961b0700609a29006c1b0700c5
:10a3f4008038210001002000d0968800e196880072
:10a40400d0172000c0968800d0968000e196800086
:10a41400e00f5000e08f580012003a007002200054
:10a4240022f70700d1b380000020200000806000e4
:10a434000000e0000b003200d0b380000090a100c7
:10a44400d0b38800d1b38000f0ff28008080600082
:10a454000000250001007000d0b388000032200005
:10a46400e0b388004106200010c0b3008e620200f1
:10a47400010000000f1b370081c68000002020006f
:10a48400008060000000e0001a00320060ae21008d
:10a494008040eb0001487800c0af80006800600095
:10a4a4000000e0000600320050b0210011c0b300eb
:10a4b4000148780000182000c09688000900370081
:10a4c4005f1b0700309c2900351b0700b09d290045
:10a4d400331b0700a07f2900311b0700e017200071
:10a4e400c09688008038210001002000d0968800a2
:10a4f400e1968800d0968000e1968000e00f50003d
:10a50400e08f580005003a0050b0210011c0b3009c
:10a514000148780000182000e4f6070041062000f6
:10a5240010c0b3008e62020001000000e11a37007f
:10a5340081c6800000202000008060000000e00050
:10a5440017003200c0af8000700060000000e0001f
:10a554000600320050b0210021c0b3000148780049
:10a5640000182000c096880009003700341b07003b
:10a57400709e29000a1b070030a02900081b070051
:10a58400a07f2900061b0700f0172000c096880052
:10a594008038210001002000d0968800e1968800d0
:10a5a40060ae2100104078000004e0001200320088
:10a5b40060ae21008040eb000148780080c6800036
:10a5c4000090a00080c6880080c680000080a100a2
:10a5d40080c688008038210001002000d0968800c1
:10a5e400e196880050b0210011c0b3000148780002
:10a5f40000182000c0968800d0968000e196800064
:10a60400e00f5000e08f580005003a0050b02100e0
:10a6140011c0b3000148780000182000a3f6070019
:10a624004106200010c0b3008e6202000100000049
:10a63400a01a370081c6800000202000008060003e
:10a644000000e0000d003200fd1a070030a12900cf
:10a65400d31a0700e0a22900d11a0700a07f29001d
:10a66400cf1a07008038210001002000d09688000e
:10a67400e196880000182000c096880060ae210092
:10a68400104078000004e0001200320060ae2100a7
:10a694008040eb000148780080c680000090a00054
:10a6a40080c6880080c680000080a10080c6880023
:10a6b4008038210001002000d0968800e1968800af
:10a6c40050b0210021c0b3000148780000182000d8
:10a6d400c0968800d0968000e1968000e00f50007c
:10a6e400e08f580005003a0050b0210021c0b300ab
:10a6f40001487800001820006cf60700410620008d
:10a7040010c0b3008e62020001000000691a370015
:10a7140081c6800000202000008060000000e0006e
:10a724001b003200c61a070050b021001040780008
:10a73400e14f500005003a00d0a32900981a070001
:10a7440070022000c09688000d00370050b0210030
:10a7540010407800e24f500005003a0080a529001f
:10a764008f1a070010182000c096880004003700d4
:10a7740030a729008a1a070010182000c096880004
:10a784008038210001002000d0968800e1968800de
:10a7940060ae2100104078000004e0001200320096
:10a7a40060ae21008040eb000148780080c6800044
:10a7b4000090a00080c6880080c680000080a100b0
:10a7c40080c688009e1a070080a52900741a070015
:10a7d4008038210001002000d0968800e19688008e
:10a7e40010182000c0968800d0968000e196800062
:10a7f400e00f5000e08f580005003a0050b02100ef
:10a8040011c0b300014878000018200027f60700a3
:10a814004106200010c0b3008e6202000100000057
:10a82400241a370081c680000020200000806000c8
:10a834000000e0000c003200811a0700e0a82900a3
:10a84400571a07008038210001002000d0968800a4
:10a85400e196880070022000c0968800c0af800096
:10a864000020a100c0af8800d0968000e19680004f
:10a87400e00f5000e08f580002003a007002200000
:10a884000af607004106200010c0b3008e620200e1
:10a8940001000000071a370081c680000020200054
:10a8a400008060000000e0001d00320040b0210084
:10a8b400104078000004e00011003a00808020007d
:10a8c40021c8b30001487800a080200021c0b30053
:10a8d400014878001ec3020001000000a0aa29005c
:10a8e400e0c202000100000040b0210011c0b3002a
:10a8f40001487800802c210011c0b3000148780081
:10a90400007122006074880080382100010020005a
:10a91400d0968800e1968800800c2000c0968800bc
:10a92400d0968000e1968000e00f5000e08f580040
:10a9340002003a0070022000dcf507004106200006
:10a9440010c0b3008e62020001000000d919370064
:10a9540030002000e0a1880021638000000028006e
:10a96400008060000000e00013003200f0a8210025
:10a97400104078000004e0000f003a00d0aa210043
:10a98400104078000004e0000b003a00e0cc8000a6
:10a99400610060000000e00007003a00e0cc8000a5
:10a9a400620060000000e00003003a006010200034
:10a9b400c0968800bf19370030d68000620060005e
:10a9c4000000e0001c003200f0a8210010407800d4
:10a9d4000004e00018003a00d0aa210010407800da
:10a9e4000004e00014003a00e0cc80006100600044
:10a9f4000000e00010003a00e0cc8000620060003b
:10aa04000000e0000c003a00d1b3800000202000d8
:10aa1400008060000000e00007003a00900c200075
:10aa2400c09688004106200010c0b3008e62020068
:10aa3400010000009f193700c0af80006100600072
:10aa44000000e0000a003a00c0af8000640060002b
:10aa54000000e00006003200607480000000e000a6
:10aa640003003a0030022000c09688009119370094
:10aa740050802000104078000004e0000300320001
:10aa8400e01f2000c09688008a193700803d21000d
:10aa9400104078000004e00021003200803d2100d5
:10aaa40010407800e14f50000f003a00808c2100e4
:10aab4009040780010c3b30080cf50000a003200e9
:10aac400808c21009040780050c3b30080cf5000a8
:10aad40005003200808c210090407800f0c3b30060
:10aae40080cf50000e003a00803d210010407800d5
:10aaf400e24f500040003a00808c210090407800e2
:10ab040010c3b30080cf500005003200808c2100b8
:10ab14009040780050c3b30080cf500036003a0014
:10ab2400808c21009040780010c3b30080cf500087
:10ab340005003200808c21009040780050c3b3009f
:10ab440080cf500016003a00902221001040780077
:10ab54000080fb00680060000000e0000c00320090
:10ab6400809a80000000e00009003a00d09a80003a
:10ab74000000e00006003a00209b80000000e00096
:10ab840003003a0090ab2900e0c20200010000007b
:10ab9400803d210011c0b300014878001600370041
:10aba40090222100104078000080fb0068006000c3
:10abb4000000e0000d003200809a80000000e000f8
:10abc4000a003a00d09a80000000e00007003a0032
:10abd400209b80000000e00004003a00803d21003a
:10abe40021c0b3000148780003003700803d2100f4
:10abf40021c0b30001487800402481006200600055
:10ac04000000e00023003200602481000000e00026
:10ac14002000320000ab21001000780061006000c9
:10ac24000000e0001b003a0000ab21001000780097
:10ac3400620060000000e0001600320060c22000e4
:10ac4400104078000080fb00610060000000e0001c
:10ac540010003a0023e92000120020008040eb009d
:10ac6400703b2900e0ea0700602481000000e9004d
:10ac740060248900602481000000e00005003a009f
:10ac8400620020008000eb008048220026050200bc
:10ac940000000000d1738000f07c2000808f500001
:10aca4000d003600808c21009040780010c3b30062
:10acb40080cf500005003200808c21009040780045
:10acc40050c3b30080cf500003003a0000052000b9
:10acd400c0968800f7183700f0a8210010407800cb
:10ace400e34f500008003a00a0d3800064006000e5
:10acf4000000e00004003200a0d380000020a10086
:10ad0400a0d38800eb183700f0a821001040780089
:10ad1400e24f50000e003a00a0d3800062006000b1
:10ad24000000e00004003200a0d380006400600052
:10ad34000000e00006003200a0d380000020a10043
:10ad4400a0d3880020052000c0968800d9183700b9
:10ad5400f0a82100104078000004e0000a0032004e
:10ad6400d0aa2100104078000004e0000600320060
:10ad7400e0ac2900e0c2020001000000400620000f
:10ad8400c0968800cb183700a0d380006100600013
:10ad94000000e00004003a0090d4800061006000ec
:10ada4000000e00006003200a0ad2900e0c202006d
:10adb4000100000040062000c0968800bd1837003e
:10adc40000ab210010007800610060000000e0008a
:10add4000300320020072000c0968800b518370011
:10ade40000ab210010007800640060000000e00067
:10adf4000700320040072000c096880000ab210005
:10ae0400900078000120a10001087800a9183700fb
:10ae140060c22000104078000080fb0061006000e8
:10ae2400004078000004e0001a00320070c32000e3
:10ae3400104078000080fb00610060000000e0002a
:10ae440014003a00e0c32000104078000004e00041
:10ae540010003a0000ab210010007800610060008f
:10ae64000000e0000b003a0060c2200010407800af
:10ae74000080fb00640060000000e00005003a0070
:10ae840030ae290039ea0700200d2000c096880062
:10ae94008818370060c22000104078000080fb0052
:10aea40061006000004078000004e0000a00320005
:10aeb40070c32000104078000080fb006100600037
:10aec400004078000004e00003003200500d200030
:10aed400c09688007718370060c2200010407800c0
:10aee4000080fb00640060000000e000030032000a
:10aef400500d2000c09688006e183700f0a821007d
:10af0400104078000004e0000a003a00a0d380005a
:10af14000020a100a0d38800d0aa2100104078000e
:10af2400e14f500003003a00a0052000c0968800bd
:10af340060183700d0aa210010407800e34f500079
:10af44000a003a0080b0210010407800e24f50001f
:10af540006003a0080b021008040eb0001487800f0
:10af6400d0052000c096880052183700c0d5800054
:10af7400610060000000e00003003200a00a20002d
:10af8400c09688004b183700e0c7200010407800b6
:10af94000004e00003003200000a2000c09688008c
:10afa40044183700e0cc8000640060000000e0003a
:10afb40003003200d0022000c09688003d183700fc
:10afc400e0cc8000620060000000e000030032007a
:10afd400b0022000c096880036183700b0c6800042
:10afe400610060000000e0003400320060222100b3
:10aff400104078000004e00030003a00a013210063
:10b0040090407800f0c3b30080cf50002b00320092
:10b01400808c21009040780010c3b30080cf500092
:10b0240005003200808c21009040780050c3b300aa
:10b0340080cf500021003a0081c68000002020000b
:10b04400008060000000e0001c00320080972100b6
:10b0540040bf0200010000000000e0000e003200ca
:10b0640080972100104078000004e0000a003200bc
:10b07400b1c68000000e2000008060000000e000e7
:10b084000e003a00c0032000c09688000000eb00c8
:10b09400b073880007183700b0c680000000a10014
:10b0a400b0c68800b0c680000040a100b0c68800c9
:10b0b400809721008040eb0001487800e0cc8000bc
:10b0c400610060000000e00047003a00e0cc80002e
:10b0d400620060000000e00043003a00b0c6800057
:10b0e400610060000000e0003f003a00b17380009e
:10b0f40070bb2000808f50003b003600903d210043
:10b10400104078000004e0001d003200903d210052
:10b11400104078000000fb00e20f500008003200ed
:10b12400a1052000810f500008003200e10f5000fb
:10b134000a003a00b00e2000c096880007003700cd
:10b1440080112000c0968800040037005080200041
:10b1540011c0b3000148780000000000903d2100b8
:10b164008040eb00014878001ec30200010000008b
:10b1740070ae2900e0c2020001000000cd173700c4
:10b1840080022000c0968800b08c21001040780016
:10b194000004e00014003a00a0132100904078005d
:10b1a400f0c3b30080cf50000f003200808c210028
:10b1b4009040780010c3b30080cf500005003200e7
:10b1c400808c21009040780050c3b30080cf5000a1
:10b1d40005003a00a00f2000c09688000000eb0094
:10b1e400b0738800b317370080ac2100904078001a
:10b1f400f0c3b30080cf50001a003a0090ac210095
:10b20400104078000004e00016003a00e0a180003d
:10b21400e30f500013003a0060c52000104078008e
:10b22400e54f50000f00340060c520001040780046
:10b23400ff4f50000b003c0050c520001040780028
:10b244000004e00007003200f17380000071220066
:10b25400808f500003003600a0072000c0968800ad
:10b264009417370060222100104078000004e000a9
:10b2740013003200e173800080382100808f500079
:10b284000f003600f0a82100104078000004e00010
:10b294000b003a00d0aa2100104078000004e0001e
:10b2a40007003a00e0cc8000610060000000e0008c
:10b2b40003003a0060062000c09688007d1737001e
:10b2c4001174800000e22400808f50000f003600cb
:10b2d400f0a82100104078000004e0000b003a00c0
:10b2e400d0aa2100104078000004e00007003a00d2
:10b2f400e0cc8000610060000000e00003003a0040
:10b3040050052000c09688006a173700c17380007a
:10b31400f0702200808f50000300360020032000cc
:10b32400c09688006317370001748000f0e12400a0
:10b33400808f50000300360040102000c096880023
:10b344005c173700d1b3800000102000008060003b
:10b354000000e00003003200401d2000c096880079
:10b3640054173700d1b38000002020000080600013
:10b374000000e00008003200c0af800061006000ff
:10b384000000e00004003a00c0af80000020a000ec
:10b39400c0af880047173700d1b3800000202000d9
:10b3a400008060000000e00007003200e067210038
:10b3b400104078000004e00003003a00b01c2000b4
:10b3c400c09688003b173700d1b3800000002800e6
:10b3d400008060000000e0000e00320020602100c8
:10b3e40010407800e34f500006003a0070b021008e
:10b3f40011c0b30001487800e0b0210011c0b300cf
:10b4040001487800d0b3800000f0a100d0b38800d8
:10b414002817370070b02100104078000004e000c5
:10b424000c003200e0b02100104078000004e0007d
:10b434000800320030f080000000e00005003a000f
:10b444001000200060fe8800601d2000c096880067
:10b454001817370090fc8000700060000000e000c6
:10b464000a00320030f080000000e00007003a00db
:10b47400e0b0210011c0b3000148780090fc8000c6
:10b484000040a10090fc88000a17370070b021002a
:10b49400104078000004e0000700320030f0800023
:10b4a4000000e00004003a00e0b0210011c0b30045
:10b4b40001487800ff163700e0a18000e30f500038
:10b4c4000d003200e0a18000e40f50000a003200b9
:10b4d400e0a18000e50f5000070032001ec3020007
:10b4e4000100000020b02900e0c2020001000000b9
:10b4f400800e2000c096880030882100104078001b
:10b504000004e0000b003200b0c68000610060005f
:10b514000000e00004003200e08a210010407800be
:10b524000004e00003003a00000f2000c0968800e9
:10b53400e0163700c1968000800c2000808f5000f8
:10b5440015163a00402d2100104078000004e00058
:10b5540013163a002103200010c0b3008e620200cb
:10b5640001000000d316370000c42000104078000a
:10b574000080fb00700060000000e0000e003a0054
:10b5840060e8200010407800e14f50000a003a00c3
:10b5940060e820008040eb0001487800a0b2290058
:10b5a400ff160700411f200010c0b3008e62020086
:10b5b40001000000bf16370050b32900f816070039
:10b5c40000e2240001002000d0968800e196880063
:10b5d40060ae21008040eb0001487800a00c200000
:10b5e400c0968800e115200010c0b3008e620200ee
:10b5f40001000000af16370081c680000020200043
:10b60400008060000000e0000d00320030d68000b1
:10b614000010a10030d6880050002000e0a188006e
:10b6240080a9230001002000d0968800e1968800bc
:10b63400b00c2000c0968800dcc6a900b6a6a900fc
:10b64400d0968000e1968000e00f5000e08f580013
:10b654000f003a00c0968000801f7800b0b4290023
:10b66400801f7800e0bc2000d60402000000000027
:10b67400e4875700e0bc2000e0c2020001000000a3
:10b68400800c2000c096880010c0b300b0e807000a
:10b6940060ae2100104078000004e0000d0032008c
:10b6a400c0968000801f7800b0b52900801f780004
:10b6b400e0bc2000d604020000000000e48757002c
:10b6c400e0bc2000e0c2020001000000800c200069
:10b6d400c096880070ae2100104078000004e0009d
:10b6e400b1153200c0968000801f780080b7290011
:10b6f400801f7800e0bc2000d60402000000000097
:10b70400e4875700e0bc2000e0c202000100000012
:10b71400411f200010c0b3008e620200010000002f
:10b72400e01f2000c096880062163700d096800083
:10b73400e1968000e00f5000e08f58003e003a0090
:10b74400c19b8000c0968000811f7800801f780014
:10b75400b0ba2900801f7800e0bc2000d6040200a3
:10b7640000000000e6875700e0bc2000e0c20200b1
:10b7740001000000a0952900e0c2020001000000c1
:10b784000000eb00b0738800b1c68000000e2000fa
:10b7940001007000b0c68800b08c21008040eb002e
:10b7a40001487800808c2100f1c3b300014878007f
:10b7b400808c210090407800a0132100014878007b
:10b7c40050e72000104078000004e00003003a0035
:10b7d400804b2200c07388001000370050e720001f
:10b7e40010407800e14f50000c003a0050e7200070
:10b7f4008040eb00014878000000eb00c073880033
:10b804000000eb0000748800c05d2000d073880045
:10b81400808c210011c3b3000148780030d6800029
:10b824000010a10030d6880050002000e0a188005c
:10b83400c00c2000c0968800813e200010c0b300d8
:10b844008e620200010000001a163700dcc6a80050
:10b85400b6a6a8008038210001002000d0968800f8
:10b86400e1968800d00c2000c0968800111637009d
:10b8740081c6800000202000008060000000e000fd
:10b884004b1532006e16070000bc29004416070051
:10b894008038210001002000d0968800e1968800bd
:10b8a400e00c2000c096880002163700d096800075
:10b8b400e1968000e00f5000e08f58000500320050
:10b8c40081c6800000202000008060000000e000ad
:10b8d40039153200800c2000c0968800f515370019
:10b8e40057160700d0bc29002d16070000e22400db
:10b8f40001002000d0968800e196880080b02100e5
:10b9040010407800e14f50000a003a0080b0210056
:10b9140021c0b30001487800a03e2000c0968800f2
:10b92400813e200010c0b3008e62020001000000be
:10b93400e0153700300d2000c0968800a10f2000cc
:10b9440010c0b3008e62020001000000d915370058
:10b9540081c6800000202000008060000000e0001c
:10b964000c0032003616070090bd29000c160700a3
:10b9740060ae21008040eb0001487800813e200049
:10b9840010c0b3008e62020001000000300d2000e0
:10b99400c0968800d0968000e1968000e00f5000a9
:10b9a400e08f580006153a00800c2000bff1070014
:10b9b400c015370081c68000002020000080600090
:10b9c4000000e00005003a00d0968000e196800077
:10b9d400e00f5000e08f5800fb143a0060c22000d2
:10b9e40010407800804078000104a10060c220006b
:10b9f4000148780060ae21008040eb0001487800e7
:10ba04000f16070050be2900e515070070c220007c
:10ba1400e315070060bf2900e11507001ec30200fb
:10ba240001000000b0bf2900e0c2020001000000d4
:10ba340070c22000e0c2020001000000b03e2900f4
:10ba4400e0c2020001000000400d2000c096880002
:10ba5400810c200010c0b3008e62020001000000bf
:10ba64008038210001002000d0968800e1968800eb
:10ba74009015370081c680000020200000806000ff
:10ba84000000e00009003200ed15070090bd290018
:10ba9400c315070000e2240001002000d0968800ae
:10baa400e1968800400d2000c0968800d096800062
:10bab400e1968000e00f5000e08f5800c4143a0073
:10bac400800c200079f107007a15370060ae210060
:10bad400104078000004e00005003a00d096800091
:10bae400e1968000e00f5000e08f580030003a00eb
:10baf40070c029001de7070070c3200010407800c3
:10bb0400804078000124a00070c320000148780020
:10bb1400c2c0b300a13a290070c2200018be0200be
:10bb2400010000000000e0001b00320060ae2100b4
:10bb34008040eb000148780080382100010020009b
:10bb4400d0968800e1968800f0c02900e0c2020087
:10bb540001000000c2002000713b290070c22000d7
:10bb64001805020000000000b515070050be2900aa
:10bb74008b150700703b29008915070060bf290059
:10bb840087150700411f200010c0b3008e62020019
:10bb94000100000047153700800c2000c096880083
:10bba400419c200010c0b3008e620200010000001e
:10bbb40081c6800000202000008060000000e000ba
:10bbc4008514320000e2240001002000d096880091
:10bbd400e196880070c3200010407800804078000f
:10bbe4000104a00070c320000148780060c2200056
:10bbf400104078000080fb00620060000000e0005c
:10bc04000600320070c320001040780080407800a5
:10bc14000134a00070c3200001487800800c20008b
:10bc2400c0968800810c200010c0b3008e62020010
:10bc3400010000001f1537008115070050c22900bc
:10bc44005715070000e2240001002000d096880068
:10bc5400e1968800600d2000c09688001515370015
:10bc640081c6800000202000008060000000e00009
:10bc74001400320060c22000104078000080fb00f5
:10bc840061006000004078000004e000070032001a
:10bc9400813e200010c0b3008e620200010000004b
:10bca400200d2000c09688000600370070c32000d5
:10bcb400104078000004e00002003a00800c2000ec
:10bcc400c0968800d0968000e1968000e00f500076
:10bcd400e08f580042143a00800c2000c09688007f
:10bce400f414370050c32900e0c202000100000030
:10bcf400f00f2000c0968800ee143700d0c629004b
:10bd0400e0c2020001000000f00f2000c09688008d
:10bd1400e81437004a15070060ae21008040eb00ac
:10bd24000148780000e2240001002000d096880039
:10bd3400e196880000ca290019150700b00f2000f9
:10bd4400c09688004106200010c0b3008e62020035
:10bd540001000000d714370081c6800000202000b5
:10bd6400008060000000e0000900320080382100fb
:10bd740001002000d0968800e1968800800c200005
:10bd8400c0968800b08c210011c0b300014878002f
:10bd940060ae2100104078000004e00005003a0085
:10bda400d0968000e1968000e00f5000e08f5800ac
:10bdb40005003a00b08c21008040eb000148780077
:10bdc400800c2000c09688004106200010c0b300fb
:10bdd4008e62020001000000b61437001815070037
:10bde400d0982900ee140700d00f2000c0968800d8
:10bdf40000e2240001002000d0968800e19688002b
:10be04004106200010c0b3008e6202000100000051
:10be1400a814370081c68000002020000080600044
:10be24000000e00009003200c0af80006100600043
:10be34000000e00003003a00e00f2000c0968800f4
:10be440002003700e00f2000c0968800d0968000e2
:10be5400e1968000e00f5000e08f5800e2133a00b2
:10be64003002200091f007009214370081c6800050
:10be740000202000008060000000e0000900320083
:10be8400ef14070030cb2900c5140700c0172000a9
:10be9400c09688004106200010c0b3008e620200e4
:10bea4000100000060ae2100104078000004e000b2
:10beb4000b003200c0af8000610060000000e000b1
:10bec4000700320080c680000090a00080c6880071
:10bed40080c680000080a10080c68800080037006a
:10bee40080c680000090a00080c6880080c68000c4
:10bef4000080a10080c68800800c2000c0968800c5
:10bf0400d0968000e1968000e00f5000e08f58004a
:10bf1400b7133a006002200064f00700651437008c
:10bf2400808c21009040780010c3b30080cf500073
:10bf340005003200808c21009040780050c3b3008b
:10bf440080cf500019003a0081c6800000202000f4
:10bf5400008060000000e00005003a00d0968000f8
:10bf6400e1968000e00f5000e08f58000d003a0089
:10bf7400b3140700f0cb29007b14070040192100fb
:10bf840001002000d0968800e1968800810c2000f2
:10bf940010c0b3008e620200010000009002200075
:10bfa400c09688000000000042143700800c200076
:10bfb400c09688000000eb00b07388003d14370081
:10bfc40081c6800000202000008060000000e000a6
:10bfd40005003a00d0968000e1968000e00f500002
:10bfe400e08f58000e003a00800c2000c0968800b4
:10bff4000000eb00b0738800e0cc800062006000b9
:10c004000000e00006003200b0022000c096880064
:10c014004106200010c0b3008e620200010000003f
:10c0240070ae2100104078000004e000721332006a
:10c03400c0968000801f780080892900801f7800c6
:10c04400e0bc2000d604020000000000e487570092
:10c05400e0bc2000e0c2020001000000411f2000fb
:10c0640010c0b3008e62020001000000e01f200037
:10c07400c09688000f1437007114070000e22400f2
:10c0840001002000d0968800e1968800e0cc2900c9
:10c094004314070050d380005a93020001000000ab
:10c0a40070cd29003e140700c0022000c09688000d
:10c0b4004106200010c0b3008e620200010000009f
:10c0c400fc13370081c6800000202000008060003f
:10c0d4000000e00005003a00d0968000e196800060
:10c0e400e00f5000e08f580045133a00e0cc800088
:10c0f4000010a100e0cc8800800c2000c0968800cd
:10c10400e0cc8000680060000000e0000500320020
:10c11400e0cc80000030a100e0cc880080ab20009f
:10c12400b0738800d0968000e1968000e00f500044
:10c13400e08f580034133a00e0cc80000020a000c7
:10c14400e0cc8800a06e2900e0c2020001000000db
:10c15400c19680006c004700811f7800617029003f
:10c16400811f7800d604020000000000e487570015
:10c174006c004700e0c2020001000000907029003a
:10c18400e0c202000100000010c0b300f0e50700a7
:10c19400c81337002a14070000e22400010020001d
:10c1a400d0968800e1968800b0cd2900fc130700e2
:10c1b400a0952900fa130700e0cc80000010a1002c
:10c1c400e0cc8800e0cc80000000a100e0cc880036
:10c1d400e0cc80000020a100e0cc88000000eb004f
:10c1e400b0738800e0022000c09688004106200059
:10c1f40010c0b3008e62020001000000ad133700ce
:10c2040081c6800000202000008060000000e00063
:10c2140005003a00d0968000e1968000e00f5000bf
:10c22400e08f5800fa123a00800c2000c096880073
:10c2340010c0b300c6e507009e13370000140700c2
:10c24400207821008040eb000148780070ce29005e
:10c25400d3130700801a260001002000d09688001e
:10c26400e196880030032000c096880091133700bf
:10c274000000eb00c073880081c68000002020000d
:10c28400008060000000e000d10032006003200064
:10c29400c0968800a2c0b30011cf290020782100e5
:10c2a40018be0200010000000000e00007003a0090
:10c2b400a2c0b300c1cf29002078210018be02001b
:10c2c400010000000000e0002b00320030002000dc
:10c2d400e0a1880000f1200010407800f94f5000e0
:10c2e40004003200908c2100104078000004e0002b
:10c2f4000300320000f120000640020001000000ab
:10c30400908c21008040eb0001487800a08c210033
:10c314008040eb0001487800b0782100104078009c
:10c3240080407800808c210001487800808c2100b6
:10c3340090407800a013210001487800808c2100ef
:10c344009040780050c3b30080cf500005003a00fd
:10c354008040eb00002020004c2802000100000077
:10c36400260037008040eb00002020001a2802003d
:10c374000100000021003700a2c0b30071d02900e1
:10c384002078210018be0200010000000000e00037
:10c394001a0032001ec302000100000020d129004f
:10c3a400e0c2020001000000e01f2000c0968800e7
:10c3b400b07821001040780080407800808c210003
:10c3c40001487800808c210090407800a01321005f
:10c3d400014878007080200010407800e34f40004e
:10c3e4008d123e0070802000104078008040e800ec
:10c3f40070802000014878002e133700a2c0b300db
:10c4040051d329002078210018be02000100000049
:10c414000000e00007003a00a2c0b30001d42900e4
:10c424002078210018be0200010000000000e00096
:10c4340047003200a08c2100104078008040e800c2
:10c44400a08c210001487800a08c210010407800c5
:10c45400e84f500005003a001ec30200010000002e
:10c46400b0d42900e0c2020001000000a08c210029
:10c4740010407800f44f50002b003600a08c2100af
:10c484008040eb0001487800908c21001040780037
:10c494000004e0001c003a00908c210011c0b3009d
:10c4a4000148780080f120000640020001000000ed
:10c4b4001ec30200010000009022210010407800f9
:10c4c4000080fb0061006000004078000004e00090
:10c4d4000400320011c0b300000120004c28020007
:10c4e4000100000090222100104078000080fb0031
:10c4f400640060000000e0000300320070222100ac
:10c5040011c0b30001487800a0d62900e0c202009f
:10c5140001000000e01f2000c096880040002000b9
:10c52400e0a18800e3123700b078210010407800c1
:10c5340080407800808c210001487800808c2100a4
:10c5440090407800a01321000148780002003700d1
:10c5540030002000e0a1880082c0b30061d9290026
:10c564002078210018be0200010000000000e00055
:10c5740007003a0082c0b300f1d9290020782100d5
:10c5840018be0200010000000000e00010003200ac
:10c5940080da2900021307002913070020782100fc
:10c5a4008040eb0001487800803821000100200021
:10c5b400d0968800e1968800800c2000c096880000
:10c5c40081bb200010c0b3008e6202000100000095
:10c5d400d0968000e1968000e00f5000e08f580074
:10c5e40017003a00a06e2900e0c20200010000001a
:10c5f400c1968000000220000e004000811f7800d8
:10c6040061702900811f7800d60402000000000038
:10c61400e4875700000220000e004000e0c2020040
:10c624000100000090702900e0c202000100000037
:10c63400800c2000c096880010c0b300c4e407003a
:10c6440070ae2100104078000004e000f4113200c4
:10c65400c0968000801f780080892900801f7800a0
:10c66400e0bc2000d604020000000000e48757006c
:10c67400e0bc2000e0c2020001000000411f2000d5
:10c6840010c0b3008e62020001000000e01f200011
:10c69400c09688008712370090882900c0120700ce
:10c6a400e7120700207821008040eb000148780061
:10c6b40000fa200001002000d0968800e19688004e
:10c6c40050032000c09688007a1237000000eb0067
:10c6d400c073880081c680000020200000806000b4
:10c6e4000000e0006d00320062c0b300118929002f
:10c6f4002078210018be0200010000000000e000c4
:10c704006600320060c0b3004047980030db290067
:10c71400e0c20200010000004e4090000080fb00d7
:10c7240021782100e1407800f0c2b30080cf5000ae
:10c73400350034004e4090000080fb002178210039
:10c74400e140780090c3b30080cf50002e003c003d
:10c754004e4090000080fb00217821006140780069
:10c7640084900200010000000080fb001007980084
:10c774004e4090000040e800404798004e40900032
:10c784000080fb0021782100e1407800f0c2b30072
:10c7940080cf5000180034004e4090000080fb0011
:10c7a40021782100e140780090c3b30080cf50008d
:10c7b40011003c001e0090006a00b90000007800df
:10c7c400100798004e4090000080fb002178210063
:10c7d4006140780084900200010000000080fb00aa
:10c7e4009e00900000804000100798004e4090008a
:10c7f4000040e800404798001e0090000040780088
:10c804007a2e0200010000004e4090000040e80033
:10c81400404798004e4090000080fb0021782100a2
:10c82400e1407800f0c2b30080cf50001300340020
:10c834004e4090000080fb0021782100e140780008
:10c8440090c3b30080cf50000c003c004e409000d9
:10c854000080fb0021782100614078008490020070
:10c86400010000000080fb00100798001e009000eb
:10c8740000407800fe2f0200010000000000eb00e1
:10c88400c0738800007d200001002000d09688003d
:10c89400e1968800800c2000c0968800d096800025
:10c8a400e1968000e00f5000e08f580017003a0036
:10c8b400a06e2900e0c2020001000000c1968000c1
:10c8c400400320000e004000811f780061702900a1
:10c8d400811f7800d604020000000000e48757009e
:10c8e400400320000e004000e0c2020001000000ee
:10c8f40090702900e0c2020001000000800c2000ba
:10c90400c096880010c0b30011e4070070ae210087
:10c91400104078000004e00043113200c09680000b
:10c92400801f780080892900801f7800e0bc2000e7
:10c93400d604020000000000e4875700e0bc200099
:10c94400e0c2020001000000411f200010c0b3003b
:10c954008e62020001000000e01f2000c0968800e3
:10c96400d411370036120700207821008040eb00f4
:10c974000148780000dc290009120700803e2000ed
:10c9840001002000d0968800e19688007003200002
:10c99400c0968800c711370081c68000002020009f
:10c9a400008060000000e000220132000000eb0083
:10c9b400c073880072c0b30091dc29002078210084
:10c9c40018be0200010000000000e000190132005e
:10c9d400d2c0b30011dd29002078210018be020066
:10c9e400010000000000e0000d01320052c1b3005c
:10c9f400f1dd29002078210018be020001000000aa
:10ca04000000e0008000320050c5200041c0b300a7
:10ca14000148780050c1b300504798005e40900030
:10ca24000080fb0021782100e1407800f0c2b300cf
:10ca340080cf5000350034005e4090000080fb0041
:10ca440021782100e140780090c3b30080cf5000ea
:10ca54002e003c005e4090000080fb002178210005
:10ca64006140780084900200010000000080fb0017
:10ca7400100798005e4090000040e800504798007e
:10ca84005e4090000080fb0021782100e1407800a6
:10ca9400f0c2b30080cf5000180034005e40900014
:10caa4000080fb0021782100e140780090c3b300ae
:10cab40080cf500011003c001e0090006a00b900b5
:10cac40000007800100798005e4090000080fb0092
:10cad4002178210061407800849002000100000068
:10cae4000080fb009e00900000804000100798002a
:10caf4005e4090000040e800504798001e009000ff
:10cb040000407800be300200010000005e4090004a
:10cb14000040e800504798005e4090000080fb0011
:10cb240021782100e1407800f0c2b30080cf5000aa
:10cb3400320034005e4090000080fb002178210028
:10cb4400e140780090c3b30080cf50002b003c003c
:10cb54005e4090000080fb00217821006140780055
:10cb640084900200010000000080fb001007980080
:10cb74005e4090000040e800504798005e409000fe
:10cb84000080fb0021782100e1407800f0c2b3006e
:10cb940080cf5000150034005e4090000080fb0000
:10cba40021782100e140780090c3b30080cf500089
:10cbb4000e003c001e0090006a00b90000007800de
:10cbc400100798005e4090000080fb00217821004f
:10cbd4006140780084900200010000000080fb00a6
:10cbe4009e00900000804000100798001e009000f6
:10cbf400004078007630020001000000400320006d
:10cc0400c09688008b00370050c5200031c0b300a7
:10cc140001487800d0c0b300604798006e4090008f
:10cc24000080fb0021782100e1407800f0c2b300cd
:10cc340080cf5000350034006e4090000080fb002f
:10cc440021782100e140780090c3b30080cf5000e8
:10cc54002e003c006e4090000080fb0021782100f3
:10cc64006140780084900200010000000080fb0015
:10cc7400100798006e4090000040e800604798005c
:10cc84006e4090000080fb0021782100e140780094
:10cc9400f0c2b30080cf5000180034006e40900002
:10cca4000080fb0021782100e140780090c3b300ac
:10ccb40080cf500011003c001e0090006a00b900b3
:10ccc40000007800100798006e4090000080fb0080
:10ccd4002178210061407800849002000100000066
:10cce4000080fb009e009000008040001007980028
:10ccf4006e4090000040e800604798001e009000dd
:10cd0400004078002c310200010000006e409000c9
:10cd14000040e800604798006e4090000080fb00ef
:10cd240021782100e1407800f0c2b30080cf5000a8
:10cd3400320034006e4090000080fb002178210016
:10cd4400e140780090c3b30080cf50002b003c003a
:10cd54006e4090000080fb00217821006140780043
:10cd640084900200010000000080fb00100798007e
:10cd74006e4090000040e800604798006e409000cc
:10cd84000080fb0021782100e1407800f0c2b3006c
:10cd940080cf5000150034006e4090000080fb00ee
:10cda40021782100e140780090c3b30080cf500087
:10cdb4000e003c001e0090006a00b90000007800dc
:10cdc400100798006e4090000080fb00217821003d
:10cdd4006140780084900200010000000080fb00a4
:10cde4009e00900000804000100798001e009000f4
:10cdf40000407800063102000100000020c6200037
:10ce04008040eb000148780010c620008040eb0011
:10ce14000148780040032000c096880005003700d0
:10ce240050c5200021c0b300014878004003200011
:10ce3400c0968800d0968000e1968000e00f5000f4
:10ce4400e08f5800fa0f3a000000eb00c07388002e
:10ce5400800c2000c096880010c0b300bce207001c
:10ce640094103700c080200090407800d0802000cb
:10ce74001040780080cf5000ef0f3a00e1c3b300b8
:10ce840060c680001311070001c2b30070c68000a1
:10ce94001011070050df2900c110070080972100fe
:10cea400bf100700a07f2900bd100700d003200099
:10ceb400c09688004106200010c0b3008e620200b4
:10cec4000100000080a9230001002000d096880002
:10ced400e19688007710370061c6800000202000aa
:10cee400008060000000e0000b00320071c680008a
:10cef40000202000008060000000e00006003200f6
:10cf0400411f200010c0b3008e6202000100000027
:10cf1400e0032000c0968800d0968000e19680004f
:10cf2400e00f5000e08f5800c50f3a001ec3020006
:10cf340001000000f0df2900e0c20200010000004f
:10cf4400bf100700b00120009510070080a923003e
:10cf540001002000d0968800e1968800810c200012
:10cf640010c0b3008e620200010000001004200013
:10cf7400c09688004f10370060ae21008040eb005f
:10cf840001487800021020008000eb002078210086
:10cf94002605020000000000a9100700708d210082
:10cfa4007f1007001ec302000100000030e12900c9
:10cfb400e0c2020001000000708d2100e0c2020006
:10cfc4000100000060e12900e0c20200010000004d
:10cfd40000a62e0001002000d0968800e19688006b
:10cfe400810c200010c0b3008e620200010000001a
:10cff400f0032000c09688002e103700a001200006
:10d00400801f7800a0e12900801f7800d0ad2100a6
:10d01400d604020000000000e4875700d0ad2100d0
:10d024005f100700d0c0b300b1e20700810c2000fc
:10d0340010c0b3008e620200010000000004200052
:10d04400c09688001b10370081c680000020200095
:10d05400008060000000e000320032008042eb00fb
:10d064000002eb008001eb0082972100718d21000a
:10d07400d0e12900b64f02000000000090cc8000ef
:10d08400a1cc800061004000e080480090cc880082
:10d09400a1cc88006099210010407800e14f400045
:10d0a4000500320060992100104078008040e800bb
:10d0b4006099210001487800b0c6800070006000cb
:10d0c4000000e0000900320080992100104078003f
:10d0d400e14f4000050032008099210010407800a3
:10d0e4008040e8008099210001487800b0c68000a3
:10d0f4000000a100b0c68800b0c680000040a100b6
:10d10400b0c68800b1c68000f0f12f0080806000b6
:10d114000006200001007000b0c68800800c2000ca
:10d12400c0968800d0968000e1968000e00f500001
:10d13400e08f58001e003a00a06e2900e0c20200f1
:10d1440001000000c1968000800420000e00400011
:10d15400811f780061702900811f7800d6040200c5
:10d1640000000000e4875700800420000e00400007
:10d17400e0c202000100000090702900e0c2020039
:10d18400010000001ec302000100000050e229005b
:10d19400e0c202000100000000532700010020004b
:10d1a400d0968800e196880010c0b300e8e107003b
:10d1b40060ae2100104078000004e000220f32002d
:10d1c4001ec302000100000090e32900e0c2020037
:10d1d4000100000020042000c0968800a000200068
:10d1e40001002000d0968800e1968800b10f370036
:10d1f400d0968000e1968000e00f5000e08f580048
:10d204000500320081c680000020200000806000fc
:10d214000000e0000e0f320020042000c0968800b9
:10d22400a40f37008042eb000002eb008001eb000a
:10d2340082972100718d210010e52900b64f02006c
:10d2440000000000b0c680000010a000b0c6880036
:10d25400b0c680000000a100b0c68800b0c680003f
:10d264000040a100b0c68800b1c68000000e2000b6
:10d2740001007000b0c68800a09921001040780019
:10d28400e14f400005003200a099210010407800d1
:10d294008040e800a099210001487800800c20001b
:10d2a400c0968800830f370060ae21008040eb00f9
:10d2b40001487800208821008040eb000148780074
:10d2c400df0f070080a9230001002000d09688000a
:10d2d400e196880090e52900a30f070010052000bf
:10d2e400c09688004106200010c0b3008e62020080
:10d2f400010000006f0f370081c68000002020006d
:10d30400008060000000e000190032002088210045
:10d31400104078000004e00013003a00d0aa210075
:10d3240010407800e14f500003003200d0aa2100e1
:10d334008040eb000148780090d480000000a100f8
:10d3440090d48800f0a821008040eb0001487800c8
:10d35400a0d380000000a100a0d3880070ea2000c0
:10d364008040eb0001487800800c2000c0968800c3
:10d3740060ae2100104078000004e000020032009a
:10d38400800c2000c0968800d0968000e196800032
:10d39400e00f5000e08f580015003a00a06e2900fd
:10d3a400e0c2020001000000c0968000801f7800e7
:10d3b40060702900801f7800e0bc2000d6040200c1
:10d3c40000000000e4875700e0bc2000e0c2020037
:10d3d4000100000090702900e0c20200010000007a
:10d3e400800c2000c096880010c0b30058e10700ec
:10d3f400f0a82100104078000004e00004003a0086
:10d40400d0aa2100104078000004e000030032009c
:10d414000000eb00d0738800020037000000eb002e
:10d42400d073880070ae2100104078000004e00042
:10d43400890e3200c0968000801f78008089290000
:10d44400801f7800e0bc2000d60402000000000029
:10d45400e4875700e0bc2000e0c2020001000000a5
:10d46400411f200010c0b3008e62020001000000c2
:10d47400e01f2000c09688000e0f370020e6290028
:10d48400470f07006e0f0700007d200001002000f9
:10d49400d0968800e19688000000eb0080d48800d4
:10d4a400f0a8210031c0b3000148780000ab21008e
:10d4b400b040900000c5b30080cf50000d00320092
:10d4c40000ab210010007800610060000000e00063
:10d4d4000500320000ab2100a040900000c5b3005d
:10d4e40080cf50000300320000c5b300d4a702006f
:10d4f4000100000030052000c0968800ed0e3700c2
:10d5040081c6800000202000008060000000e00050
:10d5140005003a00d0968000e1968000e00f5000ac
:10d52400e08f58004e0e3a00450f0700d0bc29008a
:10d534001b0f0700f0332000c0968800d0968000af
:10d54400e1968000e00f5000e08f5800460e3a004c
:10d55400a06e2900e0c2020001000000c196800014
:10d56400c00520000e004000811f78006170290072
:10d57400811f7800d604020000000000e4875700f1
:10d58400c00520000e004000e0c2020001000000bf
:10d5940090702900e0c202000100000010c0b30036
:10d5a400ebe00700c30e370081c680000020200096
:10d5b400008060000000e00005003a00d096800082
:10d5c400e1968000e00f5000e08f580020003a0000
:10d5d40000e2240001002000d0968800e196880033
:10d5e40000342000c0968800d0968000e196800028
:10d5f400e00f5000e08f580015003a00a06e29009b
:10d60400e0c2020001000000c19680000007200073
:10d614000e004000811f780061702900811f78008e
:10d62400d604020000000000e48757000007200031
:10d634000e004000e0c202000100000090702900ca
:10d64400e0c202000100000010c0b300c0e0070007
:10d65400d0968000e1968000e00f5000e08f5800e3
:10d66400030e3a00800c200090ea0700910e370068
:10d6740081c6800000202000008060000000e000df
:10d684000d003200ee0e070070e62900c40e0700fc
:10d694000071220001002000d0968800e1968800e5
:10d6a40020342000c0968800810c200010c0b300f4
:10d6b4008e62020001000000d0968000e196800096
:10d6c400e00f5000e08f5800eb0d3a00800c200072
:10d6d40076ea0700770e370081c68000002020001c
:10d6e400008060000000e00019003200d40e070042
:10d6f40000ab2100404090008080fb0040082000e7
:10d704000e004000811f780021e72900811f780066
:10d71400d604020000000000e487570040082000ff
:10d724000e0040009e0e070000e2240001002000cd
:10d73400d0968800e196880030342000c096880096
:10d74400810c200010c0b3008e62020001000000b2
:10d7540060ae2100104078000004e0000b003200ad
:10d7640060ae21008040eb000148780080c6800054
:10d774000090a00080c6880080c680000080a100c0
:10d7840080c6880000342000c0968800d0968000af
:10d79400e1968000e00f5000e08f5800b80d3a0089
:10d7a400800c200041ea0700420e370081c6800049
:10d7b40000202000008060000000e000190032001a
:10d7c4009f0e070000e2240001002000d09688008c
:10d7d400e196880000ab2100504090008080fb005f
:10d7e400300920000e004000811f780021e8290044
:10d7f400811f7800d604020000000000e48757006f
:10d80400300920000e004000650e0700800c200047
:10d81400c0968800810c200010c0b3008e62020004
:10d8240001000000d0968000e1968000e00f5000d7
:10d83400e08f5800940d3a00800c20001bea07008a
:10d844001c0e37007e0e070080a923000100200073
:10d85400d0968800e196880020e92900500e070040
:10d8640060052000c0968800411f200010c0b3004e
:10d874008e620200010000000e0e370081c6800097
:10d8840000202000008060000000e00005003a0055
:10d89400d0968000e1968000e00f5000e08f5800a1
:10d8a4007b0d3a00800c2000c09688000000eb003d
:10d8b40010748800ff0d3700a0d380006100600061
:10d8c4000000e00004003a0090d480006100600091
:10d8d4000000e0000300320040062000c0968800eb
:10d8e400f40d3700560e0700007d200001002000d3
:10d8f400d0968800e1968800c0e92900280e070028
:10d90400b0052000c0968800ea0d370081c680006b
:10d9140000202000008060000000e00005003a00c4
:10d92400d0968000e1968000e00f5000e08f580010
:10d93400590d3a00c0052000c0968800d09680009a
:10d94400e1968000e00f5000e08f5800540d3a003b
:10d95400a06e2900e0c2020001000000c196800010
:10d96400200a20000e004000811f78006170290009
:10d97400811f7800d604020000000000e4875700ed
:10d98400200a20000e004000e0c202000100000056
:10d9940090702900e0c202000100000010c0b30032
:10d9a400ebdf0700c30d3700250e070000e224005b
:10d9b40001002000d0968800e1968800d0aa2100ba
:10d9c40021c0b300014878000000eb0070d5880046
:10d9d40040ea2900f20d070030a92100f00d0700ec
:10d9e40080ea2900ee0d0700030f21001200200039
:10d9f4008040eb00b0ea29007bdf070080b0210003
:10da040011c0b30001487800800c2000c096880043
:10da1400a80d370081c6800000202000008060002f
:10da24000000e000200d3200050e070000ab2100cd
:10da34009000780000042000008060000000e000f6
:10da440003003200d0bc2900d50d070002003700c6
:10da5400d0bc2900d20d0700007122000100200073
:10da6400d0968800e1968800203a2000c09688006d
:10da7400900d370081c680000020200000806000e7
:10da84000000e00009003200ed0d070080eb2900e2
:10da9400c30d070000e2240001002000d096880096
:10daa400e1968800303a2000c0968800d096800025
:10dab400e1968000e00f5000e08f5800fc0c3a0023
:10dac400800c200079e907007a0d370081c68000b8
:10dad40000202000008060000000e0000900320007
:10dae400d70d070070e62900ad0d07000071220074
:10daf40001002000d0968800e1968800503a20006a
:10db0400c0968800d0968000e1968000e00f500017
:10db1400e08f5800e80c3a00800c200063e907000d
:10db2400640d370081c68000002020000080600062
:10db34000000e00015003200c10d070000ab210019
:10db4400404090008080fb00600b20000e004000ed
:10db5400811f780021e72900811f7800d604020084
:10db640000000000e4875700600b20000e00400016
:10db74008b0d070000e2240001002000d0968800ed
:10db8400e1968800603a2000c096880060ae2100cb
:10db9400104078000004e0000b00320080c68000d2
:10dba4000090a00080c6880080c680000080a1008c
:10dbb40080c6880060ae21008040eb0001487800f8
:10dbc400303a2000c0968800d0968000e19680000c
:10dbd400e00f5000e08f5800b90c3a00800c200090
:10dbe40032e90700330d370081c680000020200091
:10dbf400008060000000e00015003200900d070076
:10dc040000ab2100504090008080fb00500c2000ad
:10dc14000e004000811f780021e82900811f780050
:10dc2400d604020000000000e4875700500c2000d6
:10dc34000e0040005a0d070000e2240001002000fd
:10dc4400d0968800e1968800e0052000c096880000
:10dc5400d0968000e1968000e00f5000e08f5800dd
:10dc6400990c3a00800c200010e90700110d3700d0
:10dc740081c6800000202000008060000000e000d9
:10dc84000500320090d480000010a00090d48800d9
:10dc940000052000c0968800d0968000e1968000a0
:10dca400e00f5000e08f5800890c3a00a06e290064
:10dcb400e0c2020001000000c1968000400d200077
:10dcc4000e004000811f780061702900811f7800d8
:10dcd400d604020000000000e4875700400d200035
:10dce4000e004000e0c20200010000009070290014
:10dcf400e0c2020001000000800c2000c0968800f1
:10dd040010c0b30012df0700ea0c370040ec290012
:10dd1400230d0700f0a821008040eb0001487800a3
:10dd2400d0aa21008040eb000148780080b0210097
:10dd34008040eb0001487800aca70200010000001d
:10dd44003f0d0700007d200001002000d0968800d0
:10dd5400e19688000119200010c0b3008e62020011
:10dd64000100000000052000c0968800d10c370097
:10dd740081c6800000202000008060000000e000d8
:10dd8400090032002e0d070090ec2900040d070055
:10dd940000e2240001002000d0968800e19688006b
:10dda400303f2000c0968800d0968000e196800025
:10ddb400e00f5000e08f580002003a0040062000b7
:10ddc400bae807004106200010c0b3008e620200ca
:10ddd40001000000b70c370081c68000002020003d
:10dde400008060000000e00005003a00d09680004a
:10ddf400e1968000e00f5000e08f5800360c3a00a6
:10de040000052000c0968800d0968000e19680002e
:10de1400e00f5000e08f5800310c3a00a06e29004a
:10de2400e0c2020001000000c1968000800e2000c4
:10de34000e004000811f780061702900811f780066
:10de4400d604020000000000e4875700800e200082
:10de54000e004000e0c202000100000090702900a2
:10de6400e0c202000100000010c0b300b8de0700e9
:10de7400900c3700f20c0700207821008040eb0062
:10de840001487800b07b2900c50c070080382100c8
:10de940001002000d0968800e196880070062000da
:10dea400c0968800830c370081c6800000202000c3
:10deb400008060000000e0002f0032002078210084
:10dec400104078000004e0002b003200c2c0b30010
:10ded400517c29002078210018be020001000000b6
:10dee4000000e00009003200800c2000c096880089
:10def40050ae21008040eb000148780060222100f0
:10df04008040eb00014878001900370050ae210032
:10df1400104078008040e80050ae210001487800ad
:10df240050ae210010407800e14f50000e00360042
:10df34001ec302000100000050ed2900e0c20200ef
:10df44000100000020782100e0c20200010000006e
:10df5400b03e2900e0c2020001000000800e200053
:10df6400c096880002003700800c2000c09688000c
:10df74000000eb00e0738800d0968000e1968000fa
:10df8400e00f5000e08f5800d70b3a001ec3020088
:10df94000100000020ee2900e0c2020001000000a0
:10dfa400e01f2000c0968800420c37002078210032
:10dfb4008040eb000148780080ac21002200200062
:10dfc40051ef290018050200000000009c0c070016
:10dfd40070ef2900720c0700803821000100200036
:10dfe400d0968800e1968800b0072000c09688008b
:10dff400300c370081c680000020200000806000c3
:10e004000000e0005b00320020782100104078001e
:10e014000004e0005700320062c0b30011f0290090
:10e024002078210018be0200010000000000e0007a
:10e0340050003200600020001007980003003700f1
:10e044001e0090000000e8001007980021782100cd
:10e054001e00900000804000104078000004e000a2
:10e0640007003200217821001e009000008040004b
:10e074009040780020c2b30080cf5000f0ff3a00f7
:10e08400217821001e00900000804000904078001c
:10e0940020c2b30080cf500032003a001e0090002e
:10e0a4000000e800100798000000eb00000f780063
:10e0b4000c003700217821001e00900000804000f1
:10e0c400104078008040780080ac21001e004000a1
:10e0d400014878001e0fe8001e0090000000e800d0
:10e0e40010079800217821001e0090000080400055
:10e0f400104078000004e00016003200217821006e
:10e104001e009000008040009040780020c2b300c0
:10e1140080cf50000f003200217821001e009000b3
:10e124000080400010407800ed4f5000090032009c
:10e13400217821001e0090000080400010407800eb
:10e14400ea4f5000030032001e007800f30f500025
:10e15400d8ff340080ac21001e0040008040eb005a
:10e16400014878000000eb00f0738800800c200068
:10e17400c0968800d0968000e1968000e00f5000a1
:10e18400e08f58005a0b3a000000eb00f07388004f
:10e19400800c2000c0968800c60b370081c6800022
:10e1a40000202000008060000000e00005003a002c
:10e1b400d0968000e1968000e00f5000e08f580078
:10e1c4004d0b3a0000ab210010409000e84f500086
:10e1d4000300360000ab210041c0b3001140980099
:10e1e400170c070000fa200001002000d0968800d8
:10e1f400e196880080f02900e90b070000ab2100bc
:10e20400104090003a9302000100000080ea2900c7
:10e21400e30b07001ec302000100000050f12900b7
:10e22400e0c202000100000000ab21001040900099
:10e234000080fb00801f780030f22900801f7800e6
:10e24400d0af2100d604020000000000e48757008c
:10e25400d0af2100e0c2020001000000300720001e
:10e26400c0968800813e200010c0b3008e62020078
:10e2740001000000d0968000e1968000e00f50007d
:10e28400e08f58001e0b3a00a06e2900e0c2020085
:10e2940001000000c1968000c00f20000e00400065
:10e2a400811f780061702900811f7800d604020064
:10e2b40000000000e4875700c00f20000e0040005b
:10e2c400e0c202000100000090702900e0c20200d8
:10e2d4000100000010c0b3009ddd0700750b37007e
:10e2e40081c6800000202000008060000000e00063
:10e2f40005003a00d0968000e1968000e00f5000bf
:10e30400e08f5800000b3a0000ab21009000780029
:10e314000100a1000108780000ab2100a04090009a
:10e3240000ab21003140980000ab21009000780040
:10e334000110a00001087800800c2000c09688001d
:10e344001ec302000100000070f22900e0c20200b6
:10e3540001000000d0968000e1968000e00f50009c
:10e36400e08f5800ea0a3a00a06e2900e0c20200d9
:10e3740001000000c1968000001120000e00400042
:10e38400811f780061702900811f7800d604020083
:10e3940000000000e4875700001120000e00400038
:10e3a400e0c202000100000090702900e0c20200f7
:10e3b4000100000010c0b30065dd07003d0b37000d
:10e3c40000e2240001002000d0968800e196880035
:10e3d40090482000c0968800360b370081c6800024
:10e3e40000202000008060000000e0006500320092
:10e3f400930b0700d0c12000104078000080fb0080
:10e40400e40f500033003200e40f50000c003c00d5
:10e41400e10f50001a003200e10f500003003c00ed
:10e424000000e0000f0032004d003700e20f500002
:10e434001a003200e30f50001f003200480037007a
:10e44400e60f500031003200e60f5000280035007e
:10e45400e70f500034003200e80f5000390032005a
:10e464003f003700401220000e004000220120002f
:10e4740081f329001805020000000000380037006d
:10e48400401220000e00400022012000a1f42900c7
:10e49400180502000000000031003700401220007f
:10e4a4000e00400022012000c1f5290018050200d9
:10e4b400000000002a003700401220000e00400037
:10e4c40022012000e1f629001805020000000000e6
:10e4d40023003700401220000e00400022012000db
:10e4e40001f8290018050200000000001c00370094
:10e4f400401220000e0040002201200021f92900d2
:10e50400180502000000000015003700401220002a
:10e514000e0040002201200041fa290018050200e3
:10e52400000000000e003700401220000e004000e2
:10e534002201200061fb29001805020000000000f0
:10e5440007003700401220000e0040002201200086
:10e5540081fc2900180502000000000000000000f2
:10e56400401220000e0040000d0b070000e22400c2
:10e5740001002000d0968800e1968800a048200081
:10e58400c0968800d0968000e1968000e00f50008d
:10e59400e08f5800600a3a00800c2000c3e60700b0
:10e5a400c40a370081c6800000202000008060007b
:10e5b4000000e00015003200210b0700e0c120003c
:10e5c400104078008080fb00301320000e004000d3
:10e5d400811f780021e82900811f7800d6040200f9
:10e5e40000000000e4875700301320000e004000b4
:10e5f400eb0a070000e2240001002000d096880006
:10e60400e1968800b0482000c0968800d09680002b
:10e61400e1968000e00f5000e08f5800400a3a0075
:10e62400800c2000a1e60700a20a370081c6800002
:10e6340000202000008060000000e000060032009e
:10e6440000ab2100900078000120a10001087800af
:10e65400800c2000c0968800d0968000e19680004f
:10e66400e00f5000e08f58002f0a3a00800c200081
:10e674008ee607008f0a370050c1200090407800d2
:10e6840000ab21001140980000ab21001040900025
:10e69400e84f50000300360000ab210041c0b30036
:10e6a400114098001ec3020001000000a0fd2900d3
:10e6b400e0c202000100000000ab21001040900005
:10e6c4000080fb00801f780030f22900801f780052
:10e6d400d0af2100d604020000000000e4875700f8
:10e6e400d0af2100e0c2020001000000d40a0700fc
:10e6f400f0fe2900aa0a0700803e20000100200045
:10e70400d0968800e1968800100a2000c096880000
:10e71400680a370081c68000002020000080600065
:10e724000000e00005003a00d0968000e1968000e9
:10e73400e00f5000e08f5800fd093a00e0c72000c8
:10e744008040eb0001487800f0c7200011c0b300fe
:10e75400014878001ec3020001000000a0ff290048
:10e76400e0c20200010000000164800010032000e8
:10e77400808f5000040036000164800080b52100c1
:10e78400808f500002003600c05d200000648800c5
:10e7940060c12000104078000004e0000400320052
:10e7a40060c1200010407800ee4f50000300360096
:10e7b40060c12000e1c0b3000148780003e22000fa
:10e7c400120020008040eb00a03a290006dc07007c
:10e7d400803e200001002000d0968800e196880049
:10e7e400200a2000c0968800810c200010c0b300cd
:10e7f4008e620200010000002e0a370081c68000ec
:10e8040000202000008060000000e00005003a00c5
:10e81400d0968000e1968000e00f5000e08f580011
:10e82400c5093a00800c2000c0968800210a3700f0
:10e83400d0aa210010407800e34f50000d003200b0
:10e84400f0a8210010407800e34f50000900320086
:10e85400c0d580000000a100c0d58800c0d58000cc
:10e864000010a000c0d58800800c2000c09688004d
:10e87400100a3700720a070000e224000100200099
:10e88400d0968800e1968800f0002a00440a070028
:10e8940040ac2100104078003a93020001000000cf
:10e8a400a09529003e0a0700b00a2000c0968800ff
:10e8b400000a370081c6800000202000008060002c
:10e8c4000000e00005003a00d0968000e196800048
:10e8d400e00f5000e08f580099093a0060ae210023
:10e8e4008040eb0001487800550a070000c4290065
:10e8f40001002000d0968800e196880070012a006b
:10e90400270a070090ab2100250a0700a0952900db
:10e91400230a0700c00a2000c0968800d096800011
:10e92400e1968000e00f5000e08f580086093a001d
:10e93400a06e2900e0c2020001000000c196800020
:10e94400201420000e004000811f7800617029000f
:10e95400811f7800d604020000000000e4875700fd
:10e96400201420000e004000e0c20200010000005c
:10e9740090702900e0c202000100000010c0b30042
:10e98400f3db0700f0012a00e0c2020001000000ee
:10e99400c809370081c68000002020000080600084
:10e9a4000000e00005003200c0d580000000a10096
:10e9b400c0d58800800c2000c0968800d0968000c6
:10e9c400e1968000e00f5000e08f58000400320010
:10e9d40060ae2100104078000004e0005c093200c1
:10e9e400a06e2900e0c2020001000000c196800070
:10e9f400601520000e004000811f7800617029001e
:10ea0400811f7800d604020000000000e48757004c
:10ea1400601520000e004000e0c20200010000006a
:10ea240090702900e0c2020001000000c0d58000ff
:10ea34000000a100c0d58800c0d580000010a0004f
:10ea4400c0d58800800c2000c0968800419c20001e
:10ea540010c0b3008e62020001000000d096800056
:10ea6400e1968000e00f5000e08f58003a093a0028
:10ea740010c0b300b6db07008e093700b0042a00cb
:10ea8400c7090700ee090700207821008040eb0049
:10ea94000148780000fa200001002000d096880088
:10eaa400e1968800900e2000c09688008109370006
:10eab400d0968000e1968000e00f5000e08f58006f
:10eac4000500320081c68000002020000080600024
:10ead4000000e00022093200d90907002078210053
:10eae4008040eb000148780070ce2900ac09070093
:10eaf40000fa200001002000d0968800e1968800ea
:10eb0400a00e2000c09688006a093700d0968000c5
:10eb1400e1968000e00f5000e08f580005003200bd
:10eb240081c6800000202000008060000000e0001a
:10eb34000d093200b00e2000c09688005d09370030
:10eb440080a9230001002000d0968800e196880067
:10eb5400c00e2000c096880060052a0090090700b6
:10eb6400f0052a00e0c20200010000000000eb00f2
:10eb7400e0a18800d0968000e1968000e00f50006c
:10eb8400e08f5800fa083a00c1968000a0162000d1
:10eb94000e004000811f780021072a00811f7800a1
:10eba400d604020000000000e4875700a0162000ed
:10ebb4000e004000e0c20200010000000000eb0073
:10ebc400e0a18800d00e2000c0968800014b2000f0
:10ebd40010c0b3008e620200010000003509370046
:10ebe4000000eb00e0a1880040e72000104078001e
:10ebf400ea4f50000500360001f4210010c0b300b4
:10ec04008e620200010000000400370081bb200076
:10ec140010c0b3008e62020001000000e00e20006c
:10ec2400c096880040e720008040eb00014878004f
:10ec340020093700b666a9008157200010c0b30030
:10ec44008e62020001000000f00e2000c0968800d1
:10ec540018093700b666a8000000eb00c0968800cb
:10ec640014093700b666a90050082a00e0c2020061
:10ec740001000000419c200010c0b3008e6202001d
:10ec84000100000090112000c09688000909370097
:10ec9400b666a800a0112000c0968800017d20005f
:10eca40010c0b3008e62020001000000d0b020004a
:10ecb400b1c0b30001487800fe083700d0b020008e
:10ecc400104078000004e0001b003200d0b02000a7
:10ecd400104078008040e900d0b02000014878005e
:10ece400017d200010c0b3008e620200010000000c
:10ecf4001ec3020001000000d0b0200010407800c4
:10ed04008080fb00e01720000e004000811f780087
:10ed1400e1092a00811f7800d604020000000000e7
:10ed2400e4875700e01720000e004000e0c2020014
:10ed340001000000df083700b0112000c0968800f1
:10ed4400dc083700b666a9008157200010c0b30064
:10ed54008e62020001000000c0112000c0968800ed
:10ed6400d4083700b666a8000000eb00c0968800ff
:10ed7400d00837003209070060ae21008040eb0064
:10ed8400014878003088210005090700a095290072
:10ed940003090700308821008040eb000148780017
:10eda400100f2000c0968800c15d200010c0b30081
:10edb4008e62020001000000c08a21001040780029
:10edc4008080fb00803e20000088b90000007800ad
:10edd400cf80de00d0968800e1968800b508370021
:10ede400d0968000e1968000e00f5000e08f58003c
:10edf4000900320081c680000020200000806000ed
:10ee04000000e00004003a0060ae210010407800e9
:10ee14000004e00058083200e08a21001040780025
:10ee24000004e00014003200b10a2a0010b12000ee
:10ee34004ebe020001000000000f78009e00780022
:10ee440010b1200000804000217821004ebe020055
:10ee5400010000001e0f40000041eb0011b1200032
:10ee6400e08a21003ca5020001000000e08a2100a4
:10ee74008040eb0001487800800c2000c096880098
:10ee8400810c200010c0b3008e620200010000005b
:10ee94008808370040e720008040eb0001487800f4
:10eea4000000eb00e0a18800813e200010c0b30008
:10eeb4008e620200010000007e08370060ae21006f
:10eec4008040eb0001487800dd080700803821000d
:10eed40001002000d0968800e1968800e00a2a000c
:10eee400af08070050102000c0968800a100200041
:10eef40010c0b3008e620200010000006d083700ec
:10ef040081c6800000202000008060000000e00036
:10ef14003100320072c0b300810b2a002078210036
:10ef240018be0200010000000000e0002a003200c8
:10ef34009078210090407800f0c2b30080cf500058
:10ef440025003400907821009040780090c3b300ed
:10ef540080cf500020003c009078210010407800c1
:10ef640084900200010000000126210080487800fe
:10ef7400a078210090407800f0c2b30080cf500008
:10ef840015003400a07821009040780090c3b300ad
:10ef940080cf500010003c00002621001040780073
:10efa4006a00b90000007800804078000026210043
:10efb40001487800a0782100104078008490020075
:10efc40001000000012621009140780081404000aa
:10efd400002621000148780081c68000002020001e
:10efe400008060000000e00009003a0060ae2100eb
:10eff400104078000004e00005003a00d09680003c
:10f00400e1968000e00f5000e08f5800dc073a00e2
:10f01400800c2000c09688000000eb00007488007b
:10f024002408370060ae21008040eb0001487800de
:10f03400830807008038210001002000d096880052
:10f04400e196880050c5200010407800e44f50003d
:10f054000d003a00201920000e004000310120006c
:10f06400811f7800010c2a00811f7800d604020059
:10f0740000000000e4875700c00c2a00e0c2020030
:10f08400010000001000370050c520001040780037
:10f09400e34f50000c003a00201920000e004000fd
:10f0a40021002000811f7800010c2a00811f7800b4
:10f0b400d604020000000000e4875700600e2a0016
:10f0c400e0c2020001000000201920000e004000f0
:10f0d4003308070070102000c09688004106200005
:10f0e40010c0b3008e62020001000000f107370077
:10f0f40081c6800000202000008060000000e00045
:10f10400090032002063800000f0a1002063880021
:10f11400800c2000c096880080a923000074880019
:10f12400c0d42100c073880060ae21001040780074
:10f134000004e00005003a00d0968000e1968000cb
:10f14400e00f5000e08f58008f073a00800c200039
:10f15400c096880060ae21008040eb000148780032
:10f16400d407370030802000104078000004e0000d
:10f1740087073a0000102a00e0c2020001000000e4
:10f18400800c2000c0968800ca07370050802000f9
:10f194008040eb000148780060ae21008040eb0025
:10f1a400014878002608070080a9230001002000f8
:10f1b400d0968800e1968800b0112a00f80707006d
:10f1c400f01f2000c0968800ba07370081c680006f
:10f1d40000202000008060000000e00006003200f3
:10f1e4008038210001002000d0968800e196880034
:10f1f40000202000c096880060ae210010407800f6
:10f204000004e00005003a00d0968000e1968000fa
:10f21400e00f5000e08f58005f073a000020200004
:10f22400c0968800a3073700f1af800000102000cb
:10f23400008060000000e0001000320081c6800001
:10f2440000202000008060000000e0002200320066
:10f25400fb07070000122a00d1070700f0af800067
:10f264000080a100f0af880000e22400010020002b
:10f27400d0968800e196880017003700d1b380004b
:10f2840000102000008060000000e0001000320048
:10f2940081c6800000202000008060000000e000a3
:10f2a4000d003200e6070700f0122a00bc07070031
:10f2b400d0b380000080a100d0b3880000e2240015
:10f2c40001002000d0968800e196880002003700f3
:10f2d40010202000c096880060ae21001040780005
:10f2e4000004e00005003a00d0968000e19680001a
:10f2f400e00f5000e08f580002003a000020200088
:10f30400c0968800d0968000e1968000e00f5000ff
:10f31400e08f580022073a0010002000c0968800b1
:10f3240064073700c6070700e0132a009c0707009c
:10f3340000e2240001002000d0968800e1968800b5
:10f34400401b2000c09688005a07370081c6800001
:10f3540000202000008060000000e0000c0032006b
:10f36400f0af800000b0a100f0af8800b407070040
:10f37400c0142a008a07070000e2240001002000cc
:10f38400d0968800e1968800801b2000c0968800f3
:10f39400d0968000e1968000e00f5000e08f580086
:10f3a40001073a00800c200040e3070041073700c2
:10f3b40081c6800000202000008060000000e00082
:10f3c400fb0632009e070700b0152a0074070700e9
:10f3d40000e2240001002000d0968800e196880015
:10f3e400901b2000c0968800411f200010c0b3006d
:10f3f4008e620200010000002e07370060ae21007b
:10f40400104078000004e00008003200c0af800023
:10f414000000a100c0af8800c0af80000010a000b1
:10f42400c0af8800800c2000c096880081c6800090
:10f4340000202000008060000000e000070032008f
:10f44400f1af800000102000008060000000e000a8
:10f4540002003200a01b2000c0968800d0968000d5
:10f46400e1968000e00f5000e08f5800d2063a0089
:10f47400801b20000de307000e073700d1af80008a
:10f48400602220000e004000811f7800715d210081
:10f49400811f780081162a00811f7800d60402009b
:10f4a40000000000e687570065070700602220007f
:10f4b4000e0040002c07070000e224000100200099
:10f4c400d0968800e1968800b01b2000c096880082
:10f4d400f806370081c6800000202000008060000c
:10f4e4000000e000b6063200f1af800000202000ea
:10f4f400008060000000e000b3063200800c2000b1
:10f50400c0968800eb063700e1c3b30060c68000f4
:10f51400700707004a07070060502100ec900200c2
:10f524000100000080007800c01920000e00400097
:10f53400811f780001182a00811f7800d604020078
:10f5440000000000e4875700c01920000e004000ae
:10f554001307070000e2240001002000d096880071
:10f56400e1968800d01b2000c0968800d1063700a1
:10f5740061c6800000202000008060000000e000e0
:10f584000a0032006050210005070700a0952900f9
:10f594000307070000a62e0001002000d096880073
:10f5a400e1968800e01b2000c096880060ae210030
:10f5b400104078000004e0000b003200f0af80003f
:10f5c40000c0a100f0af8800c0af80000010a00010
:10f5d400c0af8800c0af80000000a100c0af8800a9
:10f5e400800c2000c0968800d0968000e1968000b0
:10f5f400e00f5000e08f580075063a00c01b200051
:10f60400aae20700ab0637008042eb000002eb00e1
:10f614008001eb00725b210061502100d0e12900e0
:10f62400b64f020000000000e0af80000000e800d8
:10f63400e0af8800f0af800000c0a100f0af880008
:10f64400800c2000c09688009a063700fc0607004c
:10f6540010192a00d206070000e22400010020004d
:10f66400d0968800e1968800001c2000c09688008f
:10f674009006370081c680000020200000806000d2
:10f684000000e0000f003200001b20000e004000cc
:10f69400110a2000811f7800b1192a00811f780007
:10f6a400d604020000000000e4875700e4060700c7
:10f6b400001b20000e004000b9060700101c2000ab
:10f6c400c09688004106200010c0b3008e6202007c
:10f6d400010000007706370081c68000002020006a
:10f6e400008060000000e0003b063200f1af8000c3
:10f6f40000002400008060000000e00038063200b2
:10f70400f0af800000d0a100f0af8800f0af80001f
:10f7140000e0a000f0af8800800c2000c0968800b4
:10f7240064063700c606070000122a009c0607007c
:10f7340000e2240001002000d0968800e1968800b1
:10f74400301c2000c09688005a06370081c680000d
:10f7540000202000008060000000e0000e00320065
:10f76400f1af800000202000008060000000e00075
:10f7740009003a00b2060700c01a2a007a060700f8
:10f7840000e2240001002000d0968800e196880061
:10f79400401c2000c0968800d0968000e19680002e
:10f7a400e00f5000e08f58000f063a00800c200054
:10f7b4003ee207003f06370081c68000002020009b
:10f7c400008060000000e00012003200f1af800011
:10f7d40000102000008060000000e0000d003a00ee
:10f7e40097060700e0132a006d06070000e22400d4
:10f7f40001002000d0968800e196880021032000b3
:10f8040010c0b3008e62020001000000501c2000f2
:10f81400c0968800d0968000e1968000e00f5000ea
:10f82400e08f5800f2053a00800c20001fe2070028
:10f834002006370081c68000002020000080600080
:10f844000000e0000c003200f0af800000b0a00027
:10f85400f0af88007a060700c0142a00500607009b
:10f8640000e2240001002000d0968800e196880080
:10f87400601c2000c0968800d0968000e19680002d
:10f88400e00f5000e08f5800db053a00800c2000a8
:10f8940006e207000706370081c68000002020002a
:10f8a400008060000000e0000900320064060700e8
:10f8b400b0152a002c06070000e2240001002000f5
:10f8c400d0968800e1968800701c2000c0968800bd
:10f8d400d0968000e1968000e00f5000e08f580041
:10f8e400c7053a00800c2000f0e10700f10537005d
:10f8f40081c6800000202000008060000000e0003d
:10f904000c003200f0af80000080a000f0af88004f
:10f914004b060700801b2a002106070000e2240092
:10f9240001002000d0968800e1968800801c200009
:10f93400c0968800d0968000e1968000e00f5000c9
:10f94400e08f5800b0053a00800c2000d7e1070092
:10f95400d805370081c680000020200000806000a8
:10f964000000e00015003200d1af800060222000ca
:10f974000e004000811f7800715d2100811f780016
:10f9840081162a00811f7800d604020000000000be
:10f99400e68757002a060700602220000e00400078
:10f9a400f105070000e2240001002000d096880041
:10f9b400e1968800001d2100c0968800d096800042
:10f9c400e1968000e00f5000e08f580090053a0067
:10f9d400800c2000b5e10700b605370081c6800021
:10f9e40000202000008060000000e0008a05320052
:10f9f400f0af80000090a000f0af8800800c2000e1
:10fa0400c0968800ab05370081c680000020200026
:10fa1400008060000000e0000900320008060700d2
:10fa2400901c2a00de05070000e2240001002000eb
:10fa3400d0968800e1968800800c2000c09688004b
:10fa4400d0968000e1968000e00f5000e08f5800cf
:10fa540073053a00800c200094e1070095053700f7
:10fa640081c6800000202000008060000000e000cb
:10fa74006d053200f2050700b0152a00c80507001d
:10fa840000e2240001002000d0968800e19688005e
:10fa9400f01e2100c0968800411f200010c0b30052
:10faa4008e620200010000008205370060ae210072
:10fab400104078000004e00008003200c0af80006d
:10fac4000000a100c0af8800c0af80000010a000fb
:10fad400c0af8800800c2000c096880081c68000da
:10fae40000202000008060000000e00007003200d9
:10faf400f1af800000102000008060000000e000f2
:10fb040002003200c01c2000c0968800d0968000fd
:10fb1400e1968000e00f5000e08f580044053a0061
:10fb2400800c200061e107006205370081c6800077
:10fb340000202000008060000000e0003e0532004c
:10fb4400601d2a00e0c2020001000000bc0507009d
:10fb5400b01e2a009205070000ee220001002000da
:10fb6400d0968800e1968800d01c2000c0968800ba
:10fb74004106200010c0b3008e62020001000000a4
:10fb84004c05370081c68000002020000080600002
:10fb94000000e00009003200d0b380000080a00023
:10fba400d0b38800c0202100c09688004106200000
:10fbb40010c0b3008e6202000100000060ae21009c
:10fbc400104078000004e0000b003200d0b3800045
:10fbd4000080a100d0b38800c0af80000010a00056
:10fbe400c0af8800c0af80000000a100c0af880093
:10fbf400800c2000c0968800d0968000e19680009a
:10fc0400e00f5000e08f58000d053a00800c2000f2
:10fc140026e1070027053700801f2a00e0c2020002
:10fc24000100000000b080000000e0000e0032007f
:10fc340001b08000602220000e004000811f780087
:10fc440031602100811f7800715d2100811f7800df
:10fc540081202a00811f7800d604020000000000e1
:10fc6400e88757000b003700602220000e00400098
:10fc740031602100811f7800715d2100811f7800af
:10fc8400e1222a00811f7800d6040200000000004f
:10fc9400e6875700602220000e004000e0c2020008
:10fca4000100000066050700602220000e004000ed
:10fcb4003b05070000e2240001002000d0968800e4
:10fcc400e1968800d0202100c096880041062000db
:10fcd40010c0b3008e62020001000000f50437007a
:10fce40081c6800000202000008060000000e00049
:10fcf4000d0032005205070010252a0028050700d0
:10fd040000e2240001002000d0968800e1968800db
:10fd1400f0202100c09688004106200010c0b300e6
:10fd24008e6202000100000060ae210010407800e5
:10fd34000004e0001c003200d1b380000010200059
:10fd4400008060000000e00009003a0080c68000e6
:10fd54000090a00080c68800c0af80000010a00002
:10fd6400c0af8800800c2000c09688000e003700c9
:10fd7400d1b38000f0ff28008080600000002600de
:10fd840001007000d0b38800d0b380000090a100bf
:10fd9400d0b3880080c680000090a00080c6880090
:10fda400401d2000c0968800d0968000e196800017
:10fdb400e00f5000e08f5800a3043a00c020210057
:10fdc400bae00700bb04370081c680000020200091
:10fdd400008060000000e0001100320018050700f8
:10fde40090262a00ee04070020e92000ec04070016
:10fdf400a07f2900ea04070000e22400010020009b
:10fe0400d0968800e1968800f0202100c0968800f2
:10fe14004106200010c0b3008e6202000100000001
:10fe240060ae2100104078000004e0000d003200b4
:10fe3400d1b3800000102000008060000000e000ca
:10fe440008003a0080c680000090a00080c68800a8
:10fe5400c0af80000010a000c0af8800800c20005c
:10fe6400c0968800d0968000e1968000e00f500094
:10fe7400e08f580076043a00c02021008be0070090
:10fe84008c04370081c680000020200000806000c0
:10fe94000000e0001200320000e224000100200013
:10fea400d0968800e1968800d1b3800000802000bd
:10feb400008060000000e00003003200f01c20001d
:10fec400c096880002003700101d2000c0968800ec
:10fed4004106200010c0b3008e6202000100000041
:10fee40060ae2100104078000004e0000d003200f4
:10fef400d1b3800000102000008060000000e0000a
:10ff040008003a0080c680000090a00080c68800e7
:10ff1400c0af80000010a000c0af8800800c20009b
:10ff2400c0968800d0968000e1968000e00f5000d3
:10ff3400e08f580048043a00c02021005be007002d
:10ff44005c04370081c6800000202000008060002f
:10ff54000000e0001700320060502100ec90020025
:10ff64000100000080007800401c20000e004000ca
:10ff7400811f7800c1272a00811f7800d60402005f
:10ff840000000000e4875700ad04070000e22400ed
:10ff940001002000d0968800e1968800001d200012
:10ffa400c09688004106200010c0b3008e62020093
:10ffb4000100000060ae2100104078000004e00061
:10ffc4000d003200d1b380000010200000806000da
:10ffd4000000e00008003a0080c680000090a00005
:10ffe40080c68800c0af80000010a000c0af8800a9
:10fff400800c2000c0968800d0968000e196800096
:020000040002f8
:10000400e00f5000e08f580015043a00c020210092
:1000140026e00700270437002078210010407800ec
:100024000004e0000f00320082c0b300f1282a006f
:100034002078210018be0200010000000000e0004a
:10004400080032006050210055040700101d2000f4
:10005400c09688004106200010c0b3008e620200e2
:100064000100000060ae2100104078000004e000b0
:100074000d003200d1b38000001020000080600029
:100084000000e00008003a0080c680000090a00054
:1000940080c68800c0af80000010a000c0af8800f8
:1000a400800c2000c0968800d0968000e1968000e5
:1000b400e00f5000e08f5800eb033a00f0202100dd
:1000c400fadf0700fb03370081c680000020200010
:1000d400008060000000e0001c00320080292a003b
:1000e400e0c20200010000002060210010407800fe
:1000f400e34f500004003a0051040700202a2a006c
:100104002704070007003700206021001040780012
:10011400e44f500003003a0049040700f02a2a0083
:100124001f04070000e2240001002000d09688008c
:10013400e1968800b0222100c09688004106200084
:1001440010c0b3008e6202000100000060ae210006
:10015400104078000004e0000d003200d1b38000ac
:1001640000102000008060000000e00008003a0059
:1001740080c680000090a00080c68800c0af8000c8
:100184000010a000c0af8800800c2000c09688003a
:10019400d0968000e1968000e00f5000e08f580078
:1001a400b3033a00f0202100c0df0700c103370089
:1001b40081c6800000202000008060000000e00074
:1001c4004b0032002060210010407800e24f5000c4
:1001d4000e003e001a040700602220000e004000ba
:1001e40071662100811f7800c12b2a00811f7800cd
:1001f400d604020000000000e487570060222000bb
:100204000e004000e60307002f00370020602100a5
:1002140010407800e34f500011003a00f02c2a00ff
:10022400e0c2020001000000050407006022200073
:100234000e00400071662100811f7800812e2a0083
:10024400811f7800d604020000000000e4875700f4
:10025400602220000e004000d10307001a0037007e
:100264002060210010407800e44f500016003a004e
:10027400702f2a00e0c20200010000007066210015
:10028400e0c2020001000000b03e2900e0c202000a
:1002940001000000ea030700602220000e00400075
:1002a400a1662100811f7800812e2a00811f780019
:1002b400d604020000000000e487570060222000fa
:1002c4000e004000b603070000e2240001002000f5
:1002d400d0968800e1968800201d2000c0968800f2
:1002e4004106200010c0b3008e620200010000002d
:1002f400d0968000e1968000e00f5000e08f580017
:100304005d033a00f020210068df0700690337002d
:1003140081c6800000202000008060000000e00012
:1003240015003200c6030700d1b38000008020000e
:10033400008060000000e0000300320040302a002a
:10034400970307000200370050312a009403070086
:1003540000a62e0001002000d0968800e1968800b7
:10036400017d200010c0b3008e6202000100000075
:10037400301d2000c096880060ae21001040780037
:100384000004e0000e003200d1b380000010200011
:10039400008060000000e00009003a0080c6800090
:1003a4000090a00080c68800c0af80000010a000ac
:1003b400c0af8800800c2000c09688000c00370075
:1003c40060ae2100104078000004e0000800320014
:1003d40080c680000090a00080c6880060ae210026
:1003e4008040eb0001487800201d2000c096880062
:1003f400d0968000e1968000e00f5000e08f580016
:100404001f033a00f020210028df070029033700ea
:1004140081c6800000202000008060000000e00011
:100424004e003200d1b380000000270080806000bd
:1004340000002100808f500048003a00800307002c
:10044400d1b3800000802000008060000000e00044
:100454002f003a002060210010407800e24f500045
:100464000a003e00602220000e0040007166210058
:10047400811f780061322a00811f7800d6040200af
:1004840000000000e48757001b00370020602100b3
:1004940010407800e34f50000a003a006022200028
:1004a4000e00400071662100811f7800e1332a00ac
:1004b400811f7800d604020000000000e487570082
:1004c4000d0037002060210010407800e44f5000f8
:1004d40009003a00602220000e00400071662100ed
:1004e400811f780061352a00811f7800d60402003c
:1004f40000000000e4875700d0b3800000f0a100a2
:10050400d0b38800602220000e00400024030700be
:1005140000e2240001002000d0968800e1968800c3
:100524002060210010407800e34f500004003a009e
:1005340000a62e0001002000d0968800e1968800d5
:10054400f0232100c09688004106200010c0b300ab
:100554008e62020001000000d602370081c68000ce
:1005640000202000008060000000e0000f00320046
:10057400d0b380004c00de00674060000080fb00c8
:10058400e10f500009003400e0362a00e0c2020006
:1005940001000000d0b380000090a100d0b3880017
:1005a400401d2000c0968800c202370060ae2100c2
:1005b400104078000004e0000e003200d1b3800047
:1005c40000102000008060000000e00009003a00f4
:1005d40080c680000090a00080c68800c0af800064
:1005e4000010a000c0af8800800c2000c0968800d6
:1005f4000c00370060ae2100104078000004e000d9
:100604000800320080c680000090a00080c68800e8
:10061400d0b380000090a100d0b38800401d20001a
:10062400c0968800d0968000e1968000e00f5000cc
:10063400e08f580094023a00f02021009bde07006e
:100644009c023700d1b380000000280000806000c5
:100654000000e00002003200401d2000c096880027
:1006640060ae2100104078000004e0000e0032006b
:10067400d1b38000f0ff28008080600000002500d6
:1006840001007000d0b3880080c680000090a000f4
:1006940080c68800d0b380000090a100d0b3880049
:1006a400401d2000c0968800d0968000e19680000e
:1006b400e00f5000e08f580075023a00401d200002
:1006c4007ade07007b023700d1b38000008020006f
:1006d400008060000000e00015003a0081c6800040
:1006e40000202000008060000000e00010003200c4
:1006f400d0b380000090a100d0b38800d0020700de
:10070400e0372a00a602070000e2240001002000ce
:10071400d0968800e19688004106200010c0b300fe
:100724008e62020001000000501d2000c096880067
:1007340060ae2100104078000004e0000d0032009b
:10074400d1b3800000102000008060000000e000b1
:1007540008003a0080c680000090a00080c688008f
:10076400c0af80000010a000c0af8800800c200043
:10077400c0968800d0968000e1968000e00f50007b
:10078400e08f580044023a00800c200047de070046
:100794004802370081c680000020200000806000ed
:1007a4000000e00010003200d0b380000080a100ff
:1007b400d0b38800a2020700c01a2a0078020700fa
:1007c40000e2240001002000d0968800e196880011
:1007d40030252100c09688004106200010c0b300d7
:1007e4008e6202000100000060ae2100104078001b
:1007f4000004e0000d003200d1b38000001020009e
:10080400008060000000e00008003a0080c680001c
:100814000090a00080c68800c0af80000010a00037
:10082400c0af8800800c2000c0968800d09680005d
:10083400e1968000e00f5000e08f580018023a0063
:10084400401d200019de07001a02370081c680000f
:1008540000202000008060000000e00005003a0055
:10086400d0968000e1968000e00f5000e08f5800a1
:100874000d023a00800c2000c09688000d0237005b
:1008840081c6800000202000008060000000e0009d
:100894003301320090fc80006f4060000080fb0058
:1008a400e20f500022003200e20f500005003c002d
:1008b4000000e00008003200e10f50000f00320099
:1008c40021013700e30f50004e003200e40f5000c6
:1008d4007f0032001c01370059020700b0382a009b
:1008e4002f02070091fc800000ff2f0000806000b1
:1008f4000000a00090fc880013013700500207009c
:1009040070392a0026020700303a2a002402070020
:10091400a09529002202070091fc800000ff2f000f
:10092400008060000010a00090fc880006013700e1
:1009340020782100104078000004e00028003200f4
:10094400a2c0b300513b2a002078210018be020047
:10095400010000000000e0001e003200801d2000a5
:100964000e0040008300200000017800513b2a0063
:100974002078210052a3020000000000801d200006
:100984000e004000de8e0200010000002096880068
:10099400319688002096800031968000021e200047
:1009a4000e014100809fbe00003c2a00801f780099
:1009b40002007800d604020000000000e687570019
:1009c400001e20000e004000e0c2020001000000f2
:1009d400030037006000b800209688003196880034
:1009e4006000b80050d8880061d8880091fc80006d
:1009f40000ff2f00008060003000b30090fc8800ee
:100a0400d10037002096800031968000e00f50001e
:100a1400e08f580024003200167d0200010000001f
:100a24006000b80050d8880061d8880050d8800091
:100a340061d88000a21e20000e014100030c20009a
:100a4400831f7800809fbe00b03c2a00801f78007e
:100a540002007800d604020000000000e887570076
:100a6400f7010700403d2a00cd010700303a2a0073
:100a7400cb010700503e2a00c9010700a01e200038
:100a84000e004000c60107000071220030f088000b
:100a940091fc800000ff2f00008060000020a00077
:100aa40090fc8800a800370070b021008040eb0063
:100ab4000148780091fc800000ff2f000080600056
:100ac40090fc88003000200060fe88009e00370003
:100ad40091fc800000042000008060000000e00021
:100ae4000d003200703e2a00e0c202000100000046
:100af40070b021008040eb000148780091fc800038
:100b040000ff2f000080600090fc8800400020005f
:100b140060fe88008c003700e0b0210010407800af
:100b24000004e00085003200e0b021008040eb00ca
:100b34000148780052d8800063d880002096800055
:100b440031968000800f5100818f59007d00310063
:100b540010f0800021f0800050d8880061d888000f
:100b640050d8800061d88000420620000289b90074
:100b7400020178006002b900840178000301410099
:100b8400430620000300b800010141008200780000
:100b940022968000339680007c040200000000004e
:100ba4004007980051079800e21f20000e01410001
:100bb4004e009000de009000809fbe00d03f2a00cf
:100bc400801f780002007800d604020000000000b4
:100bd400e6875700e01f20000e004000e0c202003c
:100be4000100000052d8800063d880002096800065
:100bf40031968000800f5100818f59001f00310011
:100c04008f01070050d8800061d880002221200085
:100c14000e014100030c2000831f7800809fbe005a
:100c2400b03c2a00801f780002007800d60402003d
:100c340000000000e887570081010700403d2a00ba
:100c440057010700303a2a0055010700503e2a0098
:100c540053010700202120000e004000500107002e
:100c64000071220030f088002103200010c0b3007e
:100c74008e620200010000003300370000412a00a8
:100c8400e0c202000100000070b021008040eb00cf
:100c94000148780091fc800000ff2f000080600074
:100ca4005000b30090fc880091fc800000042000f8
:100cb400008060000000e00005003a0091fc800024
:100cc40000022000008060000000e00007003a00fd
:100cd40091fc800000ff2f000080600090fc8800e1
:100ce4004000200060fe8800170037004c8102009d
:100cf400010000000000e00006003200a0412a00cc
:100d0400e0c20200010000002000200060fe880014
:100d14000d003700d0422a00e0c2020001000000aa
:100d24004000200060fe880091fc800000ff2f003e
:100d34000080600090fc8800030037000000000081
:100d44000100370000000000800c2000c0968800dd
:100d540000e2240001002000d0968800e19688007b
:100d6400d0968000e1968000e00f5000e08f58009c
:100d7400cf003a00800c2000ccdc0700cd00370007
:100d840000000000cb00370000000000c90037005d
:100d940000000000c700370000000000c500370055
:100da40000000000c300370000000000c10037004d
:100db40000000000bf00370000000000bd00370045
:100dc40000000000bb00370000000000b90037003d
:100dd40000000000b700370000000000b500370035
:100de40000000000b300370000000000b10037002d
:100df40000000000af00370000000000ad00370025
:100e040000000000ab00370000000000a90037001c
:100e140000000000a700370000000000a500370014
:100e240000000000a300370000000000a10037000c
:100e3400000000009f003700000000009d00370004
:100e4400000000009b0037000000000099003700fc
:100e540000000000970037000000000095003700f4
:100e640000000000930037000000000091003700ec
:100e7400000000008f003700000000008d003700e4
:100e8400000000008b0037000000000089003700dc
:100e940000000000870037000000000085003700d4
:100ea40000000000830037000000000081003700cc
:100eb400000000007f003700000000007d003700c4
:100ec400000000007b0037000000000079003700bc
:100ed40000000000770037000000000075003700b4
:100ee40000000000730037000000000071003700ac
:100ef400000000006f003700000000006d003700a4
:100f0400000000006b00370000000000690037009b
:100f14000000000067003700000000006500370093
:100f2400000000006300370000000000610037008b
:100f3400000000005f003700000000005d00370083
:100f4400000000005b00370000000000590037007b
:100f54000000000057003700000000005500370073
:100f6400000000005300370000000000510037006b
:100f7400000000004f003700000000004d00370063
:100f8400000000004b00370000000000490037005b
:100f94000000000047003700000000004500370053
:100fa400000000004300370000000000410037004b
:100fb400000000003f003700000000003d00370043
:100fc400000000003b00370000000000390037003b
:100fd4000000000037003700000000003500370033
:100fe400000000003300370000000000310037002b
:100ff400000000002f003700000000002d00370023
:10100400000000002b00370000000000290037001a
:101014000000000027003700000000002500370012
:10102400000000002300370000000000210037000a
:10103400000000001f003700000000001d00370002
:10104400000000001b0037000000000019003700fa
:1010540000000000170037000000000015003700f2
:1010640000000000130037000000000011003700ea
:10107400000000000f003700000000000d003700e2
:10108400000000000b0037000000000009003700da
:1010940000000000070037000000000005003700d2
:1010a40000000000030037000000000001003700ca
:1010b400000000000080fa00000006000000fa00b2
:1010c40080002000c01c88009a23ef00200220002a
:1010d400001d8800a223ef009960a80099e3a800ee
:1010e4009b43a8009b83a8000080fa000000060030
:1010f4000000fa00d0802000104078000080fb003f
:10110400f11c800001417800e180200082707800a9
:10111400d0802000104078008040e800d08020007b
:1011240001487800d01c8000620060000000e000ec
:10113400010032009a23a900d01c800064006000e2
:101144000000e000010032009a23a900d01c8000b6
:10115400680060000000e000010032009a63a9000a
:101164000080fa00000006000200fa00000f780078
:101174001e0078000a000700420120009e0078004b
:1011840080ae21008006020000000000c0af2100f4
:101194008040eb00014878000080fa00000006005f
:1011a4000200fa00000f78001e007800104078005a
:1011b4000004e0001a0032000000000001003700c3
:1011c40000000000d11c800000102000008060009e
:1011d4000000e000fbff32001e00780010407800a1
:1011e4000000fb00e01c88001e007800104078001e
:1011f4003fd207001e0fe8001e0078001040780060
:101204000004e000eeff3a0000000000d11c800062
:1012140000102000008060000000e000fbff3200ae
:1012240080ae21008040eb000148780070ae2100c0
:101234008040eb00014878000080fa0000000600be
:101244000000fa00008d21008040eb000148780086
:1012540080c680000090a10080c6880080c68000ff
:101264000080a00080c688000080fa00000006000c
:101274000200fa00004f7800809921009040780025
:10128400802122001040780080cf500004003900f3
:1012940080212200104078000004e00002003a009f
:1012a40010c0b300090037001e4078000004e000bd
:1012b400050032001ec302000100000020442a0081
:1012c400e0c20200010000000040eb000080fa00d0
:1012d400000006000400fa00000f7800214798007f
:1012e400ae409000014f78001e0078000080a000fe
:1012f400000f78001e0078000090a100000f780015
:101304000080fa00000006006a00fa00889fbe0010
:101314008a9fbe008c9fbe00101f9800211f98005a
:1013240072004700020220008000eb002605020044
:10133400000000001e189000ec9002000100000064
:101344004300dd00400798004e0090004800de0096
:101354000040780000d798004e00900000407800cc
:1013640010d798009e189000720047008cbe0200af
:101374000100000070662e0091a02600100f980056
:10138400210f980050e82a0071b62b00300f980006
:10139400410f980020372f00e1c62300500f98001a
:1013a400610f9800a0532f00f1542a00700f980089
:1013b40001179800f0272500e11025001017980068
:1013c40021179800c088260051b0290030179800d2
:1013d40041179800b09a2d0031f821005017980059
:1013e4006117980090d12c0001be25007017980059
:1013f400011f98000000eb00000f78004d0037003b
:101404001e0078004200dd000000470020509000dc
:101414000081fb008001eb001e0078004200dd002b
:1014240000004700720040000288be001e007800e1
:10143400c200dd0072004700010040001002be003f
:101444001e0078004200dd000000e80000004700b4
:10145400205090000080fb008000eb004809dd0074
:10146400c801de00830171004801dd000401410070
:10147400858149001e0078004200dd00000047001d
:10148400720040000288be001e007800c200dd0029
:1014940072004700010040001001be001e007800e9
:1014a4004200dd000080e80000004700205090006a
:1014b4000080fb008000eb00c000dd000000200085
:1014c40002014000838148001e0078004200dd00d4
:1014d40000004700720040000288be001e00780031
:1014e400c200dd0072004700010040001001be0090
:1014f4001e0078004200dd00630040000000470049
:10150400205090000080fb008000eb00c800dd004c
:101514000000200002014000838148001e00780082
:101524004200dd0000004700720040000288be0057
:101534001e0fe8001e007800ef0f5000b0ff3400cb
:101544000001200010079800750037001e0090006d
:10155400c200dd0072004700010040001003be001d
:101564001e00900070005000c200dd0072004700b1
:10157400010040001002be001e0090006f005000e9
:10158400c200dd0072004700010040001000be00f0
:10159400c901dd004709de00830471004909dd004b
:1015a4004700de00020470001e0090006f0050002f
:1015b400c200dd0072004700010040001000be00c0
:1015c400c201de004e09dd00830571004209de0020
:1015d4004e00dd00020570000a016c008b816c0076
:1015e4001e0090006f005000c200dd007200470032
:1015f400010040001000be004d0edd004300de007f
:1016040000007600c308de000000690081806900e4
:1016140004014000858148001e00900067005000ce
:10162400c200dd0072004700010040001000be004f
:1016340002024000838248001e0090000080e900fe
:10164400c200dd0072004700010040001000be002f
:101654008001d1004f09dd00830671000101d10032
:101664004f00dd00020670001e0090000080e900bb
:10167400c200dd0072004700010040001000be00ff
:10168400c301de004d09dd0003017100421f980013
:101694004309de004d00dd0002007000301f980099
:1016a4003e189000ce18900000006e0081806e00fd
:1016b40030379800413798001e0090000080e90000
:1016c400c200dd0072004700010040001000be00af
:1016d4004609dd004a00de0000007100ca08de0091
:1016e4003e319000ce319000000069008180690095
:1016f40004004000858048000601400087814800be
:101704001e0090004200dd0000004700720040000f
:101714000288be001e0090000000e8001007980038
:101724009e009000f0032000808f500087ff34005b
:101734000000eb0020079800f00037007e139000b3
:101744008e1b90001e109000ae109000ca01dd00a8
:101754004609de0003017100621f98004a09dd009a
:101764004600de0002007000501f98001e1090001a
:10177400ae109000c501dd004b09de0003017100cd
:10178400022798004509dd004b00de0002007000ce
:10179400701f98005e1c9000ee1c90007e18900054
:1017a4008e20900000026c0081826c001e1090005c
:1017b400ae109000c901de004709dd00030171008d
:1017c400222798004909de004700dd00020070006e
:1017d400102798001e219000ae21900002006a009c
:1017e40083806a0006044000878448001e1090002d
:1017f400ae1090003e119000ce119000800278004f
:101804000102780082007800030078008180620081
:1018140000006200202f9800112f98001e2b9000ca
:10182400ae2b90001e109000ae1090000080ea00d5
:101834008180ea005e119000ee1190008002780031
:101844000102780082007800030078008180620041
:1018540000006200402f9800312f98003e2890002d
:10186400ce28900000006b0081806b0008014000ce
:10187400898148002e009000c200dd0040322b0018
:10188400008040001000be00020140008381480037
:101894002e009000c200dd007200470001004000ed
:1018a4001000be00020040008380480050079800ea
:1018b400610798001e089000ae089000ce01dd007c
:1018c4004209de0003017100422798004e09dd0041
:1018d4004200de0002007000302798001e089000cd
:1018e400ae089000c301dd004d09de000301710064
:1018f400622798004309dd004d00de0002007000fd
:10190400502798003e239000ce2390005e24900040
:10191400ee24900008026b0089826b001e08900080
:10192400ae089000c601de004a09dd000301710023
:10193400022f98004609de004a00dd000200700014
:10194400702798007e2090008e28900000046a0082
:1019540081846a001e089000ae0890003e09900041
:10196400ce0990008002780001027800820078009d
:10197400030078008180620000006200602f9800fc
:10198400512f98005e2b9000ee2b90001e089000c3
:10199400ae0890005e099000ee0990008002780085
:1019a40001027800820078000300780081806200e0
:1019b4000000620000379800712f98007e28900084
:1019c4008e30900000036b0081836b003e08900012
:1019d400ce0890005e099000ee0990008002780025
:1019e40001027800820078000300780081806200a0
:1019f4000000620020379800113798001e309000d4
:101a0400ae30900000006b0081806b000800400045
:101a14008980480070079800010f9800700020002a
:101a2400300798002f0037003e0090000000e000cf
:101a340012003200e40f50001c003a003e009000f7
:101a44000000e900c200dd00720047000100400010
:101a54001001be005e009000ee0090000201400004
:101a6400838148003e0090004200dd0000004700f2
:101a7400720040000288be00170037005e0190002b
:101a8400ee0190007e0090008e089000020140005c
:101a9400838148003e0090004200dd0000004700c2
:101aa400720040000288be000b0037003e00900028
:101ab4000000e900c200dd007200470001004000a0
:101ac4001001be003e0090004200dd00000047000f
:101ad400720040000288be003e0090000000e90051
:101ae400300798003e0090000000e000ceff3d006b
:101af4002e0090000000e80020079800ae0090003f
:101b0400e0032000808f50000cff34007200470077
:101b140002022000800078002e18900018050200b0
:101b2400000000004f06be004f05be004f04be007b
:101b34000080fa00000006000400fa001007980074
:101b440010f1200010407800004f780020f12000b0
:101b5400104078001047980000f0200010417800f1
:101b64001e80fb00c200dd0040322b0000804000dc
:101b74001000be00c809dd004800de0000807100ce
:101b8400c808de000040780000406900804078000a
:101b94001e009000014878001e0090000001e8003b
:101ba40010f02000904178001e4090000080fb005f
:101bb400c200dd0040322b00008040001000be0057
:101bc4004008de000040780000c069000049780049
:101bd4001e0090000081e80020f020009041780071
:101be4001e80fb00c200dd0040322b00008040005c
:101bf4001000be004808de000040780000c0690004
:101c0400004978001e0090006300400001f02000ad
:101c14009140780001417800810c80008140780077
:101c240081406900014878001e0090006400400073
:101c340011f020009140780001417800810c80006f
:101c4400c808de00814078008140690001487800be
:101c54001e0090006500400021f0200091407800b3
:101c640001417800810c8000814078008140690046
:101c7400014878001e009000660140001e4090005c
:101c84000080fb00c200dd0040322b0000804000d9
:101c94001000be004008de0080407800800c800008
:101ca4000040780000c06800004978001e009000e1
:101cb40067014000800c80004800de00804178000d
:101cc4001e80fb00c200dd0040322b00008040007b
:101cd4001000be00480add004800de00000072006b
:101ce400c808de000040780000c0690000497800a0
:101cf4001e00900068014000800c80004800de0057
:101d0400804178001e4090000080fb00c200dd008e
:101d140040322b00008040001000be0000407800dc
:101d240000c06900004978000080fa000000060045
:101d34000600fa002007980000f120001040780007
:101d4400004f780010f120001040780010479800f0
:101d540020f12000104078002047980000f0200077
:101d6400104178001e4090000080fb00c200dd009e
:101d740040322b00008040001000be00c809dd0086
:101d84004800de0000807100c808de0000407800d2
:101d940000406900804078002e00900001487800df
:101da4002e0090000001e80010f02000904178001f
:101db4002e4090000080fb00c200dd0040322b006a
:101dc400008040001000be004008de0000407800a3
:101dd40000c06900004978002e0090000081e800ee
:101de40020f02000904178001e4090000080fb000d
:101df400c200dd0040322b00008040001000be0015
:101e04004808de000040780000c0690000497800fe
:101e14002e0090006300400001f020009140780003
:101e240001417800810c8000814078008140690084
:101e3400014878002e0090006400400011f020005a
:101e44009140780001417800810c8000c808de00d0
:101e54008140780081406900014878002e0090009c
:101e64006500400021f02000914078000141780095
:101e7400810c80008140780081406900014878002d
:101e84002e009000660140002e4090000080fb0070
:101e9400c200dd0040322b00008040001000be0074
:101ea4004008de0080407800800c8000004078000c
:101eb40000c06800004978002e00900067014000cf
:101ec400800c80004800de00804178001e409000b5
:101ed4000080fb00c200dd0040322b000080400087
:101ee4001000be00480add004800de000000720059
:101ef400c808de000040780000c06900004978008e
:101f04002e00900068014000800c80004800de0034
:101f1400804178002e4090000080fb00c200dd006c
:101f240040322b00008040001000be0000407800ca
:101f340000c0690000497800f0df80000000e8007c
:101f4400f0df88002e00900069014000800c8000c2
:101f54004800de00804178001e80fb00c200dd00e6
:101f640040322b00008040001000be00004078008a
:101f740000c06900004978002e0090006a0040000b
:101f8400f1df8000c808de00814078000148780055
:101f94002e0090006b004000f1df8000814078004b
:101fa400014878002e0090006c004000810c8000f5
:101fb400c808de0081407800014878002e009000b7
:101fc4006d004000810c8000814078000148780059
:101fd4002e0090006e014000f1df8000f00320002d
:101fe40000806000c200dd0040322b000080400011
:101ff4001000be00c809dd004800de00008071004a
:10200400c808de0080407800800c80000040780022
:1020140000c06800004978002e0090006f01400065
:10202400f1df8000f003200000806000c200dd00ca
:1020340040322b00008040001000be008040780039
:10204400800c80004800de000040780000c068007a
:10205400004978000080fa00000006001e00fa0023
:10206400500f9800610f98005e08900061c1b300a2
:10207400114098005e08900001c1b3000148780047
:102084005e089000104078000080fb004300de00f2
:10209400604798005e089000104078000080fb00c4
:1020a4000104200000017800110009008200d8001a
:1020b400400798006000b8006011b800100f980045
:1020c400210f9800320f9800430f98000080eb0016
:1020d4005007980070c0b300404f980020c0b30070
:1020e400504f98000000eb00000f780010003700fc
:1020f4006e4090000081fb006e4090008080fb00e9
:102104001e0078000088b90000007800ee089000f6
:10211400808040001e00780000004000f20147006b
:102124000080410018050200000000001e0fe800b6
:102134009e0078004e009000808f5000ecff390024
:102144006e4090000081fb005e0890000080e80073
:10215400f200470018050200000000000000eb0038
:102164001007980061003700ae0890005e089000e8
:10217400104078000081fb004e4890000080fb0076
:10218400000051008008dd002e0990004e489000a8
:102194000080fb000010de00810070005e009000f3
:1021a40000806000700798009e0890007e009000f8
:1021b400808040005e0090000080600070079800fe
:1021c400fe0090001e0090000080680070079800d8
:1021d4009e0890005e089000104078000081fb008b
:1021e4005e4890000080fb00000051008008de0083
:1021f4001e0990005e4890000080fb000010dd0086
:10220400810070005e00900000806000000f980064
:102214008e0890007e00900000806800000f9800f7
:102224008e089000110f98004e009000e20f5000ad
:102234001600320010002000200798000e0037001e
:102244002e0090000000e80000004000f20047006b
:1022540000804000900078002e00900000004000b4
:102264000000470072004000010878002e00900032
:102274000000e80020079800ae0090004e00900097
:102284000000e900808f5000edff39004e009000ff
:102294000000e90000004000000047007200400018
:1022a4007e019000020878006e4090000081fb00df
:1022b4005e0890008081e8006e4090008080fb0002
:1022c4001e0090000000e8000088b90000007800bb
:1022d40000804100f20047001805020000000000e1
:1022e4001e0090000000e800100798005e089000af
:1022f400104090000080fb000000e900800078009e
:102304001e009000808f500097ff3e000040eb00bd
:102314000080fa00000006001e00fa00500f98002a
:10232400610f9800c0fc2f000e0040000080e80000
:10233400400798000000eb00200798009500370044
:102344002e009000de0890000080400010407800cd
:102354008080fb006a004700811f7800ae00900077
:10236400811f780041422b00811f7800f004020095
:1023740000000000e68757006a004700e0c2020040
:10238400010000002e009000de0890000080400054
:10239400104078000080fb00000f78002e009000b1
:1023a4000000e800de089000008040001040780043
:1023b4000004e000090032002e0090000000e80054
:1023c400de08900000804000104078000080fb0090
:1023d4004800dd001e0f700002003700f00f2000df
:1023e4001e0f60002e0090000080e800de089000c0
:1023f40000804000104078000004e0000800320033
:102404002e0090000080e800de089000008040006c
:10241400104078000080fb0010079800020037008d
:102424000000eb00100798002e00900063004000ad
:10243400de08900000804000104078000004e000b6
:102444000b0032002e00900063004000de08900074
:1024540000804000104078000080fb004800dd0050
:102464009e009000010070001007980004003700df
:102474009e009000f00f200000806000100798007c
:102484000000eb00300798001d0037004ec897008d
:102494000080fb00670050009e0090008008dd0073
:1024a4001e0090004700de00010070009e00400006
:1024b4003e009000000040004e01900000004100ea
:1024c4001000780000806800100798004ec897003c
:1024d4000080fb000080e9009e0078008008de0098
:1024e4001e0078004200dd00810070001e00900094
:1024f400008f68003e0090000000e800300798005c
:102504005ec897008080fb003e009000808f5000e2
:10251400deff3c002e009000ee089000008040009a
:102524009e00780081407800014878002e009000d9
:102534000000e800ee089000008040009e00780053
:10254400c808de0081407800014878002e00900021
:102554000080e800ee089000008040009e0090009b
:1025640081407800014878002e009000630040000c
:10257400ee089000008040009e009000c808de0035
:1025840081407800014878002e00900064004000eb
:10259400200798002e009000de0890000080400084
:1025a400104078000004e00065ff3a006a0047002c
:1025b400ae009000811f780031432b00811f78000a
:1025c400f004020000000000e48757006a0047009e
:1025d400e0c20200010000002e009000ee0890000e
:1025e400008040008040eb00014878000080fa0041
:1025f400000006000e00fa005007980061079800da
:10260400c0fc2f000e0040000080e8004007980046
:102614000000eb00200798006a0037002e009000ad
:10262400de00900000804000104078008080fb00b5
:102634002e0090000000e8005e01900000004100c0
:10264400104078000080fb004800dd0001007000ad
:10265400000f78002e0090000080e800de0090005b
:1026640000804000104078008080fb002e00900025
:10267400630040005e0190000000410010407800bb
:102684000080fb004800dd00010070001007980086
:102694005ec897000040e9006047980026003700b4
:1026a4001e0090009e0068004ec897000080fb004a
:1026b4000080e9008008dd001e0090001e00680014
:1026c4004200de00008f70006e4090000000fb00ae
:1026d40000004000ce009000008040009000780090
:1026e4001e009000008068009e0050004ec89700b5
:1026f4000080fb00670050008008de006e40900000
:102704000000fb00000040004e019000000041006a
:10271400100178001e009000000069001e005000a7
:102724004700dd0001007000100798006e40900023
:102734000040e900604798006e4090000004e0000b
:10274400d7ff3d002e009000ee0090000080400076
:102754009e00780081407800014878002e009000a7
:102764000000e800ee009000008040009e00780029
:10277400c808de0081407800014878002e009000ef
:102784000080e800ee009000008040009e00900071
:1027940081407800014878002e00900063004000da
:1027a400ee009000008040009e009000c808de000b
:1027b40081407800014878002e00900064004000b9
:1027c400200798002e009000de009000008040005a
:1027d400104078000004e00090ff3a002e009000c2
:1027e400ee009000008040008040eb00014878003b
:1027f4000080fa00000006001000fa00600798004c
:10280400710798000000eb00000f78002f003700dc
:102814001e0078004200dd00ee00900000804000c1
:102824009e007800c208dd007e0190008100410016
:1028340091407800014878001e0078004200dd00d5
:102844000000e800ee009000008040009e00780048
:10285400c208dd008100e8007e0190008100410093
:1028640091407800014878001e0078004200dd00a5
:102874000080e800ee009000008040009e00780098
:10288400c208dd008180e8007e01900081004100e3
:1028940091407800014878001e0078004200dd0075
:1028a40063004000ee009000008040009e0078002d
:1028b400c208dd00e38040007e01900081004100f9
:1028c40091407800014878001e0fe8001e0078004f
:1028d400e30f5000ceff360040002000000f7800c8
:1028e4007a003700f0ff23001e0040004200dd00a4
:1028f40010079800ee0090001e0090000080400039
:1029040010407800004f98001e0090000000e8007e
:10291400ee0090000080400010407800104f9800b6
:102924001e0090000080e800ee009000008040004f
:1029340010407800204f98001e0090006300400073
:10294400ee0090000080400010407800304f980066
:102954009e007800638060000000e00025003a00db
:102964008e489000414798001e489000004f980000
:102974002e489000104f98003e489000204f980039
:10298400ce409000314f98000e4890000080fb002c
:1029940021442b0061407800004f98001e489000ad
:1029a4000080fb0021442b0061407800104f980008
:1029b4002e4890000080fb0021442b0061407800e9
:1029c400204f98003e4890000080fb0021442b00db
:1029d40061407800304f98008e4890001e007800c7
:1029e4004200de0022642b006240780000c06800d0
:1029f400004f98001e0078004200dd003007980068
:102a0400c0ff23001e0040004200dd0010079800b4
:102a1400ee0090003e009000008040006e019000a7
:102a24009e00900081004100114178008e48900082
:102a340081406900014878003e0090000000e800f1
:102a4400ee009000008040009e0090008100e800ad
:102a54006e01900081004100114178009e48900071
:102a640081406900014878003e0090000080e80041
:102a7400ee009000008040009e0090008180e800fd
:102a84006e0190008100410011417800ae48900031
:102a940081406900014878003e00900063004000d6
:102aa400ee009000008040009e009000e380400013
:102ab4006e0190008100410011417800be489000f1
:102ac40081406900014878001e0fe800b002200030
:102ad4009e007800808f500082ff36000080fa004c
:102ae400000006000400fa00000f780011079800a7
:102af4001e0078009e0090003fff07000080fa004f
:102b0400000006000600fa00000f78001107980084
:102b1400220798001e0078009e00900036ff0700f0
:102b2400010b20001e80400002012000ae00900036
:102b340018050200000000000080fa0000000600f2
:102b44000400fa00000f780011079800010b200020
:102b54001e804000020120009e0090001805020023
:102b6400000000000080fa00000006000800fa00df
:102b74002047980021079800320798000040eb0096
:102b8400004f7800260037000040eb001047980003
:102b94001f0037009e81fb001e4090000080fb0058
:102ba4001e82fb009e4090008180fb002e0190005d
:102bb4004222dd008100420062c17800ae409000f4
:102bc4008180fb00420add009e80fb008100420000
:102bd400420add009e4090008180fb00810042009b
:102be4003e029000810042009140780081406900db
:102bf4002e019000c219dd00008041000000410058
:102c0400014878001e4090000040e80010479800fa
:102c14001e409000e34f5000deff36001e4fe800d8
:102c24001e407800e34f5000d7ff36000080fa00c2
:102c3400000006000400fa00100798000040eb00b2
:102c4400004f78001c0037000040eb00104798004c
:102c5400150037001e4090008081fb001e80fb00a1
:102c64009e4090000182fb009e80fb001e019000ac
:102c74004222dd0081004200e2c078008180fb0036
:102c840022442b00e2c078001e019000c219dd002e
:102c94000080410000004100014878001e4090007f
:102ca4000040e800104798001e409000e34f500099
:102cb400e8ff36001e4fe8001e407800e34f500046
:102cc400e1ff36000080fa00000006000400fa006c
:102cd400100798001e00900090409000014f78006b
:102ce4001e009000d04090001e00900011409800fb
:102cf4001e009000904890001e00900051409800e3
:102d04001e009000d04890001e00900011489800ca
:102d14001e0090009e407800514898001e009000cc
:102d2400a0409000014f78001e009000a048900041
:102d34001e009000214098001e0090009e407800e4
:102d4400214898001e009000e0409000014f780058
:102d54001e009000e04890001e0090006140980022
:102d64001e0090009e407800614898001e0090006c
:102d7400b0409000014f78001e009000f048900091
:102d84001e009000314098001e009000b048900052
:102d94001e009000714898001e009000f0409000c2
:102da4001e009000314898001e0090009e4078005c
:102db400714098000080fa00000006000200fa004a
:102dc400004f78001e80fb000000400000417800a6
:102dd4001e80fb004700de00004078007b00b90045
:102de4000000780000407800004069000080fa008c
:102df400000006000600fa00200798000040eb00df
:102e0400004f78008e0037001e80fb00ae0090005b
:102e14004200dd0061417800124798001e80fb00eb
:102e2400ae0090004200dd00e14078001e80fb000f
:102e34002e0190004200dd000000e80062407800ae
:102e440080c068001e80fb002e0190004200dd005f
:102e54000080e8006240780080c068001e80fb00ab
:102e64002e0190004200dd006300400062407800c3
:102e740000c06800204798001e80fb00ae00900050
:102e84004200dd00e14078001e80fb002e0190002e
:102e94004200dd000000e8006240780000c06800e5
:102ea400304798003e409000c4ff07003047980028
:102eb4001e80fb009e80fb002e019000c208dd00f6
:102ec40062c17800be419000ae40900081c06900ac
:102ed400814069002e0190004200dd0000004100a5
:102ee400014878001e80fb00ae0090004200dd0027
:102ef4000000e800e14078001e80fb002e019000f5
:102f04004200dd000080e8006240780000c06800f4
:102f1400304798003e409000a8ff070030479800d3
:102f24001e80fb009e80fb002e019000c208dd0085
:102f34008100e80062c17800be419000ae4090007c
:102f440081c06900814069002e0190004200dd00cb
:102f5400000041000000e800014878001e80fb00ea
:102f6400ae0090004200dd000080e800e1407800ff
:102f74001e80fb002e0190004200dd006300400033
:102f84006240780000c06800304798003e409000de
:102f94008aff0700304798001e80fb009e80fb00dc
:102fa4002e019000c208dd008180e80062c1780033
:102fb400be419000ae40900081c06900814069002c
:102fc4002e0190004200dd00000041000080e80076
:102fd400014878001e80fb00ae0090004200dd0036
:102fe40063004000e14078001e40900000c068008b
:102ff400304798003e40900070ff0700304798002b
:103004001e80fb009e80fb002e019000c208dd00a4
:10301400e380400062c17800be419000ae40900061
:1030240081c06900814069002e0190004200dd00ea
:103034000000410063004000014878001e4fe80092
:103044001e407800e34f50006fff36000080fa0006
:10305400000006000800fa00889fbe0030079800b0
:103064000000eb00000f780073013700be009000f1
:103074001e0078004200dd0061417800224798007c
:10308400be0090001e0078004200dd000000e80051
:103094006141780032479800be0090001e0078001d
:1030a4004200dd000080e80061417800424798005a
:1030b400be0090001e0078004200dd006300400066
:1030c40061417800524798002e4090003bff070072
:1030d4003aff070039ff070038ff07003e40900021
:1030e40036ff070035ff07003e40900033ff07001e
:1030f40032ff070031ff070030ff07004e40900009
:103104002eff07004e4090002cff07002bff070006
:103114002aff070029ff07005e40900027ff0700f1
:103124005e40900025ff070024ff07005e409000ea
:1031340022ff070021ff070020ff07001fff0700f1
:103144002e4090001dff07000084fb002e409000dd
:103154001aff070019ff07000080fb0000046c0041
:103164002e40900015ff070014ff070013ff07000f
:103174000080fb0000046c003e4090008084fb0053
:103184003e4090000dff07000080fb0080846c002f
:103194003e40900009ff070008ff070007ff0700f3
:1031a4000080fb0000806c0000046c004e40900026
:1031b4008084fb004e40900000ff0700fffe0700e4
:1031c4000080fb0080846c004e409000fbfe0700f2
:1031d400fafe0700f9fe07000080fb0000806c0087
:1031e40000046c005e4090008084fb005e40900010
:1031f400f2fe0700f1fe0700f0fe07000080fb006e
:1032040000806c0000006c00804078003e0190005b
:103214001e0078004200dd000000410001487800f3
:103224002e409000e5fe07002e409000e3fe0700cc
:10323400e2fe07002e409000e0fe0700dffe0700dc
:10324400defe0700ddfe07003e409000dbfe0700c7
:10325400dafe0700d9fe0700d8fe07004e409000b2
:10326400d6fe0700d5fe07004e409000d3fe0700af
:10327400d2fe0700d1fe0700d0fe07005e4090009a
:10328400cefe07005e409000ccfe0700cbfe070098
:10329400cafe0700c9fe07002e4090000084fb0010
:1032a4002e409000c5fe0700c4fe0700c3fe0700c1
:1032b4000080fb0000046c003e409000bffe07004d
:1032c4008084fb003e409000bcfe0700bbfe07006c
:1032d4000080fb0080846c003e409000b7fe070035
:1032e400b6fe0700b5fe07000080fb0000806c00fe
:1032f40000046c004e4090008084fb004e4090001f
:10330400aefe07000080fb0080846c004e409000fd
:10331400aafe0700a9fe0700a8fe07000080fb0024
:1033240000806c0000046c005e4090008084fb0010
:103334005e409000a1fe0700a0fe07000080fb0095
:1033440080846c005e4090009cfe07009bfe07009a
:103354009afe07000080fb0000806c0000006c00f7
:10336400804078003e0190001e0078004200dd009d
:10337400000041000000e800014878002e40900061
:103384008efe07002e4090008cfe07008bfe070087
:103394008afe070089fe07003e40900087fe070072
:1033a4003e40900085fe070084fe07003e409000ea
:1033b40082fe070081fe070080fe07007ffe0700f3
:1033c4004e4090007dfe07007cfe07007bfe070058
:1033d4007afe07005e40900078fe070077fe070043
:1033e4005e40900075fe070074fe070073fe070040
:1033f40072fe07002e4090000084fb002e409000d7
:103404006efe07006dfe07000080fb0000046c00e8
:103414002e40900069fe070068fe070067fe070063
:103424000080fb0000046c003e4090008084fb00a0
:103434003e40900061fe070060fe07005ffe07004b
:103444000080fb0000806c0000046c004e40900083
:103454005afe07008084fb004e40900057fe070090
:1034640056fe07000080fb0080846c004e409000f4
:1034740052fe070051fe070050fe07000080fb00cb
:1034840000806c0000046c005e4090008084fb00af
:103494005e40900049fe07000080fb0080846c00c1
:1034a4005e40900045fe070044fe070043fe07000f
:1034b4000080fb0000806c0000006c0080407800fd
:1034c4003e0190001e0078004200dd000000410033
:1034d4000080e800014878002e40900037fe070085
:1034e40036fe07002e40900034fe070033fe07002e
:1034f40032fe070031fe07003e4090002ffe070019
:103504003e4090002dfe07002cfe07002bfe070016
:103514002afe07004e40900028fe07004e4090000f
:1035240026fe070025fe07004e40900023fe0700fc
:1035340022fe070021fe070020fe07005e409000e7
:103544001efe07001dfe07001cfe07001bfe0700f1
:103554002e4090000084fb002e40900017fe0700d0
:103564000080fb0000046c002e40900013fe070056
:1035740012fe070011fe07000080fb0000046c002f
:103584003e4090008084fb003e4090000bfe07000c
:103594000afe07000080fb0080846c003e4090001f
:1035a40006fe070005fe070004fe07000080fb007e
:1035b40000806c0000046c004e4090008084fb008e
:1035c4004e409000fdfd0700fcfd0700fbfd0700d9
:1035d4000080fb0000806c0000046c005e409000e2
:1035e400f6fd07008084fb005e409000f3fd0700b9
:1035f400f2fd07000080fb0080846c005e409000b8
:10360400eefd0700edfd0700ecfd07000080fb0068
:1036140000806c0000006c00804078003e01900047
:103624001e0078004200dd000000410063004000fd
:10363400014878001e0fe8001e007800e30f5000d8
:103644008afe34004f04be000080fa000000060029
:103654000400fa00100798000040eb00004f7800c7
:103664001c0037000040eb0010479800150037009d
:103674001e4090008081fb001e80fb009e40900055
:103684000182fb009e80fb001e0190004222dd00af
:1036940081004200e2c078008180fb0022542b00ac
:1036a400e2c078001e019000c219dd0000804100d4
:1036b40000004100014878001e4090000040e800ee
:1036c400104798001e409000e34f5000e8ff36007a
:1036d4001e4fe8001e407800e34f5000e1ff360023
:1036e4000080fa00000006000400fa0010079800a9
:1036f4001e009000d0489000014f78001e009000fa
:10370400904890001e009000514898001e009000c0
:10371400d04090001e009000114898001e009000b8
:10372400904090001e009000514098001e009000b0
:103734009e407800114098001e009000a040900028
:10374400014f78001e009000a04890001e009000d9
:10375400214098001e0090009e4078002148980067
:103764001e009000e0409000014f78001e00900081
:10377400e04890001e009000614098001e009000f8
:103784009e407800614898001e009000b040900070
:10379400014f78001e009000f04090001e00900041
:1037a400314098001e009000b04890001e00900028
:1037b400714098001e009000f04890001e00900098
:1037c400314898001e0090009e407800714898008f
:1037d4000080fa00000006000600fa0010079800b6
:1037e400210798000040eb00004f78002e01900064
:1037f4009e0090000040eb00dcfc070010c0b3000a
:10380400004f78001e0090000afd07001e00900083
:103814002efd07001e407800ea4f500006003a00d3
:103824002e0190009e009000a0c0b300cffc0700c2
:103834000080fa00000006001e0090006dfd0700e5
:103844002e0190009e0090001e407800c7fc0700e7
:103854001e4fe800ebff37000600fa00100798003f
:10386400210798000040eb00004f78002e019000e3
:103874009e009000a0c0b300bcfc070090c0b30041
:10388400004f78001e00900097ff07001e00900074
:103894006fff07002e0190009e0090001e407800ec
:1038a400b2fc07001e4078000004e000040032006f
:1038b4001e009000e7fd07001e4fe900f1ff3700ee
:1038c400000000000080fa00000006000600fa0074
:1038d40010079800210798000040eb00004f780083
:1038e4000e0037001e80fb009e0090000080400008
:1038f4009e80fb001e019000810041001141780070
:103904009e80fb00ae0190008180410091407800d0
:1039140081406900014878001e4fe8001e4078008d
:10392400ef4f5000efff36000080fa000000060061
:103934000a00fa002007980031079800420798000f
:103944002e009000000bb000100798000000eb0060
:10395400000f78000d0037009e0090003e0090009c
:10396400daff0700ae0090003e0090009aff0700c7
:10397400be009000110798003e00900070004000c7
:10398400300798009e007800708f40004e00900031
:103994009e007800808f5000efff39002e009000c9
:1039a400000bb000020120009e00900018050200e8
:1039b400000000000080fa00000006001800fa0071
:1039c400100f9800210f9800320f98000000eb00b0
:1039d400000f78001b003700d0642b00e0c2020007
:1039e400010000000e80e80002012000ae089000f3
:1039f40018050200000000009e0890002e089000a8
:103a040095ff07001e089000000bb00080007800ae
:103a14002e089000adff07001e089000000bb000b8
:103a24008e80e8000201200018050200000000005a
:103a34002e08900070004000200f98009e0078002f
:103a4400708f40003e0890009e007800808f5000e8
:103a5400e1ff39000080fa00000006001e00fa00b1
:103a6400400f9800510f9800620f9800de089000f4
:103a74006e089000808f500002003a005e089000ab
:103a8400290037005e0890006f006000700010008d
:103a940010079800640047009e009000811f780082
:103aa40071652b00811f7800f00402000000000003
:103ab400e487570064004700e0c2020001000000f0
:103ac400de0890001e009000808040006e08900088
:103ad400808f5000020036000000eb001200370017
:103ae4000000eb00000f7800080037005e0890002b
:103af4001e004000ce089000008040009e00900010
:103b040081407800014878001e0fe8001e009000f4
:103b14009e007800808f5000f4ff3900de0890008a
:103b24001e009000008040000080fa0000000600a3
:103b34000800fa0020079800310798003e00900022
:103b44000000e000040032003e0090006f006000be
:103b54000000e000020032000000eb002400370007
:103b64003e0090000000e900ae009000008040009c
:103b740090407800214798002e4090000004e00017
:103b8400030032002e409000f04f50000200360037
:103b94000000eb00160037002e4090000080fb0070
:103ba400be009000008f5000090037002e009000e6
:103bb4001e004000904078002e40900080cf5000be
:103bc400020032000000eb00090037001e0fe8007d
:103bd4003e0090009e007800808f5000f3ff390073
:103be4002e4090000080fb00be009000008050003a
:103bf4000080fa00000006001e00fa00889fbe0044
:103c04008a9fbe008c9fbe00400f9800510f980001
:103c1400620f98005e0890008080e800b0aa2a0035
:103c24000008b8000100d1004200dd002007980020
:103c34000000eb00000f78000000eb001007980074
:103c4400a20037005e0890009e007800808f50002c
:103c5400070031004e0890001e004000104078001c
:103c64000080fb008000eb001e0fe800010037001d
:103c74006000b80030079800410798005e08900083
:103c84009e007800808f5000070031004e0890009d
:103c94001e004000104078000080fb008000eb0014
:103ca4001e0fe800010037006000b80050079800bc
:103cb400610798005e0890009e007800808f500095
:103cc400070031004e0890001e00400010407800ac
:103cd4000080fb008000eb001e0fe80001003700ad
:103ce4006000b80070079800010f98003e00900033
:103cf400ce009000c001dd00020020005e069000ae
:103d0400ee0690004868dd00c860de0081007000a7
:103d14004860dd0002014000838148007e0090007d
:103d24008e0890000200400083804800100f980025
:103d3400210f9800ee0890001e00900000864000bd
:103d44001e089000ae0890004209de000300200027
:103d5400f0032000010020008206780003017800af
:103d64008001780081007800038066008100610092
:103d740081027800000278000400be0052662b0025
:103d84000000410010407800004e78001e009000b2
:103d94000000e80010079800ee0890001e00900054
:103da400008640001e089000ae089000cc09de009a
:103db400440bdd004c01de0002017300f00320001f
:103dc4000100200082067800030178008001780059
:103dd400810078000380660081006100810378001f
:103de400000378000600be0052662b00000041006c
:103df40010407800004e78001e0090000000e8009b
:103e040010079800ee0890001e0090000086400005
:103e14001e089000ae089000c609de004a0cdd00c2
:103e24004601de0002017400f003200001002000be
:103e34008206780003017800800178008100780010
:103e4400038066008100610081047800000478002a
:103e54000800be0052662b000000410010407800ac
:103e6400004e78001e0090000000e8001007980043
:103e7400ee0890001e009000008640001e0990008d
:103e8400ae099000f00320000100200082067800b3
:103e940003017800800178008100780003806600c7
:103ea4008100610081057800000578000a00be00e9
:103eb40052662b000000410010407800004e78004c
:103ec4001e0090000000e800100798005e089000b3
:103ed4009e007800808f50005aff39005e099000e0
:103ee400b0aa2a000010b8000100d1006300b90094
:103ef4000000780000005100300f98003e08900048
:103f0400e10f50000d003a002e0090000000e9007f
:103f1400ee08900000804000d1c3b300014878004f
:103f24002e0090000080e900ee0890000080400020
:103f3400d1c3b30001487800090037003e0890005f
:103f4400e20f500006003a002e0090000000e90045
:103f5400ee08900000804000d1c3b300014878000f
:103f6400ee0890002e009000008040008040eb009e
:103f7400014878002e0090004f06be004f05be0099
:103f84004f04be000080fa00000006000600fa009c
:103f940000f080000000e00027003a000000eb0081
:103fa400000f7800070037001e00780080004000f2
:103fb40000c02100008040008080eb0001087800f0
:103fc4001e0fe800f00f20009e007800808f500044
:103fd400f5ff3400606a2b00200798000000eb0016
:103fe400100798000d0037001e009000ae009000ee
:103ff40000804000104078000080fb0080004000fa
:1040040000c02100008040009e009000010878005c
:104014001e0090000000e800100798009e00900029
:10402400f0032000808f5000efff340010002000c8
:1040340000f0880001003700000000000080fa0052
:10404400000006004000fa00601f9800711f9800ed
:10405400706e2b00e0c2020001000000cbff0700dd
:104064006e189000109102000100000030079800c3
:1040740074004700be009000811f7800c16f2b00c0
:10408400811f7800f004020000000000e48757005c
:1040940074004700e0c20200010000003e009000ee
:1040a4000000e00002003a000000eb00e6003700e8
:1040b4003e009000630060000000e0000500320054
:1040c400f0702b00e0c20200010000000000eb00d1
:1040d400dd0037003e0090004200de006300b900be
:1040e40000007800000f78003e0090000000e90016
:1040f400ee1890000080400090407800d0c3b300d8
:1041040080cf500001003a001e0fe9003e009000ed
:104114000080e900ee189000008040009040780094
:10412400d0c3b30080cf500001003a001e0fe90055
:10413400740047009e1f7800b1722b00811f780025
:10414400f004020000000000e487570074004700f8
:10415400e0c20200010000000000eb00100798001c
:104164000000eb0020079800a5003700ee1890002f
:104174002e00900000804000104078000080fb007a
:104184008000400000c021000080400090017800c1
:10419400430798002e0090000000e800ee189000fd
:1041a40000804000104078000080fb008000400048
:1041b40000c0210000804000900078005107980062
:1041c4002e0090008080e8003e009000808f500018
:1041d400130031002e0090000080e800ee189000db
:1041e4000080400090407800d0c3b30080cf5000de
:1041f4000b0032002e0090000080e800ee189000c2
:1042040000804000104078000080fb0080004000e7
:1042140000c0210000804000100078000100370039
:104224000000eb00600798002e009000e3004000bf
:104234003e009000808f5000130031002e0090004b
:1042440063004000ee189000008040009040780029
:10425400d0c3b30080cf50000b0032002e0090007a
:1042640063004000ee189000008040001040780089
:104274000080fb008000400000c02100008040005e
:1042840010007800010037000000eb007007980070
:104294002e0090000000e00011003a007400470076
:1042a400fe019000831f7800ee009000811f7800cb
:1042b400de019000831f7800ce009000811f7800fb
:1042c40001742b00811f7800f0040200000000003c
:1042d400ea87570074004700e0c2020001000000b2
:1042e4004e009000cf80de00c201dd0002002000fd
:1042f4005e0090006102b9004c28dd00c420de009d
:10430400810070004c20dd000201400083814800e0
:104314006e0090006102b9004628dd00ca20de006c
:10432400810070004620dd000201400083814800c6
:104334007e009000cf80de000200400083804800b1
:10434400000f9800110f98001e0090009e0f50005f
:104354000b003100fe1890001e0090000081400008
:104364000e0890009e0890004008de00004078008f
:10437400004978001e0090000000e8001007980033
:104384001e0090009e0f50000e003100fe18900099
:104394001e009000008140000e0890009e089000ce
:1043a400c809dd004800de0000807100c808de0096
:1043b40000407800004978001e0090000000e800ea
:1043c400100798001e0090009e0f50000900310055
:1043d400fe1890001e009000008040008e0890009f
:1043e40081407800014878001e0090000000e80039
:1043f400100798002e0090006400400020079800e9
:10440400ae0090003e009000808f500057ff3900ae
:104414007e189000104078008080fb0074004700f4
:10442400811f780031762b00811f7800f004020090
:1044340000000000e487570074004700e0c2020057
:10444400010000001e0078000080fa000000060051
:104454000400fa00000f780011079800020a2000f7
:104464009e00900090a420008d07070012c0b300a6
:1044740091a420001e007800c6a4020000000000e1
:104484000080fa00000006000600fa00000f780021
:10449400110798004247980053479800030a2000e8
:1044a4004e4190009e00900090a42000d60007008a
:1044b4005e4090000004e0000500320091a420005a
:1044c4001e0078001ea50200000000000500370051
:1044d40012c0b30091a420001e007800c6a40200fc
:1044e400000000000080fa00000006000400fa004a
:1044f400000f78002147980090a42000c103070012
:104504002e4090000004e0000500320091a4200039
:104514001e0078001ea50200000000000500370000
:1045240012c0b30091a420001e007800c6a40200ab
:10453400000000000080fa00000006000400fa00f9
:10454400000f78002147980090a42000e904070098
:104554002e4090000004e0000500320091a42000e9
:104564001e0078001ea502000000000005003700b0
:1045740012c0b30091a420001e007800c6a402005b
:10458400000000000080fa00000006000400fa00a9
:10459400000f78002147980090a4200072050700be
:1045a4002e4090000004e0000500320091a4200099
:1045b4001e0078001ea50200000000000500370060
:1045c40012c0b30091a420001e007800c6a402000b
:1045d400000000000080fa00000006000200fa005b
:1045e400000f780090a42000c302070012c0b3009b
:1045f40091a420001e007800c6a402000000000060
:104604000080fa00000006000200fa00000f7800a3
:1046140040368000700060000000e00004003200ba
:104624001e00780001c3b30001487800030037007e
:104634001e00780011c3b3000148780041368000a1
:1046440000022000008060000000e000040032004e
:104654001e00e80001c3b3000148780003003700de
:104664001e00e80011c3b300014878004036800002
:10467400680060000000e000040032001e80e800d2
:1046840001c3b30001487800030037001e80e8002e
:1046940011c3b30001487800403680006400600014
:1046a4000000e000050032009e00780063804000b6
:1046b40001c3b30001487800040037009e0078006d
:1046c4006380400011c3b30001487800b035800016
:1046d400640060000000e000050032009e007800e5
:1046e4006480400001c3b30001487800040037002f
:1046f4009e0078006480400011c3b3000148780034
:104704009e007800658040008040eb0001487800fe
:1047140050c0b3000080fa00000006000200fa0056
:10472400000f7800d133800000402000008060003a
:104734000000e000040032001e00780011c3b30042
:1047440001487800030037001e00780001c3b3005d
:1047540001487800d1338000008020000080600090
:104764000000e000040032001e00e80011c3b300a2
:1047740001487800030037001e00e80001c3b300bd
:1047840001487800d13380000000210000806000df
:104794000000e000040032001e80e80011c3b300f2
:1047a40001487800030037001e80e80001c3b3000d
:1047b40001487800d13380000000220000806000ae
:1047c4000000e000050032009e0078006380400095
:1047d40011c3b30001487800040037009e0078003c
:1047e4006380400001c3b300014878009e00780054
:1047f400648040008040eb000148780040c0b30072
:104804000080fa00000006000c00fa00200798005f
:1048140031079800024f9800530798000e48900003
:104824000004e0003d003200a1772b002e00900030
:104834004ebe020001000000000f7800420120007b
:104844008000eb0020e920002605020000000000a3
:1048540020e92000c5262200e426220080017800f9
:1048640042c1b3004100200000c5b300983b0200e0
:104874000100000060ea20008040eb00014878005d
:104884001e007800ae0090000080400021e9200066
:104894004ebe0200010000001e0f40001e00780002
:1048a400ae0090000080400091782b004ebe0200c4
:1048b400010000001e0f40001e007800ae009000b2
:1048c40000804000800078003e009000428f02008b
:1048d400010000001e0f40001e007800ae00900092
:1048e4000080400021792b004ebe02000100000030
:1048f4001e0f40001e007800ae0090008080400033
:10490400a0472200104078000041eb0034910200df
:10491400010000001e0f40001c013700a1792b008c
:104924002e0090004ebe020001000000000f78002f
:104934001e007800ae0090000080400080007800e7
:104944003e009000428f0200010000001e0f400054
:104954005e0090007e0050009e0f50002d00340039
:10496400f0a8210010407800e34f50000f003a00f7
:104974001e007800ae00900000804000317a2b00c9
:104984004ebe0200010000001e0f40001e00780011
:10499400ae0090000080400051a721004ebe0200ee
:1049a400010000001e0f40001a003700d0aa2100a9
:1049b400104078000004e0000f0032001e00780070
:1049c400ae00900000804000317a2b004ebe020001
:1049d400010000001e0f40001e007800ae00900091
:1049e4000080400031a921004ebe020001000000f9
:1049f4001e0f4000070037001e007800ae00900034
:104a040000804000717a2b004ebe020001000000bd
:104a14001e0f40005e009000690050009e0f500081
:104a2400300034001e007800ae009000008040008a
:104a3400c17a2b004ebe0200010000001e0f400090
:104a44008ca6020001000000204798002e40900030
:104a54000080fb00e10f50000a003200e20f50001a
:104a64000e0032000000e00012003a001e00780040
:104a7400ae00900000804000e1c4b300014878001b
:104a8400120037001e007800ae0090000080400045
:104a940031c5b300014878000c0037001e007800cf
:104aa400ae00900000804000f1c4b30001487800db
:104ab400060037001e007800ae0090000080400021
:104ac400f1c3b30001487800000000001e0fe800a5
:104ad4001e007800ae009000008040008040eb0093
:104ae400014878005e009000690050009e0f50005d
:104af400100034001e007800ae00900000804000da
:104b0400117b2b004ebe0200010000001e0f40006e
:104b14001e007800ae00900080804000e0a180007c
:104b24000040780032c0b30034910200010000005c
:104b34001e0f40005e009000690050009e0f500060
:104b4400100034001e007800ae0090000080400089
:104b5400617b2b004ebe0200010000001e0f4000ce
:104b64001e007800ae00900080804000e0238100a9
:104b74000040780032c0b30034910200010000000c
:104b84001e0f40005e009000690050009e0f500010
:104b9400100034001e007800ae0090000080400039
:104ba400b17b2b004ebe0200010000001e0f40002e
:104bb4001e007800ae0090008080400060c5200098
:104bc4001040780022c0b3003491020001000000bc
:104bd4001e0f40002163800000002200008060005e
:104be4000000e000140032005e00900069005000f4
:104bf4009e0f5000100034001e007800ae0090009c
:104c040000804000017c2b004ebe02000100000029
:104c14001e0f40001e007800ae009000808040000f
:104c2400f0c520001040780022c0b3003491020087
:104c3400010000001e0f40005e009000690050005b
:104c44009e0f50000d0034001e007800ae0090004e
:104c540000804000617c2b004ebe02000100000079
:104c64001e0f40001e007800ae009000008040003f
:104c740065fe07000080fb001e0f40005e009000f0
:104c8400690050009e0f50000d0034001e00780093
:104c9400ae00900000804000b17c2b004ebe0200ac
:104ca400010000001e0f40001e007800ae009000be
:104cb4000080400099fe07000080fb001e0f4000aa
:104cc4005e009000690050009e0f500010003400f8
:104cd4001e007800ae00900000804000117d2b0083
:104ce4004ebe0200010000001e0f40001e007800ae
:104cf400ae00900080804000a04722001040780061
:104d04000041eb0034910200010000001e0f40003e
:104d14005e009000690050009e0f50001b0034009c
:104d24001e007800ae00900000804000717d2b00d2
:104d34004ebe0200010000001e0f400010c42000ff
:104d440090407800a0c5b30080cf500008003a001e
:104d54001e007800ae00900000804000d17d2b0042
:104d64004ebe0200010000001e0f40000700370085
:104d74001e007800ae00900000804000f17d2b0002
:104d84004ebe0200010000001e0f40005e009000b5
:104d9400690050009e0f5000100034001e0078007f
:104da400ae00900000804000117e2b004ebe020039
:104db400010000001e0f40001e007800ae009000ad
:104dc4008080400020c42000104078000041eb00a7
:104dd40034910200010000001e0f40000e489000b4
:104de4000004e00050003a005e00900066005000ad
:104df4009e0f50004c0034001e007800ae0090005e
:104e040000804000717e2b004ebe020001000000b5
:104e14001e0f40001e007800ae009000808040000d
:104e240050f02000104078000041eb003491020063
:104e3400010000001e0f40005e0090006900500059
:104e44009e0f5000100034001e007800ae00900049
:104e540000804000c17e2b004ebe02000100000015
:104e64001e0f40001e007800ae00900080804000bd
:104e740070992100104078000041eb003491020049
:104e8400010000001e0f40005e0090006900500009
:104e94009e0f5000100034001e007800ae009000f9
:104ea40000804000117f2b004ebe02000100000074
:104eb4001e0f40001e007800ae009000808040006d
:104ec40090992100104078000041eb0034910200d9
:104ed400010000001e0f40005e00900069005000b9
:104ee4009e0f5000100034001e007800ae009000a9
:104ef40000804000717f2b004ebe020001000000c4
:104f04001e0f40001e007800ae009000808040001c
:104f140050c52000104078000041eb00349102009d
:104f2400010000001e0f40005e0090006900500068
:104f34009e0f5000130034001e007800ae00900055
:104f440000804000c17f2b004ebe02000100000023
:104f54001e0f40001e007800ae009000008040004c
:104f640041c5200091407800014878001e0fe800f8
:104f74001e007800ae009000008040008040eb00ee
:104f8400014878005e0090006b0050009e0f5000b6
:104f94000e0034001e007800ae0090000080400037
:104fa40011802b004ebe0200010000001e0f4000c5
:104fb4001e007800ae009000808040005093800076
:104fc400428f0200010000001e0f40001e00780006
:104fd400ae009000008040008040eb000148780063
:104fe4000080fa00000006000000fa0090628000d1
:104ff400630a20000041eb008000780010b120001b
:1050040001fe070010b12000e0c202000100000010
:1050140060802b00e0c202000100000010b12000fb
:105024008040eb00014878000080fa000000060090
:105034000600fa001007980041479800916280002a
:105044001e009000008060000000e00003003a00b1
:105054000040eb00004f78000b00370091628000a5
:105064001e0090000080ea000080600090628800ca
:1050740010c0b300004f78004e4090000004e000e0
:1050840001003200d8ff07001e4078000080fa00bb
:10509400000006000600fa00100798004147980037
:1050a400916280001e009000808060001e009000cd
:1050b400808f500003003a000040eb00004f78005e
:1050c4000a003700916280001e0090000100700009
:1050d4009062880010c0b300004f78004e409000ea
:1050e4000004e00001003200bfff07001e4078000a
:1050f4000080fa00000006003a00fa00889fbe0013
:105104008a9fbe008c9fbe00000f9800e0252100fe
:10511400104078008082fb00d025210010407800e8
:105124000082fb00c0252100104078008081fb0034
:1051340040242100104078000081fb00302421002d
:10514400104078008080fb0020242100104078006b
:105154000080fb00851f7800841f7800831f78007f
:10516400821f7800811f7800801f780080802b00c8
:10517400801f7800f10020000e007800bc040200bb
:1051840000000000ee8757000040eb00704f9800cd
:1051940000f02000104078008005fb0030f0200073
:1051a400104078008006fb0090f02000104078004a
:1051b4000000fb00100f980080f0200010407800e1
:1051c4000000fb00200f9800c0f020001040780081
:1051d4000000fb00300f9800b0f020001040780071
:1051e4000000fb00400f9800d1928000510f9800fe
:1051f400c1928000610f9800b1928000710f9800f5
:105204000192800001179800f19180001117980015
:10521400e191800021179800a19280003117980035
:10522400d191800041179800919280005117980005
:10523400c1918000611798008192800071179800d5
:10524400b1918000011f9800b099210010407800ae
:105254000080fb00101f9800a099210010407800e6
:105264000080fb00201f98007099210010407800f6
:105274000080fb00301f98006099210010407800e6
:105284000080fb00401f980030a7210010407800e8
:105294000086fb0020a72100104078000085fb0059
:1052a40069928000989180005792800086918000d6
:1052b400329280004392800060918000719180005e
:1052c40075928000a49180008b1f78008d1f780058
:1052d4009e0d90008b1f7800ae0d90008b1f780000
:1052e400be0d90008b1f7800ce0d90008b1f7800b0
:1052f400de0d90008b1f7800ee0d90008b1f780060
:10530400fe0d90008b1f78008e1590008b1f780087
:105314009e1590008b1f7800ae1590008b1f7800af
:10532400be1590008b1f7800ce1590008b1f78005f
:10533400de1590008b1f7800ee1590008b1f78000f
:10534400fe1590008b1f78008e1d90008b1f780037
:105354009e1d90008b1f7800ae1d90008b1f78005f
:10536400be1d90008b1f7800ce1d90008b1f78000f
:105374008c1f78008a1f7800891f7800881f7800a6
:10538400871f7800861f7800829fbe00809fbe0022
:10539400851f7800841f7800a0812b00801f78006f
:1053a400010a20000e089000bc0402000000000066
:1053b4006f04b1000e089000000ab0008040eb00ba
:1053c400014878000e089000260602000000000044
:1053d4008000780030092000808f500004003e00d7
:1053e4008e0078000e089000ee0502000000000018
:1053f4004f06be004f05be004f04be000080fa00f9
:10540400000006001000fa0070079800318c2b0091
:105414007e0090004ebe020001000000000f7800e4
:105424001e007800fe009000808040004023810030
:10543400428f0200010000001e0f40001e00780091
:10544400fe00900000804000f18c2b004ebe020054
:10545400010000001e0f40001e007800fe009000b6
:105464008080400050238100428f02000100000030
:105474001e0f40001e007800fe00900000804000d7
:10548400618d2b004ebe0200010000001e0f400083
:105494001e007800fe00900000804000800078002c
:1054a40040ce2000428f0200010000001e0f400089
:1054b4001e007800fe00900000804000d18d2b007b
:1054c4004ebe0200010000001e0f40001e007800c6
:1054d400fe0090008080400070238100428f020013
:1054e400010000001e0f40001e007800fe00900026
:1054f40000804000318e2b004ebe020001000000ef
:105504001e0f40001e007800fe00900080804000c6
:1055140090238100428f0200010000001e0f400012
:105524001e007800fe00900000804000918e2b0049
:105534004ebe0200010000001e0f40001e00780055
:10554400fe0090008080400080238100428f020092
:10555400010000001e0f40001e007800fe009000b5
:1055640000804000f18e2b004ebe020001000000be
:105574001e0f40001e007800fe00900000804000d6
:10558400618f2b004ebe0200010000001e0f400080
:105594001e007800fe00900080804000a02381005f
:1055a400428f0200010000001e0f400060472200ed
:1055b40010407800e14f500008003a001e007800c7
:1055c400fe00900000804000c18f2b004ebe020000
:1055d400010000001e0f4000070037001e00780085
:1055e400fe0090000080400021902b004ebe02007f
:1055f400010000001e0f4000d033800064006000f2
:105604000000e000080032001e007800fe00900058
:1056140000804000f17d2b004ebe0200010000001e
:105624001e0f4000070037001e007800fe009000a7
:1056340000804000d17d2b004ebe0200010000001e
:105644001e0f4000d0338000680060000000e000be
:10565400080032001e007800fe0090000080400028
:10566400f17d2b004ebe0200010000001e0f400021
:10567400070037001e007800fe0090000080400004
:10568400d17d2b004ebe0200010000001e0f400021
:105694001e007800fe0090000080400081902b00e6
:1056a4004ebe0200010000001e0f40002166800073
:1056b4000e80e800811f780001912b00811f780083
:1056c400f004020000000000e48757001e00780088
:1056d400fe009000008040008e80e8004ebe020074
:1056e400010000001e0f40001e007800fe00900024
:1056f4000080400031912b004ebe020001000000ea
:105704001e0f40001e007800fe00900080804000c4
:10571400f0238100428f0200010000001e0f4000b0
:105724001e007800fe0090000080400091912b0044
:105734004ebe0200010000001e0f40001e00780053
:10574400fe0090008080400000248100428f02000f
:10575400010000001e0f40001e007800fe009000b3
:1057640000804000f1912b004ebe020001000000b9
:105774001e0f40001e007800fe0090008080400054
:1057840010248100428f0200010000001e0f40001f
:105794001e007800fe0090000080400061922b0003
:1057a4004ebe0200010000001e0f40001e007800e3
:1057b400fe00900080804000604822001040780085
:1057c40012c0b30034910200010000001e0f40001b
:1057d4001e007800fe00900000804000b1922b0073
:1057e4004ebe0200010000001e0f40001e007800a3
:1057f400fe0090008080400020248100428f02003f
:10580400010000001e0f4000000920009e007800e7
:10581400808f500027003c001e007800fe0090009e
:105824000080400021932b004ebe020001000000c6
:105834001e0f40001e007800fe0090008080400093
:1058440050c220001040780022c0b30034910200fe
:10585400010000001e0f40001e007800fe009000b2
:1058640000804000b1932b004ebe020001000000f6
:105874001e0f40001e007800fe0090008080400053
:1058840040c220001040780022c0b30034910200ce
:10589400010000001e0f40001e007800fe00900072
:1058a4000080400021942b004ebe02000100000045
:1058b4001e0f40000080fa00000006000000fa00fd
:1058c40010b12000cffe070010b12000e0c202009a
:1058d4000100000060802b00e0c202000100000013
:1058e40010b120008040eb00014878000080fa00ed
:1058f400000006006800fa003037980051942b002d
:105904003e3090004ebe020001000000000f7800ff
:10591400d1b3800000802000008060000000e0001f
:10592400080032001e007800be3090000080400065
:10593400e1942b004ebe0200010000001e0f400047
:10594400070037001e007800be3090000080400041
:1059540041952b004ebe0200010000001e0f4000c6
:10596400d0b380004c00de00674060000080fb0084
:10597400e30f50001e003200e30f500005003c000e
:10598400e10f50000a003200e20f50001000320014
:1059940037003700e50f500025003200e50f5000b6
:1059a4001b003500e60f500029003200300037009c
:1059b4001e007800be3090000080400091952b00be
:1059c4004ebe0200010000001e0f400028003700f8
:1059d4001e007800be3090000080400011962b001d
:1059e4004ebe0200010000001e0f400020003700e0
:1059f4001e007800be30900000804000f1962b001d
:105a04004ebe0200010000001e0f400018003700c7
:105a14001e007800be30900000804000c1972b002b
:105a24004ebe0200010000001e0f400010003700af
:105a34001e007800be30900000804000b1982b001a
:105a44004ebe0200010000001e0f40000800370097
:105a54001e007800be30900000804000a1992b0009
:105a64004ebe0200010000001e0f400000000000b6
:105a74001e007800be30900000804000719a2b0018
:105a84004ebe0200010000001e0f40001e00780000
:105a9400be30900080804000e0b38000428f02005e
:105aa400010000001e0f40001e007800be30900070
:105ab40000804000919a2b004ebe020001000000bd
:105ac4001e0f400000b080000000e0000b003a0010
:105ad4000e80e80031602100811f7800715d210093
:105ae400811f7800f19a2b00811f7800d6040200f0
:105af40000000000e68757000c00370001b080006a
:105b04000e80e800811f780031602100811f780039
:105b1400715d2100811f7800d19b2b00811f7800cb
:105b2400d604020000000000e88757001e00780039
:105b3400be309000008040008e80e8004ebe02001f
:105b4400010000001e0f40001e0fe8001e00780038
:105b5400be309000008040008040eb000148780097
:105b64000080fa00000006000400fa001007980004
:105b7400e19c2b001e0090004ebe020001000000bc
:105b8400000f78001e0078009e0090000080400006
:105b9400819d2b004ebe0200010000001e0f40003c
:105ba400420120008000eb0020e9200026050200cd
:105bb4000000000020e92000c5262200e42622007f
:105bc4008001780042c1b3004100200000c5b30049
:105bd400983b02000100000060ea20008040eb00d6
:105be400014878001e0078009e009000008040006c
:105bf40021e920004ebe0200010000001e0f4000fb
:105c040060fe8000e30f50000c003200e40f5000ef
:105c140012003200e20f500018003a001e00780013
:105c24009e00900000804000e19d2b004ebe0200cb
:105c3400010000001e0f40001a0037001e0078000b
:105c44009e00900000804000719e2b004ebe02001a
:105c5400010000001e0f4000120037001e007800f3
:105c64009e00900000804000719e2b004ebe0200fa
:105c7400010000001e0f40000a0037001e007800db
:105c84009e0090008080400060fe8000004078000c
:105c940022c0b30034910200010000001e0f400036
:105ca400000000001e0fe8001e0078009e00900017
:105cb400008040008040eb00014878000080fa003a
:105cc400000006000200fa00004f780040c52000e2
:105cd400104078009e4f50000300320040c5200061
:105ce4001e487800c0fc07000080fa00000006008f
:105cf4000400fa00204798001ec3020001000000bf
:105d0400e09e2b00e0c2020001000000ae409000c3
:105d140060c5200001487800ae40900030c6b30052
:105d240080cf500002003a000040eb00204798006a
:105d3400206380004800de006f4060008080fb002c
:105d440060c5200000804000ae40900011409800e3
:105d5400206380004800de006f4060000040e800df
:105d64006f4060000080fb006f0060004800dd00b1
:105d740022638000f10f2f00810061000100700098
:105d8400206388001ec3020001000000206380001d
:105d94004d00de00614060008080fb0020638000d5
:105da4004800de006f4060000080fb00811f780027
:105db400801f7800b09f2b00801f7800e0bc20007b
:105dc400d604020000000000e6875700e0bc200073
:105dd400e0c2020001000000206380004800de00f1
:105de4006f4060000080fb00e70f500005003c009e
:105df4002163800000002200008060000000e000b9
:105e04005b003200f0c520008040eb0001487800c0
:105e14000040eb00004f78000b003700f0c5200075
:105e2400904078001e80fb006401400020c52000e3
:105e3400000041001040900080c04000f0c52000e8
:105e4400014878001e4fe8001e407800e74f5000dc
:105e5400f2ff3600f0c52000104078000080fb00ff
:105e64004300de0080407800f0c52000014878003f
:105e7400206380004800de006f4060000080fb006b
:105e8400e70f50000700340021638000f00f2f005b
:105e940000806000206388002063800000d0a000a0
:105ea40020638800216380000000220000806000dd
:105eb4000000e0002e003200f0c520001040780001
:105ec400e84f500004003600f0c520001040780070
:105ed400ff4f50000c0036002163800000002400b6
:105ee400008060000000e000030032008040eb000e
:105ef4001000200067fc07002063800000e0a00081
:105f0400206388001a003700f0c520009040780014
:105f140030c6b30080cf500007003a008040eb0049
:105f2400100020005bfc0700d0a12b00e0c202009f
:105f3400010000000e003700f0c52000104078007a
:105f4400ee4f500007003600f0c5200010407800e6
:105f5400ff4f500003003e008040eb001000200083
:105f640033fc07002063800000e0a1002063880068
:105f740060c5200010407800e54f50001c0034003c
:105f840060c520009040780020c6b30080cf500048
:105f940017003c00216380000000210000806000a5
:105fa4000000e00012003a008080200010407800d9
:105fb4000004e0000e003a002063800000c0a0004e
:105fc400206388008080200031c8b3000148780035
:105fd400a080200041c0b300014878001ec3020025
:105fe40001000000d0a32b00e0c202000100000069
:105ff4000080fa00000006000200fa00004f78005a
:1060040000c620001e48780050c5200010407800cb
:10601400e44f500002003a00702621001e48780028
:1060240050c5200010407800e44f500006003a00ac
:1060340000c620009040780010262100104078000f
:1060440080cf50000a00310050c520001040780075
:10605400e34f500022003a0000c620009040780030
:10606400402621001040780080cf50001c003900e9
:1060740000c6200010407800e94f5000180032009c
:1060840050c5200010407800e44f500004003a004e
:106094002063800000f0a000206388000300370024
:1060a400c0a42b00e0c202000100000021638000b4
:1060b40000002800008060000000e00004003200be
:1060c400f0a62b00e0c2020001000000040037002b
:1060d400c0a72b00e0c2020001000000000037004e
:1060e4000080fa00000006000200fa00004f780069
:1060f40020c620001e487800802621001e48780013
:1061040050c5200010407800e44f500018003a00b9
:1061140020c62000904078003026210010407800ee
:1061240080cf5000120031002063800000f0a000f6
:106134002063880090a82b00e0c202000100000048
:106144002163800000002800008060000000e0005f
:1061540004003200f0a62b00e0c20200010000009f
:1061640003003700c0a72b00e0c2020001000000ba
:106174000080fa00000006000200fa00004f7800d8
:1061840010c620001e487800902621001e48780082
:1061940050c5200010407800e44f500018003a0029
:1061a40010c620009040780020262100104078007e
:1061b40080cf5000120031002063800000f0a00066
:1061c40020638800f0a92b00e0c202000100000057
:1061d4002163800000002800008060000000e000cf
:1061e40004003200f0a62b00e0c20200010000000f
:1061f40003003700c0a72b00e0c20200010000002a
:106204000080fa00000006000200fa00004f780047
:1062140040c620001e48780050c520001040780079
:10622400e34f500009003a0040c620009040780037
:10623400602621001040780080cf50000300310018
:1062440050ab2b00e0c20200010000000080fa0005
:10625400000006000200fa00004f780030c620005b
:106264001e48780050c5200010407800e34f5000cd
:1062740009003a0030c620009040780050262100e2
:106284001040780080cf50000300310050ab2b0049
:10629400e0c20200010000000080fa0000000600d5
:1062a4001400fa0070079800010f9800120f98006c
:1062b400b1ac2b007e0090004ebe02000100000035
:1062c400000f78001e007800fe009000008040005f
:1062d400800078000e089000428f02000100000048
:1062e4001e0f40001e007800fe0090000080400059
:1062f40021ad2b004ebe0200010000001e0f400025
:106304001e0890007e0050009e0f50001f003400b5
:10631400f0a8210010407800e34f500008003a0034
:106324001e007800fe0090000080400051a721006c
:106334004ebe0200010000001e0f40001300370093
:10634400d0aa2100104078000004e00008003200c8
:106354001e007800fe0090000080400031a921005a
:106364004ebe0200010000001e0f4000070037006f
:106374001e007800fe0090000080400041ad2b001c
:106384004ebe0200010000001e0f40001e089000d7
:10639400690050009e0f5000300034001e00780049
:1063a400fe0090000080400021ad2b004ebe020094
:1063b400010000001e0f40008ca602000100000036
:1063c400204798002e4090000000fb00e10f500091
:1063d4000a003200e20f50000e0032000000e0001c
:1063e40012003a001e007800fe0090000080400079
:1063f400e1c4b30001487800120037001e007800a1
:10640400fe0090000080400031c5b30001487800d0
:106414000c0037001e007800fe0090000080400051
:10642400f1c4b30001487800060037001e0078006c
:10643400fe00900000804000f1c3b30001487800e2
:10644400000000001e0fe8001e007800fe0090000f
:10645400008040008040eb00014878001e08900056
:10646400690050009e0f5000100034001e00780098
:10647400fe0090000080400021ad2b004ebe0200c3
:10648400010000001e0f40001e007800fe00900076
:1064940080804000e0a180000040780032c0b3005a
:1064a40034910200010000001e0f40001e089000fd
:1064b400690050009e0f5000100034001e00780048
:1064c400fe0090000080400021ad2b004ebe020073
:1064d400010000001e0f40001e007800fe00900026
:1064e40080804000e02381000040780032c0b30087
:1064f40034910200010000001e0f40001e089000ad
:10650400690050009e0f5000100034001e007800f7
:10651400fe0090000080400021ad2b004ebe020022
:10652400010000001e0f40001e007800fe009000d5
:106534008080400060c520001040780022c0b30075
:1065440034910200010000001e0f4000216380000e
:1065540000002200008060000000e000150032000e
:106564001e089000690050009e0f50001100340076
:106574001e007800fe0090000080400021ad2b003a
:106584004ebe0200010000001e0f40001e007800f5
:10659400fe00900080804000f0c52000104078008c
:1065a40022c0b30034910200010000001e0f40001d
:1065b400070037001e007800fe00900000804000b5
:1065c40061ad2b004ebe0200010000001e0f400012
:1065d4001e089000690050009e0f50000d0034000a
:1065e4001e007800fe0090000080400021ad2b00ca
:1065f4004ebe0200010000001e0f40001e00780085
:10660400fe00900000804000fff707000080fb00c0
:106614001e0f40001e089000690050009e0f50009d
:106624000d0034001e007800fe0090000080400041
:1066340021ad2b004ebe0200010000001e0f4000e1
:106644001e007800fe0090000080400033f8070030
:106654000080fb001e0f40001e08900069005000df
:106664009e0f5000100034001e007800fe009000c1
:106674000080400021ad2b004ebe0200010000004e
:106684001e0f40001e007800fe0090008080400035
:10669400a0472200104078000041eb003491020032
:1066a400010000001e0f40001e0890006900500009
:1066b4009e0f50001b0034001e007800fe00900066
:1066c4000080400021ad2b004ebe020001000000fe
:1066d4001e0f400010c4200090407800a0c5b300f5
:1066e40080cf500008003a001e007800fe009000a1
:1066f40000804000d17d2b004ebe0200010000004e
:106704001e0f4000070037001e007800fe009000b6
:1067140000804000f17d2b004ebe0200010000000d
:106724001e0f40001e089000690050009e0f50008c
:10673400100034001e007800fe009000008040002d
:1067440021ad2b004ebe0200010000001e0f4000d0
:106754001e007800fe0090008080400020c42000cd
:10676400104078000041eb00349102000100000069
:106774001e0f40001e007800fe00900000804000c4
:1067840021ad2b004ebe0200010000001e0f400090
:106794001e007800fe0090008080400050f0200031
:1067a400104078000041eb00349102000100000029
:1067b4001e0f40001e089000690050009e0f5000fc
:1067c400100034001e007800fe009000008040009d
:1067d40021ad2b004ebe0200010000001e0f400040
:1067e4001e007800fe009000808040007099210017
:1067f400104078000041eb003491020001000000d9
:106804001e0f40001e089000690050009e0f5000ab
:10681400100034001e007800fe009000008040004c
:1068240021ad2b004ebe0200010000001e0f4000ef
:106834001e007800fe0090008080400090992100a6
:10684400104078000041eb00349102000100000088
:106854001e0f40001e089000690050009e0f50005b
:10686400100034001e007800fe00900000804000fc
:1068740021ad2b004ebe0200010000001e0f40009f
:106884001e007800fe0090008080400050c520006b
:10689400104078000041eb00349102000100000038
:1068a4001e0f40001e089000690050009e0f50000b
:1068b400130034001e007800fe00900000804000a9
:1068c40021ad2b004ebe0200010000001e0f40004f
:1068d4001e007800fe0090000080400041c52000aa
:1068e40091407800014878001e0fe8001e007800ef
:1068f400fe009000008040008040eb0001487800da
:106904001e0890006b0050009e0f50000e003400d3
:106914001e007800fe0090000080400021ad2b0096
:106924004ebe0200010000001e0f40001e00780051
:10693400fe0090008080400050938000428f02004f
:10694400010000001e0f40001e0890006a00500065
:106954009e0f50004c0135001e007800fe00900090
:106964000080400021ad2b004ebe0200010000005b
:106974001e0f40001e007800fe0090008080400042
:1069840040238100428f0200010000001e0f4000de
:106994001e0890006a0050009e0f50003c01350014
:1069a4001e007800fe0090000080400021ad2b0006
:1069b4004ebe0200010000001e0f40001e007800c1
:1069c400fe0090008080400050238100428f02002e
:1069d400010000001e0f40001e0890006a005000d5
:1069e4009e0f50002c0135001e007800fe00900020
:1069f4000080400021ad2b004ebe020001000000cb
:106a04001e0f40001e007800fe0090000080400031
:106a14008000780040ce2000428f02000100000078
:106a24001e0f40001e0890006a0050009e0f500088
:106a34001b0135001e007800fe009000008040001d
:106a440021ad2b004ebe0200010000001e0f4000cd
:106a54001e007800fe0090008080400070238100ba
:106a6400428f0200010000001e0f40001e0890002b
:106a74006a0050009e0f50000b0135001e00780084
:106a8400fe0090000080400021ad2b004ebe0200ad
:106a9400010000001e0f40001e007800fe00900060
:106aa4008080400090238100428f0200010000009a
:106ab4001e0f40001e0890006a0050009e0f5000f8
:106ac400fb0035001e007800fe00900000804000ae
:106ad40021ad2b004ebe0200010000001e0f40003d
:106ae4001e007800fe00900080804000802381001a
:106af400428f0200010000001e0f40001e0890009b
:106b04006a0050009e0f5000eb0035001e00780014
:106b1400fe0090000080400061ad2b004ebe0200dc
:106b2400010000001e0f40001e007800fe009000cf
:106b34000080400021ad2b004ebe02000100000089
:106b44001e0f40001e007800fe0090008080400070
:106b5400a0238100428f0200010000001e0f4000ac
:106b64001e0890006a0050009e0f5000d4003500ab
:106b74006047220010407800e14f500008003a00be
:106b84001e007800fe0090000080400091ad2b00b4
:106b94004ebe0200010000001e0f40000700370037
:106ba4001e007800fe0090000080400061ad2b00c4
:106bb4004ebe0200010000001e0f4000d0338000d2
:106bc400640060000000e000080032001e0078004d
:106bd400fe00900000804000f17d2b004ebe0200bc
:106be400010000001e0f4000070037001e0078005f
:106bf400fe00900000804000d17d2b004ebe0200bc
:106c0400010000001e0f4000d033800068006000c7
:106c14000000e000080032001e007800fe00900032
:106c240000804000f17d2b004ebe020001000000f8
:106c34001e0f4000070037001e007800fe00900081
:106c440000804000d17d2b004ebe020001000000f8
:106c54001e0f40001e0890006a0050009e0f500056
:106c6400990035001e007800fe009000008040006e
:106c740021ad2b004ebe0200010000001e0f40009b
:106c8400216680000e80e800811f780001912b00ae
:106c9400811f7800d604020000000000e48757003a
:106ca4001e007800fe009000008040008e80e80006
:106cb4004ebe0200010000001e0f40001e0890009e
:106cc4006a0050009e0f5000810035001e007800bd
:106cd400fe0090000080400021ad2b004ebe02005b
:106ce400010000001e0f40001e007800fe0090000e
:106cf40080804000f0238100428f020001000000e8
:106d04001e0f40001e0890006a0050009e0f5000a5
:106d1400710035001e007800fe00900000804000e5
:106d240021ad2b004ebe0200010000001e0f4000ea
:106d34001e007800fe009000808040000024810046
:106d4400428f0200010000001e0f40001e08900048
:106d54006a0050009e0f5000610035001e0078004c
:106d6400fe0090000080400021ad2b004ebe0200ca
:106d7400010000001e0f40001e007800fe0090007d
:106d84008080400010248100428f02000100000036
:106d94001e0f40001e0890006a0050009e0f500015
:106da400510035001e007800fe0090000080400075
:106db40021ad2b004ebe0200010000001e0f40005a
:106dc4001e007800fe009000808040006048220091
:106dd4001040780012c0b30034910200010000009a
:106de4001e0f40001e0890006a0050009e0f5000c5
:106df4003f0035001e007800fe0090000080400037
:106e040021ad2b004ebe0200010000001e0f400009
:106e14001e007800fe0090008080400050c22000d8
:106e24001040780022c0b300349102000100000039
:106e34001e0f40001e0890006a0050009e0f500074
:106e44002d0035001e007800fe00900000804000f8
:106e540021ad2b004ebe0200010000001e0f4000b9
:106e64001e007800fe0090008080400040c2200098
:106e74001040780022c0b3003491020001000000e9
:106e84001e0f40001d003700000000001b003700eb
:106e94000000000019003700000000001700370050
:106ea4000000000015003700000000001300370048
:106eb4000000000011003700000000000f00370040
:106ec400000000000d003700000000000b00370038
:106ed4000000000009003700000000000700370030
:106ee4000000000005003700000000000300370028
:106ef4000000000001003700000000000080fa00dc
:106f0400000006006800fa0060e7980071e7980046
:106f140073238100522381007ee090008000fb00f7
:106f24006ee090000000fb00831f7800821f780051
:106f3400811f7800801f7800c0ad2b00801f78006f
:106f44000e007800f004020000000000ea875700f9
:106f54000e007800e0c20200010000000080fa0088
:106f6400000006000200fa00000f78000a00370053
:106f74001e007800100078000000e00006003a00cf
:106f840050af2b00e0c2020001000000ba0207006b
:106f940010c0b3000a003700d02480007f006000d6
:106fa4000000e000f2ff3a00f12480000000240019
:106fb400008060000000e000edff3a000040eb00bc
:106fc4000080fa00000006000200fa00000f7800ba
:106fd4001e007800e3ff0700e14f500002003a0072
:106fe40010c0b300110037009a04a8000a0037004b
:106ff4001e007800100078000000e00006003a004f
:10700400f0b02b00e0c20200010000009a02070069
:1070140010c0b30005003700d02480006100600078
:107024000000e000f2ff3a000040eb000080fa00ac
:10703400000006000400fa00004f780011079800d1
:107044001e009000c7ff0700e14f500002003a0005
:1070540010c0b3000b0037009e40780061c0600090
:107064000080fb00610060004500dd00d124800049
:107074000150a10001007000d02488009a84a80067
:107084000040eb000080fa00000006000200fa0055
:10709400000f78001e007800b2ff0700e14f500097
:1070a40002003a0010c0b300030037009aa4a800fd
:1070b4009a84a8000040eb000080fa00000006005b
:1070c4000200fa00000f78001e007800a5ff0700f8
:1070d400e14f500002003a0010c0b3001100370025
:1070e4009a24a8000a0037001e00780010007800d7
:1070f4000000e00006003a00a0b22b00e0c202004b
:10710400010000005c02070010c0b3000500370056
:10711400d0248000620060000000e000f2ff3a002a
:107124000040eb000080fa00000006002e00fa0088
:10713400206f9800316f9800621798006e109000cd
:1071440088ff0700e14f500002003a0010c0b3006e
:10715400550037003e689000e14f500026003a0089
:107164002e6890000080fb0001052000810f500074
:107174000400320011052000810f50000700320086
:107184000d0037002e6890000080fb0000004000d6
:107194000000a000b0248800300037002e68900062
:1071a4000080fb00000040000000a000b024880024
:1071b40000000000290037002e6890000081fb00c9
:1071c4002e6890008080fb000e00e800821f78008b
:1071d400811f780071b42b00811f7800f004020035
:1071e40000000000e68757000e00e800e0c202003d
:1071f40001000000190037002e6890000080fb0099
:1072040001052000810f5000040032001105200008
:10721400810f500009003200100037002e689000e2
:107224000080fb000000400080007800f00f200088
:1072340000806000b0248800080037002e689000a9
:107244000080fb000000400080007800f00f200068
:1072540000806000b0248800000000006e109000e0
:1072640040ff0700e14f500002003a0010c0b30095
:107274000d0037006e10900046000700004f7800a4
:107284001e4078000004e0000600320010b72b0016
:10729400e0c2020001000000f701070010c0b300c3
:1072a400010037000040eb000080fa0000000600f7
:1072b4000400fa00004f7800110798001e009000a7
:1072c40028ff0700e14f500002003a0010c0b3004d
:1072d400130037001e80fb00b02488001e009000bd
:1072e40020ff0700e14f500002003a0010c0b30035
:1072f4000b0037001e00900026000700e14f5000ed
:1073040006003a00e0b82b00e0c2020001000000d1
:10731400d901070010c0b300010037000040eb00a2
:107324000080fa00000006000200fa00000f780056
:107334001e0078000bff0700e14f500002003a00e6
:1073440010c0b300110037009a44a8000a003700a7
:107354001e007800100078000000e00006003a00eb
:1073640080ba2b00e0c2020001000000c201070045
:1073740010c0b30005003700d02480006400600012
:107384000000e000f2ff3a000040eb000080fa0049
:10739400000006000200fa00000f78001e007800ca
:1073a400f0fe0700e14f50000c003a0010c0b3009b
:1073b400110037001e007800100078000000e00083
:1073c40007003a0020bc2b00e0c2020001000000cc
:1073d400a901070020c0b300070037000000000027
:1073e400f124800000002800008060000000e0001c
:1073f400f0ff3a000040eb000080fa0000000600b5
:107404000200fa00000f78001e007800d5fe070085
:10741400e14f500002003a0010c0b30017003700db
:107424009a64a8000a0037001e0078001000780053
:107434000000e00006003a0080be2b00e0c202001b
:10744400010000008c01070010c0b3000b003700de
:10745400d0248000680060000000e000f2ff3a00e1
:107464001e007800bffe0700e14f500002003a0002
:1074740010c0b300010037000040eb000080fa00a8
:10748400000006000e00fa0020479800210798002b
:1074940062479800430798005407980065079800ce
:1074a40000000000f02b2200104078000004e000ef
:1074b400fcff3a006e009000810c20000108780067
:1074c4005e00900011c0b300014878006e00900087
:1074d400a4fe0700e14f500006003a005e00900051
:1074e400104078008040780070c5b30085fe070026
:1074f4008c0037005e00900021c0b3000148780082
:107504006e009000b0fe0700e14f500006003a0004
:107514005e009000104078008040780070c5b30091
:1075240078fe07007f0037005e00900031c0b30092
:10753400014878006e0190008040eb002e409000de
:10754400fafe0700e14f500006003a005e0090008a
:10755400104078008040780070c5b30069fe0700d1
:10756400700037005e00900041c0b300014878000d
:107574002e4090000080fb0001052000810f500088
:107584000400320011052000810f50001b0032005e
:10759400270037002e0090004800de00004f7800de
:1075a400ee0090001e40780041ff0700e14f5000bc
:1075b40006003a005e009000104078008040780099
:1075c40070c5b3004ffe0700560037002e00900030
:1075d40000407800ee00900035ff0700e14f5000b6
:1075e4001f003a005e009000104078008040780050
:1075f40070c5b30043fe07004a0037002e00900018
:10760400004f7800ee0090001e40780028ff07002d
:10761400e14f500014003a005e00900010407800e2
:107624008040780070c5b30036fe07003d00370087
:107634002e00900000407800ee0090001cff070030
:10764400e14f50000a003a005e00900010407800bc
:107654008040780070c5b3002afe0700310037006f
:1076640000000000030037000000000001003700a4
:10767400000000005e00900051c0b3000148780093
:107684000040eb00004f78000f0037001e80fb0025
:10769400ce0090000080400010407800ee00900082
:1076a40003ff0700e14f500006003a005e0090001f
:1076b400104078008040780070c5b30011fe0700c8
:1076c400180037001e4fe8006e4090009e4078007e
:1076d40080cf5000edff39005e00900061c0b30020
:1076e400014878006e0090000fff0700e14f500042
:1076f40006003a005e009000104078008040780058
:1077040070c5b300fffd0700060037005e0090005f
:107714008040eb0001487800f02b220051c0b300f8
:10772400014878000080fa00000006000e00fa000c
:107734002047980021079800624798004307980063
:10774400540798006507980000000000f02b220001
:10775400104078000004e000fcff3a006e00900046
:10776400810c2000010878005e00900011c0b30075
:10777400014878006e009000fafd0700e14f5000c8
:10778400980032005e00900021c0b30001487800e8
:107794006e0090000cfe0700e14f50009300320091
:1077a4005e00900031c0b300014878006e01900083
:1077b4008040eb002e4090005cfe0700e14f50003b
:1077c4008c0032005e00900041c0b3000148780094
:1077d4002e4090000080fb0001052000810f500026
:1077e4000400320011052000810f50001b003200fc
:1077f400270037002e0090004800de00004f78007c
:10780400ee0090001e407800a9fe0700e14f5000f2
:1078140006003a005e009000104078008040780036
:1078240020c5b300b7fd07007d0037002e0090008f
:1078340000407800ee0090009dfe0700e14f5000ec
:107844001f003a005e0090001040780080407800ed
:1078540020c5b300abfd0700710037002e00900077
:10786400004f7800ee0090001e40780090fe070064
:10787400e14f500014003a005e0090001040780080
:107884008040780020c5b3009efd070064003700e7
:107894002e00900000407800ee00900084fe070067
:1078a400e14f50000a003a005e009000104078005a
:1078b4008040780020c5b30092fd070058003700cf
:1078c4000000000003003700000000000100370042
:1078d400000000005e00900051c0b3000148780031
:1078e4006e009000f6fd0700e14f500043003200a7
:1078f4005e00900061c0b300014878006e01900002
:1079040011c0b3002e40900008fe0700e14f500064
:107914003c0032005e00900071c0b3000148780062
:107924000040eb00004f78001c0037006e00900010
:10793400b3fe0700e14f5000340032001e80fb000c
:10794400ce00900000804000a12480008140780097
:10795400014878001e80fb008000e8006e40900023
:107964000080fb00808f500006003a00ee0090007b
:1079740010c0b300affd0700e14f500006003a000d
:1079840027003700ee0090000040eb00a9fd07003f
:10799400e14f50001f0032001e4fe8006e4090007f
:1079a4009e40780080cf5000e0ff39005e009000d8
:1079b40081c0b300014878006e0090005afe0700b1
:1079c400e14f5000150032005e0090008040eb0053
:1079d40001487800f02b220051c0b3000148780020
:1079e4000f003700000000000d0037000000000009
:1079f4000b00370000000000090037000000000001
:107a040007003700000000000500370000000000f8
:107a140003003700000000000100370000000000f0
:107a24000080fa00000006000000fa00da46a9000f
:107a34000a003700de46a8000005200001002000ef
:107a4400d6c4020001000000de46a90000052000a3
:107a540001002000d6c4020001000000e0368000ce
:107a6400680060000000e000f2ff3200da46a8007f
:107a74000080fa00000006000000fa009e24ef00d7
:107a840000002800d0248800c0042000c0248800fe
:107a94000080fa00000006000000fa009be4a90040
:107aa4000080fa00000006000400fa002047980055
:107ab400ae40900000cfb30000cf60001e80fb00fa
:107ac4004400de00004f78001e4078006a00b900d0
:107ad40000007800004f78002e4090006f40600056
:107ae400204798002e4090001e4f40001e40780012
:107af4000080fa00000006000400fa002047980005
:107b04002e4090008080fb00d0cc2c000008b800f0
:107b14004308de00004f78001e4078004400dd007a
:107b2400004f78002e4090000081fb00d0cc2c0048
:107b34000010b8004308de006a00b90000007800b5
:107b440000005100204798002e4090001e4f400036
:107b54001e4078000080fa00000006000200fa00cf
:107b6400000f78001e007800104078000080fb00b1
:107b7400e50f50002b003200e50f50000c003c00d4
:107b8400e20f500018003200e20f500003003c00e6
:107b9400e10f50000f0032003b003700e30f5000ac
:107ba40016003200e40f500019003200360037008e
:107bb400e70f500025003200e70f50001e0035008b
:107bc400e80f500026003200e90f5000290032006f
:107bd4002d00370090c12b00e0c20200010000001c
:107be40010c0b30029003700e0c22b00e0c202003d
:107bf4000100000020c0b3002400370040c42b0063
:107c0400e0c202000100000030c0b3001f003700d2
:107c140020c62b00e0c202000100000040c0b300f7
:107c24001a003700b0c72b00e0c2020001000000b8
:107c340050c0b3001500370000c92b00e0c2020099
:107c44000100000060c0b3001000370050ca2b00d0
:107c5400e0c202000100000070c0b3000b00370056
:107c6400d0cb2b00e0c202000100000080c0b300b2
:107c740006003700a0cd2b00e0c202000100000086
:107c840090c0b300010037000040eb000080fa0010
:107c9400000006000400fa0030cf2b00e0c202000e
:107ca400010000000e00e800c5262200e4262200a0
:107cb4008001780012c0b300014c200000c5b3005d
:107cc4009afe07001e409000e14f40000a003a006f
:107cd4000040eb00104798000e00e800c526220083
:107ce400e42622008001780012c0b300014c200079
:107cf40000c5b300e3fd0700c5262200e4262200e8
:107d0400532b220012c0b3001100200010c5b30091
:107d140086fe0700502b22009040780000c8b30074
:107d240000cf60001e4078000004e0000e00320026
:107d34001e4090000040e800104798000e00e80044
:107d4400c5262200e42622008001780012c0b30078
:107d5400014c200000c5b300cafd0700d0cf2b00a2
:107d6400e0c20200010000000e80e800c5262200e7
:107d7400e42622008001780012c0b300a14620004e
:107d840000c5b30069fe07002e4090000004e00027
:107d940004003a00502b2200104078000004e00058
:107da40010003d002e4090000004e000030032006b
:107db400d0d12b00e0c20200010000000040eb0023
:107dc400204798000e80e800c5262200e426220001
:107dd4008001780012c0b300a146200000c5b300a2
:107de400a8fd070027000700c5262200e42622007c
:107df400232c220012c0b3009102200010c5b3004e
:107e04004afe0700e0262200104078000004e0004b
:107e140003003200e026220050ff0700170037005d
:107e2400c5262200e4262200432c220012c0b300ff
:107e3400a102200010c5b3003cfe0700e02622008a
:107e4400104078000004e00003003200e026220025
:107e540042ff070009003700c5262200e42622005d
:107e6400832c220012c0b3000101200010c5b3000e
:107e74002efe0700e026220038ff07000080fa00eb
:107e8400000006000200fa00e0d32b00e0c202006a
:107e940001000000f0262200c1c2b30001487800ae
:107ea400c5262200e4262200f326220012c0b300d5
:107eb400f102200010c5b30072fd0700e026220085
:107ec400104078000004e00003003200e0262200a5
:107ed40022ff07004a003700301681000070a0001e
:107ee40030168900301681000060a1003016890028
:107ef400301681000050a100301689003016810030
:107f04000040a100301689003116810030ff2f0097
:107f1400008060000020a000301689003116810026
:107f2400c0ff2f00008060000010a0003016890000
:107f3400c5262200e4262200632c220012c0b300ce
:107f44007102200010c5b3004efd0700e026220098
:107f5400104078000004e0000600320070d42b00ca
:107f6400e0c2020001000000e0262200fbfe070040
:107f740023003700202c22008040eb0001487800c9
:107f8400101681000070a00010168900c52622007a
:107f9400e4262200232c220012c0b3009102200008
:107fa40010c5b30037fd0700c5262200e4262200d1
:107fb400532b220012c0b3001100200010c5b300df
:107fc400dafd0700502b220010407800004f7800a3
:107fd4001e4078000074a100004f7800c5262200de
:107fe400e42622008e01780012c0b30011002000a4
:107ff40010c5b30023fd0700e0262200d7fe0700ca
:108004000080fa00000006000200fa00000f780069
:10801400720020008000eb001e007800260502009c
:1080240000000000c5262200e4262200532b220073
:1080340072c0b3001100200010c5b300bbfd0700df
:10804400e0262200104078000004e0000300320023
:10805400e0262200c1fe070037003700502b220023
:1080640010407800804078000174a100502b220059
:1080740001487800502b2200104078008afe070047
:10808400804078001e00780021409800602b220078
:1080940010407800804078000174a100602b220019
:1080a40001487800602b2200104078007efe070013
:1080b400804078001e00780011409800702b220048
:1080c4001040780078fe0700804078001e00780099
:1080d40001487800802b22001040780072fe0700cf
:1080e400804078001e00780031409800902b2200d8
:1080f400104078006cfe0700804078001e00780075
:1081040051409800a02b22001040780066fe070022
:10811400804078001e00780041409800b02b220077
:108124001040780060fe0700804078001e00780050
:10813400614098000040eb000080fa000000060057
:108144000200fa00000f78001e0078000000e00032
:1081540047003200f026220011c0b3000148780025
:108164000027220041cab3000148780010272200ea
:108174008040eb00014878001e0078002040900009
:108184005dfe070021272200804878001e00780049
:108194001040900058fe07003127220080487800e4
:1081a4001e0078001040780053fe0700412722008b
:1081b400804878001e007800304090004efe070092
:1081c40051272200804878001e007800504090001b
:1081d40049fe070061272200804878001e007800cd
:1081e4004040900044fe0700712722008048780038
:1081f4001e007800604090003ffe070081272200a7
:1082040080487800c5262200e4262200f3262200b6
:10821400a2c0b300e102200010c5b30099fc07001e
:10822400e0262200104078000004e0000300320041
:10823400e026220049fe07000e003700f026220047
:108244008040eb0001487800c5262200e426220085
:10825400f326220012c0b300e102200010c5b300cf
:1082640088fc0700e02622003cfe070001003700de
:1082740010c0b3000080fa00000006000800fa00f5
:108284002007980061479800724798002e009000dc
:1082940020409000804078006e40900000cf400065
:1082a4002e00900010409000804078007e409000a6
:1082b40000c04000104798002e0090001040780045
:1082c400204798009e80fb00908828000008b80092
:1082d4004508de00004078009e40900000c0400049
:1082e400104798001e81fb00908828000010b800f9
:1082f400c508de00c00320000088b9000000780033
:1083040000005100004f78001e4090008080fb0068
:10831400908828000008b8004508de000040780076
:10832400ae40900000c04000204798001e409000de
:108334000081fb00908828000010b800c508de000a
:10834400c00320000088b90000007800000051003c
:10835400104798002e4090000081fb00b0aa2a002c
:108364000010b8004408de007800b900000078006e
:1083740000005100204798001e407800defd0700f1
:10838400f1262200804878001e409000dafd0700a4
:1083940001272200804878002e409000d6fd070077
:1083a40011272200804878002e0090003040900071
:1083b400d1fd070021272200804878002e0090007c
:1083c40040409000ccfd070031272200804878000f
:1083d400c5262200e4262200f326220052c0b30060
:1083e4008100200010c5b30026fc0700e02622000f
:1083f400dafd07000080fa00000006000600fa001b
:10840400004f78001147980022479800334798009e
:10841400444798004e409000b7fd0700f126220023
:10842400804878003e409000b3fd070001272200f9
:10843400804878002e409000affd070011272200ed
:10844400804878001e407800abfd070021272200f9
:10845400804878001e409000a7fd070031272200c5
:1084640080487800c5262200e4262200f326220054
:1084740052c0b3008100200010c5b30001fc070006
:10848400e0262200b5fd07000080fa000000060087
:108494000a00fa00000f78001107980022079800dc
:1084a4003307980044079800c5262200e4262200da
:1084b400532b220052c0b3008100200010c5b3002a
:1084c4009afc0700e0262200104078000004e00037
:1084d40003003200e0262200a0fd07001a00370046
:1084e400502b2200104078006ffd0700ce00900052
:1084f40080487800602b2200104078006afd070055
:10850400be00900080487800702b22001040780054
:1085140065fd0700ae00900080487800802b2200a3
:108524001040780060fd07009e00780080487800c5
:10853400902b2200104078005bfd07009e00900005
:10854400804878000040eb000080fa00000006003c
:108554000200fa00004f780011479800802c220096
:108564009040780000ceb30080c06000802c2200d0
:1085740001487800802c2200104078009e40400082
:10858400802c220001487800c5262200e42622001f
:10859400832c220012c0b3000101200010c5b300d7
:1085a400b8fb0700e0262200104078000004e00039
:1085b40003003200e026220068fd07003000370087
:1085c4001e4090000080fb00e10f50000b003200c1
:1085d400e20f5000100032000000e00015003a00e5
:1085e400101681000040a100101689002016810099
:1085f4000040a100201689000e00370010168100eb
:108604000040a00010168900201681000040a1003f
:108614002016890007003700101681000040a100d1
:1086240010168900201681000040a0002016890041
:1086340000000000202c220090407800f026220048
:1086440001487800402c2200904078000027220046
:1086540001487800c5262200e4262200f3262200e1
:1086640022c0b3009102200010c5b30085fb0700af
:10867400f0cdb300de010700e026220037fd07003d
:108684000080fa00000006000400fa00000f7800e1
:1086940011079800c5262200e4262200832c22001c
:1086a40012c0b3000101200010c5b3001ffc070075
:1086b400e0262200104078000004e00003003200ad
:1086c400e026220025fd07002f003700802c220021
:1086d40010407800ff4060001e00780001487800d8
:1086e400c5262200e4262200532b220022c0b30018
:1086f4009102200010c5b3000cfc0700e026220004
:10870400104078000004e00003003200e02622005c
:1087140012fd07001c003700502b22009040780007
:10872400202c220001487800602b22009040780021
:10873400402c22000148780010168100700060006f
:108744000000e000040032001e00900011c0b300dd
:10875400014878000b00370020168100700060008b
:108764000000e000040032001e00900021c0b300ad
:1087740001487800030037001e0090008040eb00a1
:10878400014878000040eb000080fa000000060079
:108794000000fa00401681000040a1004016890044
:1087a400401681000030a100401689004016810067
:1087b4000020a10040168900401681000010a1008d
:1087c40040168900401681000000a100401689006f
:1087d400c5262200e4262200832c220012c0b30006
:1087e4000101200010c5b30026fb0700e02622008b
:1087f400dafc07000080fa00000006000600fa0018
:1088040010079800414798001e0090001040900007
:10881400804078004e40900000cf40001e00900041
:1088240010407800104798009e80fb009088280034
:108834000008b8004508de00004078009e40900023
:1088440000c04000104798001e81fb00908828005b
:108854000010b800c508de00c00320000088b9007d
:108864000000780000005100004f78001e40900086
:108874000081fb00b0aa2a000010b8004408de0002
:108884007800b900000078000000510010479800fb
:108894001e40780098fc0700f126220080487800ea
:1088a4001e40900094fc07000127220080487800b5
:1088b4001e009000504090008ffc070011272200fa
:1088c40080487800c5262200e4262200f3262200f0
:1088d40032c0b300d100200010c5b300e9fa07008c
:1088e400e02622009dfc07000080fa00000006003c
:1088f4000400fa00004f78001147980022479800be
:108904002e4090007cfc0700f1262200804878006d
:108914001e40900078fc0700012722008048780060
:108924001e40780074fc070011272200804878005c
:10893400c5262200e4262200f326220032c0b3001a
:10894400d100200010c5b300cefa0700e0262200b3
:1089540082fc07000080fa00000006000600fa000e
:10896400000f78001107980022079800c5262200fe
:10897400e4262200532b220032c0b300d100200091
:1089840010c5b30069fb0700e02622001040780000
:108994000004e00003003200e02622006ffc070020
:1089a40010003700502b2200104078003efc0700d6
:1089b400ae00900080487800602b220010407800c0
:1089c40039fc07009e00900080487800702b22003c
:1089d4001040780034fc07009e007800804878003e
:1089e4000040eb000080fa00000006000200fa00dc
:1089f400004f780011479800c0d52b00e0c2020058
:108a040001000000802c220010407800ff4060002c
:108a1400802c220001487800802c220090407800ad
:108a24001e4078004500dd0080c04000802c2200fc
:108a340001487800c5262200e4262200832c220067
:108a440012c0b3000101200010c5b3008dfa070065
:108a5400e0262200104078000004e0000300320009
:108a6400e02622003dfc07003400370080d62b00ae
:108a7400e0c20200010000001e4090000080fb00e4
:108a8400e10f50000b003200e20f500010003200e2
:108a94000000e00015003a00101681000030a1002b
:108aa40010168900201681000030a10020168900cc
:108ab4000e003700101681000030a0001016890047
:108ac400201681000030a10020168900070037001d
:108ad400101681000030a1001016890020168100b4
:108ae4000030a0002016890000000000202c220085
:108af40090407800f026220001487800402c2200a3
:108b0400904078000027220001487800c526220002
:108b1400e4262200f326220022c0b30091022000a2
:108b240010c5b30057fa070080d72b00e0c202003b
:108b340001000000e026220008fc07000080fa0083
:108b4400000006000400fa00000f780011079800e6
:108b5400c5262200e4262200832c220012c0b30082
:108b64000101200010c5b300f0fa0700e02622003e
:108b7400104078000004e00003003200e0262200e8
:108b8400f6fb070031003700802c220010407800eb
:108b94000080fb004500de00804078001e00780065
:108ba40001487800c5262200e4262200532b220027
:108bb40022c0b3009102200010c5b300dbfa070005
:108bc400e0262200104078000004e0000300320098
:108bd400e0262200e1fb07001c003700502b220096
:108be40090407800202c220001487800602b22005d
:108bf40090407800402c2200014878001016810033
:108c0400680060000000e000040032001e009000d4
:108c140011c0b300014878000b0037002016810012
:108c2400680060000000e000040032001e009000b4
:108c340021c0b30001487800030037001e009000f3
:108c44008040eb00014878000040eb000080fa000f
:108c5400000006000000fa00401681000070a10028
:108c640040168900401681000060a100401689006a
:108c7400401681000050a10040168900c52622003c
:108c8400e4262200832c220012c0b300010120003c
:108c940010c5b300fbf90700e0262200affb070074
:108ca4000080fa00000006000200fa00004f78007d
:108cb400501681000070a100501689009e40780073
:108cc4007fc060000080fb007f0060004200dd0088
:108cd4005216810031f82f008100610001007000fc
:108ce4005016890051168100c0ff2f0000806000db
:108cf4000000a00050168900c5262200e4262200a8
:108d0400a32c220012c0b300d102200010c5b3006e
:108d1400dcf90700e0262200104078000004e0009f
:108d240003003200e02622008cfb0700100037000d
:108d340020168100610060000000e0000a003a0093
:108d4400201681000000a00020168900c5262200fc
:108d5400e4262200432c220012c0b300a10220000a
:108d640010c5b300c7f90700e02622007bfb07000b
:108d74000080fa00000006000000fa0020168100be
:108d84000000a10020168900c5262200e426220046
:108d9400432c220012c0b300a102200010c5b3006e
:108da400b8f90700e02622006cfb07000080fa00f7
:108db400000006000000fa0070d82b00e0c2020098
:108dc40001000000c5262200e4262200032c220014
:108dd40012c0b300b102200010c5b30053fa07005b
:108de400e02622005dfb07000080fa000000060078
:108df4000200fa00004f780050d92b00e0c20200b4
:108e040001000000c5262200e4262200032c2200d3
:108e140012c0b300b102200010c5b30043fa07002a
:108e2400e0262200104078000004e0000300320035
:108e3400e026220049fb07000e003700002c220028
:108e4400104078009e406000002c22000148780009
:108e5400c5262200e4262200032c220012c0b300ff
:108e6400b102200010c5b30086f90700e0262200f5
:108e74003afb07000080fa00000006001600fa0022
:108e84000e80e800a1352c004ebe02000100000057
:108e9400000f78001e0078008e80e80000804000fb
:108ea40006230200010000000080fb001e0f4000aa
:108eb4001e0078008e80e8000080400031362c00cf
:108ec4004ebe0200010000001e0f40000e80e800ac
:108ed400e0c20200010000000080fa000000060069
:108ee4000200fa0000f02000064002000100000029
:108ef40030012000000f78001e0078000000e90017
:108f0400c200dd0080ea2000808040001e0078005e
:108f14004201dd0080ea2000000041004200200000
:108f240018050200000000001e0fe9001e00780072
:108f34000000e000f0ff3c0030f02000104078001a
:108f440080407800b0ea20000148780000f020005a
:108f5400104078008040780080ea200001487800c2
:108f640010f02000104078008040780090ea200043
:108f74000148780020f020001040780080407800fc
:108f8400a0ea2000014878000080fa0000000600f2
:108f94006800fa00409980008000eb00a20c2000d9
:108fa40003002000820f5000838f58009a063e0071
:108fb40000600100ca0037000e013700ce013700ff
:108fc400040237006a02370093063700920637001e
:108fd40091063700900637008f063700d902370014
:108fe4004903370057033700bd033700fc0337003c
:108ff400c3043700f7043700870637000405370039
:109004002705370035053700750537008d0537000e
:1090140095053700800637007f0637007e06370047
:109024007d0637007c0637007b0637007a0637005a
:10903400790637007806370077063700760637005a
:109044004002370074063700730637007206370093
:1090540071063700700637006f0637006e0637005a
:109064006d0637006c0637006b0637006a0637005a
:10907400690637006806370067063700660637005a
:10908400650637006406370063063700620637005a
:1090940061063700600637005f0637005e0637005a
:1090a4005d0637005c0637005b0637005a0637005a
:1090b400590637005806370057063700560637005a
:1090c400550637005406370053063700520637005a
:1090d40051063700500637004f0637004e0637005a
:1090e4004d0637004c0637004b0637004a0637005a
:1090f400490637004806370047063700460637005a
:109104004506370044063700430637004206370059
:1091140041063700400637003f0637006505370033
:109124003d0637003c0637003b0637003a06370059
:109134003906370038063700370637003606370059
:10914400350637007b053700a8053700b60537001c
:10915400fa0537001e0637002f0637002e063700a3
:109164002d063700290637002b0637009b023700ef
:10917400c6023700de02370027063700260637000e
:10918400cf03370005043700130437004a043700bf
:1091940021063700200637001f0637001e06370059
:1091a4001d0637001c0637001b0637001a06370059
:1091b4001906370018063700170637001606370059
:1091c4001506370014063700130637001206370059
:1091d40011063700100637000f0637000e06370059
:1091e4000d0637000c0637000b0637000a06370059
:1091f4000906370008063700070637000606370059
:109204000506370004063700030637000206370058
:109214000106370000063700ff053700fe0537005a
:10922400fd053700fc053700fb053700fa0537005c
:10923400f9053700f8053700f7053700f60537005c
:10924400f5053700f4053700f3053700f20537005c
:10925400f1053700f0053700ef053700ee0537005c
:10926400ed053700ec053700eb053700ea0537005c
:10927400e9053700e8053700e7053700e60537005c
:10928400e5053700e4053700e3053700e20537005c
:10929400e1053700e0053700df053700de0537005c
:1092a400dd053700dc053700db053700da0537005c
:1092b400d9053700d8053700d7053700d60537005c
:1092c400d5053700d4053700d3053700d20537005c
:1092d400d1053700d00537001d02370026023700bc
:1092e400a0c72000c5262200e426220080017800c1
:1092f40022c0b300b101200000c5b300983b0200b6
:1093040001000000c0c720008040eb000148780045
:10931400a03722008040eb0001487800b0372200db
:109324008040eb00014878001ec3020001000000e9
:1093340050362c00e0c2020001000000a0c720004b
:10934400104078000041eb00e1bc200034910200a1
:1093540001000000e0bc2000e0c2020001000000a7
:1093640020372c00e0c2020001000000b0c720003a
:10937400104078000041eb00e1bc20003491020071
:1093840001000000e0bc2000e0c202000100000077
:1093940030362c00e0c2020001000000b0f02000d2
:1093a400104078000004e0000b003a00c0f02000f8
:1093b400104078000004e00007003a00e0f02000cc
:1093c400104078000004e00003003a0080f0200020
:1093d400064002000100000080f0200010407800e8
:1093e40080407800303a22000148780010002000c4
:1093f4004099880000f020000640020001000000af
:10940400303a2200104078008080fb0000f02000f9
:10941400104078000000fb00808f50000b003200e9
:1094240000f020001040780080407800303a22009c
:109434000148780050938000e10f4000030032009f
:10944400509380000000e8005093880000f0200052
:1094540010407800e14f500039003c00203a2200cf
:10946400104078000004e00038003a0020a72100f2
:109474009040780030a721000148780020a72100ff
:109484008040eb000148780060992100904078000a
:109494007099210001487800609921008040eb0018
:1094a400014878008099210090407800909921002b
:1094b40001487800809921008040eb000148780041
:1094c400a099210090407800b099210001487800cb
:1094d400a09921008040eb0001487800a2012000ff
:1094e400c1222100602421001805020000000000b0
:1094f400a20120008000eb00c0222100260502000a
:1095040000000000f0ff2700f091880020242100d3
:10951400a1c5b3000148780030242100a1c5b300df
:109524000148780040242100a1c5b3000148780017
:10953400203a220011c0b30001487800030037002c
:10954400203a22008040eb0001487800902221005c
:10955400104078000080fb00620060000000e00022
:109564001e003200b0c72000104078000002fb004b
:10957400a0c72000104078008001fb0010f02000fc
:10958400104078000001fb0000f02000104078003b
:109594008000fb000e80e800841f7800831f7800a1
:1095a400821f7800811f780041372c00811f7800ca
:1095b40011382c00811f780041062000a20402000b
:1095c40000000000ec8757000040eb0060e79800c3
:1095d4000e80e800e0c202000100000000f020005c
:1095e40090407800a0c720001040780080cf500041
:1095f4001e003a0010f0200090407800b0c7200010
:109604001040780080cf50001800350010f0200082
:10961400104078008000fb00b0c7200010407800a4
:109624000000fb0063004000808f50000f003c00ee
:10963400a0372200104078000004e0001e003a0029
:10964400c0c720008040eb00014878001ec3020020
:1096540001000000003a2c00e0c2020001000000fa
:10966400200020004099880013003700a037220012
:10967400104078000004e0000f003200a037220000
:109684008040eb000148780000c4200010407800be
:109694000004e00008003d00808c21009040780028
:1096a40050c3b30080cf500003003a009021220041
:1096b40021c0b30001487800c0c7200010407800e2
:1096c4000080fb00630060000000e0000200320044
:1096d400200020004099880040998000e10f50004c
:1096e400d5043a00017d200090c0b3008e620200d0
:1096f4000100000009053700803d2100104078007a
:10970400e14f50002e003a00602221001040780002
:109714000004e0002a003a00d09a80000000e00033
:1097240027003a00809a80000000e00024003a00fc
:10973400209b80000000e00021003a0070c220005d
:10974400104078000004e0001d003a0070c32000bf
:10975400104078000004e00019003a0040c5b3004e
:10976400d4a7020001000000b08020008040eb007c
:1097740001487800a037220011c0b30001487800e6
:10978400f0c0200011c0b300014878009080200090
:1097940001c6b3000148780040c5b300642e02003e
:1097a4000100000090cc8000a1cc8000b01b890097
:1097b400c11b89003000200040998800d70437007d
:1097c400813e200090c0b3008e62020001000000c0
:1097d400d2043700803d210010407800e14f500052
:1097e40046003a00d09a80000000e00043003a00ae
:1097f400809a80000000e00040003a00209b800036
:109804000000e0003d003a0070c2200010407800e3
:109814000004e00039003a0070c3200010407800d2
:109824000004e00035003a0000ab2100100078008d
:10983400610060000000e00030003a0000ab21004d
:1098440010007800620060000000e0002b0032008d
:1098540000ab2100b040900040c5b30080cf500061
:1098640026003a0040c5b300642e02000100000047
:10987400503b2c00e0c2020001000000f0c02000b8
:1098840011c0b30001487800e0c7200011c0b30044
:1098940001487800f0c720008040eb0001487800c0
:1098a400c05d200000648800c03922008040eb00c5
:1098b40001487800d03922008040eb00014878004c
:1098c40090628000001d8900c0c72000104078000d
:1098d4000080fb00680060000000e000010032002e
:1098e40066fd07003002200040998800b013210073
:1098f40021c3b3000148780088043700c15d20000b
:1099040090c0b3008e6202000100000000ab210091
:1099140010007800610060000000e00048043a0094
:1099240000ab2100b040900040c5b30080cf500090
:109934004504320040c5b300d4a702000100000072
:1099440076043700f0c72000104078000004e000df
:1099540004003a00b0132100104078000004e00035
:109964003b043a0040002000409988006b04370013
:10997400c0392200104078008040e800c03922003d
:10998400014878002103200090c0b3008e620200d9
:1099940001000000b0358000640060000000e000b9
:1099a40005003a00b0392200104078008040e800f9
:1099b400b039220001487800b03922001040780004
:1099c400e94f500004003e0090c120001040780090
:1099d400e14f50001a003a00b03922008040eb00f9
:1099e400014878001ec3020001000000403c2c0026
:1099f400e0c2020001000000a0002000409988009d
:109a040011c0b300000220001a2802000100000067
:109a14009080200010407800804078000104a0006d
:109a24009080200001487800908020001040780049
:109a3400804078000164a1009080200001487800f3
:109a4400c039220010407800e64f4000020436007e
:109a5400a037220010407800e24f50000c003e0076
:109a64001ec3020001000000e03c2c00e0c2020022
:109a740001000000017d200090c0b3008e6202004e
:109a840001000000300020004099880027003700c2
:109a9400c03d2c00e0c202000100000090c1200083
:109aa40010407800e14f500011003a0011c0b3009b
:109ab400000220001a28020001000000908020000b
:109ac40010407800804078000104a00090802000bd
:109ad4000148780090802000104078008040780091
:109ae4000164a10090802000014878000d00370037
:109af400603e2c00e0c202000100000011c0b3006f
:109b0400000220004c280200010000009080200088
:109b140010407800804078000164a100908020000b
:109b240001487800a000200040998800a037220056
:109b3400104078008040e800a037220001487800f7
:109b4400f6033700900c200040998800f303370097
:109b5400609780000000e0000400320061978000fc
:109b6400900f2000808f5000bd033600a00c200011
:109b740040998800e903370020c5b300642e020031
:109b840001000000f0c020008040eb000148780094
:109b94009080200010407800804078000174a0007c
:109ba4009080200001487800a02122001040780015
:109bb4000004e00003003200e00620004099880021
:109bc40002003700f006200040998800b0132100fd
:109bd40021c3b30001487800d0033700b0c6800029
:109be400610060000000e00021003a0050232200e0
:109bf400104078000004e00009003200503f2c00bf
:109c0400e0c2020001000000906280008000780041
:109c1400a02122002a220200010000000d003700ca
:109c2400d03f2c00e0c202000100000040232200cb
:109c34001040780080407800906280008041eb0002
:109c44000141780080007800a02122004622020011
:109c540001000000c20120008000eb00a0212200ce
:109c64002605020000000000f0062000409988004c
:109c7400b0132100104078000004e0007a033a0099
:109c8400f006200040998800a4033700c0c72000d4
:109c9400104078000080fb00620060000000e000db
:109ca40003003200100020004099880005003700ae
:109cb400c03722008040eb000148780000072000f4
:109cc40040998800c0c72000104078000080fb0045
:109cd400680060000000e0000100320067fc07003b
:109ce400c0c720008040eb00014878008b03370098
:109cf400c03722008040eb0001487800c0002000fb
:109d04004099880085033700c0372200104078004e
:109d14008040e800c037220001487800c0372200a4
:109d240010407800e94f5000030036002001200065
:109d34004099880079033700c000200040998800ca
:109d440076033700c0372200104078000080fb0003
:109d5400c01c8900c01c81004600dd00c01c8900b5
:109d6400c01c81001004b000c01c8900c01c81000c
:109d74000080e800c5262200e4262200f3392200f0
:109d840012c0b3008000780000c5b300983b020005
:109d940001000000f03922009040780000c8b300b0
:109da40080c06000a039220001487800b000200083
:109db40040998800f0392200104078000080fb00b0
:109dc400700060000000e00029033200020120005e
:109dd4008000eb00c01f21002605020000000000e7
:109de400c11f2100c01c810072004000c526220052
:109df400e426220081017800f2c0b30080007800dc
:109e040000c5b300983b020001000000d1372200d6
:109e1400c01f2100a6bc020001000000d0372200b0
:109e2400104078000004e00013033200d037220011
:109e340040bf0200010000000000e00010033200f7
:109e4400b013210021c3b30001487800916280005f
:109e5400001d8100808f50000b0032009162800051
:109e6400001d8100808f50001a003200f03922005a
:109e7400104078008080fb00000420000080600017
:109e84000000e00013003a00502122001040780046
:109e94008080fb0050f02000104078000000fb00a0
:109ea4000088de0061006000004078000004e000eb
:109eb4000800320010c0b3003a090200010000009b
:109ec4000004e00003003200d00020004099880024
:109ed4001203370030072000409988000f03370031
:109ee400d0372200104078000004e0003300320034
:109ef400b0c68000610060000000e00031003a005c
:109f040050212200104078008080fb0050f0200097
:109f1400104078000000fb000088de006100600053
:109f2400004078000004e00010003200a039220054
:109f34001040780080407800906280008041eb00ff
:109f44000141780080007800d037220046220200c8
:109f540001000000e000200040998800b0132100b7
:109f640021c3b3000148780016003700b013210064
:109f740021c3b3000148780050212200104078002a
:109f84000004e00003003d003007200040998800f1
:109f94000c00370040212200104078000004e0004b
:109fa40003003d0050072000409988000500370059
:109fb400f00020004099880002003700b000200023
:109fc40040998800b0132100104078000004e0009c
:109fd400ad023a00b000200040998800cf0237005b
:109fe400b0c68000614060000080fb00610060003a
:109ff4000000e0002b003a00b013210021c3b3009d
:10a0040001487800a0392200104078000004e000e4
:10a014000a003a0070212200104078008080fb0082
:10a0240050f02000104078000000fb000088de00a3
:10a03400610060000000e00003003a00b00020006e
:10a044004099880017003700b013210021c3b300e2
:10a054000148780050212200104078000004e000fc
:10a0640003003d00300720004099880009003700b4
:10a0740040212200104078000004e00003003d006d
:10a08400500720004099880002003700f0002000ab
:10a0940040998800813e200090c0b3008e62020087
:10a0a40001000000b0132100104078000004e0001b
:10a0b40077023a00b00020004099880097023700e8
:10a0c400d0372200104078000004e0002a0032005b
:10a0d40050212200104078000004e00026003d00da
:10a0e40010c0b3003a090200010000000004e000bf
:10a0f40021003200b0c68000610060000000e00072
:10a104001f003a001ec302000100000090402c0012
:10a11400e0c2020001000000d0372200f022020059
:10a12400010000000004e0000600320040072000a7
:10a1340040998800b013210021c3b300014878007e
:10a144000f00370040212200104078000004e00096
:10a1540003003d00500720004099880002003700aa
:10a16400f000200040998800b013210021c3b300ff
:10a174000148780002003700500720004099880009
:10a18400b0132100104078000004e00042023a00bd
:10a19400500720004099880060023700b0c6800054
:10a1a400614060000080fb00610060000000e0008e
:10a1b40002003a005007200040998800b0132100a3
:10a1c400104078000004e00035023a00b00020009e
:10a1d4004099880051023700d0372200104078009f
:10a1e4000004e000250032004021220010407800e5
:10a1f4000004e00021003d0010c0b3003a09020051
:10a20400010000000004e0001c003200b0c6800021
:10a21400610060000000e0001d003a001ec302005f
:10a224000100000020412c00e0c2020001000000f7
:10a234009062800080007800d03722002a22020039
:10a24400010000000004e000060032006007200066
:10a2540040998800b013210021c3b300014878005d
:10a264000b003700f000200040998800b013210053
:10a2740021c3b3000148780005003700f000200036
:10a2840040998800b013210021c3b300014878002d
:10a29400b0132100104078000004e00002023a00ec
:10a2a400f000200040998800b013210021c3b300be
:10a2b4000148780019023700b0c680006140600090
:10a2c4000080fb00610060000000e00005003a002f
:10a2d400f000200040998800b013210021c3b3008e
:10a2e40001487800b0132100104078000004e00019
:10a2f400ef013a00b00020004099880007023700bf
:10a30400d0372200104078000004e000280032001a
:10a3140070212200104078008080fb0050f0200063
:10a32400104078000000fb000088de00610060003f
:10a33400004078000004e0001d00320010c0b300ab
:10a344003a090200010000000004e0001800320095
:10a35400b0c68000610060000000e00016003a0012
:10a364001ec3020001000000b0412c00e0c2020044
:10a37400010000008040eb00d03722007822020068
:10a38400010000000004e00006003200000120008b
:10a3940040998800b013210021c3b300014878001c
:10a3a40005003700b0002000409988000200370003
:10a3b400b000200040998800b013210010407800bc
:10a3c4000004e000bc013a00b0002000409988007d
:10a3d400d2013700b0c68000614060000080fb00fd
:10a3e400610060000000e00002003a00b0002000bc
:10a3f40040998800b0132100104078000004e00068
:10a40400af013a00b000200040998800c301370032
:10a41400320020008000eb0060c620002605020008
:10a424000000000060c62000c5262200e4262200a9
:10a434008001780032c0b3008101200000c5b30060
:10a44400983b02000100000090c620008040eb0011
:10a454000148780060c6200090407800f0c2b30044
:10a4640080cf50000b00340060c62000904078007c
:10a4740090c3b30080cf500006003c004001200090
:10a4840040998800c03722008040eb0001487800e2
:10a49400a2013700a0052000409988009f013700e1
:10a4a400c0372200104078008040e800c037220006
:10a4b40001487800c037220010407800e94f50006e
:10a4c40003003600a005200040998800930137005e
:10a4d400400120004099880090013700c0372200d5
:10a4e400104078000080fb00c01c8900c01c810063
:10a4f4004600dd00c01c8900c01c81001004b000af
:10a50400c01c8900c01c8100c5262200e42622004c
:10a514008e01780012c0b3008000780000c5b3003b
:10a52400983b02000100000030012000409988009f
:10a534001e4078000080fb0061006000004078004d
:10a544000004e00060013200020120008000eb0002
:10a55400c01f21002605020000000000c11f2100c9
:10a56400c01c810063004000c5262200e4262200ae
:10a5740081017800f2c0b3008000780000c5b30008
:10a58400983b020001000000d1372200c01f2100c7
:10a59400a6bc020001000000d037220040bf020028
:10a5a400010000000000e00049013200c01c8100ed
:10a5b4000000e800c5262200e4262200e339220038
:10a5c40012c0b3008000780000c5b300983b0200bd
:10a5d4000100000050012000409988004f0137001d
:10a5e40000802000104078000080fb0061006000c3
:10a5f400004078000004e00037013200c037220038
:10a60400104078008040e800e039220010407800d3
:10a614008043eb0036c0b3008042eb000142780077
:10a624008041eb000041780021c0b300d037220004
:10a634004a64020001000000600120004099880083
:10a644003601370000802000104078000080fb00b5
:10a65400620060000000e00021013200700120006f
:10a66400409988002d0137000080200010407800b8
:10a674008080fb0000022000008060000000e000f9
:10a684000200320030012000409988000080200040
:10a69400104078008080fb000004200000806000ef
:10a6a4000000e000100132003001200040998800d1
:10a6b4001a013700400620004099880040212200fa
:10a6c400104078008080fb0050f02000104078009b
:10a6d4000000fb000088de0061006000004078009c
:10a6e4000004e0000d00320010c0b3003a0902007b
:10a6f400010000000004e000fd00320050b0200022
:10a7040021c0b30001487800419c200090c0b300f0
:10a714008e62020001000000000137001ec3020027
:10a724000100000050422c00e0c2020001000000c1
:10a73400fa00370000c42000104078000080fb00bd
:10a74400640060000000e000250032006021220067
:10a75400104078008080fb0050f02000104078000a
:10a764000000fb000088de0061006000004078000b
:10a774000004e0001a00320010c0b3003a090200dd
:10a78400010000000004e00015003200a047220090
:10a79400104078008080fb000002200000806000f0
:10a7a4000000e00007003200a047220010407800bb
:10a7b4000080fb0061006000004078000004e000bd
:10a7c400050032006006200040998800c03722004e
:10a7d4008040eb000148780000000000cf00370003
:10a7e4001000200040998800cc003700c0372200b8
:10a7f400104078008040e800c0372200014878000b
:10a80400c037220010407800e94f500003003600a2
:10a81400c006200040998800c00037006006200070
:10a8240040998800bd003700c037220010407800ee
:10a834000080fb00c01c8900c01c81004600dd00b4
:10a84400c01c8900c01c81001004b000c01c890019
:10a85400c01c81000080e800c5262200e4262200f6
:10a86400f339220012c0b3008000780000c5b300a1
:10a87400983b020001000000f0392200904078006b
:10a8840000c8b30080c06000a039220001487800ed
:10a894005006200040998800f039220010407800ca
:10a8a4000080fb00700060000000e00092003200b5
:10a8b400020120008000eb00c01f210026050200d9
:10a8c40000000000c11f2100c01c81007200400074
:10a8d400c5262200e426220081017800f2c0b300dc
:10a8e4008000780000c5b300983b0200010000001e
:10a8f400d1372200c01f2100a6bc020001000000c5
:10a90400d0372200104078000004e0007c003200c0
:10a91400d037220040bf0200010000000000e00028
:10a9240079003200b013210021c3b300014878003c
:10a93400700620004099880078003700d037220044
:10a94400104078000004e0001800320000c4200029
:10a95400104078000080fb00640060000000e0000c
:10a9640012003200b0c68000610060000000e00008
:10a9740010003a0012c0b30011b12000d0372200f9
:10a98400c6a4020000000000b013210021c3b300dc
:10a994000148780010b120008040eb0001487800a5
:10a9a40080062000409988000200370050062000ed
:10a9b40040998800b0132100104078000004e000a2
:10a9c40053003a0050062000409988005300370095
:10a9d400b0c68000614060000080fb006100600040
:10a9e4000000e00002003a00500620004099880070
:10a9f400b0132100104078000004e00046003a0043
:10aa040050062000409988004400370010002000c0
:10aa140040998800410037001ec302000100000075
:10aa240090432c00e0c20200010000000000eb0093
:10aa340040998800390037000000000037003700d3
:10aa4400000000003500370000000000330037002c
:10aa54000000000031003700000000002f00370024
:10aa6400000000002d003700000000002b0037001c
:10aa74000000000029003700000000002700370014
:10aa8400000000002500370000000000230037000c
:10aa94000000000021003700000000001f00370004
:10aaa400000000001d003700000000001b003700fc
:10aab40000000000190037000000000017003700f4
:10aac40000000000150037000000000013003700ec
:10aad4000000000011003700000000000f003700e4
:10aae400000000000d003700000000000b003700dc
:10aaf40000000000090037000000000007003700d4
:10ab040000000000050037000000000003003700cb
:10ab1400000000000100370000000000c0c7200052
:10ab2400104078000080fb00680060000000e00036
:10ab34001b003200b0358000640060000000e000bb
:10ab44000c003a00c0c72000104078000004e00068
:10ab540013003500c0c72000104078008040780002
:10ab64000174a000c0c7200001487800c3f80700a2
:10ab74000b003700c0c72000104078000004e0003c
:10ab840007003d00c0c720001040780080407800d6
:10ab94000174a100c0c7200001487800b7f807007d
:10aba4000080fa00000006000200fa00004f78005e
:10abb4001e80fb000000e00003003200e10f5000a3
:10abc4000a00320012003700a035800062006000e5
:10abd4000000e00003003200b0442c00e0c2020098
:10abe40001000000b426a90009003700a035800048
:10abf400620060000000e00003003a0040452c00c1
:10ac0400e0c2020001000000b426a8000000000019
:10ac14000080fa00000006000000fa007094200092
:10ac2400104078000080fb00a11d800001417800e5
:10ac34008194200082707800709420001040780085
:10ac44008040e8007094200001487800801d800056
:10ac5400620060000000e00001003200b023a9009f
:10ac6400801d8000640060000000e00001003200ec
:10ac7400b043a900801d8000680060000000e0006f
:10ac840001003200b063a9000080fa000000060051
:10ac94000200fa00c5262200e426220013c1200087
:10aca40012c0b300f101200000c5b300983b0200bc
:10acb4000100000010c1200010407800e84f50004f
:10acc4000b00360010c1200041c0b30001487800d9
:10acd400c5262200e426220013c1200012c0b300be
:10ace400f101200000c5b300443a02000100000055
:10acf400c5262200e426220023c1200012c0b3008e
:10ad04000102200000c5b300983b020001000000ce
:10ad140020c1200010407800e84f50000b0036009e
:10ad240020c1200051c0b30001487800c52622008c
:10ad3400e426220023c1200012c0b3000102200037
:10ad440000c5b300443a020001000000c5262200f9
:10ad5400e426220033c1200012c0b30011022000f7
:10ad640000c5b300983b02000100000030c1200080
:10ad740010407800e84f50000b00360030c120002e
:10ad840041c0b30001487800c5262200e426220011
:10ad940033c1200012c0b3001102200000c5b3006b
:10ada400443a020001000000c5262200e4262200e5
:10adb40043c1200012c0b3002102200000c5b3002b
:10adc400983b02000100000040c1200010407800c0
:10add400e84f50000b00360040c1200051c0b300c2
:10ade40001487800c5262200e426220043c1200041
:10adf40012c0b3002102200000c5b300443a02008f
:10ae040001000000c5262200e426220053c12000d0
:10ae140012c0b3003102200000c5b300983b020009
:10ae24000100000050c1200010407800e84f50009d
:10ae34000b00360050c1200041c0b3000148780027
:10ae4400c5262200e426220053c1200012c0b3000c
:10ae5400f101200000c5b300443a020001000000e3
:10ae6400c5262200e426220063c1200012c0b300dc
:10ae74005102200000c5b300983b0200010000000d
:10ae8400c5262200e426220073c1200012c0b300ac
:10ae94008140200000c5b300983b0200010000007f
:10aea40070c1200010407800e84f50000b003600bd
:10aeb40070c1200041c0b30001487800c5262200bb
:10aec400e426220073c1200012c0b3008140200098
:10aed40000c5b300443a020001000000c526220068
:10aee400e426220083c1200012c0b30011412000d7
:10aef40000c5b300983b02000100000080c120009f
:10af040010407800e84f50000b00360080c120004c
:10af140051c0b30001487800c5262200e42622006f
:10af240083c1200012c0b3001141200000c5b3004a
:10af3400443a020001000000620020008000eb009f
:10af4400804822002605020000000000a201200023
:10af54008000eb0060c22000260502000000000013
:10af6400908020008040eb00014878000040eb0016
:10af7400004f7800040037001e407800966b0200f2
:10af8400000000001e4fe8001e407800e34f500010
:10af9400f9ff360020c5b300642e02000100000052
:10afa4000000eb00f0238900e0472200c5262200c0
:10afb400e42622008001780022c0b300f12e200094
:10afc40000c5b300983b0200010000000000eb0044
:10afd4000024890000482200c5262200e42622001d
:10afe4008001780022c0b300112f200000c5b300f7
:10aff400983b0200010000000000eb0010248900cf
:10b0040020482200c5262200e42622008001780080
:10b0140022c0b300312f200000c5b300983b0200ca
:10b02400010000000000eb002024890040482200b9
:10b03400c5262200e42622008001780022c0b30045
:10b04400c12f200000c5b300983b0200010000009e
:10b05400c5262200e42622006348220012c0b30061
:10b064004102200000c5b300983b0200010000002b
:10b074006048220010407800e44f5000030036007e
:10b08400604822008040eb0001487800c526220079
:10b09400e42622004321220012c0b300712f2000b5
:10b0a40000c5b300983b020001000000c526220041
:10b0b400e42622005321220012c0b300812f200075
:10b0c40000c5b300983b020001000000c526220021
:10b0d400e42622006321220012c0b300912f200035
:10b0e40000c5b300983b020001000000c526220001
:10b0f400e42622007321220012c0b300a12f2000f5
:10b1040000c5b300983b020001000000a0c7200066
:10b11400c5262200e42622008001780022c0b30064
:10b12400b101200000c5b300983b020001000000fb
:10b1340020e92000c5262200e426220080017800b0
:10b1440042c1b3004100200000c5b300983b020097
:10b1540001000000c5262200e426220013c42000ba
:10b1640012c0b300b12e200000c5b300983b02000a
:10b1740001000000c5262200e426220023c420008a
:10b1840012c0b300e12e200000c5b300983b0200ba
:10b194000100000020212200c5262200e42622000e
:10b1a4008001780022c0b300512f200000c5b300f5
:10b1b400983b020001000000c5262200e42622007c
:10b1c4008321220012c0b300b12f200000c5b300b8
:10b1d400983b0200010000000e00e800c526220092
:10b1e400e42622008001780012c0b300d1012000bf
:10b1f40000c5b300983b0200010000001e4090000f
:10b204000080fb006060880061608000c003200053
:10b214000088b9000000780060608800c52622001c
:10b22400e426220043c2200012c0b30031412000b2
:10b2340000c5b300983b020001000000c5262200af
:10b24400e426220053c2200012c0b3004141200072
:10b2540000c5b300983b020001000000c52622008f
:10b26400e426220003c4200012c0b300a10320007e
:10b2740000c5b300983b020001000000c52622006f
:10b28400e42622009322210012c0b300e10320002f
:10b2940000c5b300983b020001000000c52622004f
:10b2a400e4262200a322210012c0b300f1032000ef
:10b2b40000c5b300983b020001000000a022210059
:10b2c4009040780040c6b30080cf500003003600a1
:10b2d400a0222100c1c3b30001487800c526220082
:10b2e400e42622001326210012c0b300b14120003d
:10b2f40000c5b300983b020001000000c5262200ef
:10b30400e42622002326210012c0b300c1412000fc
:10b3140000c5b300983b020001000000c5262200ce
:10b32400e42622003326210012c0b300d1412000bc
:10b3340000c5b300983b020001000000c5262200ae
:10b34400e42622004326210012c0b300e14120007c
:10b3540000c5b300983b020001000000c52622008e
:10b36400e42622005326210012c0b300f14120003c
:10b3740000c5b300983b020001000000c52622006e
:10b38400e42622006326210012c0b30001422000fb
:10b3940000c5b300983b020001000000c52622004e
:10b3a400e4262200a3c1200012c0b3008141200082
:10b3b40000c5b300983b020001000000a0c12000ba
:10b3c40010407800e54f50000b003600a0c120006b
:10b3d40031c0b30001487800c5262200e4262200cb
:10b3e400a3c1200012c0b3008141200000c5b300f6
:10b3f400443a020001000000c5262200e42622008f
:10b40400d3c1200012c0b3006141200000c5b300c5
:10b41400983b020001000000d0c1200010407800d9
:10b42400e84f50000b003600d0c1200041c0b300eb
:10b4340001487800c5262200e4262200d3c120005a
:10b4440012c0b3006141200000c5b300443a0200b9
:10b4540001000000c5262200e4262200e3c12000ea
:10b4640012c0b3007141200000c5b300983b020034
:10b4740001000000e0c1200010407800e84f5000b7
:10b484000b003600e0c1200061c0b3000148780021
:10b49400c5262200e4262200d3c1200012c0b30036
:10b4a4007141200000c5b300443a020001000000cd
:10b4b4000080fa00000006000400fa00889fbe0025
:10b4c40080992c00e0c2020001000000250407005e
:10b4d4007a46a800308020008040eb0001487800c4
:10b4e400408020008040eb00014878000000eb0021
:10b4f400705888006080200011c0b30001487800b3
:10b504000000eb0050938800d08020008040eb00c6
:10b5140001487800c08020008040eb00014878009a
:10b52400822120008000eb0020f22000260502008a
:10b5340000000000420120008000eb0020c5200034
:10b544002605020000000000620c20008000eb00d1
:10b55400608d21002605020000000000820d2000fd
:10b564008000eb00c09921002605020000000000c5
:10b57400720020008000eb0080f02000260502000d
:10b5840000000000720020008000eb0080ef20002b
:10b594002605020000000000720020008000eb007d
:10b5a40080f1200026050200000000007200200047
:10b5b4008000eb0000f120002605020000000000de
:10b5c400a20120008000eb0060c2200026050200da
:10b5d40000000000020620008000eb00a03d2100d6
:10b5e4002605020000000000820020008000eb001d
:10b5f40000ab2100260502000000000082032000a9
:10b604008000eb0080c82000260502000000000036
:10b61400a20120008000eb00c022210026050200c8
:10b6240000000000a20120008000eb006024210043
:10b634002605020000000000c20120008000eb008b
:10b64400a02122002605020000000000c21b2000e9
:10b654008000eb00e043210026050200000000000a
:10b66400705a2100a1c5b30001487800620020008f
:10b674008000eb00a05f210026050200000000000e
:10b68400e05f21008040eb000148780002082000c0
:10b694008000eb000060210026050200000000008d
:10b6a400a21c20008000eb0020e0210026050200ff
:10b6b400000000000000eb0060fe8800f0ff27009f
:10b6c400f091880020242100a1c5b300014878002e
:10b6d40030242100a1c5b300014878004024210092
:10b6e400a1c5b30001487800c0252100a1c5b3005d
:10b6f40001487800d0252100a1c5b3000148780095
:10b70400e0252100a1c5b300014878000000eb004a
:10b71400000f7800090037001e007800c200dd0029
:10b7240080ea200000804000420020008000eb00fe
:10b7340026050200000000001e0fe8001e0078002d
:10b74400f30f5000f4ff340000f1200091c1b30066
:10b7540001487800e0c020008040eb0001487800f8
:10b76400f0c020008040eb000148780000c12000b8
:10b774008040eb000148780000c420008040eb00ca
:10b7840001487800602221008040eb0001487800e5
:10b7940092c20200010000000000eb0010079800b4
:10b7a4000e00370031c420001e00900000804000cd
:10b7b4008040eb000148780081c420001e00900006
:10b7c40000004000008040008000eb000108780089
:10b7d4001e0090000000e800100798001e00900072
:10b7e400e30f5000efff3400002621008040eb00ff
:10b7f40001487800a08020008040eb0001487800d8
:10b80400b6e6a800b6c6a800ca06a800ca26a800bc
:10b81400c08020008040eb0001487800d0802000e8
:10b824008040eb0001487800609420008040eb00e9
:10b8340001487800709420008040eb0001487800b3
:10b84400b0ae20008040eb000148780050b02000ea
:10b854008040eb000148780000c520008040eb00e8
:10b8640001487800420020008000eb00e0c720007f
:10b874002605020000000000e20020008000eb002a
:10b8840080ab210026050200000000000206200013
:10b894008000eb00a03d210026050200000000000e
:10b8a4009d030700d8030700e60207003e3d02009f
:10b8b40001000000e02622008040eb0001487800ef
:10b8c4004001200060138900f1fc07000040eb00f8
:10b8d400d6550200010000008080200011c8b3008a
:10b8e40001487800d0c720008040eb000148780070
:10b8f400a080200041c0b300014878000000eb00a4
:10b90400a09e88001ec3020001000000409a2c0083
:10b91400e0c202000100000090da20008040eb0049
:10b924000148780030e720008040eb0001487800af
:10b93400702221008040eb000148780010c0b30061
:10b944002aa902000100000000f0200006400200c5
:10b95400010000004c3e0200010000000040eb002a
:10b96400fa4602000100000000f02000a24002009c
:10b974000100000000f02000064002000100000069
:10b98400603d210011c0b3000148780072470200f5
:10b994000100000007003700000000000500370028
:10b9a4000000000003003700000000000100370021
:10b9b400000000000060fe00603d2100104078009f
:10b9c4000004e00015003a00509b2c00e0c2020085
:10b9d4000100000000f02000064002000100000009
:10b9e400f0cdb300fa46020001000000a2c0b3008b
:10b9f4008040eb0000f02000404102000100000004
:10ba0400f1c0b30000f02000004402000100000077
:10ba1400603d210011c0b30001487800a02c210032
:10ba2400104078000004e00002003a0038b202003e
:10ba340001000000402d2100104078000004e000c7
:10ba440002003a0094c0020000000000e02d210032
:10ba5400104078000004e00002003a00fcc3020039
:10ba640001000000802e2100104078000004e00056
:10ba740002003a00f8c0020001000000202f21005b
:10ba8400104078000004e00002003a0064940200d0
:10ba940001000000c02f2100104078000004e000e5
:10baa40002003a00fea3020001000000403221001f
:10bab400104078000004e00002003a00ca47020087
:10bac4000100000020342100104078000004e00050
:10bad40002003a00e6b50200010000000036210031
:10bae400104078000004e00002003a0006720200f0
:10baf40001000000c0342100104078000004e00080
:10bb040002003a000a6502000100000060352100cd
:10bb1400104078000004e00002003a0062ae020027
:10bb24000100000040372100104078000004e000cc
:10bb340002003a003086020001000000e0372100d4
:10bb4400104078000004e00002003a00dcaa020081
:10bb54000100000080382100104078000004e0005b
:10bb640002003a00e4b8020001000000203921007c
:10bb7400104078000004e00002003a001c9a020021
:10bb84000100000030802000104078000004e00034
:10bb94006e00320012003700c08020001040780090
:10bba4000080fb00e1802000614078000080fb0001
:10bbb400901d8800c0802000104078000080fb00a9
:10bbc400e18020000041eb0082707800c0802000fa
:10bbd400104078008040e800c080200001487800d0
:10bbe400811d800000102000008060000000e00043
:10bbf40036003200c080200090407800d0802000c1
:10bc04001040780080cf5000e3ff3a003000370046
:10bc140040802000104078000080fb000141220099
:10bc2400e140780060942000104078000080fb0020
:10bc3400829420006240780080cf500013003a00c4
:10bc440040802000104078008040e80040802000c0
:10bc54000148780040802000104078000080fb00fc
:10bc640001412200614078000004e0000a003a002b
:10bc7400408020008040eb000148780030802000a4
:10bc840011c0b30001487800030037004080200051
:10bc94008040eb0001487800609420001040780058
:10bca4000080fb0081942000614078000080fb004c
:10bcb400e01c880060942000104078008040e80078
:10bcc4006094200001487800010037000000000063
:10bcd400d11c800000102000008060000000e00003
:10bce400340032006094200090407800709420006a
:10bcf4001040780080cf5000c5ff3a002d00370077
:10bd0400c0802000104078000080fb00e18020000b
:10bd14006140780002ae020000000000c0802000f4
:10bd2400104078000080fb00e18020000041eb001f
:10bd340082707800c0802000104078008040e800c5
:10bd4400c080200001487800010037000000000096
:10bd5400c080200090407800d080200010407800ff
:10bd640080cf5000e6ff3a000c00370060942000ba
:10bd7400104078000080fb0081942000614078002e
:10bd84002cc20200010000006094200010407800e2
:10bd94008040e8006094200001487800609420000e
:10bda40090407800709420001040780080cf5000bc
:10bdb400eeff3a00e0c02000104078000004e000ec
:10bdc4000c003a00f0c02000104078000004e000ad
:10bdd40008003a0000c12000104078000004e00090
:10bde40004003a0080c32000104078000004e00002
:10bdf4000400320010c0b300d65502000100000058
:10be0400030037000040eb00d6550200010000009b
:10be1400e03c2100104078000004e000defe320027
:10be2400e03c21008040eb0001487800b0738000c2
:10be3400e10f400003003200b07380000000e8000e
:10be4400b0738800c0738000e10f4000030032002b
:10be5400c07380000000e800c0738800d0738000c5
:10be6400e10f400003003200d07380000000e800be
:10be7400d0738800e0738000e10f400003003200bb
:10be8400e07380000000e800e0738800f073800035
:10be9400e10f400003003200f07380000000e8006e
:10bea400f073880000748000e10f4000030032004a
:10beb400007480000000e8000074880010748000a2
:10bec400e10f400003003200107480000000e8001d
:10bed40010748800607480000000e00003003200e9
:10bee400607480000000e9006074880030f0800015
:10bef4000000e0000400320030f080000000e9009f
:10bf040030f088000900370030f08000e10f500065
:10bf140006003a0030f080000000e90030f08800ac
:10bf2400309c2c00e0c2020001000000a09e8000b2
:10bf34000000e800a09e8800a19e80000019200057
:10bf4400808f5000520036000000eb00a09e880055
:10bf5400d0c72000104078000004e0002c0032001c
:10bf6400d0c720008040eb0001487800808020008a
:10bf7400104078000004e00006003d0080802000ae
:10bf840010407800804078000174a1008080200077
:10bf94000148780090802000104078000004e00000
:10bfa4003b003d0090802000104078008080fb0022
:10bfb40000062000008060000000e00034003a0029
:10bfc4009080200010407800e340600090802000c2
:10bfd4000148780090802000104078000004e000c0
:10bfe4000500320090802000104078008040e80076
:10bff4009080200001487800908020001040780054
:10c004008040e800a080200001487800200037002c
:10c01400d0c7200011c0b300014878008080200000
:10c02400104078000004e000090032008080200005
:10c03400104078000004e0000500350080802000f6
:10c04400104078008040e90080802000014878009a
:10c0540090802000104078000004e0000c003200c2
:10c0640090802000104078008080fb00000e2000ab
:10c07400008060000000e00005003a00908020008d
:10c08400104078008040e90090802000014878004a
:10c09400809e80000000e800809e8800819e8000d1
:10c0a400803e2000808f50003dfe36000000eb00f3
:10c0b400809e8800203d2100104078000004e000ac
:10c0c40004003200203d21008040eb00014878004c
:10c0d40003003700203d210011c0b300014878005f
:10c0e40000c12000104078000004e0000500320088
:10c0f40000c12000104078008040e90000c1200009
:10c10400014878006291800073918000e0ff2f0065
:10c11400f1ff2000800f5100818f590006003e007e
:10c12400609180007191800061004000e0804800cf
:10c134006091880071918800f0a821001040780077
:10c14400e34f500006003a0080918000e10f400068
:10c1540003003200809180000000e8008091880094
:10c16400d0aa210010407800e34f500006003a00a6
:10c1740090918000e10f4000030032009091800014
:10c184000000e80090918800f0a821001040780099
:10c19400e34f500003003a0080d480000000e80020
:10c1a40080d48800d0aa210010407800e34f5000ca
:10c1b40003003a0070d580000000e80070d58800c4
:10c1c400e0c32000104078000004e00005003200c5
:10c1d400e0c32000104078008040e900e0c3200064
:10c1e400014878002080200010407800e14f400092
:10c1f4000500320020802000104078008040e800d4
:10c204002080200001487800b1c68000000e200084
:10c21400008060000000e0000d003200b0c6800025
:10c224004500de00674060000040e90067406000b0
:10c234000080fb00670060004500dd00b2c680009e
:10c24400f1f12f008100610001007000b0c6880088
:10c25400206680000000e0000300340020668000b7
:10c264000000e90020668800206680000000e000ed
:10c2740003003d00206680000000e800206688007e
:10c28400a0ae2000104078000004e0000500320059
:10c29400a0ae2000104078008040e900a0ae20004d
:10c2a40001487800b0132100104078000004e00039
:10c2b40005003200b0132100104078008040e900ee
:10c2c400b013210001487800c01321001040780009
:10c2d4000004e00005003200c01321001040780083
:10c2e4008040e900c013210001487800e0132100d8
:10c2f400104078000004e00005003200e013210043
:10c30400104078008040e900e013210001487800e3
:10c31400f0132100104078000004e0000500320012
:10c32400f0132100104078008040e900f013210050
:10c3340001487800a0802000104078000004e0004c
:10c3440005003200a0802000104078008040e90001
:10c35400a080200001487800308020001040780040
:10c364000004e00005003200308020001040780016
:10c374008040e90030802000014878000066800099
:10c384000000e800006688000166800000e12000eb
:10c39400808f500008003600309d2c00e0c202005f
:10c3a4000100000030cc200011c0b3000148780027
:10c3b4000000eb00006688006091800071918000ad
:10c3c40000007800670060008004eb00000478003f
:10c3d4000800be00e00f5000e08f580072fd3a00e4
:10c3e40060802000104078000004e00070fd3200fe
:10c3f40062002000119f2c00e0bc20001805020000
:10c4040000000000e1bc2000e0bc20006c820200bf
:10c414000000000010b12000e0c202000100000092
:10c42400709f2c00e0c20200010000001ec3020045
:10c434000100000010b120008040eb0001487800aa
:10c444005cfd37000200fa000000eb00000f7800ea
:10c45400160037001e0078006a00b90080007800da
:10c46400a02c2100008040008040eb0001487800af
:10c474001e0078006a00b90080007800c02c2100fa
:10c48400008040008000eb00010878001e00780066
:10c494006a00b90080007800e02c21000080400090
:10c4a4008000eb00010878001e0fe8001e007800f1
:10c4b400f90f5000e7ff34000080fa000000060086
:10c4c4000200fa00004f78001e80fb006a00b900e9
:10c4d40080007800a02c2100008040008040eb0008
:10c4e400014878000080fa00000006000200fa000b
:10c4f400004f78001e80fb006a00b90080007800bd
:10c50400a02c21000080400021c0b3000148780025
:10c514000080fa00000006000400fa00004f7800d2
:10c52400110798001e80fb006a00b90080007800a3
:10c53400c02c2100008040009e009000010878007b
:10c544001e80fb006a00b90080007800a02c210046
:10c554000080400011c0b300014878000080fa0058
:10c56400000006000000fa00303f2400b0338800c9
:10c5740000002400503488009e26ef004000200074
:10c5840090358800c007200030368800c034200071
:10c59400d036880040002000d033880000002400fa
:10c5a40070348800a226ef00400c2000b0358800cb
:10c5b400300020005036880000182000f036880033
:10c5c4008826ef009c26ef00b026ef00c426ef007b
:10c5d400d826ef00ec26ef008626ef009a26ef001f
:10c5e400ae26ef004000200010368800d626ef006b
:10c5f400ea26ef00002020005037880000042000c5
:10c60400b03688007c26ef009026ef00a426ef00c9
:10c61400b826ef00cc26ef00e026ef00001f200034
:10c62400f03388009226ef00a626ef00ba26ef002a
:10c63400e226ef0001088000f00b2000008160007a
:10c644006004200071052000031020008049780058
:10c654008149780082497800813f8000f00f2800ea
:10c66400808060000050200001007000803f88003e
:10c67400b13e800000f82f0000806000b000b300dd
:10c68400b03e8800e13d800000fc2f000080600087
:10c694000020a000e03d8800713f800000f82f00da
:10c6a400008060003000b300703f8800a13d80002e
:10c6b40000fc2f00008060003001b300a03d880022
:10c6c400b13e8000f00f28008080600000a02000b0
:10c6d40001007000b03e8800b13d800000fc2f00d6
:10c6e40000806000e000b300b03d880000088000d6
:10c6f400000178000260a0006004200071052000a1
:10c70400031020008049780081497800824978002c
:10c714000080fa00000006000000fa0041058000d5
:10c72400f0ff28000080600000c0a00040058800e1
:10c734009021ef00f0e72300900c8800000028000f
:10c74400a00c88008860a9009860a80041068000b9
:10c75400f0f82f00008060000040a0004006880030
:10c764007105800080ff2f00008060000000a000a1
:10c774007005880061058000f0ff280000806000db
:10c7840000c0a0006005880041068000f08f2f00e3
:10c79400008060000080a00040068800b105800091
:10c7a400f0ff28000080600000c0a000b0058800f1
:10c7b400b1058000f08f2f00008060000080a00091
:10c7c400b0058800e726a800e926a900d2c6a8007b
:10c7d400d4c6a900d246a800d446a900d266a800af
:10c7e400d466a900d286a800d486a900d2a6a8003f
:10c7f400d4a6a9005fe6a8008a60a9009a60a800f0
:10c804000080fa00000006000000fa00000728007b
:10c81400303a88004827ef0000a32000503a8800ef
:10c8240060002000603a88004e27ef005027ef0098
:10c834005627ef005a27ef00f422ef000080fa0099
:10c84400000006000200fa00004f78001e80fb0082
:10c85400603a88004627a8000080fa00000006001d
:10c864000200fa000100370000000000303a8000a6
:10c87400610060000000e000fbff3200913880009e
:10c88400010f78001e0078000080fa000000060006
:10c894000e00fa002007980061479800724798003c
:10c8a400034f9800144f9800254f9800364f980076
:10c8b400474f98000040eb00004f78007e40900006
:10c8c4000004e00002003a00c0c3b30070479800bf
:10c8d4002e009000104078000004e0004500320073
:10c8e400e0a18000e30f500042003a00fca60200e1
:10c8f40001000000e14f500020003a00809a8000bf
:10c904000000e0001d003a001ec302000100000008
:10c91400ee4090001080200001487800ae009000a6
:10c92400d02c22004ebe020001000000702e220016
:10c93400fe40900001487800103222009e4890008a
:10c944000148780020322200ae4890000148780067
:10c9540030322200be489000014878005032220054
:10c96400ce4890000148780010002000809a88008a
:10c9740010c0b300004f78001e0037000e4890002e
:10c984000004e0001b0032001ec30200010000008e
:10c9940060da2b00e0c2020001000000aca7020034
:10c9a40001000000ee409000203022000148780091
:10c9b400ae009000802e22004ebe02000100000056
:10c9c40030302200fe4090000148780050322200ae
:10c9d4008040eb0001487800809a80000000e0006d
:10c9e40002003a0000052000809a880010c0b300bd
:10c9f400004f780040db2b0010079800a0db2b00d1
:10ca0400100798001e4078000080fa00000006001d
:10ca14000200fa00881f7800809a80008000eb00f2
:10ca24006208200003002000820f5000838f58000a
:10ca340029063e000060010086003700a700370089
:10ca4400da003700e80037002401370046013700d8
:10ca54004e013700200637001f0637001e06370038
:10ca64001d0637005c0137001b0637008d013700b7
:10ca74007f03370018063700d0033700da03370086
:10ca8400f4033700ff0337000704370012063700aa
:10ca940011063700100637000f0637000e06370060
:10caa4000d0637000c0637000b0637000a06370060
:10cab4000906370008063700070637000606370060
:10cac4000506370004063700030637000206370060
:10cad40001063700000637000e043700250437002e
:10cae400330437007104370097043700fa05370020
:10caf400f9053700f8053700f70537009b043700c0
:10cb0400a7043700f4053700f3053700f2053700b2
:10cb1400f1053700f0053700ef053700ee05370063
:10cb2400ed053700ec053700b4043700c8043700be
:10cb3400d60437001f05370061053700e6053700c6
:10cb4400e5053700e4053700e30537006a053700db
:10cb54007c053700e0053700df053700de053700c8
:10cb6400dd053700dc053700db053700da05370063
:10cb7400d9053700d805370096053700a0053700da
:10cb8400d5053700d4053700d3053700d205370063
:10cb9400d1053700d0053700cf053700ce05370063
:10cba400cd053700cc053700cb053700ca05370063
:10cbb400c9053700c8053700c7053700c605370063
:10cbc400c5053700c4053700c3053700c205370063
:10cbd400c1053700c0053700bf053700be05370063
:10cbe400bd053700bc053700bb053700ba05370063
:10cbf400b9053700b8053700b7053700b605370063
:10cc0400b5053700b4053700b3053700b205370062
:10cc1400b1053700b0053700af053700ae05370062
:10cc2400ad053700ac053700ab053700aa05370062
:10cc3400a9053700a8053700a7053700d701370035
:10cc4400f401370069023700d0023700da023700f6
:10cc5400e1023700d02c22008040eb00014878002c
:10cc6400802e22008040eb000148780010802000d4
:10cc74008040eb0001487800008020008040eb00f9
:10cc840001487800fca6020001000000e14f5000ba
:10cc940007003a00008020001040780080407800af
:10cca4000104a0000080200001487800060037003d
:10ccb4000080200010407800804078000104a1002a
:10ccc400008020000148780041012000d0c0b3005a
:10ccd4008e62020001000000be05370040322200cf
:10cce40011c0b30001487800008020001040780093
:10ccf400804078000104a1000080200001487800f1
:10cd04000080200010407800804078000114a000ca
:10cd14000080200001487800008020001040780046
:10cd2400804078000124a1000080200001487800a0
:10cd34000080200010407800804078000134a10079
:10cd44000080200001487800008020001040780016
:10cd5400804078000154a100008020000148780040
:10cd64000080200010407800804078000164a10019
:10cd740000802000014878001080200010407800d6
:10cd8400e24f500003003a00b0002000809a88006f
:10cd940090053700c02c22008040eb000148780049
:10cda40030002000809a88008a053700c02c2200b9
:10cdb400104078008040e800c02c22000148780030
:10cdc400c02c220010407800e94f500003003600c8
:10cdd400b0002000809a88007e05370030002000d3
:10cde400809a88007b053700c02c22001040780010
:10cdf4000080fb00f0188900f01881004600dd0077
:10ce0400f0188900f01881001004b000f0188900af
:10ce140041302200f01881000080e800c52622007d
:10ce2400e42622008101780012c0b300800078005b
:10ce340000c5b300983b0200010000002000200060
:10ce4400809a880040302200104078000000fb00e7
:10ce540061006000004078000004e0002405320016
:10ce6400020120008000eb00c01f21002605020003
:10ce740000000000c11f2100f01881007200400072
:10ce8400c5262200e426220081017800f2c0b30006
:10ce94008000780000c5b300983b02000100000048
:10cea40041302200c01f2100a6bc02000100000086
:10ceb4004030220040bf0200010000000000e000fa
:10cec4000d053200c013210041c1b30001487800b0
:10ced40040002000809a88003e0537004030220040
:10cee400104078000004e00016003200b0c6800054
:10cef400610060000000e00014003a00c02c220031
:10cf0400104078008041eb00d22c220041302200f6
:10cf14002ea80200000000000004e0000600320019
:10cf240050002000809a8800c0132100a1c0b300e3
:10cf3400014878000500370020002000809a88000e
:10cf44000200370020002000809a8800c0132100ce
:10cf5400104078000004e000e9043a0020002000ba
:10cf6400809a88001b053700b0c6800061406000cd
:10cf74000080fb00610060000000e000e2043a0071
:10cf840020002000809a880012053700b0c6800077
:10cf9400610060000000e000dd043a00f1af8000b1
:10cfa40000002100008060000000e000da043a0084
:10cfb400705d21008041eb00d22c220080007800bb
:10cfc4000040eb002ea8020000000000b00020008a
:10cfd400809a8800ff043700fca6020001000000cc
:10cfe400e14f500027003a0010c4b300642e020041
:10cff40001000000702e220010407800804078006c
:10d00400d02c22001ea7020001000000e14f5000b6
:10d0140014003a001ec3020001000000b0db2b0024
:10d02400e0c202000100000070dd2b00e0c202003b
:10d034000100000030a92100e0c20200010000004c
:10d0440010de2b00e0c2020001000000208020005e
:10d054008040eb0001487800d0002000809a8800ce
:10d06400dc0437001ec302000100000030de2b0088
:10d07400e0c2020001000000c0032000809a880082
:10d08400d40437001ec302000100000010e02b008e
:10d09400e0c2020001000000c0032000809a880062
:10d0a400cc0437001080200010407800e24f50007c
:10d0b4001300320090d48000620060000000e000a1
:10d0c4000900320053132000d20020008040eb00fe
:10d0d40060e12b00f6ab02000000000090d4800059
:10d0e4000010a10090d48800008020001040780037
:10d0f400804078000114a0000080200001487800de
:10d104002080200090407800702e2200104078008b
:10d1140080cf5000130039001ec30200010000003c
:10d1240030e22b00e0c20200010000004032220085
:10d1340021c0b30001487800aca702000100000040
:10d1440030012000809a8800108020001040780070
:10d15400e24f50000300320010e9200011c0b30078
:10d1640001487800d0aa210010407800e14f500017
:10d174006b043200d0aa210010407800e34f500025
:10d1840064003a000080200010407800804078005d
:10d194000114a100008020000148780000802000d4
:10d1a40010407800804078000124a0000080200016
:10d1b4000148780011c0b300000420001a280200be
:10d1c4000100000010802000104078000004e000fe
:10d1d40037003200320020008000eb0060c62000df
:10d1e400260502000000000060c62000c5262200bb
:10d1f400e42622008001780032c0b30081012000bf
:10d2040000c5b300983b02000100000090c6200056
:10d214008040eb0001487800c5262200e426220065
:10d2240003f2200012c0b300c103200000c5b30004
:10d23400983b02000100000000f22000104078003a
:10d244000004e0000400320000f2200010407800e6
:10d25400f44f50000300360000f2200051c0b30028
:10d2640001487800c5262200e426220013f220009b
:10d2740012c0b300d103200000c5b300983b0200e4
:10d284000100000010f22000104078000004e000cb
:10d294000400320010f2200010407800e64f4000f5
:10d2a4000300360010f2200001c5b30001487800e5
:10d2b40010802000104078000004e0000d003200cf
:10d2c40060c62000104078000004e000090032002d
:10d2d40040c4b300642e02000100000020082000b6
:10d2e400809a8800702e220031c0b3000148780073
:10d2f4000800370000c5b300d4a7020001000000f5
:10d30400e0002000809a8800f0c4b300642e02007c
:10d3140001000000d0aa2100104078000004e000c1
:10d3240004003200d0aa210010407800e64f5000db
:10d33400fd033a001ec302000100000060e32b005d
:10d34400e0c2020001000000d0aa210010407800d1
:10d3540032c0b300e1bc200034910200010000009f
:10d36400e0bc2000e0c2020001000000f0e42b0059
:10d37400e0c2020001000000d02c2200e0c2020042
:10d384000100000010de2b00e0c2020001000000da
:10d39400c0032000809a88000e04370060e12b004f
:10d3a400ec90020001000000004078000041780089
:10d3b40061e12b0070c2200018be020001000000d1
:10d3c4000000e00003003a0040c4b300642e0200f1
:10d3d4000100000041012000d0c0b3008e620200b1
:10d3e4000100000000322200104078008040e90073
:10d3f40000322200014878000032220010407800f8
:10d404000004e000ca033a0020082000809a880043
:10d41400f00337001080200010407800e24f5000e5
:10d424000900320060e12b00ec90020001000000d2
:10d43400004078000041780061e12b0070c22000b8
:10d4440018be02000100000040c4b300642e0200b4
:10d45400010000001080200010407800e14f5000cf
:10d4640026003a00008020001040780080407800b8
:10d474000134a00000802000014878001ec302008f
:10d484000100000010e52b00e0c2020001000000d2
:10d4940060c62000e0c2020001000000e0e52b00ad
:10d4a400e0c202000100000000f2200010447800f5
:10d4b40060c62000ec9002000100000000407800eb
:10d4c400084178008040780060c620006aa9020004
:10d4d400010000000004e00005003a001ec3020041
:10d4e4000100000010e62b00e0c202000100000071
:10d4f40030082000809a8800b603370061c62000f7
:10d50400e0bc20004ebe020001000000000f7800c5
:10d51400e0bc20001e004000a1c2b3000148780016
:10d524001e0fe8009e007800e0bc200080804000d0
:10d53400906280000040780032c0b3003491020051
:10d54400010000001e0f4000e0bc20001e0040004f
:10d5540031c2b300014878001e0fe800e0bc20008f
:10d564001e0040008040eb00014878001ec302000a
:10d5740001000000e0e62b00e0c202000100000010
:10d58400e0bc2000e0c2020001000000e0e52b0046
:10d59400e0c202000100000000f220001044780004
:10d5a400e0bc2000ec900200010000000040780084
:10d5b4000841780080407800e0bc20006aa902009d
:10d5c400010000000004e00005003a001ec3020050
:10d5d4000100000010e62b00e0c202000100000080
:10d5e40040082000809a88007a033700c0d5800064
:10d5f400610060000000e0004f033a00108020004a
:10d6040010407800e14f500031003a00702e2200a3
:10d61400104078008040e900702e22000148780014
:10d62400702e2200104078000004e0000b0032004d
:10d6340010f2200090407800003222000148780067
:10d6440010082000809a880041012000d0c0b30057
:10d654008e620200010000005e033700c0e72b0069
:10d66400801f780090e82b00801f7800e0bc200029
:10d674000a05020000000000e4875700e0bc200017
:10d68400e0c2020001000000e0c0200011c0b300ad
:10d694000148780000c5b300d4a7020001000000cf
:10d6a400e0002000809a8800f0c4b300642e0200d9
:10d6b40001000000008020001040780080407800c5
:10d6c4000134a100008020000148780041033700a4
:10d6d400e0bc2000a1c2b300014878009062800041
:10d6e4000040780032c0b300f1bc20003491020045
:10d6f4000100000020bd200031c2b30001487800c1
:10d7040030bd20008040eb00014878001ec30200b9
:10d7140001000000b0e92b00e0c20200010000009b
:10d72400e0bc2000e0c202000100000010de2b007b
:10d73400e0c202000100000000f220001044780062
:10d74400e0bc2000ec9002000100000000407800e2
:10d754000841780080407800e0bc20006aa90200fb
:10d76400010000000004e00005003a001ec30200ae
:10d774000100000010e62b00e0c2020001000000de
:10d7840040082000809a880012033700c0d580002a
:10d79400610060000000e000e9023a005008200047
:10d7a400809a880001fa2000d0c0b3008e62020083
:10d7b4000100000007033700aca7020001000000cd
:10d7c40060082000809a8800c013210031c0b30093
:10d7d40001487800ff023700d0aa210010407800e9
:10d7e4000004e00018003a000000eb00809a880072
:10d7f4000080200010407800804078000154a00090
:10d80400008020000148780000802000104078004b
:10d81400804078000114a1000080200001487800b5
:10d824000080200010407800804078000124a1008e
:10d83400008020000148780020c5b300642e020057
:10d8440001000000e3023700c013210010407800fb
:10d854000004e000bc023a00c013210031c0b30050
:10d8640001487800aca7020001000000d90237008b
:10d87400f0c4b300642e02000100000010e920008f
:10d884008040eb0001487800606080000000e00008
:10d894000e00320062a902000100000061608000f5
:10d8a400810f5000090036001ec302000100000071
:10d8b400c0ea2b00e0c2020001000000aca7020095
:10d8c4000100000000012000809a8800802e2200c0
:10d8d400104078000004e000090032001ec302007a
:10d8e4000100000050ec2b00e0c202000100000027
:10d8f400aca702000100000000012000809a88000b
:10d90400d0aa2100104078000004e0001d003a0075
:10d9140020012000809a880062a902000100000012
:10d924000000e0000c003a001ec3020001000000e9
:10d9340070ee2b00e0c20200010000005322200020
:10d94400d20020008040eb0010f02b00f6ab020068
:10d95400000000000b0037001ec30200010000009d
:10d96400e0f02b00e0c2020001000000932220003e
:10d97400d20020008040eb00d0f42b00f6ab020074
:10d984000000000050322200104078000004e00043
:10d994006f0232001ec3020001000000a0f52b003c
:10d9a400e0c2020001000000aca702000100000078
:10d9b40000012000809a880086023700c0132100ed
:10d9c40031c0b3000148780070ea20008040eb00c9
:10d9d40001487800aca702000100000010012000fb
:10d9e400809a88007b023700d0aa2100104078007a
:10d9f4000004e00008003a0020012000809a88001a
:10da04001ec302000100000020f82b00e0c2020047
:10da1400010000006f023700c0132100104078009d
:10da24000004e0004c023a00c013210031c0b300ee
:10da340001487800aca702000100000070ea200051
:10da4400104078008040e80070ea20000148780027
:10da540060023700d0c4b300642e0200010000004d
:10da6400e0c020008040eb000148780070ea20000c
:10da74008040eb000148780080022000809a8800f2
:10da840054023700c013210031c0b30001487800ac
:10da940070ea20008040eb0001487800400120003b
:10daa400809a88004b023700d0aa210010407800e9
:10dab4000004e00008003a00c0032000809a8800b7
:10dac4001ec3020001000000d0f92b00e0c20200d6
:10dad400010000003f023700c0132100104078000d
:10dae4000004e0001e023a00c013210031c0b3005c
:10daf40001487800aca702000100000070ea200091
:10db0400104078008040e80070ea20000148780066
:10db140030023700008020001040780080407800f8
:10db24000154a000008020000148780000802000fb
:10db340010407800804078000114a100008020008b
:10db44000148780000802000104078008040780070
:10db54000124a1000080200001487800c02c22008c
:10db64008040eb0001487800a0022000809a8800e1
:10db740018023700c02c2200104078008040e800d2
:10db8400c02c220001487800c02c220010407800ec
:10db9400e94f50000300360010032000809a8800eb
:10dba4000c023700a0022000809a88000902370086
:10dbb400d0c4b300642e020001000000c02c220077
:10dbc400104078000080fb00f0188900f0188100f4
:10dbd4004600dd00f0188900f01881001004b00040
:10dbe400f018890041302200f01881000080e8001c
:10dbf400c5262200e42622008101780012c0b30069
:10dc04008000780000c5b300983b020001000000ca
:10dc140090022000809a8800403022001040780052
:10dc24000000fb00620060000000e000ce01320052
:10dc3400020120008000eb00c01f21002605020025
:10dc440000000000c11f2100f01881007200400094
:10dc5400c5262200e426220081017800f2c0b30028
:10dc64008000780000c5b300983b0200010000006a
:10dc740041302200c01f2100a6bc020001000000a8
:10dc84004030220040bf0200010000000000e0001c
:10dc9400b7013200b0022000809a8800c01321002e
:10dca40041c1b30001487800ca0137004030220066
:10dcb400104078000004e0001a003200b0c6800072
:10dcc400610060000000e00018003a0062a9020050
:10dcd4000100000080007800c02c22001040780071
:10dce4000042eb0081017800d22c22004130220056
:10dcf4005aa70200000000000004e0000600320001
:10dd0400c0022000809a8800c0132100a1c0b30083
:10dd1400014878000500370090022000809a8800ae
:10dd24000200370090022000809a8800c01321006e
:10dd3400104078000004e0008f013a0090022000b7
:10dd4400809a8800a3013700b0c68000614060005b
:10dd54000080fb00610060000000e00088013a00e0
:10dd640090022000809a88009a013700802e2200b9
:10dd7400104078000004e000030032000005200099
:10dd8400809a8800930137000000eb00809a880095
:10dd940020c5b300642e0200010000008d0137008d
:10dda400b0c68000610060000000e00076013a0027
:10ddb400f1af800000002100008060000000e0005e
:10ddc40073013a0062a9020001000000800078009b
:10ddd400705d210014c0b30081017800d22c2200b0
:10dde400800078000040eb005aa702000000000009
:10ddf40010032000809a88007601370010e9200083
:10de040011c0b30001487800008020001040780061
:10de1400804078000114a1000080200001487800af
:10de24000080200010407800804078000124a10088
:10de34000080200001487800c02c22008040eb00c4
:10de440001487800e0032000809a880061013700cf
:10de5400c02c2200104078008040e800c02c220032
:10de640001487800c02c220010407800e94f50008f
:10de74000300360050042000809a880055013700c2
:10de8400e0032000809a880052013700d0c4b30018
:10de9400642e020001000000c02c22001040780013
:10dea4000080fb00f0188900f01881004600dd00b6
:10deb400f0188900f01881001004b000f0188900ef
:10dec40041302200f01881000080e800c5262200bd
:10ded400e42622008101780012c0b300800078009b
:10dee40000c5b300983b020001000000403022004e
:10def400104078008040780000c8b30080c0600003
:10df04006032220001487800d0032000809a880003
:10df140040302200104078000000fb0064006000e4
:10df24000000e0001c013200020120008000eb0030
:10df3400c01f21002605020000000000c11f2100af
:10df4400f018810072004000c5262200e426220059
:10df540081017800f2c0b3008000780000c5b300ee
:10df6400983b02000100000041302200c01f210044
:10df7400a6bc0200010000004030220010407800de
:10df84000004e000060132004030220040bf0200dd
:10df9400010000000000e00003013200f003200053
:10dfa400809a8800c013210041c1b3000148780061
:10dfb4000801370040302200104078000004e000df
:10dfc40036003200b0c68000610060000000e0004e
:10dfd40034003a00103222009040780020322200af
:10dfe4001040780080cf500009003a0010c420008f
:10dff40090407800a0c5b30080cf500004003200e8
:10e0040011c0b300000420004c28020001000000ed
:10e014006032220090407800303222009042780032
:10e0240040322200104278002032220090417800d1
:10e034001032220010417800c02c220010407800d9
:10e044000043eb00861f7800814378000543780085
:10e05400844278000342780082417800d22c220066
:10e0640041302200e2a80200000000008f87e9008e
:10e074000004e0000600320000042000809a8800ba
:10e08400c0132100a1c0b300014878000500370087
:10e09400d0032000809a880002003700d0032000bb
:10e0a400809a8800c0132100104078000004e0002a
:10e0b400bf003a00d0032000809a8800c5003700d2
:10e0c400b0c68000614060000080fb006100600019
:10e0d4000000e00002003a00d0032000809a88008b
:10e0e400c2c0b30061e12b0070c2200018be020060
:10e0f40001000000b70037000080200010407800c5
:10e10400804078000164a00000802000014878006d
:10e11400802e2200104078000004e000030032004a
:10e1240000052000809a8800aa0037000000eb0058
:10e13400809a880020c5b300642e0200010000000c
:10e14400a4003700b0c68000610060000000e00059
:10e1540099003a00f1af80000000210000806000c7
:10e164000000e00096003a006032220090407800ff
:10e17400303222009042780040322200104278006f
:10e1840020322200904178001032220010417800a1
:10e19400705d210016c0b300861f780081437800ab
:10e1a4000543780084427800034278008241780075
:10e1b400d22c2200800078000040eb00e2a802008c
:10e1c400000000008f87e90050042000809a880036
:10e1d40080003700aca7020001000000c01321003a
:10e1e40031c0b3000148780070ea20008040eb00a1
:10e1f4000148780010052000809a880075003700d7
:10e20400d0aa2100104078000004e00023003a0066
:10e21400802e2200104078000004e0001900320033
:10e22400fca6020001000000e14f500066003a0025
:10e2340020302200904078001080200001487800af
:10e24400503222008040eb0001487800812e2200e9
:10e25400d02c22004ebe020001000000303022000b
:10e2640090407800702e22000148780010002000b1
:10e27400809a8800802e22008040eb0001487800bc
:10e28400540037000000eb00809a880020c5b300da
:10e29400642e0200010000004e003700c01321006c
:10e2a400104078000004e00049003a00c013210047
:10e2b40031c0b30001487800aca70200010000009f
:10e2c40070ea2000104078008040e80070ea2000e6
:10e2d400014878003f0037000000eb00809a880076
:10e2e40020c5b300642e020001000000390037008d
:10e2f4000000000037003700000000003500370040
:10e304000000000033003700000000003100370037
:10e31400000000002f003700000000002d0037002f
:10e32400000000002b003700000000002900370027
:10e33400000000002700370000000000250037001f
:10e344000000000023003700000000002100370017
:10e35400000000001f003700000000001d0037000f
:10e36400000000001b003700000000001900370007
:10e3740000000000170037000000000015003700ff
:10e3840000000000130037000000000011003700f7
:10e39400000000000f003700000000000d003700ef
:10e3a400000000000b0037000000000009003700e7
:10e3b40000000000070037000000000005003700df
:10e3c40000000000030037000000000001003700d7
:10e3d4000000000070ea200010407800e34f500075
:10e3e400060036001ec302000100000080fb2b0063
:10e3f400e0c2020001000000ffff37004f04780074
:10e404000080fa00000006000000fa004036800098
:10e414004400de00614060000080fb006100600099
:10e42400216480000100a1000100700020648800c4
:10e43400403680004500de00614060000080fb0043
:10e444006100600000004000216480000110a10010
:10e454000100700020648800403680004300de0024
:10e46400614060000080fb00610060004200dd004c
:10e47400216480000120a100010070002064880054
:10e48400403680004200de00614060000080fb00f6
:10e49400610060004300dd00216480000130a100c0
:10e4a4000100700020648800106480004800de00d1
:10e4b40061406000804078000040eb0026a202002a
:10e4c40001000000614060000080fb00610060000a
:10e4d4004800dd00216480000180a100010070007b
:10e4e40020648800106480004900de006140600000
:10e4f4008040780010c0b30026a202000100000092
:10e50400614060000080fb00610060004900dd00a4
:10e51400216480000190a100010070002064880043
:10e52400106480004a00de00614060008040780092
:10e5340020c0b30026a20200010000006140600078
:10e544000080fb00610060004a00dd00216480005f
:10e5540001a0a10001007000206488001064800004
:10e564004b00de00614060008040780030c0b300a2
:10e5740026a2020001000000614060000080fb0050
:10e58400610060004b00dd002164800001b0a10047
:10e594000100700020648800c196800000192000ea
:10e5a400808f500004003200c1968000a01120002a
:10e5b400808f50000f003a00d0b020001040780047
:10e5c4006140600061406000614060000080fb00c9
:10e5d400610060004800dd00216480000180a1002a
:10e5e4000100700020648800a080200061c0b30096
:10e5f40001487800206480004800de00614060002b
:10e604000080fb00610060004a00dd00d13380001f
:10e6140001a0a10001007000d033880020648000b4
:10e624004900de00614060000080fb006100600082
:10e634004b00dd00d133800001b0a1000100700067
:10e64400d0338800206480004a00de00614060000e
:10e654000080fb00610060004c00dd00d1338000cd
:10e6640001c0a10001007000d03388002064800044
:10e674004b00de00614060000080fb006100600030
:10e684004d00dd00d133800001d0a10001007000f5
:10e69400d033880010648000e14060002064800072
:10e6a4006140600080cf500038003a001064800060
:10e6b4000000d100e1406000206480000000d1002f
:10e6c4006140600080cf500030003a001064800048
:10e6d4004200de00e1406000206480004200de0071
:10e6e4006140600080cf500028003a001064800030
:10e6f4004300de00e1406000206480004300de004f
:10e704006140600080cf500020003a001064800017
:10e714004800de00e1406000206480004800de0024
:10e724006140600080cf500018003a0010648000ff
:10e734004900de00e1406000206480004900de0002
:10e744006140600080cf500010003a0010648000e7
:10e754004a00de00e1406000206480004a00de00e0
:10e764006140600080cf500008003a0010648000cf
:10e774004b00de00e1406000206480004b00de00be
:10e784006140600080cf50005e003200a0ae2000e7
:10e79400104078000004e00002003200f627020076
:10e7a4000100000020648000614060000080fb00e4
:10e7b40061006000116480000100a100010070008c
:10e7c40010648800206480000000d1006140600073
:10e7d4000080fb00610060000000400011648000c4
:10e7e4000110a10001007000106488002064800002
:10e7f4004200de00614060000080fb0061006000b8
:10e804004200dd00116480000120a10001007000bd
:10e8140010648800206480004300de0061406000d2
:10e824000080fb00610060004300dd001164800093
:10e834000130a10001007000106488002064800091
:10e844004400de00614060000080fb006100600065
:10e854004400dd00116480000140a100010070004b
:10e8640010648800206480004800de00614060007d
:10e874000080fb00610060004800dd00116480003e
:10e884000180a100010070001064880020648000f1
:10e894004900de00614060000080fb006100600010
:10e8a4004900dd00116480000190a10001007000a6
:10e8b40010648800206480004a00de00614060002b
:10e8c4000080fb00610060004a00dd0011648000ec
:10e8d40001a0a10001007000106488002064800081
:10e8e4004b00de00614060000080fb0061006000be
:10e8f4004b00dd001164800001b0a1000100700034
:10e9040010648800209b800081072000810f500044
:10e91400b702320081072000810f500019003e0029
:10e92400ea0f5000b8013200ea0f50000c003e001c
:10e93400e40f50002f013200e40f500003003e00aa
:10e944000000e0003300320011043700e50f5000ee
:10e954003a013200e60f50000b0132000c0437007c
:10e96400ec0f50002c023200ec0f5000060239006c
:10e97400f40f50004d023200f50f500066023200d1
:10e9840003043700d1072000810f50005a033200de
:10e99400d1072000810f50000d003e00a107200088
:10e9a400810f500023033200a1072000810f500083
:10e9b400a0023900b1072000810f50002c0332005f
:10e9c400c1072000810f50003c033200f0033700e0
:10e9d400e10b2000810f500090033200e10b200076
:10e9e400810f500004003e00e1072000810f500019
:10e9f40080033200e6033700f10b2000810f500042
:10ea040097033200a10f2000810f5000a9033200a8
:10ea1400df033700a0802000104078000004e000ed
:10ea24000700320030c4200010407800e24f50004c
:10ea340003003a00b080200011c0b3000148780000
:10ea440050a90200010000000004e000b8003a00f0
:10ea5400d0aa2100104078000004e000b4003a007d
:10ea640000c520008040eb000148780000b1200080
:10ea74008040eb000148780030c42000104078004a
:10ea8400e24f50000800320000c52000104078001a
:10ea9400e14f50001b003a00b0c6800061006000e6
:10eaa4000000e00017003a00a08020001040780029
:10eab4000004e0000d003a0080542c00e0c2020083
:10eac4000100000000b12000104078008040780070
:10ead4000114a00000b120000148780030c42000d7
:10eae40031c0b3000148780006003700b080200030
:10eaf40011c0b3000148780030c4200041c0b30005
:10eb04000148780040c4200010407800e24f5000d3
:10eb14000800320000c5200010407800e24f500089
:10eb24000d003a00b0c68000610060000000e00003
:10eb340009003a0000b120001040780080407800bd
:10eb44000124a00000b120000148780040c4200046
:10eb540031c0b3000148780050c420001040780050
:10eb6400e24f50000800320000c520001040780039
:10eb7400e34f50000d003a00b0c680006100600011
:10eb84000000e00009003a0000b1200010407800c5
:10eb9400804078000134a00000b1200001487800d2
:10eba40050c4200031c0b3000148780060c4200084
:10ebb40010407800e24f50000800320000c52000e9
:10ebc40010407800e44f50000d003a00b0c68000b9
:10ebd400610060000000e00009003a0000b120007c
:10ebe40010407800804078000144a00000b120006b
:10ebf4000148780060c4200031c0b30001487800a7
:10ec040000c52000104078000004e0000700320036
:10ec1400b0c68000610060000000e00003003a001c
:10ec240000c520008040eb000148780000b12000be
:10ec3400104078000004e0003b00320010e920009e
:10ec440011c0b3000148780010c42000904078003f
:10ec5400a0c5b30080cf50002f003200808c21006b
:10ec64009040780010c3b30080cf500005003200fc
:10ec7400808c21009040780050c3b30080cf5000b6
:10ec840025003a00403722008040eb00014878001c
:10ec9400d03622008040eb00014878003037220053
:10eca40080c0eb0001487800e013210081c2b3006a
:10ecb400014878008080200011c8b3000148780022
:10ecc40060552c00e0c2020001000000500020004a
:10ecd400209b8800a0472200104078000080fb00a1
:10ece400640060000000e0000f00320000c4200057
:10ecf400104078000080fb00640060000000e00029
:10ed04000800320011c0b30010c0b30070c4020088
:10ed14000100000004003700e00b2000209b880065
:10ed24000100370000000000000000003c03370031
:10ed3400f0a8210010407800e24f500017033a0079
:10ed4400a0d38000620060000000e00015033200e0
:10ed540030c4200010407800e24f5000040032001c
:10ed640000c5200010407800e14f50000f033a0026
:10ed740040562c00e0c202000100000060002000a8
:10ed8400209b88002603370030c420001040780000
:10ed9400e34f500003003a0030c4200041c0b300e8
:10eda4000148780030c4200010407800e24f500041
:10edb40003003a0030c4200031c0b3000148780099
:10edc40030c42000104078000004e000f9023a004a
:10edd40060c8200011c0b30001487800a00f2000d3
:10ede400209b8800a0582c00e0c202000100000013
:10edf4000b03370040372200104078008040e800c1
:10ee04004037220001487800403722001040780043
:10ee1400e94f50000600360040012000209b880086
:10ee2400403722008040eb0001487800fc023700a4
:10ee340050002000209b8800f90237004037220050
:10ee4400104078000004e0004f003a002034220013
:10ee54008040eb00014878000060fe00403722004b
:10ee6400104078000080fb00501b8900501b81007b
:10ee74004600dd00501b8900501b81001004b000c7
:10ee8400501b8900501b8100c5262200e426220065
:10ee9400f336220012c0b3008000780000c5b3002e
:10eea400983b020001000000f036220090407800f8
:10eeb40000b120001040780000c060000004e000b1
:10eec40025003200020120008000eb00c01f210059
:10eed4002605020000000000c11f2100501b810014
:10eee40063004000c5262200e42622008101780048
:10eef400f2c0b3008000780000c5b300983b020064
:10ef04000100000081322200c01f2100a6bc0200c3
:10ef14000100000080322200104078000004e0006c
:10ef24000d0032008032220040bf020001000000c8
:10ef34000000e00008003200203422001040780075
:10ef44008040e8002034220001487800c0592c0099
:10ef5400e0c20200010000004037220010407800a7
:10ef64008040e80040372200014878004037220002
:10ef740010407800e94f5000b8ff360040372200b7
:10ef84008040eb00014878004037220010407800b0
:10ef94000080fb00501b8900501b81004600dd00ef
:10efa400501b8900501b81001004b000501b8900c5
:10efb400501b8100c5262200e4262200f3362200dd
:10efc40012c0b3008000780000c5b300983b020073
:10efd40001000000f03622009040780000b12000cb
:10efe4001040780000c060000004e000030032001c
:10eff400a0002000209b88008902370040002000e8
:10f00400209b880086023700020120008000eb006c
:10f01400c01f21002605020000000000c11f2100be
:10f02400501b810072004000c5262200e426220005
:10f0340081017800f2c0b3008000780000c5b300fd
:10f04400983b02000100000031342200c01f21005f
:10f05400a6bc0200010000003034220010407800f9
:10f064000004e0001d003200501b81000080e80015
:10f07400c5262200e4262200c336220012c0b300b3
:10f084008000780000c5b300983b02000100000036
:10f09400c20020008000eb00d035220026050200cb
:10f0a40000000000d1352200501b81001002b00086
:10f0b400c5262200e426220081017800c2c0b300e4
:10f0c4008000780000c5b300983b020001000000f6
:10f0d400903622008040eb0001487800303722004f
:10f0e40010407800e14f400021003a000201200066
:10f0f4008000eb00c01f2100260502000000000074
:10f10400c11f2100501b810063004000c52622005e
:10f11400e426220081017800f2c0b3008000780068
:10f1240000c5b300983b02000100000081322200b8
:10f13400c01f2100a6bc0200010000008032220092
:10f14400104078000004e000090032008032220000
:10f1540040bf0200010000000000e0000400320093
:10f164004037220090407800303722000148780070
:10f17400b0002000209b8800e013210041c1b300af
:10f18400014878002602370030342200104078000d
:10f194000004e00014003200d03522001040780052
:10f1a4000004e00010003200b0c68000610060007e
:10f1b4000000e0000e003a004037220010407800c2
:10f1c400d23522003134220058a50200000000008c
:10f1d400c0002000209b8800e013210041c1b3003f
:10f1e4000148780002003700c0002000209b8800fe
:10f1f400e0132100104078000004e000ef013a0021
:10f20400c0002000209b8800e013210041c1b3000e
:10f2140001487800020237003034220010407800a0
:10f224000004e00018003200c036220010407800cc
:10f234008080fb0000022000008060000000e000ed
:10f2440011003200b0c68000610060000000e000e0
:10f254000f003a0040372200104078003134220079
:10f264006caa0200000000000004e0000300320069
:10f27400d036220011c0b3000148780040002000bd
:10f28400209b88000200370040002000209b88005b
:10f29400e0132100104078000004e000c9013a00a6
:10f2a40040002000209b8800dd01370000e9200099
:10f2b400104078000004e000c4013a00d036220077
:10f2c400104078000004e0000d00320050012000de
:10f2d400209b880070c5b300642e0200010000006a
:10f2e400e0362200c1c3b30001487800813e20000b
:10f2f400f0c0b3008e62020001000000c8013700b4
:10f30400a05a2c00e0c20200010000008007200087
:10f31400209b8800c201370070c5b300642e020030
:10f3240001000000e0362200104078008040e9002f
:10f33400e036220001487800e036220010407800d0
:10f344000004e000160032001ec3020001000000a9
:10f35400e05b2c00e0c2020001000000e036220065
:10f36400104078000041eb00e1bc20003491020021
:10f3740001000000e0bc2000e0c202000100000027
:10f38400a05c2c00e0c2020001000000813e2000cd
:10f39400f0c0b3008e6202000100000007003700d5
:10f3a40080072000209b88001ec30200010000008b
:10f3b400c05c2c00e0c202000100000050a9020061
:10f3c40001000000e34f500008003a00a00f2000a5
:10f3d400209b88001ec3020001000000b05e2c00c8
:10f3e400e0c20200010000008d0137008c013700eb
:10f3f40030372200904078004037220001487800de
:10f404003037220010407800e14f400006003200ff
:10f4140090072000209b8800e0132100e1c1b30085
:10f42400014878007e013700a00f2000209b88004f
:10f434007b013700f0a82100104078000004e000b0
:10f444000b003a00d0aa2100104078000004e0002c
:10f4540007003a0090d48000620060000000e000e1
:10f464000300320090d480000010a10090d48800e2
:10f4740000802000104078000080fb0061006000e4
:10f48400004078000004e0006300320040372200ae
:10f49400104078000080fb00501b8900501b810045
:10f4a4004600dd00501b8900501b81001004b00091
:10f4b400501b8900501b81000000e800c526220073
:10f4c400e42622000337220012c0b3008000780033
:10f4d40000c5b300983b0200010000004037220041
:10f4e400104078000080fb00501b8900501b8100f5
:10f4f4004600dd00501b8900501b81001004b00041
:10f50400501b8900501b8100c5262200e4262200de
:10f51400f336220012c0b3008000780000c5b300a7
:10f52400983b020001000000f036220010407800f1
:10f534008080fb0000042000008060000000e000e8
:10f54400040032002037220011c0b30001487800c3
:10f5540003003700203722008040eb000148780088
:10f56400f0362200104078008080fb00000220006a
:10f57400008060000000e000040032001037220028
:10f5840011c0b3000148780003003700103722008f
:10f594008040eb0001487800a05f2c00e0c202002c
:10f5a40001000000e0c0200011c0b3000148780051
:10f5b4002037220010427800203422009041780045
:10f5c40040372200104078000041e8000037220054
:10f5d4009040780010372200104078008043eb0000
:10f5e4000443780083427800024278008041eb00b3
:10f5f4000141780080407800803222004a64020091
:10f6040001000000e013210041c1b300014878006b
:10f61400a0072000209b8800e01321001040780000
:10f624000004e000eb003a00e00b2000209b88007f
:10f63400fb00370000802000104078000080fb00b1
:10f64400620060000000e00002003200b007200009
:10f65400209b8800e0132100104078000004e000a3
:10f66400de003a00e00b2000209b8800ec0037000d
:10f6740000802000104078008080fb000002200001
:10f68400008060000000e00002003200a00f2000b3
:10f69400209b880000802000104078008080fb00c0
:10f6a40000042000008060000000e000cd00320073
:10f6b400c0072000209b8800d90037004037220073
:10f6c400104078008040e80040372200014878006c
:10f6d4004037220010407800e94f50000300360004
:10f6e400e00b2000209b8800cd003700d0072000cd
:10f6f400209b8800ca003700403722001040780061
:10f704000080fb00501b8900501b81004600dd0077
:10f71400501b8900501b81001004b000501b89004d
:10f72400501b8100c5262200e4262200f336220065
:10f7340012c0b3008000780000c5b300983b0200fb
:10f7440001000000c0072000209b8800f036220042
:10f754009040780000b120001040780000c06000a4
:10f764000004e000a1003200020120008000eb0050
:10f77400c01f21002605020000000000c11f210057
:10f78400501b810063004000c5262200e4262200ad
:10f7940081017800f2c0b3008000780000c5b30096
:10f7a400983b02000100000081322200c01f2100aa
:10f7b400a6bc020001000000803222001040780044
:10f7c4000004e0008b0032008032220040bf0200bf
:10f7d400010000000000e00088003200e007200083
:10f7e400209b8800e013210041c0b3000148780049
:10f7f4008b003700e0132100104078000004e00083
:10f8040080003a0090072000209b8800e01321002c
:10f8140021c3b3000148780081003700f00b2000b9
:10f82400209b8800e013210031c0b3000148780018
:10f8340076ac02000000000010c420009040780064
:10f84400a0c5b30080cf50007000320011c0b300d7
:10f85400000420004c280200010000007000370062
:10f86400e0132100104078000004e000040032009e
:10f8740070c32000104078000004e00065003a00e6
:10f88400a00f2000209b880010e920001040780081
:10f894000004e00061003200032b2000f20020008d
:10f8a4008040eb00e0602c00f6ab0200000000009a
:10f8b4005b00370030c4200010407800e34f500054
:10f8c40009003a0000b12000104078000080fb00dd
:10f8d400620060000000e0000300320030c4200039
:10f8e40041c0b3000148780040c4200010407800b3
:10f8f400e34f500009003a0000b1200010407800a6
:10f904000080fb00640060000000e000030032009f
:10f9140040c4200041c0b3000148780050c4200016
:10f9240010407800e34f500009003a0000b1200075
:10f93400104078000080fb00680060000000e000d8
:10f944000300320050c4200041c0b30001487800d5
:10f9540060c4200010407800e34f500009003a00d2
:10f9640000b12000104078000080fb0070006000af
:10f974000000e0000300320060c4200041c0b30076
:10f98400014878000000eb00209b88002400370029
:10f99400a00f2000209b88002100370000000000f9
:10f9a4001f003700000000001d00370000000000a9
:10f9b4001b003700000000001900370000000000a1
:10f9c4001700370000000000150037000000000099
:10f9d4001300370000000000110037000000000091
:10f9e4000f003700000000000d0037000000000089
:10f9f4000b00370000000000090037000000000081
:10fa04000700370000000000050037000000000078
:10fa14000300370000000000010037000000000070
:10fa24000080fa00000006000000fa006000b80040
:10fa340010f0880021f088000000eb0030f088000e
:10fa44006000b80040f0880051f088000080eb00ae
:10fa54008080eb0060f0880071f088000000eb000b
:10fa640080f0880090fc80000070a10090fc880069
:10fa740090fc80000050a10090fc880090fc800065
:10fa84000060a10090fc880030f921008040eb0068
:10fa9400014878006000b800a0fc8800b1fc880030
:10faa40080f921008040eb00014878000080eb00e1
:10fab4008080eb0090248900a12489000080fa0052
:10fac400000006000600fa00008fbe00220798001e
:10fad4001e00be00c001dd00020020002e009000c8
:10fae4008000eb0000007100818071000080fa004a
:10faf400000006000200fa00004f7800f0c2b300d4
:10fb04009e40780080cf50000700360090c3b300b9
:10fb14009e40780080cf500003003e0000cdb3002b
:10fb24001e4040001700370000c4b3009e40780018
:10fb340080cf50000700360060c4b3009e407800b8
:10fb440080cf500003003e0090ccb3001e40400024
:10fb54000c00370000c6b3009e40780080cf5000f0
:10fb64000700360060c6b3009e40780080cf500086
:10fb740003003e0090cab3001e404000010037005d
:10fb840000c0eb000080fa00000006000400fa0048
:10fb9400100798001e00900010407800d5ff070061
:10fba400004f78001e0090000000e800104078002c
:10fbb400d0ff0700104798001e407800e14f400036
:10fbc400030032001e409000e14f400002003a0062
:10fbd40000c0eb00050037001e80fb004400dd0080
:10fbe400804078001e40900000c070000080fa0041
:10fbf400000006000a00fa00300798004107980048
:10fc04003e029000ce02900000802f00f1ff2f00f2
:10fc140004037800050278008002780081007800ef
:10fc24000500630081006200810178000001780012
:10fc3400028fbe0090248100a12481001e01be0019
:10fc4400800f5100818f590002003a000040eb0000
:10fc54002d00370030002400003b88001e0078008f
:10fc6400103b88001e00be004008de0080007800c3
:10fc7400f007200000806000203b88001104800011
:10fc84002107980083e0a9000000000000000000a4
:10fc940050052000303b8800a00a2000303b88003b
:10fca40061e7a80000000000000000000000000060
:10fcb400013b800000002800008060000000e0009c
:10fcc400fbff3a0083e0a8000000000000000000f1
:10fcd4002e01900012048800013b800000002200e5
:10fce400008060000000e0000300320061a7a9006a
:10fcf40010c0b300040037001e01be009224890026
:10fd0400a32489000040eb000080fa0000000600f4
:10fd14001400fa00881f7800000f9800110f980053
:10fd24000e0990009e099000028fbe00a30280007d
:10fd34002307980000002000f10720001e03be00e6
:10fd440006047800070378008003780081007800b7
:10fd540007006400810063008102780000027800db
:10fd64000400be004008de0000007800a002880005
:10fd74009e007800310798003e0090001000ba0001
:10fd8400400798003e0090001080ba005007980089
:10fd94002e019000a20288004e0090008000eb002b
:10fda40060079800710798005e0090006102b80037
:10fdb400f00f200001002000040378000502780001
:10fdc40080027800810078000500630081006200f1
:10fdd40081017800000178000200be00c000dd004f
:10fde400000020006e019000fe01900000007100f0
:10fdf4008180710060079800710798006e00900080
:10fe0400fe0090004f0478000080fa000000060015
:10fe14004200fa00501f9800611f9800721f98005a
:10fe2400032798005e199000ee199000c0ff2f0080
:10fe3400f1ff2f00020378000301780080017800ad
:10fe44008100780003006300810061008102780072
:10fe540000027800048fbe001e01be002207980035
:10fe64003307980022002000030020003e004100d8
:10fe7400ae80490040079800510798002e0090007a
:10fe8400be009000a2ff0700600798007107980069
:10fe94007c0147006e009000fe009000809fbe0031
:10fea400c0612c00801f780002007800f00402007a
:10feb40000000000e68757007c004700e0c2020013
:10fec400010000007e1990008e21900062079800c6
:10fed4007307980010002400003b88001e0078007f
:10fee400103b88001e00be004008de008000780041
:10fef400f007200000806000203b8800a3028000ff
:10ff0400030f9800a00f2000a0028800ee009000cc
:10ff1400110f98006e009000fe0090004008de0073
:10ff240080007800f00f200000806000200f98000f
:10ff34000000eb009e0890000108bb000000eb00ed
:10ff4400ae0890000188bb000e099000a202880050
:10ff540013048000330f980083e0a9000000000020
:10ff64000000000050052000303b8800a00a20005b
:10ff7400303b880061e7a80000000000000000009a
:10ff840000000000013b80000000280000806000a9
:10ff94000000e000fbff3a0083e0a800000000003e
:10ffa40000000000be08900011048800013b80009e
:10ffb40000002200008060000000e0000600320023
:10ffc400c0622c00e0c202000100000061a7a90089
:10ffd4000000eb00130037002e009000be009000dc
:10ffe4004bff0700400f9800510f98007c01470019
:10fff4004e089000de089000809fbe0080632c00b5
:020000040003f7
:10000400801f780002007800f00402000000000065
:10001400e68757007c004700e0c2020001000000b0
:10002400100020000080fa00000006001000fa0012
:1000340050079800610798007207980080f9210022
:100044008040eb00014878007e0090000000e00052
:1000540005003a0080f9210011c0b300014878007e
:1000640010c0b3006e0037005e009000ee009000f8
:10007400e0fe07000004e0000500320080f92100e2
:1000840021c0b3000148780020c0b30064003700e9
:1000940020002400003b8800a10280001107980082
:1000a400a00f2000a00288005e009000103b880092
:1000b4005e009000ee0090004008de0080007800b2
:1000c400f007200000806000203b88000000eb0067
:1000d400000f7800260037001e0078006300b90086
:1000e40000007800fe00900000804000104078007e
:1000f4000080fb00200798001e0078006300b90010
:10010400000078000000e800fe009000008040003d
:10011400104078000080fb004800dd00ae00900035
:1001240001007000200798001e0078006300b900e9
:10013400000078000080e800fe009000008040008d
:10014400104078000080fb00300798001e00780003
:1001540000004000ae0090000108bb001e007800c3
:1001640000004000be0090000188bb001e0fe800a4
:100174009e007800f0072000808f5000d6ff3600e4
:100184009e009000a102880011048000410798009d
:1001940083e0a900000000000000000050052000da
:1001a400303b8800a00a2000303b880061e7a800ab
:1001b400000000000000000000000000013b80007f
:1001c40000002800008060000000e000fbff3a000f
:1001d40083e0a8000000000000000000ce009000b2
:1001e40011048800013b80000000220000806000b0
:1001f4000000e0000600320061a7a90080f9210098
:1002040031c0b3000148780030c0b30004003700a7
:1002140080f921008040eb00014878000040eb00a9
:100224000080fa00000006000a00fa004007980067
:100234006000b800008fbe00ce009000f0ff2000e8
:1002440000806000200798002e0090008080ea0063
:10025400f0ff200000806000300798002e0090001e
:100264008000eb00008fbe003e0090006101b800ea
:100274004c18dd00c410de00810070004c10dd005d
:100284001e1f70001e9770001e00be000080fa0042
:10029400000006001000fa00c0642c00e0c2020056
:1002a40001000000013b800000402000008060004d
:1002b4000000e0000b00320040662c00e0c20200a7
:1002c40001000000c0ff250051042000008fbe0083
:1002d400c0ff250051002000200798003107980036
:1002e4000a00370030672c00e0c202000100000061
:1002f400c0ff250051002000008fbe00c0ff250074
:100304005104200020079800310798000000eb00fa
:10031400c5ff07004007980051079800100020000f
:10032400c1ff070060079800710798004e01900014
:10033400de0190002e009000be009000b4fe070085
:100344000000e00002003a000000eb000900370062
:100354006e019000fe0190001e00be00acfe07007e
:100364000000e00002003a000000eb00010037004a
:10037400100020000080fa00000006000600fa00c9
:10038400200798002e00900090407800a0c3b3008e
:1003940080cf50000200320010c0b3002a003700a2
:1003a40010002000000f7800200037001e007800a5
:1003b400ae00900000804000104078002047980074
:1003c400ae409000f0c2b30080cf5000040034006f
:1003d400ae40900090c3b30080cf500012003400b0
:1003e400ae40900000c4b30080cf5000040034003d
:1003f400ae40900060c4b30080cf50000a003400c7
:10040400ae40900000c6b30080cf5000040034001a
:10041400ae40900060c6b30080cf500002003400ac
:1004240010c0b300080037001e0fe8001e0078005b
:10043400ae00900000804000104078000004e0000e
:10044400daff3a000040eb000080fa0000000600ea
:100454000e00fa00881f7800600798006e00900074
:1004640090407800a0c3b30080cf50000200320057
:1004740010c0b3007d0037006e0090000000e8005b
:10048400c2fd070040479800ce40900000c2b30070
:1004940080cf50000200360010c0b3007300370054
:1004a4006e00900067004000b8fd070050479800b8
:1004b4005e409000e54f50000200360010c0b300cb
:1004c4006a0037006e00900063004000affd070033
:1004d4000080fb004804dd006e00900065004000d1
:1004e400aafd07000080fb00080070003007980098
:1004f4000040eb00004f78004e4090001e4f40003b
:100504003e0090004800de00004078001e4f40008e
:100514003e009000004078001e4f40005e40900076
:100524001e4f40000000eb00100798001c0037002d
:100534001e0090000000400069004000ee009000a2
:100544000080400091fd0700004f98009e0090003d
:1005540030002800008060000000e00004003d003e
:100564000000e900c1ff2f00008070000000e800d7
:10057400e30f500005003a000e4890000004e0002c
:100584000200320010c0b300380037000e4890005b
:100594001e4f40001e0090000000e8001007980065
:1005a4004e4090008080fb001e009000808f500021
:1005b400dfff3c004e4090000080fb000000400044
:1005c40069004000ee009000008040006ffd0700cd
:1005d400104f98001e40ea00204f9800ae4890004b
:1005e4001e48900080cf50000200320010c0b300bb
:1005f4001e0037004e4090000080fb0000004000c9
:100604006b004000ee009000008040001040780035
:10061400ea4f5000140032004e4090000080fb006e
:10062400000040006b004000ee009000008040009d
:1006340010407800ed4f50000b0032004e40900007
:100644000080fb00000040006b004000ee009000c2
:1006540000804000104078000004e00002003200f6
:1006640010c0b300010037000040eb004f047800d5
:100674000080fa00000006000800fa002007980035
:10068400614798006e409000e24f5000250036000c
:100694002e0090000000e8003cfd0700004f7800a9
:1006a40000c2b3009e40780080cf500002003600a4
:1006b40010c0b3001c0037001e407800004040000a
:1006c4006b40400010479800ee4090001e409000a0
:1006d40080cf50000e0039002e0090005cff070010
:1006e4000004e0000500320020682c00e0c2020093
:1006f4000100000020c0b3000b0037002e00900062
:100704000b000700204798002e4090000600370099
:1007140020692c00e0c202000100000010c0b300f8
:100724000100370010c0b3000080fa00000006008a
:100734005600fa00889fbe008a1f7800202f980078
:100744000040eb00204f98002e2890000000e800a5
:100754000efd0700304f98002e28900063004000e3
:100764000afd07000080fb004805dd002e289000ec
:100774006500400005fd07000080fb000a007000d2
:10078400600798002e28900067004000fffc0700d7
:10079400604f98006e4890000004e000c2003a00e8
:1007a40091fc800000082000008060000000e00050
:1007b400bd003a0040f0800051f080006e019000ce
:1007c400c0fc0700000f9800110f98000e0890005d
:1007d4009e0890008100d1000080d300000f980093
:1007e400110f98000e0990009e099000000020004f
:1007f400010420000200400083804800200f98007c
:10080400310f980062f0800073f080000080eb00ec
:100814008080eb00800f5100818f5900410032002d
:10082400a2fc8000b3fc800030f921001040780065
:100834000080fb000000d100004078000080fb0035
:100844008000eb0002014000838148002e089000e4
:10085400be089000800f5100818f59003100320092
:10086400906a2c00e0c2020001000000a0fc80009d
:10087400b1fc8000220220000e014100809fbe00d6
:100884002e089000be089000809fbe00306c2c00a3
:10089400801f780002007800f004020000000000cd
:1008a400ea875700200220000e004000e0c2020048
:1008b400010000002e099000be099000f0ef250011
:1008c40001042000800f5100818f590004003e0074
:1008d40030c0b300204f98002e489000db00370052
:1008e40080f080000000e0000a00320060f0800028
:1008f40071f0800022e12100ccfd07000004e0003b
:100904000400320090c0b300204f98002e4890009d
:10091400ce00370090fc80000070a00090fc88009e
:10092400610037002e099000be099000a2fc8800e7
:10093400b3fc880030f92100be49900003487800d8
:100944000000eb00000f7800530037009e00780091
:1009540063806000e30f50004d00320080f080009f
:100964000000e0002c003a0062f0800073f0800088
:100974000080eb008080eb00800f5100818f5900d4
:1009840010003a002e099000be09900000f02f00dc
:10099400f1ff2f0002027800030178008001780043
:1009a4008100780003006200810061008104780006
:1009b400000478000800be0060f0880071f0880030
:1009c4000600370060f0800071f080000010b00075
:1009d4000180b00060f0880071f088000000eb0036
:1009e40010079800080037009e00900020e12100c5
:1009f4000080400080c0eb00014878001e00900099
:100a04000000e800100798009e009000f0172000f6
:100a1400808f5000f4ff36008af080001e007800ba
:100a24000000400069004000ae28900000804000b3
:100a340056fc070021e12100810045008048780030
:100a440080f080000000e80080f0880081f08000e1
:100a540000182000808f50000e003a0060f08000e3
:100a640071f0800022e1210070fd07000004e00025
:100a74000400320080c0b300204f98002e4890003c
:100a8400720037000000eb0080f08800010037009e
:100a9400000000001e0fe8003e4890000080fb00ac
:100aa4009e0f5000a9ff3e006e4890000004e00035
:100ab4004a003a0091fc8000000820000080600099
:100ac4000000e0004500320040f0800051f080005a
:100ad4006e019000fbfb0700400f9800510f980037
:100ae4004e089000de0890008100d1000080d30001
:100af400400f9800510f98004e099000de099000b5
:100b0400000020000104200002004000838048000f
:100b1400600f9800710f98006e099000fe09900014
:100b2400c0ff250051042000800f5100818f59001f
:100b3400020036000040eb00440037006000b800bb
:100b440020079800310798000000eb004007980048
:100b5400140037004e00900000004000690040007f
:100b6400ae2890000080400008fc07008080fb0055
:100b74004e0090004300dd000008dd00cf80de0061
:100b84002e019000be019000000071008180710070
:100b940020079800310798004e0090000000e800fc
:100ba400400798003e4890008080fb004e00900073
:100bb400808f5000e7ff3c002e019000be019000a2
:100bc4006e089000fe08900091fc07000000e00011
:100bd4001c003a0010c0b3001c0037006e4890009f
:100be400e44f500010003a002e28900069004000a5
:100bf400e6fb07000080fb004804dd002e2890007f
:100c04006b004000e1fb07000080fb00080070005f
:100c1400001798000e1090008000eb0040f0880050
:100c240051f08800080037006e489000e14f5000f2
:100c340005003a0090fc80000050a00090fc880061
:100c440001003700000000000040eb004f05780071
:100c54004f04be000080fa00000006000400fa0001
:100c640000c42000104078000080fb006100600098
:100c7400004078000004e00004003a006080200096
:100c8400104078000004e00013003200c19b800093
:100c9400b0248100808f50000f003200b124810005
:100ca400c09b8000811f7800801f7800c01c2c002e
:100cb400801f7800e0bc2000f00402000000000067
:100cc400e6875700e0bc2000e0c2020001000000fb
:100cd400c09b8000b0248900c09b8000ec0f5000b2
:100ce40004003e00411f200010c1b3008e620200c8
:100cf40001000000c09b8000eb0f50005f00320039
:100d0400eb0f50000e003e00e50f50004000320093
:100d1400e50f500005003e000000e0001a0032001c
:100d2400e10f50002400320038033700e60f500072
:100d34003d003200ea0f5000470032003303370011
:100d4400ee0f5000ed023200ee0f500005003e00a1
:100d5400ec0f5000ab003200ed0f5000e900320000
:100d64002a03370041062000810f50000f03320090
:100d7400810c2000810f500017033200ef0f500048
:100d8400ea02320021033700c01e22008040eb003b
:100d9400014878002012220001c5b3000148780000
:100da40080a420008040eb0001487800100020005f
:100db400c09b88002a0337002012220010407800cc
:100dc4000004e000050032002012220010407800e8
:100dd4008040e900201222000148780020122200fd
:100de400104078000004e00002003a00a000200057
:100df400c09b880080a42000104078000004e0001c
:100e040006033200a0002000c09b880014033700b2
:100e14002012220081c2b300014878006000200043
:100e2400c09b88000e033700201222001040780077
:100e34008040e9002012220001487800201222009c
:100e4400104078000004e000f6023a00a000200000
:100e5400c09b880002033700030307000004e0007e
:100e6400f2023200b0002000c09b88002012220051
:100e7400a1c0b30001487800f9023700fa02070064
:100e84000004e000550032002012220010407800d7
:100e94000004e0004b003a00a0ae200010407800af
:100ea4000004e000e3023a00b6e6a800b6c6a800d3
:100eb400ca06a800ca26a8001ec30200010000003a
:100ec400a01d2c00e0c202000100000010c0b3000d
:100ed4004ca6020001000000aee3a80030d680005a
:100ee4000000d100614060000080fb00801f78009a
:100ef400a01e2c00801f7800e0bc2000f00402003b
:100f040000000000e4875700e0bc2000e0c20200bb
:100f140001000000e0cc80000000d10061406000ce
:100f24008081fb00e0cc8000614060000081fb0018
:100f3400d0aa2100104078008080fb00f0a8210096
:100f4400104078000080fb00831f7800821f780027
:100f5400811f7800801f780000202c00801f7800fb
:100f6400e0bc2000f004020000000000ea87570003
:100f7400e0bc2000e0c2020001000000620020008a
:100f840061222c00e0bc20001805020000000000d3
:100f9400e1bc2000e0bc20006c82020000000000e4
:100fa40010b12000e0c2020001000000c0222c00a9
:100fb400e0c2020001000000c0002000c09b8800c5
:100fc400a702370020122200104078008040e90078
:100fd4002012220001487800a102370050002000ae
:100fe400c09b88008ca60200010000000004e00001
:100ff400920232000040eb004ca602000100000007
:1010040097023700980207000004e0000400320051
:10101400a0ae2000104078000004e0000f00320071
:101024001ec3020001000000e0222c00e0c2020006
:10103400010000008ca60200010000000004e00092
:10104400030032000040eb004ca602000100000047
:1010540050002000c09b8800810237008ca602004b
:1010640001000000e14f50000300320010c0b30043
:101074004ca6020001000000e0a180000000e00096
:1010840006003200e0a18000e50f500003003200aa
:10109400e0a18000e60f50006a023a00201222000c
:1010a40041c0b300014878006200200061222c0096
:1010b400e0bc20001805020000000000e1bc200094
:1010c400e0bc20006c8202000000000010b120008f
:1010d400e0c2020001000000c0222c00e0c20200b5
:1010e40001000000d0002000c09b880060fe80004a
:1010f400e50f500055023a00800c2000c09b880088
:1011040057023700580207000004e00004003200d0
:10111400a0ae2000104078000004e0000f00320070
:101124001ec302000100000000242c00e0c20200e3
:10113400010000008ca60200010000000004e00091
:10114400030032000040eb004ca602000100000046
:1011540050002000c09b880041023700e0a18000bd
:101164000000e00006003200e0a18000e50f50001e
:1011740003003200e0a18000e60f500035023a007f
:1011840020122200104078000004e000d5013a004b
:10119400e0002000c09b880000f020000640020010
:1011a4000100000000f0200090407800a0c720005b
:1011b4001040780080cf500008003400a0c7200001
:1011c400104078008040780000f020001040780043
:1011d40000c05000784f400006003700a0c7200030
:1011e400104078008040780000f020001040780023
:1011f40000cf50009e407800c00320000088b90052
:101204000000780080407800b0c7200010407800cb
:101214000041780010f02000104078000040510098
:1012240000c04000204798000040eb0010479800a1
:101234002e4090000004e00003003a0010c0b30008
:1012440010479800080037002e409000fd4f5000d2
:1012540003003e00ae4090001147980002003700a2
:10126400e0c1b300104798001e4090000080fb00ce
:10127400801f780020252c00801f7800e0bc20000f
:10128400f004020000000000e4875700e0bc2000e6
:10129400e0c20200010000001e4190008040eb000b
:1012a40000f02000404102000100000011c0b30022
:1012b40070c0b300aa420200010000001e4090006a
:1012c4006f4040008040780000f02000004402009d
:1012d4000100000021c0b30070c0b300f844020054
:1012e4000100000000c120008040eb0001487800ac
:1012f400e0c020008040eb0001487800f0c02000ee
:101304008040eb00014878000040eb00d655020015
:1013140001000000602c020001000000f62702001a
:1013240001000000b6e6a800b6c6a800ca06a800d8
:10133400ca26a8001100200010c1b3008e6202006a
:10134400010000000000eb00e0738800a20120000f
:101354008000eb0060c220002605020000000000af
:101364000060fe008000eb0010262c006c8202005e
:101374000000000010b12000e0c2020001000000e3
:1013840010b120008040eb00014878006022210069
:1013940011c0b300014878000000eb00e07388003e
:1013a400a0132100f1c3b30001487800a0802000fd
:1013b4008040eb000148780000000000d11c800050
:1013c40000102000008060000000e000fbff3200fd
:1013d400811d800000102000008060000000e000fb
:1013e400f6ff32008fa6a800a2c6a800a2e6a900b4
:1013f400001920007058880030c420008040eb00a1
:101404000148780000b12000104078008040780046
:101414000114a10000b120000148780020262c000e
:10142400e0c202000100000000000000d11c8000a6
:1014340000102000008060000000e000fbff32008c
:10144400811d800000102000008060000000e0008a
:10145400f6ff32000060fe000100370000000000cb
:10146400d11c800000102000008060000000e0001b
:10147400faff3200811d800000102000008060000f
:101484000000e000f5ff32004104800000802000ed
:10149400008060000000e000f0ff3a00510480008a
:1014a40000002400008060000000e000ebff3a0030
:1014b40050048000680060000000e000e7ff3a008c
:1014c4000000000098e3a800aee3a80000000000bc
:1014d400c02621008040eb0001487800d11c800028
:1014e40000102000008060000000e0006300320073
:1014f400811d800000102000008060000000e000da
:101504005e00320041048000008020000080600002
:101514000000e00059003a0051048000000024005b
:10152400008060000000e00054003a005004800095
:10153400680060000000e00050003a00413780007d
:1015440000202000008060000000e0004b003a0012
:10155400a136800000042000008060000000e0004c
:1015640046003a00000000000040fe0000272c0066
:10157400e0c2020001000000500480004300de00cd
:10158400614060000082fb00500480004e00de00d9
:10159400614060008081fb00400480004b00de005d
:1015a400614060000081fb00801d80004800de0077
:1015b400614060008080fb00d01c80004800de0099
:1015c400614060000080fb00841f7800831f780066
:1015d400821f7800811f7800801f7800f0272c007c
:1015e400801f7800e0bc2000f0040200000000002e
:1015f400ec87570000000000e0bc2000e0c20200bd
:1016040001000000c0262100104078008001fb008a
:10161400a03680004200de00614060000081fb00d3
:10162400a03680004600de00614060008080fb0040
:10163400403780004900de00614060000080fb000c
:10164400831f7800821f7800811f7800801f780034
:10165400e02a2c00801f7800e0bc2000f004020087
:1016640000000000ea87570000000000e0bc2000f2
:10167400e0c20200010000003a003700c02d2c0037
:10168400e0c2020001000000500480004e00de00b1
:10169400614060008081fb00400480004b00de005c
:1016a400614060000081fb00801d80004800de0076
:1016b400614060008080fb00d01c80004800de0098
:1016c400614060000080fb00831f7800821f780067
:1016d400811f7800801f7800b02e2c00801f7800b6
:1016e400e0bc2000f004020000000000ea8757007c
:1016f40000000000e0bc2000e0c202000100000085
:10170400a03680004600de00614060000081fb00de
:10171400403780004900de00614060008080fb00ab
:10172400500480004300de00614060000080fb0044
:10173400821f7800811f7800801f780010312c00f0
:10174400801f7800e0bc2000f004020000000000cc
:10175400e887570000000000e0bc2000e0c202005f
:1017640001000000c0262100104078000004e000c1
:101774000300320050e7200011c0b3000148780094
:101784000060fe0006640200010000003e3d02000d
:101794000100000000f020000640020001000000eb
:1017a4000040eb00fa46020001000000ca430200b8
:1017b400010000002c46020001000000a0918000fe
:1017c400e10f400003003200a09180000000e80017
:1017d400a0918800d0338000680060000000e00021
:1017e40006003200b0918000e10f40000300320097
:1017f400b09180000000e800b0918800403680007d
:10180400700060000000e00006003a00c091800013
:10181400e10f400003003200c09180000000e800a6
:10182400c0918800413680000002200000806000e2
:101834000000e0000c0032004036800068006000c8
:101844000000e000080032004036800064006000c0
:101854000000e00004003200b03580006400600045
:101864000000e00006003a00d0918000e10f400043
:1018740003003200d09180000000e800d09188007d
:101884008000eb0010262c006c8202000000000097
:1018940010b12000e0c2020001000000c0222c00b0
:1018a400e0c202000100000010b120008040eb0003
:1018b4000148780030cc200011c0b3000148780002
:1018c40040062000b0978800c1968000f00f2000e9
:1018d400808f500061003a00e01f2000c09688000d
:1018e4005f00370020122200104078008040e90099
:1018f4002012220001487800590037008ca602000b
:10190400010000000004e000030032000040eb008e
:101914004ca60200010000000000eb00e073880008
:10192400f0002000c09b88004d00370030cc200020
:1019340011c0b300014878000000eb00e073880098
:101944001ec3020001000000c0968000801f7800c2
:10195400f0322c00801f7800e0bc2000f00402006c
:1019640000000000e4875700e0bc2000e0c2020051
:1019740001000000c1968000b00c2000808f500050
:1019840004003a00007d200001002000d096880069
:10199400e196880000f020000640020001000000eb
:1019a40050002000c09b88002d003700000000007c
:1019b4000000000000000000000000000000000023
:1019c4000000000098e3a900aee3a9000000eb00ca
:1019d400c09b880022003700b0342c00e0c2020013
:1019e40001000000b46202000100000083e0a900cd
:1019f40000000000000000000000000000000000e3
:101a0400000000000000fe00150037000000eb009d
:101a1400c09b880000000000110037000000000097
:101a24000f003700000000000d0037000000000028
:101a34000b00370000000000090037000000000020
:101a44000700370000000000050037000000000018
:101a54000300370000000000010037000000000010
:101a64000080fa00000006000200fa0060fe800018
:101a7400e10f500002003a000040eb00750037000f
:101a8400c1968000f00f2000808f500002003a00c1
:101a940010c0b3006f003700c1968000700e2000a4
:101aa400808f500006003600c1968000d00e2000c2
:101ab400808f500002003e000040eb0065003700bc
:101ac400c1968000d01f2000808f50000600360091
:101ad400c196800000202000808f500002003e004c
:101ae4000040eb005b003700c1968000100f20001f
:101af400808f500002003a000040eb005500370090
:101b0400c1968000b0032000808f5000060036008c
:101b1400c196800000042000808f500002003e0027
:101b24000040eb004b003700b1c68000000e2000df
:101b3400008060000000e000020032000040eb0082
:101b44004400370030802000104078000004e0009a
:101b5400020032000040eb003e00370070c320005a
:101b6400104078000004e000020032000040eb0066
:101b740038003700803d2100104078000004e00068
:101b840002003a000040eb00320037004099800028
:101b9400e20f5000020036000040eb002d00370039
:101ba400309a80000000e000020032000040eb00a8
:101bb40028003700809a80000000e0000200320014
:101bc4000040eb0023003700d09a80000000e000c2
:101bd400020032000040eb001e003700209b800012
:101be4000000e000020032000040eb001900370062
:101bf400709680000000e000020032000040eb001c
:101c040014003700109c8000e10f500002003200e5
:101c14000040eb000f0037000000eb00000f7800dd
:101c24000800370030c420001e0040001040780037
:101c3400e54f500002003a000040eb000500370079
:101c44001e0fe8001e007800e30f5000f5ff34007b
:101c540010c0b3000080fa00000006000600fa007d
:101c6400200798000040eb0020479800ae00900049
:101c7400010f78000d0037002e4090006a00b90073
:101c840000007800204798001e007800104078007b
:101c9400804078002e40900080c0400000cdb3000a
:101ca40000c04000204798001e0fe8001e00780086
:101cb40090407800f0c2b30080cf5000050034009b
:101cc4001e0078009040780090c3b30080cf50008d
:101cd400e9ff34002e4090000080fa000000060066
:101ce4000800fa0030079800be0090001107980021
:101cf4001e00900090407800d0c2b30080cf500006
:101d040006003a001e0090000000e800100798004a
:101d140000c0eb00004f78000200370010c0b30091
:101d2400004f78000040eb00404798001000370057
:101d34004e4090006a00b90000007800004078002e
:101d4400404798001e0090001040780080407800c2
:101d54004e40900080c0400000cdb30000c0400061
:101d6400404798001e0090000000e800100798000b
:101d74001e00900090407800f0c2b30080cf500065
:101d8400050034001e0090009040780090c3b3001a
:101d940080cf5000e6ff34001e407800ce40900013
:101da4008180fb000088b9000000780000407800c2
:101db4000080fa00000006000800fa0030079800ce
:101dc4006000b8001007980021079800be0090003a
:101dd400010f78001c0037002e0090006a00b90043
:101de400000178001e0090006000b9000000780037
:101df400000141009e009000a00020000008b800ef
:101e04000101410082007800100798002107980022
:101e140010079800210798001e00780010407800f1
:101e24000000fb000003b100cf80de001e01900023
:101e3400ae01900002004000838048001007980023
:101e4400210798001e0fe8001e00780090407800db
:101e5400f0c2b30080cf5000050034001e007800ab
:101e64009040780090c3b30080cf5000daff340074
:101e74001e009000ae0090000080fa0000000600f2
:101e84000800fa002007980031079800be0090006f
:101e9400010f7800ae009000f0702200808f500097
:101ea400170036002e009000c400de0070342000bd
:101eb4000008b8004308de00004078000043b0008a
:101ec400804078003e009000014878003e00900079
:101ed4000000e800300798002e019000c410de00d6
:101ee400703420000008b800c308de00007122002e
:101ef4000088b90000007800000051002007980015
:101f0400ae009000703e2000808f50001800360014
:101f14002e009000c300de00500c22000008b80020
:101f24004408de00004078000043b00080407800a0
:101f34003e009000014878003e0090000000e80058
:101f4400300798002e019000c310de00500c2200d0
:101f54000008b800c408de00803e20000088b900f4
:101f64000000780000005100200798000a003700a4
:101f74003e0090009e007800808f500006003200e2
:101f84003e00900001c3b300014878003e00900079
:101f94000000e80030079800ae00900030062000f2
:101fa400808f5000180036002e009000c200de0022
:101fb400b04721000008b8000100d10000407800bb
:101fc4000043b000804078003e0090000148780053
:101fd4003e0090000000e800300798002e019000b9
:101fe400c210de00b04721000008b8008100d10013
:101ff400400620000088b90000007800000051006d
:10200400200798000a0037003e0090009e007800e8
:10201400808f5000060032003e00900001c3b300e0
:10202400014878003e0090000000e8003007980066
:102034002e009000e90f50000d003600ae00900015
:10204400d0cc2c000008b8004308de000040780023
:102054000043b000804078003e00900001487800c2
:102064003e0090000000e800300798000a003700a6
:102074003e0090009e007800808f500006003200e1
:102084003e00900001c3b300014878003e00900078
:102094000000e800300798002e019000d0cc2c00fe
:1020a4000010b8004308de006a00b90000007800a0
:1020b40000005100200798002e0090000040780096
:1020c4000043b000804078003e0090000148780052
:1020d4003e0090000000e800300798003e009000a9
:1020e4008040eb0001487800be0090001e0078009c
:1020f40000805000100798001e0090000080fa0035
:10210400000006000200fa00004f7800f0c2b3009d
:102114009e40780080cf50000800340090c3b30084
:102124009e40780080cf500004003c009e40780020
:1021340000cdb30000c040000d00370000c4b30060
:102144009e40780080cf50000800340060c4b30083
:102154009e40780080cf500004003c009e407800f0
:1021640090ccb30000c04000010037000040eb00f9
:102174000080fa00000006000200fa00004f780018
:102184001e4078000004e000060035001e40780080
:10219400e94f500003003c001e4078000043b000ab
:1021a4000a0037001e407800e94f50000600340052
:1021b4001e407800ef4f500003003c001e407800a2
:1021c4007043b0000100370000c3b3000080fa0080
:1021d400000006000400fa00100798000000eb005d
:1021e400000f78001e0090000000e000080032009c
:1021f400010037001e0fe8001e0078009e009000ca
:1022040000804000104078000004e000f9ff3a002c
:102214001e0078000080fa00000006000400fa00a6
:10222400100798000000eb00000f78001e009000db
:102234000000e00008003200010037001e0fe80033
:102244001e0078009e00900000804000104078003e
:102254000004e000f9ff3a001e0078000080fa0054
:10226400000006000a00fa00404798003107980071
:10227400024f9800be009000010f7800ce409000fd
:1022840030c6b30080cf500003003e000e489000db
:10229400e24f5000190036004e4090000080fb00d1
:1022a400c200de00b04721000008b8000100d100e0
:1022b400004078000043b000804078003e00900069
:1022c400014878003e0090000000e80030079800c4
:1022d4004e4090000081fb00c210de00b047210098
:1022e4000008b8008100d100400620000088b90031
:1022f4000000780000005100404798004e409000d4
:10230400e94f50000e0036004e4090008080fb00e4
:10231400d0cc2c000008b8004308de000040780050
:102324000043b000804078003e00900001487800ef
:102334003e0090000000e800300798000d003700d0
:102344003e0090009e007800808f500003003a0009
:102354000e489000e14f5000060036003e00900009
:1023640001c3b300014878003e0090000000e8007b
:10237400300798004e4090000081fb00d0cc2c0028
:102384000010b8004308de006a00b90000007800bd
:1023940000005100404798004e4090000043b000b8
:1023a400804078003e009000014878003e00900094
:1023b4000000e800300798003e0090008040eb00e9
:1023c400014878003e009000804078001e007800ac
:1023d4000040780000c05000204798002e40900034
:1023e4000080fb000080fa00000006000e00fa00e6
:1023f400300798004107980052079800434f98000f
:102404003e009000ce009000e00f5000e08f580096
:102414004d0032004e489000004fe9001e80fb0042
:10242400de009000008040008040eb00014878000e
:10243400180037001e4fe9003e009000ce009000c7
:10244400a2002000030020009c0402000000000001
:1024540010079800210798001e80fb00de00900002
:10246400008040009e009000814078000143b0004d
:10247400014878003e009000ce009000a2002000a9
:10248400030020007c0402000000000030079800d4
:10249400410798001e4078000004e0000500320067
:1024a4003e009000ce009000e00f5000e08f5800f6
:1024b400e0ff3a001e4078000004e0001f003200f4
:1024c4000040eb00104798000d0037001e409000bc
:1024d4000080fb00de009000008040009e80fb0036
:1024e4005e0190008100410091407800014878002d
:1024f4001e4090000040e800104798001e4fe8007e
:102504001e80fb00de009000008040001040780038
:102514000004e000edff3a001e4090000080fb0044
:10252400de009000008040008040eb00014878000d
:102534001e4090000080fb000b0037004e489000c6
:102544000080fb00080037005e00900001c3b30068
:10255400014878005e0090000000e8008040eb0035
:1025640001487800100020000080fa0000000600f6
:102574000600fa00881f7800204798002107980079
:102584002e4090006f4f6000ae40900000cfb3002b
:1025940000c06000104798001e4090000080fb00bf
:1025a4004400de00104798001e409000f2fe070031
:1025b400804078002e009000014878002e009000a2
:1025c4000004e8001e407800ebfe0700004c780091
:1025d4002e0090000080e8008040eb000148780065
:1025e400200020004f0478000080fa00000006005c
:1025f4000600fa00200798000000eb00100798007e
:10260400ae009000010f78000c0037001e0090000f
:102614006a00b90000007800100798001e007800d6
:10262400104078008000fb001e00900000804000f5
:102634000003b100100798001e0fe8001e00780088
:1026440090407800f0c2b30080cf50000500340001
:102654001e0078009040780090c3b30080cf5000f3
:10266400eaff34001e0090000080fa00000006001b
:102674000800fa00604798006e4090008080fb00dc
:102684000e007800811f780001af2c00811f7800b4
:10269400f004020000000000e48757000e007800f8
:1026a400d2080200010000000080fa0000000600c9
:1026b4000c00fa0050079800de009000811f78009b
:1026c40000af2c00801f78000e007800f004020098
:1026d40000000000e48757000e007800d2080200d2
:1026e400010000000080fa00000006000600fa0065
:1026f40020079800ae0090001107980003003700ef
:102704001e0090000000e800100798001e009000d2
:102714009040780000c2b30080cf5000f8ff320030
:102724002200200031af2c001e009000560602004b
:10273400000000000000e00015003200220020002c
:1027440061af2c001e00900056060200000000003d
:102754000000e0000e0032001e009000904078005f
:1027640080c7b30080cf5000090032001e009000e3
:102774009040780080c5b30080cf50000400320040
:102784001e00900035fd0700004f78004a00370016
:102794001e0090009040780080c7b30080cf5000a6
:1027a400050032001e0090009040780080c5b30000
:1027b40080cf500004003a001e0090000000e800a2
:1027c40010079800030037001e0090000080e80006
:1027d400100798000040eb00004f78002d003700f0
:1027e4001e4078004400dd00004f78001e00900079
:1027f40090407800f0c2b30080cf50000b0034004a
:102804001e0090009040780090c3b30080cf500029
:1028140006003c001e009000104078009e404000de
:1028240000cdb30000cf4000170037001e00900019
:102834009040780000c6b30080cf50000d003400f3
:102844001e0090009040780060c6b30080cf500016
:1028540008003c001e009000104078008040780082
:1028640000ceb30000c04000804078001e009000fd
:10287400014878001e009000104078009e404000ff
:1028840090ccb30000cf40001e0090000000e80090
:10289400100798001e009000104078000004e0002b
:1028a400050032001e0090009040780000c2b30082
:1028b40080cf5000caff3a001e4078000080fa0022
:1028c400000006000000fa007a46a800b0978000d5
:1028d4008000eb004206200003002000820f50001d
:1028e400838f5800ce023e00006001006400370070
:1028f400850037008e003700ab003700b400370086
:10290400d1003700df003700f8003700010137003d
:102914002a013700330137008e013700990137004f
:10292400b3013700be023700bd023700bc023700d6
:10293400bb023700ba023700b9023700b8023700c9
:10294400b7023700b6023700b5023700b4023700c9
:10295400b3023700b2023700b1023700b0023700c9
:10296400af023700ae023700ad023700ac023700c9
:10297400ab023700aa023700a9023700a8023700c9
:10298400a7023700a6023700a5023700a4023700c9
:10299400a3023700a2023700a1023700a0023700c9
:1029a4009f0237009e0237009d0237009c023700c9
:1029b4009b0237009a0237009902370098023700c9
:1029c40097023700960237009502370094023700c9
:1029d40093023700920237009102370090023700c9
:1029e4008f0237008e0237008d0237008c023700c9
:1029f4008b0237008a0237008902370088023700c9
:102a040087023700860237008502370084023700c8
:102a140083023700820237008102370080023700c8
:102a24007f0237007e0237007d0237007c023700c8
:102a34007b0237007a0237007902370078023700c8
:102a440077023700760237007502370074023700c8
:102a540073023700720237007102370070023700c8
:102a64006f0237006e0237006d0237006c023700c8
:102a74006b0237006a0237006902370061023700cf
:102a8400604622008040eb0001487800e20020000c
:102a94008000eb00804622002605020000000000b2
:102aa40020cc20008040eb000148780060472200e1
:102ab4008040eb000148780030cc20008040eb00df
:102ac400014878000000eb00006688000000eb007d
:102ad4002066880060cc20008040eb00014878002c
:102ae4007a66a900b6e6a800b6c6a900411f200070
:102af40040c0b3008e6202000100000010002000fc
:102b0400b09788004902370060c0b3002464020013
:102b14000100000020002000b0978800a1002000e0
:102b240040c0b3008e620200010000003f02370083
:102b34003264020001000000c0238900c123810027
:102b4400400220000088b90000007800402389007a
:102b54004123810080a92300808f500004003c00a1
:102b64004123810030902200808f500004003c00fb
:102b7400302381000000a1003023890003003700c6
:102b8400302381000000a00030238900a100200030
:102b940040c0b3008e62020001000000300020003b
:102ba400b09788002102370070c0b300246402008b
:102bb4000100000040002000b0978800a100200020
:102bc40040c0b3008e62020001000000170237000b
:102bd4003264020001000000c0238900c123810087
:102be400400220000088b9000000780050238900ca
:102bf40051238100c00c2100808f500004003c0050
:102c04005123810070bb2000808f500004003c00e1
:102c1400302381000010a100302389000300370015
:102c2400302381000010a00030238900a10020007f
:102c340040c0b3008e62020001000000500020007a
:102c4400b0978800f9013700302381000020a000ec
:102c540030238900300020006023890080c0b30045
:102c6400246402000100000060002000b097880086
:102c7400a100200040c0b3008e62020001000000e9
:102c8400ea0137003264020001000000c023890019
:102c9400c1238100400220000088b90000007800b0
:102ca4007023890071238100c0762000808f50003a
:102cb40004003c0071238100306a2000808f5000a2
:102cc40004003c00302381000030a100302389003f
:102cd40003003700302381000030a0003023890036
:102ce40070002000b0978800d001370050c0b300b6
:102cf400246402000100000080002000b0978800d6
:102d0400a100200040c0b3008e6202000100000058
:102d1400c60137003264020001000000c0238900ac
:102d2400c1238100400220000088b900000078001f
:102d340080238900d0338000680060000000e00038
:102d44000b003a0080238100a023890030cc2000ae
:102d540010407800e14f500003003a0030cc2000ce
:102d640021c0b300014878000000eb000066880031
:102d74000192800080238100808f500008003d0074
:102d8400802381000092880000f020001040780029
:102d940012c4b3008240400040242100014878005e
:102da40090002000b0978800a100200040c0b3002c
:102db4008e620200010000009c01370040c0b30095
:102dc4002464020001000000a0002000b0978800e5
:102dd400a100200040c0b3008e6202000100000088
:102de400920137003264020001000000c023890010
:102df400c1238100400220000088b900000078004f
:102e040090238900e191800090238100808f5000fd
:102e140008003d0090238100e091880000f020002c
:102e24001040780012c4b3008240400020242100e6
:102e340001487800f191800090238100808f500038
:102e44000800340090238100f091880000f02000f5
:102e54001040780012c4b3008240400030242100a6
:102e640001487800902381008000780020248100ac
:102e7400401fb000808f50000500360011c0b30021
:102e8400200020001a280200010000000900370079
:102e9400902381008000780020248100808f5000de
:102ea4000400310011c0b300200020004c280200af
:102eb400010000008123810080af2200808f500038
:102ec4000500340011c0b300800020001a2802005d
:102ed400010000001800370081238100f07c2000ed
:102ee400808f500014003c0000f020001040780057
:102ef4008000fb0040c22000104078000080fb00ee
:102f0400808f50000c00350000f020001040780045
:102f14008000fb0050c22000104078000080fb00bd
:102f2400808f500004003d0011c0b30080002000d9
:102f34004c28020001000000b0002000b097880077
:102f4400a100200040c0b3008e6202000100000016
:102f54003601370030cc200010407800e24f50009a
:102f64000800360030cc20008040eb000148780097
:102f74000000eb0000668800c0002000b0978800c5
:102f84002a01370060cc2000104078000004e000e3
:102f9400140032001ec3020001000000a07a2c00bd
:102fa400e0c202000100000061cc2000e07b2c00a4
:102fb4005a920200000000000041eb0011b1200011
:102fc40060cc2000c6a402000000000010b1200064
:102fd4008040eb000148780060cc20008040eb008a
:102fe40001487800d0002000b09788000f01370016
:102ff40030cc200010407800e24f500003003a002b
:1030040030cc200031c0b30001487800f1238100a6
:1030140000248100808f500021003900400d2300de
:10302400f0238900e0472200c5262200e42622007e
:103034008001780022c0b300f12e200000c5b30047
:10304400443a020001000000006b230000248900c0
:1030540000482200c5262200e426220080017800d0
:1030640022c0b300112f200000c5b300443a02006f
:1030740001000000401f2000102489002048220085
:10308400c5262200e42622008001780022c0b30075
:10309400312f200000c5b300443a020001000000b3
:1030a40020cc2000104078000080fb00e10f50008d
:1030b4004b003200e20f5000a90032000000e00093
:1030c400c0003a009023810080007800f023810042
:1030d400808f50000b003100802381008000780035
:1030e4009023810000017800102481000000410039
:1030f400808f500003003600206680000000e0004e
:1031040003003d00206680000000e0001b00340046
:103114006047220011c0b300014878007a66a80015
:10312400b6e6a900b6c6a80020cc200011c0b300a2
:103134000148780060482200104078000081fb00bc
:103144008123810090238100821f7800811f7800f1
:10315400801f7800307c2c00801f7800e0bc2000a9
:10316400f004020000000000e8875700e0bc2000e3
:10317400e0c2020001000000060037007a66a900e0
:10318400b6e6a800b6c6a900604722008040eb005e
:103194000148780030cc2000104078000004e000a2
:1031a4008c0032007a66a900b6e6a800b6c6a9006b
:1031b40020cc200021c0b30001487800b2012000d7
:1031c400717e2c00e0bc2000180502000000000005
:1031d400e0bc2000e0c202000100000082003700d1
:1031e4007a66a800b6e6a900b6c6a80020668000e4
:1031f4000000e0002b003500206680000000e000a5
:1032040044003a0060482200104078000080fb002f
:10321400610060000000e0003e003a00902381005d
:103224008000780000248100808f500004003e005c
:103234008123810090238100808f500006003c0090
:1032440060482200104078000080fb0062006000ab
:103254000000e00013003200902381008000780019
:1032640000248100808f500008003e00a1238100cb
:1032740090238100808f500004003400812381005a
:1032840080382100808f500022003c0060482200da
:10329400104078000080fb00620060000000e00045
:1032a4001c003200604722008040eb000148780097
:1032b4007a66a900b6e6a800b6c6a90020cc20000c
:1032c4008040eb00014878006048220010407800fc
:1032d4008081fb00a223810081238100902381004f
:1032e400831f7800821f7800811f7800801f780078
:1032f40020802c00801f7800e0bc2000f004020035
:1033040000000000ea875700e0bc2000e0c2020091
:103314000100000030cc2000104078000004e000e0
:103324002e0032007a66a900b6e6a800b6c6a90047
:1033340020cc200021c0b30001487800b201200055
:10334400d1822c00e0bc200018050200000000001f
:10335400e0bc2000e0c202000100000022003700af
:103364007a66a900b6e6a800b6c6a90030cc20004b
:10337400104078000004e0001a003a007a66a800c1
:10338400b6e6a900b6c6a80020cc20008040eb0019
:1033940001487800a0238100801f780080842c00dd
:1033a400801f7800e0bc2000f00402000000000050
:1033b400e4875700e0bc2000e0c2020001000000e6
:1033c4000900370020cc20008040eb000148780041
:1033d4000500370000000000030037000000000073
:1033e400010037000000000010002000b0978800a2
:1033f400813e200040c0b3008e6202000100000044
:103404000a00370010002000b0978800a1002000b7
:1034140040c0b3008e6202000100000003003700c8
:103424000000eb00b0978800000000000080fa0064
:10343400000006000200fa00b09c8000ef0f50006c
:10344400c9013200ef0f50000e003e00eb0f500098
:10345400ed003200eb0f500005003e000000e000dc
:103464001e003200e10f500036003200aa0237007d
:10347400ed0f50005f013200ed0f50009e013e0041
:10348400f0003700910c2000810f50000902320037
:10349400910c2000810f500006003e00f00f5000f8
:1034a400ec013200810c2000810f5000f201320047
:1034b40099023700b10c2000810f50007e023200c7
:1034c400b10c2000810f500040023900a10f2000f0
:1034d400810f50008d0232008f0237000080eb0014
:1034e400201e890010c4200090407800903c2200e7
:1034f4000148780020c4200090407800b03c2200ad
:10350400014878006047220090407800a03c2200e7
:1035140001487800a047220010407800e540600090
:10352400803c2200014878000171220040c1b300b0
:103534008e6202000100000010002000b09c880090
:1035440090023700802c2100104078000004e00035
:1035540009003200802c21008040eb0001487800f3
:10356400403a22008040eb0001487800900c200093
:10357400b09c880083023700d03c22008040eb00de
:1035840001487800a047220010407800654f600091
:10359400803c2200104078009e4f50000b00320007
:1035a4000040eb003a09020001000000e14f500026
:1035b40006003a00d03c2200104078008040780099
:1035c4000124a000d03c220001487800c03c220025
:1035d400104078000004e0001c003200a0472200e4
:1035e400104078000080fb00640060000000e000f0
:1035f40016003200a0472200104078008080fb00b3
:1036040000032000008060000000e0000f003a008a
:10361400c03c22008040eb0001487800d03c2200ee
:1036240010407800804078000124a000d03c2200a3
:1036340001487800d03c2200104078008040780097
:103644000134a000d03c220001487800903c2200c4
:103654009040780010c420001040780080cf5000c3
:103664000c003a00b03c22009040780020c42000b6
:103674001040780080cf500006003a00916280002c
:103684009010810080806000201e8100808f500097
:103694000b0032000040eb003a0902000100000078
:1036a400e14f500006003a00d03c22001040780060
:1036b400804078000104a000d03c2200014878003a
:1036c400a03c22009040780060472200104078001f
:1036d40080cf500014003200702122001040780086
:1036e4000004e00010003d000040eb003a09020035
:1036f40001000000e14f50000b003a00d03c2200d2
:1037040010407800804078000114a000d03c2200d2
:10371400014878001ec3020001000000c0aa2c006a
:10372400e0c2020001000000d03c220010407800fa
:103734000004e0002f00320040998000e10f5000a7
:103744002c003a00e0a18000e30f500029003a0069
:1037540060c52000104078000004e000250034001b
:1037640050a90200010000000004e00021003a001a
:10377400d0aa2100104078000004e0001d003a00a7
:1037840090628000301e8900311e810090108100fb
:1037940000806000201e890060472200904078006d
:1037a400a03c22000148780020c42000904078000a
:1037b400b03c22000148780010c4200090407800fa
:1037c400903c220001487800a04722001040780075
:1037d400e5406000803c220001487800403a220025
:1037e4008040eb0001487800c0002000b09c8800b5
:1037f400e4013700a10f200040c1b3008e62020033
:1038040001000000df013700403a22001040780038
:103814008040e800403a220001487800403a220003
:1038240010407800e94f500003003600a00f20003c
:10383400b09c8800d3013700c0002000b09c8800f1
:10384400d0013700403a2200104078000080fb008d
:10385400001e8900001e81004600dd00001e890054
:10386400001e81001004b000001e8900513a22009d
:10387400001e81000080e800c5262200e426220004
:103884008101780012c0b3008000780000c5b30045
:10389400983b020001000000503a220010407800da
:1038a40080407800203c220001487800b0002000cd
:1038b400b09c8800203c2200104078008080fb00ef
:1038c40000042000008060000000e00023003200bb
:1038d400020120008000eb00c01f21002605020029
:1038e40000000000c11f2100001e81007200400082
:1038f400c5262200e426220081017800f2c0b3002c
:103904008000780000c5b300983b0200010000006d
:10391400513a2200c01f2100a6bc02000100000091
:10392400503a2200104078000004e0007e0132008a
:10393400503a220040bf0200010000000000e000f5
:103944007b013200d0002000b09c8800f0132100dd
:1039540041c1b300014878008a013700d03c2200fd
:10396400104078000080fb00680060000000e00068
:1039740071013200020120008000eb00c01f210011
:103984002605020000000000c11f2100001e810066
:1039940072004000c5262200e4262200810178003e
:1039a400f2c0b3008000780000c5b300983b020069
:1039b40001000000513a2200c01f2100a6bc0200f1
:1039c40001000000503a2200104078000004e0009a
:1039d4005b013200503a220040bf020001000000a7
:1039e4000000e0005801320040012000b09c880033
:1039f40064013700503a2200104078000004e000cf
:103a040034003200b0c68000610060000000e000b5
:103a140032003a00f0a82100104078000004e000d1
:103a240004003200f0a8210010407800e34f500059
:103a34002a003a00d0aa2100104078000004e000d7
:103a440004003200d0aa210010407800e34f500057
:103a540022003a00d03c2200104078000080fb0095
:103a640061006000004078000004e00016003200ad
:103a7400203c2200104078008040780000c8b30049
:103a840080c06000301e81008041eb00014178005d
:103a940080007800503a2200462202000100000013
:103aa400411f200040c1b3008e62020001000000eb
:103ab400e0002000b09c8800f0132100a1c0b300f6
:103ac4000148780005003700f0002000b09c880011
:103ad40002003700b0002000b09c8800f0132100e1
:103ae400104078000004e00019013a00b000200002
:103af400b09c880023013700b0c68000614060009c
:103b04000080fb00610060000000e00011003a004a
:103b1400f013210041c1b30001487800203c220089
:103b2400104078000004e00003003d004001200044
:103b3400b09c880002003700f0002000b09c880090
:103b4400411f200040c1b3008e620200010000004a
:103b54000c0137002103200040c1b3008e62020033
:103b64000100000007013700503a2200104078009d
:103b74000004e0002e003200b0c680006100600046
:103b84000000e0002c003a00f0a82100104078006a
:103b94000004e00004003200f0a821001040780086
:103ba400e34f500024003a00d0aa210010407800ce
:103bb4000004e00004003200d0aa21001040780084
:103bc400e34f50001c003a00d03c22001040780023
:103bd4000080fb00620060000000e0001100320081
:103be40090ac2c00e0c20200010000008040eb0019
:103bf400503a22007822020001000000411f2000f8
:103c040040c1b3008e6202000100000000012000e8
:103c1400b09c8800f0132100a1c0b30001487800d3
:103c240005003700b0002000b09c88000200370077
:103c3400b0002000b09c8800f013210010407800f0
:103c44000004e000c4003a00b0002000b09c8800ea
:103c5400cc003700b0c68000614060000080fb00eb
:103c6400610060000000e000bd003a00b0002000e8
:103c7400b09c8800c3003700403a2200104078000e
:103c84008040e800403a220001487800403a22008f
:103c940010407800e94f500003003600a00f2000c8
:103ca400b09c8800b7003700900c2000b09c8800be
:103cb400b4003700403a2200104078000080fb0036
:103cc400001e8900001e81004600dd00001e8900e0
:103cd400001e81001004b000001e8900513a220029
:103ce400001e81000080e800c5262200e426220090
:103cf4008101780012c0b3008000780000c5b300d1
:103d0400983b020001000000503a22001040780065
:103d140080407800203c220001487800800c20007c
:103d2400b09c8800203c2200104078008080fb007a
:103d340000042000008060000000e0008a003200df
:103d4400020120008000eb00c01f210026050200b4
:103d540000000000c11f2100001e8100720040000d
:103d6400c5262200e426220081017800f2c0b300b7
:103d74008000780000c5b300983b020001000000f9
:103d8400513a2200c01f2100a6bc0200010000001d
:103d9400503a2200104078000004e0007400320021
:103da400503a220040bf0200010000000000e00081
:103db40071003200a00c2000b09c8800f013210098
:103dc40041c1b300014878006e003700503a220028
:103dd400104078000004e0002e003200b0c68000dd
:103de400610060000000e0002c003a00f0a821000f
:103df400104078000004e00004003200f0a8210024
:103e040010407800e34f500024003a00d0aa21006b
:103e1400104078000004e00004003200d0aa210021
:103e240010407800e34f50001c003a00d03c2200c0
:103e3400104078000080fb006100600000407800c2
:103e44000004e00015003200513a220090ad2c002d
:103e5400a29802000000000012c0b30011b12000bb
:103e6400503a2200c6a4020000000000411f2000b6
:103e740040c1b3008e62020001000000b00c2000bb
:103e8400b09c8800f0132100a1c0b3000148780061
:103e940002003700800c2000b09c8800f013210041
:103ea400104078000004e00035003a00800c200047
:103eb400b09c880033003700b0c6800061406000c9
:103ec4000080fb00610060000000e0000a003a008e
:103ed400f013210041c1b30001487800800c200098
:103ee400b09c8800411f200040c1b3008e620200d4
:103ef40001000000230037002103200040c1b3006b
:103f04008e620200010000001e0037001000200035
:103f1400b09c88001b00370010002000b09c880073
:103f240000000000170037000000000015003700f3
:103f340000000000130037000000000011003700eb
:103f4400000000000f003700000000000d003700e3
:103f5400000000000b0037000000000009003700db
:103f640000000000070037000000000005003700d3
:103f740000000000030037000000000001003700cb
:103f8400000000000080fa00000006000400fa00af
:103f940020479800314798002e4090000080fb0095
:103fa40031c42000614078000080fb00e40f500021
:103fb40060003200e40f50000c003c00e10f5000a0
:103fc40029003200e10f500003003c000000e00033
:103fd4000f003200f8003700e20f500033003200c7
:103fe400e30f50003a003200f3003700e60f5000b0
:103ff400a4003200e60f50005a003500e70f5000cd
:10400400c5003200e80f5000d7003200ea00370044
:104014003e4090000004e00006003a002e4090006c
:104024000080fb0031c4200012c0b300827078000d
:10403400030137002e409000e34f5000eb003a009c
:104044009162800000082000008060000000e00011
:10405400e800320011c0b300000820001a28020052
:1040640001000000f60037003e4090000004e0002c
:1040740005003a002e4090000080fb0031c420006f
:1040840022c0b300827078003e409000e14f50009f
:10409400da003a002e4090000080fb0031c420007a
:1040a4000041eb0082707800e50037003e4090004c
:1040b400e14f5000d3003a002e4090000080fb00f6
:1040c40031c420000041eb0082707800dc0037002e
:1040d4002e409000e34f500009003a0091628000a6
:1040e40000082000008060000000e00004003a00a6
:1040f40011c0b300000820004c2802000100000099
:104104002e409000e24f5000c0003a0091628000bf
:1041140000402000008060000000e000bd003a0084
:1041240011c0b300004020004c2802000100000030
:10413400c30037002e4090000080fb0081c42000a3
:1041440000004000008040008000eb00010878007f
:104154002e4090000080fb0031c4200052c0b30008
:10416400827078003e409000e14f50000d003a000c
:104174002e4090000080fb0031c420000041eb0081
:10418400827078002e4090000080fb0081c42000e3
:1041940000004000008040008000eb00010878002f
:1041a400a70037002e409000e34f50000a003a0069
:1041b40011c0b300000820004c28020001000000d8
:1041c4002e4090000080fb0031c4200072c0b30078
:1041d400827078009a0037002e409000e24f500021
:1041e4000a003a0011c0b300004020004c2802002d
:1041f400010000002e4090000080fb0031c420002c
:1042040082c0b300827078008d0037002e40900089
:104214000080fb0082c42000800040008100410037
:10422400910078008100e80082c420000000400072
:1042340000004100010878002e4090000080fb003f
:1042440081c42000000040000080400090007800fd
:10425400007d2000808f5000700036002e409000ba
:104264000080fb0031c4200062c0b300827078007b
:1042740011c0b300400020004c28020001000000df
:104284006f0037003e409000e14f500065003a0057
:104294002e4090000080fb0031c420000041eb0060
:1042a400827078002e4090000080fb0081c42000c2
:1042b40000004000008040008000eb00010878000e
:1042c4000040eb00004f7800080037001e80fb0020
:1042d40031c4200061407800e64f500002003a00eb
:1042e40060c0b300004f78001e4fe8001e40780005
:1042f400e34f5000f5ff36001e407800e44f5000b5
:104304004a003a0011c0b300400020001a280200fd
:10431400010000004a0037003e409000e14f500089
:1043240044003a002e4090000080fb0031c420007d
:104334000041eb00827078002e4090000080fb006a
:1043440081c4200000004000008040008000eb0099
:104354000108780011c0b300000820001a280200e8
:1043640001000000360037003e409000e14f50004d
:1043740032003a002e4090000080fb0031c420003f
:104384000041eb00827078002e4090000080fb001a
:1043940081c4200000004000008040008000eb0049
:1043a4000108780011c0b300004020001a28020060
:1043b40001000000220037002e4090000080fb0026
:1043c40031c420000041eb00827078002e40900040
:1043d4000080fb0081c420000000400000804000f9
:1043e4008000eb0001087800150037000000000091
:1043f4001300370000000000110037000000000027
:104404000f003700000000000d003700000000001e
:104414000b00370000000000090037000000000016
:10442400070037000000000005003700000000000e
:104434000300370000000000010037000000000006
:104444000080fa00000006000400fa0020479800eb
:10445400314798000040eb00004f78002e40900058
:10446400e34f5000e1003e00e048220081c0b30069
:1044740001487800906280000000e00006003200ed
:10448400e048220010407800804078000124a00019
:10449400e0482200014878000080200010407800a5
:1044a4000080fb006a0060000000e00004003200ad
:1044b4001080200010407800e24f500006003a00bf
:1044c400d09a80000000e00009003200d09a8000f9
:1044d400e80f500006003e00e0482200104078003b
:1044e400804078000104a000e048220001487800e0
:1044f40000802000104078000080fb006400600011
:104504000000e0001000320000802000104078001d
:104514000080fb00680060000000e0000a003a0030
:104524001080200010407800e24f50000600320056
:10453400e048220010407800804078000114a00078
:10454400e048220001487800d09a8000e60f50002d
:1045540012003a00e04822001040780080407800c1
:104564000114a000e0482200014878002e40900089
:104574000080fb004200dd000080e800b1c620009e
:1045840061407800e14f500007003a00f0482200f3
:1045940011c0b3000148780003003700f04822003e
:1045a4008040eb0001487800609780000000e00044
:1045b4000900320060978000e30f500006003e00bf
:1045c400e048220010407800804078000154a000a8
:1045d400e04822000148780040998000e20f500032
:1045e40006003600e0482200104078008040780041
:1045f4000174a000e0482200014878009080200067
:10460400104078000080fb00630060000000e000c0
:104614000d00320090802000104078008080fb0064
:10462400000e2000008060000000e00006003a0058
:10463400e048220010407800804078000164a00027
:10464400e0482200014878002e4090000080fb00e2
:104654004200dd00a1c62000e1407800e0482200cd
:104664001040780000c060000004e0001700320031
:1046740010c0b300004f7800e048220010407800da
:104684008080fb0000022000008060000000e00049
:10469400270032002e4090000080fb004200dd0025
:1046a400a1c62000614078008080fb000002200049
:1046b400008060000000e0001d003200a0802000a7
:1046c40061c0b3000148780019003700d0c720004a
:1046d400104078000004e000150032002e409000e5
:1046e4000080fb004200dd00b1c62000e1407800fc
:1046f400e04822001040780000c060000004e000a0
:104704000200320010c0b300004f78002e40900029
:104714000004e00006003a00808020001040780089
:104724000004e0000200320010c0b300004f780023
:104734002e4090000080fb004200dd000080e80075
:10474400a1c62000614078000004e00008003200a7
:104754001e4078000004e000030032000040eb003b
:10476400004f78000200370010c0b300004f7800fb
:104774003e4090009e40780080cf50000d003200f3
:104784002e4090000080fb004200dd00a1c6200006
:10479400614078008080fb000002200000806000ff
:1047a4000000e00003003200a080200061c0b300dc
:1047b400014878002e4090000080fb004200dd009c
:1047c4000080e800b1c62000614078000004e000e9
:1047d40006003200f048220010407800e14f5000fb
:1047e40002003a0010c0b300004f78001e40780069
:1047f4000080fa00000006009c00fa00889fbe00ba
:104804008a1f7800a0222100104078000080fb005d
:10481400000f78001e007800e40f500002003e00f4
:1048240050002000000f78009e00780050c0b300b4
:104834008e62020001000000705880000000e00059
:1048440018003a00403680004400de0061406000f9
:10485400804078000040eb00ccfd0700403680002b
:104864004500de00614060008040780010c0b30065
:10487400c6fd0700403680004300de006140600052
:104884008040780020c0b300c0fd0700403680009f
:104894004200de00614060008040780030c0b30018
:1048a400bafd0700009880000000e8000098880026
:1048b40090222100104078000080fb00620060001c
:1048c4000000e0006700320000988000e10f500013
:1048d40003003200e40f500021003200530037007f
:1048e400e0cc80000000d100614060008082fb00c9
:1048f400e0cc8000614060000082fb00e3a1800006
:10490400b0c68000614060000081fb00c196800059
:104914000e80e800851f7800841f7800831f7800cc
:10492400821f7800811f7800418f2c00811f78003e
:1049340061092000bc04020000000000ec8757005d
:104944000040eb00005f99001ec30200010000005c
:104954000e80e800e0c202000100000041003700c0
:10496400a0132100104078000085fb0069978000a7
:10497400c896800047998000403680004500de00dc
:10498400614060000083fb00403680004400de008c
:10499400614060008082fb00a0802000104078000d
:1049a4000082fb00b0802000104078008081fb0072
:1049b40040c42000104078000081fb0030c4200077
:1049c400104078008080fb000e80e8008a1f780089
:1049d400891f7800881f7800871f7800861f780059
:1049e400851f7800841f7800831f7800821f780059
:1049f400811f780021932c00811f78006109200019
:104a0400bc04020000000000f68757000040eb00e1
:104a1400005f99001ec30200010000000e80e80040
:104a2400e0c20200010000000e003700019880007f
:104a3400518f9800027d20001e00780080017800cc
:104a4400110009000381d800de889000808f500097
:104a5400030039000000eb000098880001003700d3
:104a6400000000004f0578004f04be000080fa00eb
:104a7400000006000800fa001007980021079800bb
:104a8400624798000000eb00000f7800b0c6800079
:104a9400610060000000e00008003a001e00900081
:104aa400104078000004e000040032002e00900062
:104ab400104078000004e00002003a000040eb00df
:104ac400410037000000eb00000f780008003700b9
:104ad4001e0078009e009000008040009040780006
:104ae400809721001e004000014878001e0fe80056
:104af4001e0078009e009000008040001040780066
:104b04000004e000030032001e007800f80f50009b
:104b1400efff3400809721001e0040008040eb002e
:104b2400014878000000eb00000f7800080037000f
:104b34001e007800ae009000008040009040780095
:104b4400608d21001e004000114098001e0fe800f7
:104b54001e007800ae0090000080400010407800f5
:104b64000004e00004003200f00920009e007800f8
:104b7400808f5000eeff3400608d21001e00400045
:104b84008040eb0011409800b0c680000010a100e6
:104b9400b0c68800b0c680000000a000b0c688007f
:104ba4006e409000614060000080fb006100600086
:104bb4004400dd00b1c680000140a1000100700086
:104bc400b0c6880010c0b3000080fa0000000600e0
:104bd4000600fa001007980021079800f1af800042
:104be40000002100008060000000e00008003a009e
:104bf4001e009000104078000004e0000400320021
:104c04002e009000104078000004e00002003a00fa
:104c14000040eb001d0037000000eb00000f78009f
:104c2400080037001e007800ae00900000804000ad
:104c340090407800605021001e0040000148780038
:104c44001e0fe8001e007800ae00900000804000b7
:104c5400104078000004e00004003200f009200055
:104c64009e007800808f5000eeff3400e043210066
:104c74001e0040008040eb0001487800f0af800047
:104c840000c0a000f0af880010c0b3000080fa009c
:104c9400000006000200fa00004f78001e80fb00ae
:104ca400e10f50000b003200e20f50001000320000
:104cb4000000e00015003a0030d680000010a1008a
:104cc40030d6880030d680000000a10030d688009d
:104cd4000e00370030d680000010a00030d68800c7
:104ce40030d680000000a10030d6880007003700cd
:104cf40030d680000010a10030d6880030d6800065
:104d04000000a00030d68800000000000080fa00f7
:104d1400000006000000fa0030d680006200600047
:104d24000000e00006003a0030d680006100600018
:104d34000000e00002003a000040eb0021003700d0
:104d440030d68000620060000000e00006003a00f7
:104d540030d68000610060000000e00002003200f4
:104d640020c0b3001700370030d680006200600016
:104d74000000e0000600320030d6800061006000d0
:104d84000000e00002003a0010c0b3000d0037003c
:104d940030d68000620060000000e00008003200ad
:104da40030d68000610060000000e00004003200a2
:104db40010c0b300b7ff070010c0b30001003700f4
:104dc400c0c0b3000080fa00000006000000fa0032
:104dd400e0a18000004078000080fa000000060096
:104de4000000fa00e0238100004078000080fa000f
:104df400000006000000fa00f0a82100104078002e
:104e04000004e00009003a00d0aa21001040780014
:104e14000004e00005003a00e0a18000e30f500028
:104e240002003a0010c0b300010037000040eb005c
:104e34000080fa00000006000800fa00200798002d
:104e4400614798000000eb00000f78002e009000ee
:104e5400ec9002000100000010079800e5ff070035
:104e64000004e0000b0032001e009000f90f500017
:104e740008003c001e0090000000e0000500320025
:104e84002e00900040bf0200010000000000e0007e
:104e940002003a000040eb001e00370090d480006e
:104ea4000010a10090d4880060862c00e0c20200ab
:104eb40001000000d0aa210011c0b300014878000d
:104ec400920120008000eb0030a921002605020099
:104ed400000000000000eb00000f7800080037001d
:104ee4001e007800ae0090000080400090407800e2
:104ef40020a921001e004000114098001e0fe80068
:104f04001e0090009e007800808f5000f4ff350052
:104f140010c0b3000080fa00000006000000fa0090
:104f2400f0a82100104078000004e00004003a00da
:104f3400d0aa2100104078000004e00002003200f2
:104f440010c0b300010037000040eb000080fa00fd
:104f5400000006000000fa006eff07000004e000f5
:104f64000d003a001ec302000100000060892c00fd
:104f7400e0c2020001000000a0d380000000a000f5
:104f8400a0d3880090d480000000a00090d48800b2
:104f940010c0b300010037000040eb000080fa00ad
:104fa400000006000200fa00004f78001ec3020051
:104fb40001000000c08a2c00e0c2020001000000d1
:104fc40000ab2100900078000160a1000108780086
:104fd4001e80fb00d1042000810f500039003200f4
:104fe400d1042000810f500004003c004104200043
:104ff400810f5000080032006c00370001052000ca
:10500400810f50001900320041052000810f50002b
:10501400460032006500370050c1200090407800ff
:1050240000ab21001140980050c12000904078004e
:1050340000ab21004140980000ab21008040eb0010
:105044005140980000ab21008040eb006140980083
:1050540000ab21008040eb0071409800a08b2c0035
:10506400e0c20200010000005500370010c120001a
:105074009040780000ab21001140980010c120003e
:105084009040780000ab21004140980020c12000ee
:105094009040780000ab21005140980000ab210003
:1050a4008040eb006140980000ab21008040eb00a1
:1050b40071409800508c2c00e0c2020001000000f6
:1050c4003f00370030c120009040780000ab210041
:1050d4001140980030c120009040780000ab2100be
:1050e4004140980040c120009040780000ab21006e
:1050f4005140980000ab21008040eb0061409800d3
:1051040000ab21008040eb0071409800a08c2c0083
:10511400e0c202000100000000ab21009000780012
:105124000160a000010878002500370000ab2100d1
:105134008040eb001140980000ab21008040eb0060
:105144006140980000ab21008040eb007140980062
:1051540070c12000104078000004e00008003a000c
:1051640090c1200011c0b3000148780070c1200034
:105174009040780000ab21001140980007003700f0
:1051840090c120008040eb000148780070c12000ed
:105194009040780000ab210011409800208d2c0035
:1051a400e0c202000100000005003700808d2c00e1
:1051b400e0c20200010000000040eb0013003700d1
:1051c40000ab210010409000e84f5000030036006f
:1051d40000ab210041c0b3001140980000ab210096
:1051e4009e4078002140980000ab21009000780098
:1051f4000100a0000108780000ab210090007800b5
:105204000110a1000108780010c0b3000080fa006a
:10521400000006000000fa00f0a821001040780009
:10522400e24f500007003a00a0d380006200600003
:105234000000e00003003200a0d380000020a000a2
:10524400a0d388000040eb000080fa0000000600b4
:105254000200fa00004f78009e40780061c06000b0
:105264000080fb006100600000004000a1d38000ca
:105274000110a10001007000a0d388000080fa0092
:10528400000006000000fa00a0d380000000d10056
:10529400614060000080fa00000006000000fa008f
:1052a400f0a82100104078000080fa0000000600f9
:1052b4000000fa0080d480000080fa00000006009c
:1052c4000000fa0070d580000080fa00000006009b
:1052d4000600fa00100798004147980052479800ca
:1052e4000040eb00004f78004e409000ea4f500021
:1052f40009003e004e4090000004e0000600320029
:105304005e409000f44f500003003e005e40900069
:105314000004e00002003a000040eb0036003700d1
:105324000040eb00004f7800220037001e80fb0095
:105334009e00900000804000104078000000fb00b8
:1053440091032000810f50000a003c00010320005b
:10535400810f50000a003d0031022000810f5000ef
:1053640007003200a1022000810f50000400320027
:105374000e0037001004b100e30f50000b003e0094
:105384001e81fb001e80fb009e00900000804000f8
:10539400104078008040780080ab2100000041007c
:1053a400114098001e4fe800020037000040eb0057
:1053b400110037004e4090009e40780080cf50008e
:1053c400daff390050ac2100ce409000014878004b
:1053d40040ac2100de40900001487800c0d5800038
:1053e4000010a100c0d58800c0d580000000a00036
:1053f400c0d5880010c0b3000080fa000000060089
:105404000000fa00c0d58000614060000080fa000e
:10541400000006000000fa00c0d580000000d100a2
:10542400614060000080fa00000006000200fa00fb
:105434000040eb00004f7800d0cb200010407800f3
:105444000080fb00e10f500013003500e20f500014
:1054540005003400e30f50000f003a0010c0b30001
:10546400004f780012003700b0c680006100600071
:105474000000e0000b003a00b1c68000000e2000de
:10548400008060000000e00008003a0010c0b30093
:10549400004f7800060037000000eb00109c8800e5
:1054a4000300370000000000010037000000000086
:1054b4001e4078000080fa00000006000200fa0096
:1054c400000f7800d0cb2000104078000080fb0053
:1054d400e20f50001f003200e30f500003003200bf
:1054e400e10f500008003200300037008001eb006b
:1054f4000001eb008000eb001e007800249d0200f8
:1055040000000000290037008001eb000001eb00df
:1055140081c820001e007800249d020000000000c5
:1055240010b12000104078000004e0001c0032009c
:105534000041eb0011b1200080c82000c6a4020085
:105544000000000010b120008040eb00014878000a
:10555400160037008001eb000001eb0021ca200097
:105564001e007800249d02000000000010b12000fd
:10557400104078000004e0000b0032000041eb0012
:1055840011b1200020ca2000c6a4020000000000bf
:1055940010b120008040eb00014878000300370080
:1055a4000000000001003700000000000080fa0045
:1055b400000006001600fa00109c8000e70f50005f
:1055c400f2003200e70f500010003e00e20f5000de
:1055d40071003200e20f500005003e000000e000c0
:1055e4001b003200e10f500028003200af013700e9
:1055f400e50f50009a003200e50f5000b4003e0061
:10560400e30f50007d003200a8013700ea0f50007c
:105614003c013200ea0f500005003e00e80f500044
:1056240006013200e90f50001d0132009f013700ce
:10563400ec0f500065013200ec0f50004a013900b4
:10564400810c2000810f500079013200970137004e
:10565400c0cb20008040eb0001487800d0cb200074
:105664008040eb000148780080c820008040eb00b7
:105674000148780020ca20008040eb0001487800ef
:1056840010002000109c88008b013700c0cb200044
:10569400104078000004e00008003a0080c82000b0
:1056a400104078000004e00004003a0020ca200002
:1056b400104078000004e00032003200c0cb20002b
:1056c400104078000004e0000c003200d0cb200031
:1056d40031c0b30001487800c0cb200010407800ee
:1056e400e14f500003003a0020002000109c880085
:1056f4000200370090002000109c880080c8200021
:10570400104078000004e0000c003200d0cb2000f0
:1057140011c0b30001487800e0cb200010407800ad
:10572400e14f500003003a0020002000109c880044
:105734000200370090002000109c880020ca20003e
:10574400104078000004e0000c003200d0cb2000b0
:1057540021c0b30001487800f0cb2000104078004d
:10576400e14f500003003a0020002000109c880004
:105774000200370090002000109c88000000000008
:105784004d013700411f200020c1b3008e6202008a
:10579400010000004801370024ff07000004e00076
:1057a400080032000e80e800c1a62c004ebe0200a4
:1057b400010000000e80e80040ff070030002000d8
:1057c400109c8800d0cb200010407800e34f50009c
:1057d40005003a00810c200020c1b3008e62020053
:1057e4000100000034013700813e200020c1b300d5
:1057f4008e620200010000002f0137000bff07003a
:105804000004e000080032000e80e80021a72c000c
:105814004ebe0200010000000e80e80027ff0700d2
:1058240050002000109c8800d0cb2000104078004d
:10583400e34f500005003a00810c200020c1b30062
:105844008e620200010000001b013700813e20002f
:1058540020c1b3008e62020001000000160137006f
:10586400f2fe07000004e0000b0032000e80e800a6
:1058740081a72c004ebe0200010000000e80e8004b
:105884000eff0700804922008040eb0001487800a9
:1058940060002000109c8800d0cb200010407800cd
:1058a400e34f500005003a00810c200020c1b300f2
:1058b4008e62020001000000ff003700813e2000dc
:1058c40020c1b3008e62020001000000fa0037001c
:1058d400d6fe07000004e0001e0032000e80e8003f
:1058e400d1a72c004ebe020001000000000f78007a
:1058f4001e0078008e80e8008080400080492200ed
:10590400104078000041eb003491020001000000d7
:105914001e0f40000e80e800e8fe070080492200c8
:10592400104078008040e800804922000148780057
:105934008049220010407800e94f500005003600ed
:1059440070002000109c88008049220011c0b30020
:1059540001487800d0cb200010407800e34f50007d
:1059640005003a00810c200020c1b3008e620200c1
:1059740001000000d0003700813e200020c1b300a8
:105984008e62020001000000cb003700a7fe070072
:105994000004e0001b0032000e80e80041a82c0047
:1059a4004ebe020001000000000f78001e007800c7
:1059b4008e80e800808040008049220010407800fa
:1059c4000041eb0034910200010000001e0f400072
:1059d4000e80e800b9fe07008049220010407800dc
:1059e4008040e80080492200014878008049220074
:1059f40010407800e44f5000020036008000200080
:105a0400109c8800d0cb200010407800e34f500059
:105a140005003a00810c200020c1b3008e62020010
:105a240001000000a4003700813e200020c1b30023
:105a34008e620200010000009f0037007bfe070019
:105a44000004e000080032000e80e800b1a82c0039
:105a54004ebe0200010000000e80e80097fe070021
:105a640090002000109c8800d0cb200010407800cb
:105a7400e34f500005003a00810c200020c1b30020
:105a84008e620200010000008b003700813e20007e
:105a940020c1b3008e6202000100000086003700be
:105aa40062fe07000004e000080032000e80e800f7
:105ab40031a92c004ebe0200010000000e80e80057
:105ac4007efe0700a0002000109c8800d0cb2000a0
:105ad40010407800e34f500005003a00810c20008c
:105ae40020c1b3008e620200010000007200370082
:105af400813e200020c1b3008e620200010000003c
:105b04006d00370049fe07000004e0000800320081
:105b14000e80e80061a92c004ebe020001000000c6
:105b24000e80e80065fe0700b0002000109c88008d
:105b3400d0cb200010407800e34f500005003a001d
:105b4400810c200020c1b3008e620200010000001d
:105b540059003700813e200020c1b3008e6202004c
:105b6400010000005400370030fe07000004e0008c
:105b7400080032000e80e800b1a92c004ebe0200dd
:105b8400010000000e80e8004cfe0700c000200069
:105b9400109c8800d0cb200010407800e34f5000c8
:105ba40005003a00810c200020c1b3008e6202007f
:105bb4000100000040003700813e200020c1b300f6
:105bc4008e620200010000003b00370017fe070050
:105bd4000004e000080032000e80e80001aa2c0056
:105be4004ebe0200010000000e80e80033fe0700f4
:105bf400800c2000109c8800d0cb2000104078003e
:105c0400e34f500005003a00810c200020c1b3008e
:105c14008e6202000100000027003700813e200050
:105c240020c1b3008e620200010000002200370090
:105c340040aa2c00e0c2020001000000d0cb2000ea
:105c4400104078000080fb00e20f50000d0032008d
:105c5400e30f500003003200e10f50000500320052
:105c64000c003700c0cb20008040eb0001487800d6
:105c74000800370080c820008040eb00014878000d
:105c84000400370020ca20008040eb00014878005f
:105c940000000000d0cb20008040eb0001487800d9
:105ca40010002000109c8800030037000000eb0067
:105cb400109c8800000000000080fa00000006002c
:105cc4000000fa00881f7800d09a80008000eb0062
:105cd400e201200003002000820f5000838f58004f
:105ce400c1013e00006001001e003700be01370004
:105cf4008a003700bc013700bb013700ba01370006
:105d0400cb003700b8013700ed003700fc00370046
:105d140014013700190137002701370069013700e2
:105d240090013700b0013700af013700ae013700f2
:105d3400ad013700ac01370093013700aa013700e9
:105d4400a9013700a8013700a7013700a6013700d1
:105d5400a5013700a4013700a3013700a2013700d1
:105d64009b01370050a9020001000000e34f5000de
:105d74001d003a0050c4b300642e0200010000006c
:105d84001ec3020001000000c0fe2b00e0c202009e
:105d94000100000010022c00e0c20200010000001b
:105da40050a72100e0c2020001000000b0022c0054
:105db400e0c2020001000000e0c0200011c0b300f6
:105dc4000148780000c5b300d4a702000100000018
:105dd40011c0b300000420001a28020001000000d2
:105de40060002000d09a880050a902000100000041
:105df400e24f50007f013a0044a902000100000074
:105e0400e14f50007d013a0050c4b300642e0200fb
:105e1400010000001ec3020001000000d0022c009b
:105e2400e0c202000100000010022c00e0c20200e7
:105e34000100000050a72100e0c2020001000000a0
:105e4400b0022c00e0c202000100000060c8200083
:105e54008040eb0001487800e0c0200011c0b3008e
:105e640001487800c5262200e4262200932221005e
:105e740012c0b300e103200000c5b300983b020048
:105e84000100000090222100104078000080fb00f7
:105e9400700060000000e00006003200730520007e
:105ea400e200200011c0b300d0052c00f6ab0200c4
:105eb4000000000011c0b300000420001a280200f2
:105ec4000100000020002000d09a8800c52622008e
:105ed400e4262200f340220012c0b300e12f200088
:105ee40000c5b300983b020001000000f04022000e
:105ef400104078008080fb0000a62e000088b900c6
:105f0400800078000053270000804000cf80de002e
:105f1400e09a8800f19a88004701370050c4b30022
:105f2400642e020001000000e09a8000f19a8000d3
:105f3400e00f5000e08f58000b003a00aca70200bd
:105f44000100000076ac0200000000008000200088
:105f5400d09a88001ec302000100000090062c00a5
:105f6400e0c202000100000060c820001040780078
:105f7400e14f500020003a0076ac0200000000001f
:105f840060c820008040eb0001487800e0c0200099
:105f940011c0b3000148780000c5b300d4a70200c3
:105fa400010000001ec302000100000060608000c8
:105fb400801f7800d00b2c00801f7800e0bc2000ec
:105fc400f004020000000000e4875700e0bc200059
:105fd400e0c202000100000060002000d09a8800a6
:105fe4000ca9020001000000411f2000e0c0b30022
:105ff4008e6202000100000050a9020001000000ae
:106004000004e000ff003a0076ac0200000000004b
:1060140080002000d09a88001ec302000100000006
:10602400100d2c00e0c20200010000000201370044
:1060340090c4b300642e0200010000006060800080
:106044000000e000120032005aa902000100000022
:1060540061608000810f50000d0036001ec30200f5
:1060640001000000a0102c00e0c2020001000000aa
:10607400aca702000100000080002000d09a880034
:10608400c15d2000e0c0b3008e6202000100000088
:1060940050a90200010000000004e000db003a0007
:1060a40080002000d09a88001ec302000100000076
:1060b40020132c00e0c2020001000000de003700c3
:1060c40070ea20008040eb0001487800a30b200018
:1060d400e20020008040eb00b0162c00f6ab02007a
:1060e4000000000090002000d09a88008138210030
:1060f400e0c0b3008e62020001000000ce00370051
:10610400e0c020008040eb0001487800d0c4b30018
:10611400642e02000100000050a9020001000000ea
:106124000004e00003003a00a0002000d09a880098
:10613400c1003700aca702000100000070ea200093
:10614400104078008040e80070ea200001487800a0
:10615400c15d2000e0c0b3008e62020001000000b7
:10616400b5003700003f22008040eb000148780072
:10617400c0002000d09a8800af003700003f220002
:10618400104078008040e800003f22000148780079
:10619400003f220010407800e94f50000300360011
:1061a40040012000d09a8800a3003700c0002000de
:1061b400d09a8800a0003700003f220010407800e9
:1061c4000080fb0060208900602081004600dd0023
:1061d40060208900602081001004b00060208900e4
:1061e400113f2200602081000080e800c5262200c3
:1061f400e42622008101780012c0b30080007800f8
:1062040000c5b300983b020001000000103f2200cb
:10621400104078008040780000c8b30080c060005f
:10622400e040220001487800b0002000d09a8800a5
:10623400103f2200104078000000fb00680060005e
:106244000000e00073003200020120008000eb0037
:10625400c01f21002605020000000000c11f21000c
:106264006020810072004000c5262200e42622003e
:1062740081017800f2c0b3008000780000c5b3004b
:10628400983b020001000000113f2200c01f2100c2
:10629400a6bc020001000000103f2200104078005c
:1062a4000004e0005d003200d0002000d09a880095
:1062b40000e2240001002000e09a8800f19a88009e
:1062c4005d003700103f2200104078000004e00019
:1062d4001a003200b0c68000610060000000e000d7
:1062e40018003a00e0402200104478005aa9020045
:1062f4000100000080007800003f22001040780078
:106304008042eb00084278008101780052a7210006
:10631400113f22001aa60200000000000004e00061
:1063240003003200e0002000d09a88000500370006
:10633400b0002000d09a880002003700b00020008e
:10634400d09a8800e09a8000f19a8000e00f500013
:10635400e08f580033003a00b0002000d09a880043
:1063640035003700b0c68000614060000080fb004b
:10637400610060000000e0002c003a00b000200042
:10638400d09a88002c0037000000eb00d09a8800d7
:1063940020c5b300642e02000100000000c42000e8
:1063a400104078008080fb00000220000080600024
:1063b4000000e0001f003a001ec3020001000000bc
:1063c40080172c00e0c20200010000001a00370010
:1063d4000000eb00d09a8800c0c7200011c0b300b1
:1063e40001487800140037000000eb00d09a8800c0
:1063f40011003700000000000f003700000000000b
:106404000d003700000000000b0037000000000002
:1064140009003700000000000700370000000000fa
:1064240005003700000000000300370000000000f2
:10643400010037000000000070ea200010407800de
:10644400e34f5000060036001ec3020001000000a6
:1064540080192c00e0c2020001000000ffff370099
:106464004f0478000080fa00000006000000fa00e3
:1064740070968000e60f50001a013200e60f5000bb
:1064840009003e00e10f50007a003200e10f500095
:106494000e003900e20f5000a6003200e30f500056
:1064a400fa003200b1013700e80f50006d013200ec
:1064b400e80f50001e013900ef0f50009201320026
:1064c400f00f50009e013200a80137007022210015
:1064d400104078000004e0002a0032000040eb0085
:1064e4003a090200010000000004e0002500320027
:1064f400a013210090407800f0c3b30080cf500077
:106504002000320060222100104078000004e000e6
:106514001c003a00803d210010407800e14f5000fb
:1065240018003a00808c21009040780010c3b3001a
:1065340080cf500005003200808c2100904078000c
:1065440050c3b30080cf50000e003a001ec30200b7
:1065540001000000c0452c00e0c202000100000060
:10656400702221008040eb0001487800e03c2200ca
:106574008040eb00014878002000200070968800dd
:106584003b003700d1b3800000002700008060008a
:106594000000e00018003200d1b380000020200089
:1065a400008060000000e00013003a00a100200019
:1065b4000040eb008e620200010000001ec30200d6
:1065c40001000000c0462c00e0c2020001000000ef
:1065d400e03c22008040eb00014878000053270093
:1065e4000100200080968800919688008000200099
:1065f400709688001e00370060fe8000e10f500096
:106604001600360060fe8000e40f500013003e00c8
:10661400a10020000040eb008e6202000100000097
:106624001ec302000100000050482c00e0c202001a
:1066340001000000e03c22008040eb0001487800ab
:10664400f00020007096880000532700010020000d
:10665400809688009196880005003700017d20000f
:106664000040eb008e62020001000000540137007c
:1066740053013700e03c2200104078008040e800dd
:10668400e03c220001487800e03c22001040780001
:10669400e94f50000b0036001ec302000100000049
:1066a400104a2c00e0c20200010000007022210008
:1066b4008040eb00014878000000eb0070968800f1
:1066c4000700370020002000709688001ec30200d7
:1066d40001000000804b2c00e0c202000100000019
:1066e400808c21009040780010c3b30080cf50000c
:1066f40022013200808c21009040780050c3b30006
:1067040080cf50001f0132001ec3020001000000b0
:10671400804c2c00e0c20200010000007022210025
:106724008040eb00014878000000eb007096880080
:1067340023013700e03c2200104078000080fb0079
:10674400501f8900501f81004600dd00501f890042
:10675400501f81001004b000501f8900f13c22003a
:10676400501f81000080e800c5262200e426220094
:106774008101780012c0b3008000780000c5b30026
:10678400983b020001000000f03c22001040780019
:1067940080407800c03e22000148780010002000ac
:1067a40070968800c03e2200104078008080fb0074
:1067b40000042000008060000000e000f3003200cc
:1067c400c03e2200104078000004e000f1003500d3
:1067d400020120008000eb00c01f210026050200fa
:1067e40000000000c11f2100501f81007200400002
:1067f400c5262200e426220081017800f2c0b300fd
:106804008000780000c5b300983b0200010000003e
:10681400f13c2200c01f2100a6bc020001000000c0
:10682400f03c2200104078000004e000db0032005d
:10683400f03c220040bf0200010000000000e00024
:10684400d8003200300020007096880000532700e2
:106854000100200080968800919688001ec30200e3
:1068640001000000b04e2c00e0c202000100000054
:10687400f03c2200e0c2020001000000d04f2c00d6
:10688400e0c2020001000000cd003700b0c6800065
:10689400610060000000e0000a003a0010b120002e
:1068a40062520200000000000041eb0011b1200020
:1068b400f03c2200c6a402000000000010002000ea
:1068c400709688008096800091968000e00f5000ba
:1068d400e08f5800b5003a00100020007096880040
:1068e400b7003700e03c2200104078008040e80008
:1068f400e03c220001487800e03c2200104078008f
:10690400e94f5000070036000000eb007096880045
:10691400d1b38000f0ff280000806000d0b388006d
:10692400a70037007000200070968800a40037008c
:10693400e03c2200104078000080fb00501f8900da
:10694400501f81004600dd00501f8900501f810048
:106954001004b000501f8900e03e2200c52622002a
:10696400e42622008001780022c0b30051412000b7
:1069740000c5b300983b0200010000006000200045
:1069840070968800e03c2200104078000080fb00f4
:10699400110020000008dd0080007800701f8100d5
:1069a400008060000000e0002e00320002012000a0
:1069b4008000eb00c01f210026050200000000003b
:1069c400c11f2100501f810072004000c526220013
:1069d400e426220081017800f2c0b3008000780030
:1069e40000c5b300983b020001000000f13c220006
:1069f400c01f2100a6bc020001000000f03c2200e0
:106a0400104078000004e00016003200f03c220040
:106a140040bf0200010000000000e000110032004d
:106a24008000200070968800005327000100200099
:106a340080968800919688001ec302000100000021
:106a4400b04e2c00e0c2020001000000f03c220025
:106a5400e0c2020001000000d04f2c00e0c202009e
:106a640001000000b0c68000610060000000e0008a
:106a740050003a00f0282100104078000004e000a3
:106a840011003200f028210040bf02000100000084
:106a94000000e0000c003200f04f2c00e0c20200c5
:106aa400010000008040eb00f0282100a022020039
:106ab40001000000d1b38000f0ff280000806000d6
:106ac400d0b388000d00370060512c00e0c20200f2
:106ad4000100000090a420007c2c020001000000b2
:106ae40090a42000e0c2020001000000d1b38000a5
:106af400f0ff280000806000d0b388000000eb00a5
:106b0400709688002e003700b0c6800061006000d7
:106b14000000e00029003a00c0522c00e0c202004c
:106b2400010000008040eb00902a2100c8220200ee
:106b3400010000000001200070968800200037004a
:106b440060fe8000e20f500003003a005000200075
:106b540060fe8800020037000000eb0060fe880041
:106b64000000eb0070968800150037000000eb0071
:106b7400709688000000000011003700000000003b
:106b84000f003700000000000d0037000000000077
:106b94000b0037000000000009003700000000006f
:106ba4000700370000000000050037000000000067
:106bb400030037000000000001003700000000005f
:106bc4000080fa00000006000400fa00309a8000f9
:106bd400e10f500045013200e10f5000030039007d
:106be400e20f50005d0132006d013700b0c6800035
:106bf400610060000000e0003b003a00e0cc80004f
:106c0400610060000000e00037003a00e0cc800042
:106c1400620060000000e00033003a00e0cc800035
:106c2400640060000000e0002f003a009021220080
:106c3400104078000004e0002b0032009021220074
:106c4400104078000080fb00e10f50000300320088
:106c5400e20f5000080032001e0037001ec302007d
:106c640001000000a09f2c00e0c20200010000000f
:106c74000000fe001700370021638000f00f2f0092
:106c840000806000206388002063800000d0a100a1
:106c94002063880080ac2100f1c3b3000148780070
:106ca40090ac21008040eb0001487800808c2100ea
:106cb400f1c3b30001487800808c21009040780033
:106cc400a013210001487800800e2000c09688009f
:106cd40000000000902122008040eb000148780071
:106ce400800e2000c0968800e0cc800061406000e7
:106cf4000080fb0061006000004078000004e000b8
:106d0400f2003200e0cc8000620060000000e0008d
:106d1400ee003a001ec3020001000000a0a02c00f7
:106d2400e0c2020001000000e0a32100e0c2020072
:106d34000100000080a12c00e0c20200010000005c
:106d440080a52100e0c2020001000000f0a12c0097
:106d5400e0c202000100000010a62100e0c202000f
:106d64000100000070a22c00e0c20200010000003b
:106d740050d38000801f7800d0a22c00801f7800a0
:106d8400e0bc2000f004020000000000e48757008b
:106d9400e0bc2000e0c202000100000000a32c00bf
:106da400e0c2020001000000d0992100e0c202000c
:106db4000100000080a32c00e0c2020001000000da
:106dc400b1a32c0010b120004ebe0200010000004f
:106dd400100798009e00900010b120000080400031
:106de40081a521004ebe0200010000009e0090001b
:106df40000804000100798009e00900010b1200011
:106e040000804000f1a32c004ebe020001000000ef
:106e14009e00900000804000100798009e009000a3
:106e240010b120000080400011a621004ebe0200d7
:106e3400010000009e0090000080400010079800b0
:106e440012c0b3008000eb0010b12000ae74020049
:106e5400000000000000eb00000f780082c0b300c7
:106e640011a42c00d099210018be020001000000da
:106e74000000e00024003a0072c0b300a1a42c007a
:106e8400d099210018be0200010000000000e000bb
:106e94001d003a0017003700c09921001e00400071
:106ea4009040900000c6b30080cf50001000340022
:106eb400c09921001e00400090409000a0c7b3007c
:106ec40080cf50000a003c00c09921001e00400001
:106ed400104090008040780000ceb30000c0400015
:106ee40080407800c09921001e00400011409800a5
:106ef4001e0fe800c09921001e00400010409000c1
:106f04000004e000e4ff3a00e0cc80000000a100af
:106f1400e0cc8800e0cc80000010a000e0cc880029
:106f2400d09921009040780020c5b30080cf500054
:106f340005003a00e09921009040780000c2b300b7
:106f440080cf500014003200d09921009040780086
:106f540090c4b30080cf500018003a00e09921009b
:106f64009040780000c5b30080cf500013003a0071
:106f7400f09921009040780010c4b30080cf5000f5
:106f84000e003a00009a21009040780050c5b300ea
:106f940080cf500009003a008042eb0014a6210083
:106fa40083a52100e2a32100d199210020a52c0072
:106fb400b64f020000000000440037008042eb009e
:106fc40014a6210083a52100e2a32100d199210068
:106fd400a0a52c00b64f02000000000020a62c0043
:106fe400e0c2020001000000d0992100e0c20200ca
:106ff4000100000090a62c00e0c202000100000085
:1070040010b120008040eb0001487800e0a321008b
:1070140040bf0200010000000000e0002b0032002d
:1070240013a6210082a52100e1a32100d09921000b
:10703400249d02000000000010b1200010407800e0
:107044000004e00021003200b0c68000610060004e
:107054000000e00008003a000041eb0011b12000fc
:10706400e0a32100c6a402000000000020002000cc
:10707400309a88000a00370011b120001014210052
:107084004ebe020001000000e1a32100c044220022
:107094004ebe02000100000010002000309a88005b
:1070a40000e2240001002000409a8800519a8800e0
:1070b40010b120008040eb000148780011c0b300fb
:1070c400000120001a28020001000000309a80000c
:1070d4000000e00036003a0021032000c0c0b300e5
:1070e4008e6202000100000034003700b0c6800048
:1070f400610060000000e0000c003a000041eb0079
:1071040011142100c0442200c6a4020000000000a3
:1071140020002000309a880000e2240001002000b2
:10712400409a8800519a8800040037002103200007
:10713400c0c0b3008e62020001000000409a8000cb
:10714400519a8000e00f5000e08f58001a003a0076
:107154000000eb00309a880018003700b0c68000a9
:10716400610060000000e00005003200409a8000e9
:10717400519a8000e00f5000e08f580003003a005d
:107184000000eb00309a88000c0037002103200037
:10719400c0c0b3008e620200010000000700370087
:1071a4000000eb00309a8800000000000300370064
:1071b4000000000001003700000000000080fa0019
:1071c400000006002600fa00609c8000e10f5000d9
:1071d4001d003200e10f500003003900e20f50009f
:1071e400ba0032004301370050b02000104078004c
:1071f400e14f50000400320050b0200010407800ed
:10720400e24f50000b003a00c1968000f00f2000be
:10721400808f50000700320050b02000904078006a
:10722400a04922000148780010002000609c8800da
:107234003c013700411f200030c1b3008e620200c0
:107244000100000037013700b0c680006100600013
:107254000000e0002e013a00803d2100104078003b
:10726400e14f50002c013a006022210010407800c8
:107274000004e0002a013a00020120008000eb0033
:10728400c01f21002605020000000000c01f2100cd
:10729400c5262200e426220080017800f2c0b30053
:1072a4006102200000c5b300983b02000100000009
:1072b4000e80e80080007800c01f2100a6bc0200f8
:1072c400010000000e80e80040bf02000100000041
:1072d4000000e0006e003200406e2c00e0c20200ac
:1072e400010000007e00470006400200010000008b
:1072f4000000eb00000f78009e00780060b02000d2
:10730400808040006e58900022c0b3003491020087
:10731400010000001e0f40009e00780060b02000b5
:10732400808040007e58900022c0b3003491020057
:10733400010000001e0f40009e00780060b0200095
:10734400808040000e60900022c0b300349102009f
:10735400010000001e0f4000a16e2c0010b120009f
:107364004ebe020001000000000f78009e0078006d
:1073740010b1200000804000a16f2c004ebe02001e
:10738400010000001e0f40009e00780010b1200094
:10739400008040008e80e8004ebe02000100000024
:1073a4001e0f40009e00780010b1200000804000b5
:1073b40001702c004ebe0200010000001e0f4000b0
:1073c4009e00780010b120000080400061b02000d1
:1073d4004ebe0200010000001e0f40000e80e800b7
:1073e40012c0b30011b12000c6a4020000000000c6
:1073f40010b120008040eb000148780050b020001c
:1074040031c0b3000148780020002000609c88004f
:10741400813e200030c1b3008e62020001000000f2
:10742400b04922008040eb000148780050b02000b1
:1074340031c0b300014878001ec3020001000000ff
:1074440050702c00e0c2020001000000a04922009c
:10745400104078000080fb00e10f50000300320070
:10746400e20f500005003200ae00370060722c00bd
:10747400e0c20200010000000400370010732c0079
:10748400e0c202000100000000000000a500370077
:107494001ec3020001000000c0732c00e0c2020001
:1074a4000100000050b020008040eb00014878004b
:1074b4008138210030c1b3008e6202000100000057
:1074c4000000eb00609c88009600370050b020005c
:1074d40010407800e14f50000400320050b020000a
:1074e40010407800e24f500002003a0010002000e3
:1074f400609c880050b0200010407800e44f500099
:107504002d003a007c004700220020008000eb00a0
:1075140026050200000000007c004700c52622006a
:10752400e42622008001780012c0b3005103200039
:1075340000c5b300983b020001000000ce58900043
:1075440010c3b30080cf50000d0032007c00470010
:1075540071762c008cbe0200010000007c00470004
:10756400c5262200e42622008001780012c0b30060
:107574005103200000c5b300443a0200010000009a
:1075840050b020008040eb000148780060b020003b
:107594008040eb00014878000000eb00609c88000c
:1075a4001ec302000100000090762c00e0c202001d
:1075b400010000005b003700b04922001040780051
:1075c4008040e800b049220001487800b049220018
:1075d400104078000004e00041003a00a049220075
:1075e400104078000080fb00e10f500003003200df
:1075f400e20f500026003200310037007c004700c3
:10760400220020008000eb0026050200000000009c
:107614007c004700c5262200e42622008001780071
:1076240012c0b3005103200000c5b300983b020010
:1076340001000000ce58900000c3b30080cf50007a
:107644000d0032007c00470031782c008cbe020013
:10765400010000007c004700c5262200e426220029
:107664008001780012c0b3005103200000c5b300ac
:10767400443a0200010000001ec3020001000000a1
:1076840050782c00e0c20200010000000c0037001a
:1076940092cc8000a3cc8000b01b8100c11b810070
:1076a400800f5100818f590004003a00f0a8210096
:1076b4008040eb0001487800010037000000000022
:1076c4000000eb00609c880060b020008040eb006c
:1076d4000148780050b020008040eb000148780059
:1076e400411f200030c1b3008e620200010000007f
:1076f4000c0037000000eb00609c880060b02000a4
:107704008040eb00014878000000000005003700cd
:1077140000000000030037000000000001003700f3
:10772400000000000080fa00000006000a00fa00d1
:1077340030079800410798000000eb00000f780024
:1077440002012000f10f20004e00900026050200e7
:10775400000000003e009000104078008000fb0014
:10776400b0022000808f50000a003a004e009000c2
:10777400b1cbb30001487800100020001007980036
:10778400100020002007980010002000000f78004f
:10779400190037003e00900090407800f0c2b3001a
:1077a40080cf50000f0034003e00900090407800dd
:1077b40090c3b30080cf50000a003c004e009000fc
:1077c400a1cab300014878000000eb00100798003c
:1077d400100020002007980010002000000f7800ff
:1077e400050037004e009000c1cfb3000148780077
:1077f4000000eb00000f78001e0078000000e0009d
:107804004f0032003d0037002e009000ce00900063
:10781400008040009e0090003e01900081004100e5
:10782400914078008100fb000103b100c408dd0031
:1078340081407800014878001e0090000000e800b4
:10784400100798001e009000be00900000804000c9
:1078540090407800f0c2b30080cf50001b00340089
:107864001e009000be009000008040009040780010
:1078740090c3b30080cf500014003c002e00900051
:10788400ce00900000804000ae0090004e019000b9
:1078940081004100114178009e009000be019000db
:1078a40081804100914078008141780001cdb3008e
:1078b40081c0410081407100014878001e009000a1
:1078c4000000e80010079800090037002e0090001f
:1078d400ce00900000804000ae0090004e01900069
:1078e4008100410091407800f140b30001487800e4
:1078f4002e0090000000e800200798001e00900071
:10790400be0090000080400090407800f0c2b300b8
:1079140080cf50000a0034001e009000be0090008a
:10792400008040009040780090c3b30080cf5000a6
:1079340003003c001e009000f80f5000b2ff34001a
:107944000080fa00000006000c00fa0040079800ce
:10795400510798000000eb00000f7800a2012000fe
:107964008000eb005e00900026050200000000008d
:107974004e009000104078000080fb00a10a200017
:10798400810f50000d003200b10b2000810f500018
:1079940011003a005e009000b1c2b30001487800c3
:1079a4001000200010079800100020002007980005
:1079b40010002000000f78000c0037000000eb00de
:1079c40010079800100020002007980010002000e5
:1079d400000f7800050037005e009000a1c5b300d9
:1079e400014878000000eb00000f78001e007800ca
:1079f4000000e000450032000040eb0060479800c2
:107a0400390037002e009000ce0090000080400026
:107a1400104078008000fb00000f20008080600090
:107a2400000f2000808f50002d0032001e009000b7
:107a3400de00900000804000ae0090004e019000f7
:107a440081004100914078000101fb00010f2000fa
:107a540081006100c488de00814078000143b000e9
:107a6400014878001e0090000000e800100798000c
:107a74002e009000ce00900000804000104078005e
:107a84000000fb006f006000ef0f50001100320097
:107a94001e009000de00900000804000ae009000c8
:107aa4004e0190008100410091407800efc06000d9
:107ab4000143b000014878001e0090000000e80077
:107ac400100798002e0090000000e800200798009e
:107ad4000500370010c0b30060479800020037006b
:107ae40010c0b300604798001e009000f80f5000cb
:107af40006003c002e009000ee0f500003003c00f6
:107b04006e4090000004e000beff32001e007800ca
:107b14000080fa00000006000800fa002007980020
:107b2400310798000000eb00100798000000eb00fc
:107b3400000f78003e009000ec900200010000006d
:107b4400100798000000eb00000f78000d003700cc
:107b54001e007800ae009000008040009040780045
:107b64001e0078003e0190000000410010407800a3
:107b740080cf5000020032000000eb000600370006
:107b84001e0fe8001e0090009e007800808f5000b9
:107b9400efff3500100020000080fa00000006000e
:107ba4000800fa0020079800310798000000eb0055
:107bb400100798000000eb00000f78003e009000d2
:107bc4001091020001000000100798000000eb0073
:107bd400000f78000e0037001e007800ae00900001
:107be4000080400010407800804078001e0078003b
:107bf4003e019000000041001040780080cf50000a
:107c0400020032000000eb00060037001e0fe800ff
:107c14001e0090009e007800808f5000eeff35001b
:107c2400100020000080fa00000006000800fa009e
:107c34001007980021079800624798000000eb00a5
:107c4400000f78000d0037001e0078009e009000a1
:107c540000804000904078001e0078002e019000c3
:107c6400000041001040780080cf50000200320034
:107c74000000eb00060037001e0fe8006e40900085
:107c84000080fb009e0f5000efff3c00100020001e
:107c94000080fa00000006000a00fa00300798008d
:107ca40041079800ce00900011079800be00900094
:107cb400010f78000000eb00200798000b0037004c
:107cc4001e009000904078001e0078000148780063
:107cd4001e0090000000e800100798001e0fe80046
:107ce4002e0090000000e800200798001e0090007d
:107cf400104078000004e000f1ff3a001e00780014
:107d04008040eb00014878002e0090000080fa00cb
:107d1400000006000a00fa003007980041079800a6
:107d2400ce00900011079800be009000010f78006b
:107d34000000eb00200798000b0037001e009000a5
:107d4400904078001e007800014878001e009000e2
:107d54000000e800100798001e0fe8002e009000b5
:107d64000000e800200798001e00900010407800f2
:107d74000004e000f1ff3a001e0078008040eb00b0
:107d8400014878002e0090000080fa0000000600f0
:107d94000e00fa004007980051079800424f9800df
:107da400de00900011079800ce009000010f7800cb
:107db4000000eb00200798000040eb0060479800ab
:107dc4000e0037001e009000904078001e007800de
:107dd400014878001e0090000000e8001007980099
:107de4001e0fe8002e0090000000e8002007980015
:107df4006e4090000040e800604798001e0090002c
:107e0400104078000004e000070032006e4090004b
:107e14008000fb004e4890000000fb000000e900d9
:107e2400808f5000e7ff35001e0078008040eb0093
:107e3400014878002e0090000080fa00000006003f
:107e44000200fa00004f7800f0c2b3009e407800b0
:107e540080cf50000600340090c3b3009e407800e9
:107e640080cf500002003c001000200001003700c9
:107e74000000eb000080fa00000006000400fa0095
:107e8400100798000000eb00000f78001e0090001f
:107e940090407800b0c2b30080cf500009003a008f
:107ea4001e0090000000e80010079800060037004c
:107eb4001e0090000000e800100798001e0fe80064
:107ec40001003700000000001e0090001040780000
:107ed400dbff07000000e000f5ff3a001e00900001
:107ee400104078000004e000020032000000eb00c3
:107ef400000f78001e0078000080fa0000000600e1
:107f04000800fa00100798004147980032079800cb
:107f14000040eb00004f78000f0037001e80fb008c
:107f24009e00900000804000104078008000fb001c
:107f34004e4090000080fb00808f500005003a0006
:107f44009e80fb003e009000010878001000200095
:107f5400080037001e4fe8001e80fb009e009000c2
:107f640000804000104078000004e000ebff3a007d
:107f74000000eb000080fa00000006000c00fa008c
:107f84003007980041079800520798000000eb0062
:107f9400000f78000000eb00200798004e009000ce
:107fa40010407800204798001e007800be00900022
:107fb40000804000e400470001017800ae409000da
:107fc400cfff0700e10f50000f003a002e00900091
:107fd4001e004000be00900000804000ce009000d3
:107fe4008ebd020001000000e10f500008003a00bd
:107ff4002e0090009e0040005e0090000108780072
:1080040010002000060037000000eb0004003700d9
:108014002e0090001e0f40001e0fe800e2ff370004
:108024000080fa00000006000a00fa0030079800f9
:1080340041079800be009000110798000300370024
:108044001e0090000000e800100798001e00900039
:10805400104078000004e000f9ff3a00ce009000e0
:1080640021079800030037002e0090000000e8006c
:10807400200798002e009000104078000004e000d3
:10808400f9ff3a000040eb00004f7800070037008a
:108094001e4fe8001e0090000000e9001007980041
:1080a4002e0090000000e900200798001e009000b8
:1080b400904078002e0090001040780080cf50004f
:1080c40008003a009e0090003e009000808f50000f
:1080d40004003900ae0090004e009000808f5000e4
:1080e400ebff31001e4078000080fa00000006001b
:1080f4000a00fa00100798004147980032079800d8
:10810400430798003e0090008040eb00014878004f
:108114004e0090008040eb00014878001c003700be
:108124003e009000104078006a00b900000078001a
:1081340000407800804078003e00900001487800bc
:108144003e00900010407800804078001e009000af
:108154001040780080c0400000cdb30000c0400053
:10816400804078003e009000014878001e00900096
:108174000000e800100798004e00900010407800be
:108184000040e800804078004e00900001487800ec
:108194001e0090001040780022bf02000100000081
:1081a4000000e000deff3a001e00900090407800de
:1081b4004e40900080cf5000040032001e0090001a
:1081c400104078000004e00003003a001000200092
:1081d400000f7800020037000000eb00000f780069
:1081e4001e0078000080fa00000006000400fa0077
:1081f40060978000e30f50004c003200e30f500002
:1082040005003e00e10f500016003200e10f50005f
:108214003f003e0009003700a10f2000810f5000ed
:108224006b003200b10f2000810f5000700032004b
:10823400ea0f50004b00320079003700409980006b
:10824400e20f50007a00360041998000b0122000fd
:10825400808f500078003e00100020006097880056
:108264007a0037000000eb00000f78000000eb00fc
:10827400100798000e0037001e0090004200dd0039
:10828400a1c62000614078008080fb00000220002d
:10829400008060000000e0000200320010002000b6
:1082a400000f78001e0090000000e80010079800fe
:1082b4001e009000e30f5000efff34001e00780012
:1082c4000000e0000b003a008040eb0000102000aa
:1082d4001a28020001000000017d200030c0b30014
:1082e4008e620200010000000000eb00609788002d
:1082f40056003700017d200030c0b3008e620200ba
:108304000100000020002000609788004f00370023
:10831400017d200030c0b3008e6202000100000025
:10832400300020006097880048003700a0802000bb
:10833400104078000004e00003003200a000200098
:108344006097880041003700a00f200060978800e4
:108354008040eb00001020001a28020001000000f9
:108364003a003700b0802000104078000004e0009c
:108374000c0032008040eb00001020001a2802009c
:1083840001000000908020001040780080407800b8
:108394000114a0009080200001487800a00f200064
:1083a40060978800a0802000104078000004e0005e
:1083b40023003a008040eb00001020004c2802000b
:1083c40001000000a00f2000609788001f00370004
:1083d4009080200010407800804078000154a10073
:1083e4009080200001487800b00f2000609788003a
:1083f40040998000e10f500013003e00908020005f
:1084040010407800804078000154a1009080200042
:10841400014878000000eb00609788000b003700eb
:108424000000eb00609788000000000007003700a0
:1084340000000000050037000000000003003700c2
:108444000000000001003700000000000080fa0076
:10845400000006000200fa00004f7800001222001b
:10846400104078009e4f500003003a00000981003c
:108474000090a000000989001e407800ea4f5000d7
:10848400030032001e407800ed4f500014003a0003
:10849400e0fc2100104078000004e0001e003200df
:1084a400e0fc2100104078000080fb00f1fc21007a
:1084b4000041eb00827078008001eb000001eb00ca
:1084c4008000eb00f0fc2100249d0200000000006d
:1084d400e0fc21008040eb00014878000e003700ea
:1084e4001e407800ed4f50000b003200e0fc2100ec
:1084f400104078000080fb001e417800f1fc210050
:1085040082707800e0fc2100104078008040e80090
:10851400e0fc2100014878000080fa000000060019
:108524000000fa0080002000701d8800b023ef00d6
:1085340020022000b01d8800b823ef009bc0a800d3
:10854400afe3a800b143a800b183a800b686a80091
:108554000080fa00000006000200fa00000f780014
:108564001e007800104078000004e0001100320082
:10857400000000000100370000000000811d8000a1
:1085840000102000008060000000e000fbff3200cb
:108594001e007800104078000000fb00901d880049
:1085a4001e0fe8001e007800104078000004e00070
:1085b400f1ff3a000080fa00000006000200fa0011
:1085c400000f78001e007800e3ff07000080fa0027
:1085d400000006000200fa00000f78001e00780078
:1085e400104078000004e000110032000000000098
:1085f4000100370000000000811d800000102000f1
:10860400008060000000e000fbff32001e007800e4
:10861400104078000080fb00901d88001e0fe800c9
:108624001e007800104078000004e000f1ff3a00da
:108634000080fa00000006000000fa0020ae2c00c2
:0c864400deff07000080fa0000000600c6
:020000040000fa
:020000040003f7
:10865000ce230000220000008000000088240000db
:1086600006000000800000004c2400001a000000fa
:1086700080000000cc2200005c00000080000000b0
:10868000f0230000200000008000000028230000ec
:108690004e00000080000000962400000200000050
:1086a00082000000feff000022210000cc0000003c
:1086b00080000000982400000200000080000000fc
:1086c0009a24000002000000800000009c240000aa
:1086d0000200000082000000ffff0000d81300002d
:1086e0003807000080000000a42300002a000000da
:1086f00080000000662400001400000080000000dc
:108700008e24000004000000800000006c220000a5
:108710006000000080000000ce1f00005401000037
:1087200080000000762300002e0000008000000082
:10873000102400001e0000008200000023462300d9
:1087400049234e002354230052234100234e23008b
:10875000532350002341230052234500234e23007e
:108760005400000000080000d80b0000800000004a
:10877000ee2100007e000000800000007a2400004e
:108780000e00000080000000101b0000f20200003c
:10879000800000009224000004000000820000001d
:1087a000ffffff00ff000000021e0000cc010000e0
:1087b000800000002e2400001e0000008200000047
:1087c000286e69006c29000025006800076c09000c
:1087d0004c836a009074a0007ac000008068880012
:1087e00000846c00820081009e24000002000000d2
:0887f000800000000000000001
:020000040000fa
:020000040003f7
:1087f8000000fa0010978000e10f50001e003200c0
:10880800e10f500003003900e20f5000240032004d
:108818002c003700ca06a900ca26a800808c2100af
:108828009040780010c3b30080cf5000050032009c
:10883800808c21009040780050c3b30080cf500056
:1088480005003a00419c200020c0b3008e6202005f
:108858000100000004003700411f200020c0b300c1
:108868008e62020001000000109780000000e800fe
:108878001097880016003700ca06a900ca26a90062
:10888800411f200020c0b3008e62020001000000da
:10889800109780000000e800109788000c0037004f
:1088a800ca06a800ca26a900411f200020c0b3009c
:1088b8008e620200010000000000eb0010978800a3
:1088c800030037000000eb0010978800000000004c
:1088d8000080fa00000006000200fa00004f78004d
:1088e800114798001e407800e54f500002003600fe
:1088f80050c0b300004f7800602481000000e00001
:1089080024003a00809a80000000e00021003a002c
:10891800d09a80000000e0001e003a0040998000d4
:10892800e10f50001b003a001e80fb006024890004
:108938001e409000614060000080fb006100600004
:10894800412481000100a100010070004024890039
:10895800402481000010a000402489001e4090009f
:108968000004e00003003a00800c20005024890035
:1089780002003700401f200050248900f0c020006a
:1089880011c0b3000148780040c5b300d4a7020065
:108998000100000060248100004078000080fa0097
:0489a80000000600c5
:020000040000fa
:020000040003f7
:1089ac00f03fb1000180b10006003500ee03090074
:1089bc0000000000403fb1000180b100fbff3d0012
:1089cc001000b000203fb00002003500008009000c
:0889dc0000000000000006008d
:020000040000fa
:02000004000af0
:04be0000ffffff0041
:020000040000fa
:02000004000af0
:04be2000ff1f000000
:020000040000fa
:02000004000af0
:04be300009ffff0007
:020000040000fa
:02000004000af0
:04be380043ffff00c5
:020000040000fa
:02000004000af0
:04be4000bbffff0045
:020000040000fa
:02000004000af0
:04be4800ffffff00f9
:020000040000fa
:02000004000af0
:04be5000df7fff0091
:020000040000fa
:02000004000af0
:04be5800ffffff00e9
:020000040000fa
:020000040100f9
:04300000feffff00d0
:00000001FF
