:020000040000fa
:080000000001040000000000f3
:020000040000fa
:04000800a004000050
:020000040000fa
:04000c00a00400004c
:020000040000fa
:04001000a004000048
:020000040000fa
:04001400a004000044
:020000040000fa
:04001800a004000040
:020000040000fa
:04001c00a00400003c
:020000040000fa
:04002000a004000038
:020000040000fa
:04002400a004000034
:020000040000fa
:0400280004020000ce
:020000040000fa
:04002c00a00400002c
:020000040000fa
:04003000a004000028
:020000040000fa
:040034006202000064
:020000040000fa
:04003800a004000020
:020000040000fa
:04003c00a00400001c
:020000040000fa
:04004000a004000018
:020000040000fa
:040044005202000064
:020000040000fa
:040048005a02000058
:020000040000fa
:04004c00a00400000c
:020000040000fa
:04005000a004000008
:020000040000fa
:04005400ae030000f7
:020000040000fa
:04005800a004000000
:020000040000fa
:04005c00a0040000fc
:020000040000fa
:04006000a0040000f8
:020000040000fa
:04006400a0040000f4
:020000040000fa
:04006800a0040000f0
:020000040000fa
:04006c00a0040000ec
:020000040000fa
:04007000a0040000e8
:020000040000fa
:04007400e4030000a1
:020000040000fa
:040078001e02000064
:020000040000fa
:04007c00a0040000dc
:020000040000fa
:04008000a0040000d8
:020000040000fa
:04008400a0040000d4
:020000040000fa
:04008800a0040000d0
:020000040000fa
:04008c00a0040000cc
:020000040000fa
:04009000a0040000c8
:020000040000fa
:04009400a0040000c4
:020000040000fa
:04009800a0040000c0
:020000040000fa
:04009c003802000026
:020000040000fa
:0400a00078030000e1
:020000040000fa
:0400a400a0040000b4
:020000040000fa
:0400a800a0040000b0
:020000040000fa
:0400ac00a0040000ac
:020000040000fa
:0400b000a0040000a8
:020000040000fa
:0400b400a0040000a4
:020000040000fa
:0400b800a0040000a0
:020000040000fa
:0400bc00a00400009c
:020000040000fa
:0400c000a004000098
:020000040000fa
:0400c400a004000094
:020000040000fa
:0400c800a004000090
:020000040000fa
:0400cc00a00400008c
:020000040000fa
:0400d000a004000088
:020000040000fa
:0400d400a004000084
:020000040000fa
:0400d800a004000080
:020000040000fa
:0400dc00a00400007c
:020000040000fa
:0400e000a004000078
:020000040000fa
:0400e400a004000074
:020000040000fa
:0400e800a004000070
:020000040000fa
:0400ec00a00400006c
:020000040000fa
:0400f000a004000068
:020000040000fa
:0400f400a004000064
:020000040000fa
:0400f800a004000060
:020000040000fa
:0400fc00a00400005c
:020000040000fa
:04010000a004000057
:020000040000fa
:04010400a004000053
:020000040000fa
:04010800a00400004f
:020000040000fa
:04010c00a00400004b
:020000040000fa
:04011000a004000047
:020000040000fa
:04011400a004000043
:020000040000fa
:04011800a00400003f
:020000040000fa
:04011c00a00400003b
:020000040000fa
:04012000a004000037
:020000040000fa
:04012400a004000033
:020000040000fa
:04012800a00400002f
:020000040000fa
:04012c00a00400002b
:020000040000fa
:04013000a004000027
:020000040000fa
:04013400a004000023
:020000040000fa
:04013800a00400001f
:020000040000fa
:04013c00a00400001b
:020000040000fa
:04014000a004000017
:020000040000fa
:04014400a004000013
:020000040000fa
:04014800a00400000f
:020000040000fa
:04014c00a00400000b
:020000040000fa
:04015000a004000007
:020000040000fa
:04015400a004000003
:020000040000fa
:04015800a0040000ff
:020000040000fa
:04015c00a0040000fb
:020000040000fa
:04016000a0040000f7
:020000040000fa
:04016400a0040000f3
:020000040000fa
:04016800a0040000ef
:020000040000fa
:04016c00a0040000eb
:020000040000fa
:040170004e0300003a
:020000040000fa
:04017400a0040000e3
:020000040000fa
:04017800a0040000df
:020000040000fa
:04017c00a0040000db
:020000040000fa
:04018000a0040000d7
:020000040000fa
:04018400a0040000d3
:020000040000fa
:04018800a0040000cf
:020000040000fa
:04018c00a0040000cb
:020000040000fa
:04019000a0040000c7
:020000040000fa
:04019400a0040000c3
:020000040000fa
:04019800a0040000bf
:020000040000fa
:04019c00a0040000bb
:020000040000fa
:0401a000a0040000b7
:020000040000fa
:0401a400a0040000b3
:020000040000fa
:0401a800a0040000af
:020000040000fa
:0401ac00a0040000ab
:020000040000fa
:0401b000a0040000a7
:020000040000fa
:0401b400a0040000a3
:020000040000fa
:0401b800a00400009f
:020000040000fa
:0401bc00a00400009b
:020000040000fa
:0401c000a004000097
:020000040000fa
:0401c400a004000093
:020000040000fa
:0401c800a00400008f
:020000040000fa
:0401cc00a00400008b
:020000040000fa
:0401d000a004000087
:020000040000fa
:0401d400a004000083
:020000040000fa
:0401d800a00400007f
:020000040000fa
:0401dc00a00400007b
:020000040000fa
:0401e000a004000077
:020000040000fa
:0401e400a004000073
:020000040000fa
:0401e800a00400006f
:020000040000fa
:0401ec00a00400006b
:020000040000fa
:0401f000a004000067
:020000040000fa
:0401f400a004000063
:020000040000fa
:0401f800a00400005f
:020000040000fa
:0401fc00a00400005b
:020000040000fa
:10020000ef6022000eff27000e01880000000000b2
:10021000000020000000e000020032000001200089
:100220002002880014000700c70107000000e0005a
:1002300003003a00c0442e001100200002003700e5
:100240000000200001002000810f7000010032003a
:1002500014000700000020000000e000020032004f
:1002600000000200000000003a6a020001000000e5
:100270000040da000000fe004440a90040a5230031
:100280000000e00003003200002020009001880000
:100290004440a800000006008a1f78008b1f7800e9
:1002a00000000600a1028800800478000000eb0036
:1002b0001f003700e284440054a0b4009905ba003e
:1002c000e284440054a0b4009906ba00e2844400d9
:1002d00054a0b4000006eb00476fde00fd07b2003b
:1002e000ae018800636ce10003003a00eaff0700fa
:1002f0000000eb000e003700606ce10008003a00df
:10030000004deb000a05e800020039003420ec0043
:100310000af0a0008b05e900f9ff3e000400370059
:100320006168e100010032000086eb000b0007006d
:1003300019c7ba001905ba000e04e00003003a001c
:100340000a00e000dbff3a0000000600fe07b200f2
:10035000ae0288008a047800f5ff37000cd0a300b5
:10036000e20f4d001c00390089027800354dba00bb
:100370000a05e800020039003420ec000af0a00071
:100380008b05e9000f003200254dba000a05e80090
:10039000020039003420ec000af0a0008b05e900cf
:1003a000080032000c00e0000600320015cdba0053
:1003b0000a05e800020039003420ec000af0a00031
:1003c0008b05e9008984e80054a0b4000b00e0002c
:1003d000e2ff3a00000006009902ba00055d7800cd
:1003e0008b05e900f7ff3200c82ade00055d7800c2
:1003f0008b05e900f3ff32000c00e000f1ff320052
:1004000019ddba00eeff37003200f8003400f800c2
:10041000881f780018002000a8018800082020000c
:10042000980188004f0478000000fa000080fa006c
:100430003400f9003200f900004006003200f800f4
:100440003400f800881f780018002000a8018800f8
:1004500008202000980188004f0478000000fa006e
:100460000080fa003400f9003200f9000040060074
:100470003200f8003400f800881f780018002000cf
:10048000a801880008202000980188004f04780007
:100490000000fa000080fa003400f9003200f90090
:1004a000004006000000fa0088e0a9000080fa0081
:1004b000004006000000fa008900a9000080fa0050
:1004c00000400600809fbe00829fbe000200fa002e
:1004d000c0048000680060000000e0006a00320094
:1004e00040048000680060000000e0006600320008
:1004f000003d210011c0b30001487800d01e8100ea
:100500000000e00003003200d01e81000000e9007e
:10051000d01e8900d0422200104078000004e00084
:1005200005003200d0422200104078008040e900ef
:10053000d042220001487800705880000000e0009e
:1005400003003200705880000000e90070588800f5
:100550000040eb00004f7800480037001e80fb0091
:100560006a00b90080007800c02c210000804000a3
:1005700010407800e14f500027003a001e80fb0039
:100580006a00b900000078008080e800c02c2100db
:1005900000804000100078000000e0000e003200f3
:1005a0009e81fb001e80fb006a00b90000007800fd
:1005b0008080e800c02c21000080400010007800fe
:1005c0000001e9006a18b90080007800e02c2100e1
:1005d00000804000020878001e80fb006a00b9001d
:1005e000000078008080e800c02c210000804000de
:1005f000100078000000e00007003a001e80fb00b9
:100600006a00b90080007800c02c21000080400002
:100610008040eb00014878001e80fb006a00b900b2
:1006200000007800e6004000c02c2100008040005f
:100630001000be00e00f5000e08f58000e003200a6
:100640001e81fb006a10b90000007800e60040003f
:10065000c02c2100008040001000be00610050004e
:10066000e08058006a11b90082017800222d210033
:10067000028141000089be001e4fe8001e40780044
:10068000f94f5000b5ff36008860a9000080fa00dd
:100690004f01be004f00be00004006003600f800cb
:1006a000809fbe00829fbe00849fbe00869fbe00ca
:1006b0000000fa00020037006e6502000100000031
:1006c000301e8000610060000000e000faff3a0088
:1006d0009240a9000080fa004f03be004f02be0006
:1006e0004f01be004f00be003600f900004006007a
:1006f0003600f800809fbe00829fbe00849fbe002f
:10070000869fbe000000fa00020037008c650200e0
:1007100001000000801d8000610060000000e0001a
:10072000faff3a008bc0a900c026210010407800d3
:10073000804078000144a000c026210001487800d4
:100740000080fa004f03be004f02be004f01be0002
:100750004f00be003600f900004006003600f800e9
:10076000809fbe00829fbe00849fbe00869fbe0009
:100770000000fa00020037008416020001000000a9
:10078000d01c8000610060000000e000faff3a0029
:100790008960a900c02621001040780080407800c0
:1007a0000154a000c0262100014878000080fa0012
:1007b0004f03be004f02be004f01be004f00be00ff
:1007c0003600f900004006003600f800809fbe00a9
:1007d000829fbe00849fbe00869fbe000000fa007c
:1007e000d0048000680060000000e0004d0032008e
:1007f00050048000680060000000e0004900320002
:100800004137800000202000008060000000e000f0
:100810000c003200a0b32c0004e402000100000030
:10082000007d2000d0738800e926a900c0262100a1
:1008300010407800804078000124a000c0262100ec
:1008400001487800a136800000042000008060008c
:100850000000e00011003200803d210010407800cf
:10086000e14f500006003a0080b42c0004e402007e
:1008700001000000803d21008040eb00014878002d
:10088000d4c6a900c026210010407800804078001e
:100890000114a000c026210001487800a036800085
:1008a000640060000000e00007003200d446a900a8
:1008b000c026210010407800804078000104a0008c
:1008c000c026210001487800a03680006800600042
:1008d0000000e00001003200d466a900a1368000cb
:1008e00000022000008060000000e00001003200f3
:1008f000d4a6a900a0368000700060000000e000cf
:1009000001003200d486a9008a60a900c026210017
:1009100010407800804078000134a000c0262100fb
:10092000014878000080fa004f03be004f02be006d
:100930004f01be004f00be003600f9000040060027
:100940000040da000000fe00000005006022b80050
:10095000060220000000d0008180d2000482d20074
:100960008582d2000000a0000202520083825a0059
:10097000030031000202420083824a000000a1000d
:100980000603e900f3ff3a0000000600efff07004e
:100990000400be00000006000000fa00e8815700d5
:1009a0004fb99700cb0207000080fa000000060054
:1009b000ef000700470107007b010700f701070070
:1009c0001f02070040030700eb0237000000fa0097
:1009d000e88157004fb99700be0207000080fa0077
:1009e00000000600e20007003a010700eb010700e3
:1009f000130207006c01070033030700de02370013
:100a00000000fa0068815700cfb89700d6020700af
:100a10000080fa0000000600d50007002d01070045
:100a200061010700dd01070005020700260307003a
:100a3000d10237000000fa0068815700cfb8970054
:100a4000c90207000080fa0000000600c800070085
:100a500020010700d1010700f9010700520107003a
:100a600019030700c40237000000fa00688157002c
:100a7000cfb89700bc0207000080fa000000060013
:100a8000490137008001780002003700b159780031
:100a90000201e9000200e000fcff3a00000006004d
:100aa000889fbe008a9fbe00800478000200e0009c
:100ab0005b00320001407800814c78008281440064
:100ac000f1f99f00e20f5100550036009144980063
:100ad000a1449800e1f99f00d1f99f00e60f510071
:100ae0004f003600b1449800c1f99f00e80f510053
:100af0004b0036000905ea00630565000a844400de
:100b00000a055100c1ff2f00010565000080fb00b0
:100b10008000eb00121020001310200008060700d0
:100b2000008cbe000a01440060b99f0071b99f00ab
:100b3000e80f55003a003600200498003104980070
:100b4000400498005104980020b99f0031b99f00db
:100b500040b99f0051b99f00f80f55003000360092
:100b60006004980071049800000c9800110c980023
:100b7000200c9800310c9800400c9800510c980003
:100b800020b19f0031b19f0040b19f0051b19f0043
:100b900060b19f0071b19f0000b99f0011b99f0023
:100ba000640164007801410002044400020555001c
:100bb0006011b8000203be000002be000403be00c4
:100bc0006022b80000007200818072000201730090
:100bd0008381730010003700009cbe000294be00a9
:100be000400498005104980062049800730498002f
:100bf000000c9800110c9800220c9800330c9800ff
:100c0000400c9800510c9800620c9800730c9800ee
:100c10000a02b1000802b000ff0f5500eeff3e00cf
:100c2000090078004f05be004f04be00000006001a
:100c3000889fbe000004be0008007800180007006e
:100c400000004400890078000e00070008007800ca
:100c50004f04be0000000600810178000002780009
:100c600030417800b14f510002003a000204e00028
:100c7000f9ff3a009480fb001380fb0000805000d5
:100c800000000600881f7800000478000800780043
:100c9000e7040700080078004f0478000000060011
:100ca00080007800040037003104e00002003a00c0
:100cb0000000510000000600010178000108a300b7
:100cc000f9ff3a008101780031017800f4ef2f003c
:100cd000020242000281ea000201620004082800c8
:100ce00004016100f7ff3200830078000101780001
:100cf0003104e000fdff3a00000051000000060052
:100d00008001eb000200e0001000320000027800d9
:100d100001037800b44178000304e00008003200c9
:100d2000b14278000504e000050032008203400073
:100d3000848f53000200320085cf5100f4ff32004f
:100d40008381fb001680fb00808151000300780046
:100d500000000600881f7800000478000800780072
:100d6000d3040700080078004f0478000000060054
:100d7000ec874700889fbe008a9fbe008c9fbe0004
:100d80008e1f780000067800010478001807900094
:100d90002805900098067800cdb79f00b805900010
:100da0003202be002203be000400be000601be00e7
:100db0004f18de006011b8008000eb00d0b79f0034
:100dc000e1b79f00f2b79f0083bf9f0080047800c7
:100dd0000900e000060032006000b8006011b800b1
:100de0000402500085825800060359008783590089
:100df0000e00e000020035000d10a100cdb79f00ed
:100e00000900e00005003a004fb097000028a30059
:100e100002003a000038a300020032008a00e90014
:100e2000010037008a007800f8815700a2002000f6
:100e300008007800860007000900e00003003a007f
:100e4000cfb097000128a300080032000000e9009d
:100e500000814500b1c2b3000900e000010032008a
:100e6000d1c2b30001497800050037000138a30062
:100e7000030032000000e90001c2b3008175780070
:100e8000480190000201e900000151008080450006
:100e90004fb297008a0178000c00780055020700d5
:100ea0009c0090000188a30004003200980090008c
:100eb000810f500001003d00010078004f077800cd
:100ec0004f06be004f05be004f04be00cf00b1006c
:100ed000000006000200fa00889fbe008a9fbe0044
:100ee0008005780001047800020078001801900065
:100ef0002805900098007800b1bf9f00b8049000ca
:100f00000200e000020035000110a100b1bf9f0007
:100f1000ea815700820020008a0078003002be007b
:100f20002003be0008007800490007003fb9970081
:100f3000f0006100030032000000e90001c3b300cb
:100f4000817478003fb99700e80061000300320027
:100f50000000e90001c2b3008174780048019000ec
:100f60000201e90000015100808044003fba97006f
:100f70008a0178000b0078001e0207009b00900099
:100f80000188a3000400320098009000810f5000f7
:100f900001003d00010078004f05be004f04be0077
:100fa0000080fa0000000600ea874700889fbe0024
:100fb0008a9fbe008e1f780000047800030078002e
:100fc0007287570084e2260055c72600049fbe00a2
:100fd000c3962200030f78006c875700004feb0088
:100fe00011059000a1049000910578000200e00036
:100ff00002003200020778000100370072875700b4
:101000000000e00002003a000e00780024ff070014
:101010000a00e000030035008a0f5000010036008e
:101020000a0078000b02780089017800000178003e
:101030008e00780008007800ee0107004f07780066
:101040004f05be004f04be00af00b1000000060017
:10105000f4874700889fbe008a9fbe008c9fbe0019
:101060008e1f78000605be000404be0081bf9f00ed
:1010700082b79f00f3b79f00b0009000e1b79f00d8
:101080001301780092b79f009006900040009000f6
:101090000000e900000678000d00e00001003d00be
:1010a0001d0020008040eb00efb1970081717800b7
:1010b0001e0020001f0037000c06e9000fb097004b
:1010c000cf80de006109b900a0b79f00b1b79f00d3
:1010d000c2b79f00d3b79f000203be000002be004c
:1010e0000800be000a01be003b05070000077800ab
:1010f0000e4078000043b000efb0970080707e0093
:101100008d06e9000fb997000201e90082bf9f0038
:101110002fb29700bfb297004fb39700dfb397008d
:101120000800be000a01be00240507000205be003b
:101130000004be000c00e0000d003400e00f54007d
:10114000e08f5c00e00f5d00e08f5d00daff3a00a9
:101150000d00e000d8ff3c008fb997000300e000cd
:10116000030034001fb097000018a300d2ff3a001c
:101170000e00e00002003a00ffb097001140a1000d
:101180000c0078004f0778004f06be004f05be00e8
:101190004f04be004f01b100000006000200fa003b
:1011a000889fbe008a9fbe00000578000104780079
:1011b0000200780018019000a804900098007800c0
:1011c000b1bf9f00b80590000200e00002003500aa
:1011d0000110a100b1bf9f00ea815700a2002000ca
:1011e000890078003002be002003be0008007800ad
:1011f00097ff0700480190000201e900000151003b
:10120000808045003fba9700890178000a00780085
:10121000780107009a0090000188a30004003200c2
:1012200098009000810f500001003d0001007800ff
:101230004f05be004f04be000080fa00000006000b
:10124000fa874700889fbe008a9fbe008c9fbe0021
:101250008e1f7800800478000104780082057800f1
:10126000180190002805900018077800b800900039
:101270000200e000020035000e10a100010037005e
:101280001200200070006700e0b79f0009003200e4
:101290003b02be002b03be00e00f5200e08f5a005d
:1012a000e00f5b00e08f5b00020032008a86e900fd
:1012b000010037008a067800e8026700f5b79f0052
:1012c000010032008d06e9003b02be002b03be0088
:1012d000e4af9f00f5af9f0086b79f0097b79f00d0
:1012e000480690000c06e9000040eb0080707e008c
:1012f000efb297007fb297008903780081047800ed
:10130000d8af9f00020478008bbf9f008a05780049
:10131000034578002a0037000c06e9006fab970000
:101320006f006300e90f500002003c000003b000b2
:10133000010037007005b0000a03fb001604b1007d
:10134000f90f53000c003e00000378000650a00087
:101350001606b100f90f530007003e00b4b79f0016
:10136000a5b79f00c7b79f008d030700cfb39700b5
:10137000afb297003fb2970080747e000804e90086
:101380008d06e9006fa89700ffa897000fb197009e
:101390009fb19700460020008301d1000281d30055
:1013a0008180d3000080d3000603e900faff3a00f1
:1013b000e0af9f00f1af9f0082b79f0093b79f00ff
:1013c000e10f56000f0034006fa89700ffa89700a8
:1013d0000fb197009fb19700e00f5000e08f5800c9
:1013e000e00f5900e08f5900cbff3a000800e00001
:1013f000c9ff3c000d00e000020034000e18a300fd
:10140000c5ff3a0089007800f4b79f008704780090
:101410005fac97008a4178000b0578008fbd97007c
:101420000500e000100032003b02be002b03be00ae
:10143000e4af9f00f5af9f0086b79f0097b79f006e
:10144000e00f5200e08f5a00e00f5b00e08f5b007e
:10145000050032000c06e90083707e000c06e900ee
:1014600000c3b30080707e00ffb297000500e0006b
:10147000030032000c06e90000c2b30080707e0059
:10148000480190000201e9000c0151008c804000ed
:101490000e0278008a01780009007800d500070064
:1014a000990090000188a300040032009800900089
:1014b000810f500001003d00010078004f077800c7
:1014c0004f06be004f05be004f04be00af01b10085
:1014d00000000600f28747008e1f780002027800a5
:1014e000030178000000e0000200320000077800ed
:1014f00001003700728757008002eb000100e00016
:10150000010032008102e9007080570006000900e6
:101510000018eb000080eb0080bf9f00231020002c
:1015200093bf9f00aebf9f00b1bf9f00c5bf9f008c
:101530000100e00003003d00b1042000613089009b
:1015400006003700004feb00eebf9f00debf9f009c
:101550008400780070805700180307004f07780058
:101560002f01b1000000060082017800010178001f
:10157000f1ff2700d7ff370084082000848f500038
:101580001d0032000d003c0014082000848f500024
:101590002700320002003c0004082000040037004d
:1015a00024082000848f50003400320044082000ba
:1015b000848f500043003a0036003700040a2000b0
:1015c000848f50002700320004003c0004092000f2
:1015d000848f50003b003a0028003700020c2000a6
:1015e000828f50002f003200020f2000828f5000a7
:1015f00034003a002b0037009380e9000200e0003d
:1016000005003200810978001102fb00cfa2de0044
:10161000612bb90028003700810978001142780059
:101620000482fb008002eb006033b8002200370028
:1016300013027800e40052000200e00005003200ce
:10164000810978001102be004fabde0086037800ee
:1016500019003700810978001102be006033b8001c
:10166000150037009380e9008109780011027800a5
:10167000cfa2de00612bb9000f0037009302780083
:10168000e8805200810978003102be002103be00cb
:10169000090037009380e9000200e00002003200f8
:1016a000f1ff37009380e90081097800110278008a
:1016b0008002eb006033b8000498be000690be00c4
:1016c000100005000000050044082000848f500031
:1016d0002500320008003c0014082000848f5000d0
:1016e0001400320024082000848f500024003200af
:1016f000040820000c00370004092000848f5000eb
:101700001f00320004003c0084082000848f500039
:1017100024003a000e003700040a2000848f500095
:1017200011003200040c2000848f50001d003a008c
:101730000d0037009380e90081097800910078005e
:1017400001087800cf91de008288be0014003700c7
:101750009380e90081097800910078000108780001
:10176000824878000e0037009380e90081097800f4
:10177000910078000108780082087800080037009e
:101780009380e900810978009100780001087800d1
:101790006112b900612bb9008498be008690be002a
:1017a0001000050000000500889fbe0000047800be
:1017b0004800900082047800808f540001003600b9
:1017c000800478000901780058009000adfc070003
:1017d000580090000900400050049800c800900094
:1017e00089845000490498000048eb004f04be0073
:1017f00000000600f2874700889fbe008a9fbe0057
:101800008c9fbe008e1f7800800478000105780050
:1018100002047800830578006107620002003a0044
:101820008b0f540008003900080178008a00780006
:1018300009007800dcff07008b0f5400020039001c
:10184000880578001e003700088655000c017800d6
:10185000f00f5600010036000201200001022000b6
:101860007e8057008efc07008c067800050037004c
:1018700002012000fe80570009007800caff07001f
:10188000f0865600ef8f5600f9ff3e004461de00ff
:1018900000ff2f000091b90002014600fe805700b2
:1018a00009007800c0ff07000e00e00004003a00c5
:1018b000080178008a00780009007800baff070064
:1018c0000b0078004f0778004f06be004f05be00a2
:1018d0004f04be002f01b10000000600000005000b
:1018e0000000050000000500000178000040eb004a
:1018f0008080fb0081804000435a220063c2780050
:101900000404e00003003a00505a220060c078004e
:101910000000060092017800934f520004003a0044
:10192000505a220060c078000309e8000100370027
:101930000040e800ea4f5000edff360000000600ce
:10194000f6874700889fbe008a9fbe008c9fbe001e
:101950008e1f780000057800010478008305780068
:10196000040678000000eb00c0b79f008080eb0009
:10197000d1b79f00e0b79f00f2b79f00000820009a
:1019800080bf9f0098007800010078008004eb0081
:10199000010037008904e800304178000204e000cb
:1019a0000300320053c2b300834f5100f9ff3a00e5
:1019b0000900e00004003200090178000a00780004
:1019c00079ff0700188c44001807780050c2b30054
:1019d0009e4f10003f013a000e07e8000e0c780001
:1019e00010003700cfb097000100a0000b003700b7
:1019f000cfb097000110a00008003700cfb09700cb
:101a00000120a00005003700cfb097000130a000f2
:101a100002003700cfb097000140a000c1b79f007f
:101a2000000ce8001800780090407800b2c2b300c3
:101a300082cf5000f1ff320007003c0002c2b30029
:101a400082cf5000f0ff320032c2b30082cf50008c
:101a500007003a00efff3700d2c2b30082cf500038
:101a6000e0ff320002c3b30082cf5000e0ff32003b
:101a7000a2c2b30082cf50000d003a00000ce80073
:101a80001c80e900000e780010007800e0b79f008d
:101a90000000e0000f003d00cfb097000100a20061
:101aa000c1b79f000000ea00e0b79f0009003700bf
:101ab00039010700e0b79f0001003700000ce80083
:101ac000180078009000fb000103b100e98f50007e
:101ad000faff36004fb097000008a3000200320062
:101ae0000010a100c0b79f0018007800e1c2b30049
:101af00090cf100016003a008000eb00d1b79f0095
:101b00000000e800000c7800a1c2b30090cf1000e4
:101b100006003a00000ce8001c80e900000e780086
:101b200010007800d0b79f00090037001a010700a5
:101b3000d0b79f0001003700000ce80018007800c3
:101b40009000fb000103b100e98f5000faff36005e
:101b50000800780064ff07008046780018007800cd
:101b60001000fb008701070091062000810f500044
:101b70003800320012003c0041062000810f500066
:101b8000340032000a003c0011062000810f500092
:101b90002000320031062000810f5000a0003200ea
:101ba00051022000810f5000bc003a00b400370001
:101bb00071062000810f5000b8003c0088003700fb
:101bc00001072000810f50005c00320007003c003c
:101bd000e1062000810f50007a003200f10620005b
:101be000810f5000ad003a00390037005107200046
:101bf000810f50002700320081072000810f500024
:101c00004200320031072000810f5000a3003a004b
:101c10008f0037008d80fb000c01780000fe2f0044
:101c20000f004000730107000000e000a800320030
:101c300018007800000ce8009041780002fe2f00a8
:101c40000f014100f88057000a00780024ff0700c8
:101c50000e0037008d80fb008c0178001200200000
:101c600000fe2f000f00400043fe07000000e000d0
:101c700097003200180ce80002fe2f000f0141000f
:101c8000f88057000a00780039fc0700808444007f
:101c9000900037008d80fb008c0178000001eb0084
:101ca00000fe2f000f00400033fe07000000e000a0
:101cb00087003200180ce80002fe2f000f014100df
:101cc000f88057000a00780034fd0700efff370066
:101cd0008d80fb008c0178000001eb0000fe2f00de
:101ce0000f00400024fe07000000e00078003200f2
:101cf000180ce80002fe2f000f014100f880570089
:101d00000a00780073fc0700e0ff37008d80fb00bd
:101d10008c0178000001eb0000fe2f000f00400056
:101d200015fe07000000e00069003200180078008e
:101d3000000ce800904178001c0037008c0178000e
:101d40000001eb00010f200000fe2f000f004000fb
:101d500009fe07000000e0005d003200180ce800fa
:101d60000fb097009fb097002fb19700bfb19700b9
:101d7000e00f5000e08f5800e00f5900e08f59004d
:101d800009003a00cfb597006fb49700c059220000
:101d9000c3fb07000b02780088017800000178007f
:101da000c15922004700370083c7b30002fe2f004d
:101db0000f014100f88057000a00780020fd07005d
:101dc000b2ff37000b8144008d80fb008c0178004e
:101dd00000fe2f000f0040003bfe07003c003700d4
:101de0008d80fb000c01780000fe2f000f004000ea
:101df000000107000000e000350032001800780004
:101e0000000ce8009041780002fe2f000f01410015
:101e1000f88057000a007800b1fe07009bff3700ea
:101e200000c8b30080cf560029003a00180ce80023
:101e30001c80e900000e780010407800e0df9f0071
:101e400013002000e2fd2f000f01410008003700c1
:101e500000c8b30080cf56001d003a00180ce800ff
:101e60001c80e900000e78008001eb001001780072
:101e7000f88057000a0078004bfc070083ff37000a
:101e800000c8b30080cf560011003a00180ce800db
:101e90004fb29700efb19700080037000e0c7800a2
:101ea0000000eb00c0b79f00e0b79f000080eb0090
:101eb000d0b79f000002eb008401780012002000e0
:101ec000215a22000a0078004afe07006fff3700ff
:101ed000180ce800090078004f0778004f06be0094
:101ee0004f05be004f04be006f01b10000000600a8
:101ef0008200fa00889fbe008a1f780000057800e3
:101f000082047800c13f9f000004eb0010003700fe
:101f10000902780088017800a2f72f000f01410024
:101f200081f72f008f8040000a00780084fe0700b0
:101f300008004000880f500004003d00b00420005d
:101f4000603089000084eb00040037000004780052
:101f50004f3897001004e000edff3a0008007800c9
:101f60004f0578004f04be000080fa000000060014
:101f7000800078001000200002022000828f5000b4
:101f800004003200e9805000e48f50000100360068
:101f90000000eb0000000600889fbe008a1f78004a
:101fa000000578000a047800984478000805e800e5
:101fb0000900fb00eeff07000000e000f9ff3a0017
:101fc000b0c2b30080cf540005003200d0c2b300cd
:101fd0008000eb0080cf540005003a00020037007b
:101fe0008000eb0001003700110020000804e80029
:101ff0000000eb00030037006a02b9000200520043
:102000000003b0003801fb0003fd2f008281410076
:10201000e98f5100f8ff36000100e00001003a00ae
:102020000000ea004f0578004f04be0000000600e3
:102030000101780080017800008268000408a30094
:1020400005003200130037003240780080597800d4
:102050000004e00014003200030278000208a3002c
:10206000f9ff3a00030078000100370003187800f8
:1020700082007800b2017800f5ef2f0083824200e1
:102080000382ea000482620005082800050262005b
:10209000f6ff3200000278003141780002587800e3
:1020a0000204e000fbff3a00040078000000060094
:1020b000881f780081017800000278008082680023
:1020c0000508a30002003200210037000201e900e8
:1020d00003007800040478000308a300070032001e
:1020e0000200e00021003200b3407800015a78007d
:1020f0000104e000f5ff3a00020037000200e000b2
:102100001a0032001004e00003003a001700370004
:10211000031c78000281e90080007800e10f510083
:1021200008003600b0017800f5ef2f0083824200ee
:102130000382ea00048262000508280005026200aa
:10214000f3ff320008007800010037000201e900c7
:10215000000478000200e00004003200b141780081
:10216000035878000304e000f8ff3a008000eb0019
:10217000080078004afa0700080078004f04780049
:1021800000000600f1fb2f0080804000f98f500016
:1021900001003e000050a00000000600f9ff3700db
:1021a000f1f92f0080804000f98f500001003e00bf
:1021b000f005b20000000600f9ff37000200fa0047
:1021c000881f780000047800e2bf9f0064815700f8
:1021d0000800780046ff0700980090000148a3001f
:1021e000010032000080eb004f0478000080fa000c
:1021f00000000600881f7800000478000008200016
:10220000808f50001700350010082000808f50008c
:102210000b00340030082000808f500011003a007d
:102220009200780068805000000978003002be00fb
:102230002003be00049cbe000694be0007003700c9
:102240009202780064805200000978001000be00fd
:1022500007000700009cbe000294be001000200092
:10226000010037000000eb004f047800000006007a
:10227000810378001d0007000001be006000b80067
:102280000478a30013003a006220e10015003e002c
:102290000d0039008301d1000281d3008180d30079
:1022a0008301d1000281d3008180d3008301d1005a
:1022b0000281d3008180d3000538b000c42add003c
:1022c000f300b2008381720007f0a70003f0a000c2
:1022d0000000060083ff2700020020006110b90003
:1022e000f9ff370003ff2700f7ff3700c70ade00ba
:1022f000f107b200f50fb20008003200e1cf420052
:10230000020032000170a00024000500810f70005f
:10231000010032000408050044000500810f700030
:1023200002003a00140005008502e90000004000a8
:1023300081c04800fcff3b000170a00024000500a4
:10234000020ab900001bb9000200b8008100420077
:102350008100430000000600889fbe008a9fbe00e7
:1023600030044200b0844a0030054b0090854b0099
:102370006000b1000898be000a90be000440e10071
:1023800005c8e10006d0e10007d8e10002003100f5
:10239000680040001008e8004f05be004f04be0072
:1023a00000000600889fbe008a9fbe003004be0069
:1023b0002005be000418540005985c0006185d0056
:1023c00007985d00110020000440e10005c8e1000d
:1023d00006d0e10007d8e100010039008000eb00e1
:1023e000108810004f05be004f04be00000006001c
:1023f0001200fa00889fbe008a9fbe008c9fbe001c
:10240000e0b79f00f1b79f0082bf9f0093bf9f007e
:102410000605be000404be000000eb00d0b79f001c
:10242000c0b79f00b0b79f00a0b79f0090b79f00b4
:10243000000678005fb19700cfb09700820141009d
:102440003fb097000200e00004003d0037000700a5
:102450007e805700c0ff07000300370033000700ed
:102460007e805700cfff0700dfb697000d00e00029
:102470000c0035006fb29700ffb297000fbb9700ba
:102480009fbb970010002000010020006011b800e1
:102490000002720081827200020373008383730062
:1024a0001b0007000c06e80001042000810f560005
:1024b000e0ff3a000d00e00004003d000802be000d
:1024c0000a03be007e805700a3ff07005fa89700a5
:1024d0000000e00005003a001fb29700afb297007d
:1024e0003fb39700cfb39700090007006fb0970084
:1024f000ffb097000fb997009fb997004f06be0035
:102500004f05be004f04be000080fa000000060028
:102510000100070000000600a4b79f00b5b79f00a8
:10252000c6b79f00d7b79f00000006004f09de0026
:1025300082817100b3b79f004f01de0081804000af
:1025400082807000a1b79f008fb097004f09de0016
:10255000000040000200700090b79f007fa8970025
:102560004f01de00818040008280700081b79f00b3
:102570000d0007004f3ade0000004000040070002c
:10258000f0af9f00080007000402420085824a0065
:1025900006034b0087834b00dfff07000802be00e5
:1025a0000a03be00000006002fb29700bfb29700da
:1025b0004fb39700dfb3970000000600881f780034
:1025c00018002000881f780089ff07008f87e90026
:1025d0004f04780000000600801feb0084ff070016
:1025e0008f87e90000000600889fbe008a9fbe001a
:1025f000e00f5000e08f5800e00f5900e08f5900c5
:102600000c003d006044b8006055b8000000540064
:1026100081805c0002015d0083815d001800200064
:102620001500070008003d00180007000004eb003b
:10263000050037000004eb000f00070002003d001a
:102640001200070018002000dcff07000800e0006f
:10265000060032006022b8006033b800000052006b
:1026600081805a0002015b0083815b004f05be0040
:102670004f04be0000000600e00f5200e08f5a0039
:10268000e00f5b00e08f5b00000006006044b800d4
:102690006055b8000402540085825c0006035d00aa
:1026a00087835d0000000600889fbe008a9fbe00f1
:1026b0008c1f7800e00f5000e08f5800e00f5900a9
:1026c000e08f59000d003d006044b8006055b8002f
:1026d0000000540081805c0002015d0083815d0088
:1026e0001c0020000820e10009a8e1000ab0e10078
:1026f0000bb8e1000d003d00080037000006eb00bc
:10270000e00f5200e08f5a00e00f5b00e08f5b00ab
:1027100006003d006044b8006055b8000402540053
:1027200085825c0006035d0087835d00aaff0700c9
:102730000c00e000060032006022b8006033b800f0
:102740000000520081805a0002015b0083815b001f
:102750004f0678004f05be004f04be000000060083
:020000040000fa
:102760002573000020460000696300003d2500003d
:1027700073200000646500006d3d000025640000ca
:102780002065000074610000743d000025640000b5
:1027900020650000757200003d25000064200000e7
:1027a000256400000a000000453a00002f310000b7
:1027b0006b350000687a00002e770000617600001b
:1027c000004500003a2f0000313500006b68000022
:1027d0007a2e00007761000076000000446500005a
:1027e0006d6100006e640000650000004172000031
:1027f00072650000740000000d0a00005220000005
:10280000525800004d4f000044200000000d000011
:102810000a0000000d0a0000522000005458000079
:102820004d4f000044200000000a0000006300003b
:102830006d640000004300004f4e00004e45000054
:1028400043540000003c00003c3c00004563000095
:10285000686f00002064000065740000656300007c
:10286000746500003e3e00003e0a0000002b0000a0
:10287000434d0000474c00003a200000002b0000b0
:10288000434700004e530000534900004e460000ed
:102890004f3a00002000000045520000524f000057
:1028a000520000002b4300004d5300002045000063
:1028b000525200004f520000002b0000434d000018
:1028c0004520000045520000524f00005200000019
:1028d0002b570000415600005354000041540000a3
:1028e000453a00002077000061760000207000006b
:1028f0006c61000079200000737400006f700000ac
:1029000000520000445900000052000065630000be
:1029100065700000746900006f6e0000204d0000bb
:1029200065730000736100006765000020500000bf
:102930005245000054200000536900006d43000020
:102940006f6d00000a0000002b43000047440000a8
:10295000434f00004e5400003a2000000069000080
:102960006d730000002b000043470000415400003d
:10297000543a000020300000002b000043470000c4
:1029800041540000543a000020310000002b0000a8
:10299000434300004841000044440000523a000014
:1029a000200000002b48000054540000504100005b
:1029b00043540000494f00004e3a00002000000040
:1029c00048540000545000002053000055430000bc
:1029d00043450000535300000048000054540000d9
:1029e0005020000045520000524f0000520a0000e3
:1029f00000480000545400005020000053550000cf
:102a00004343000045530000530a0000002b000020
:102a1000485400005450000052450000414400005a
:102a2000464900004c4500003a200000002b000001
:102a300048540000545000005f500000454500001d
:102a4000525f0000434c00004f530000454400001b
:102a5000002b000048540000545000005f4e00005e
:102a60004f4e0000455400005f45000056450000f1
:102a70004e540000002b0000434300004853000068
:102a800054410000525400003a200000002b000086
:102a90004343000048530000544f0000503a0000e8
:102aa00020300000002b000043430000484f00008e
:102ab000504500004e3a0000200000002b4300006b
:102ac0004348000045560000454e000054000000f9
:102ad0002b430000434c00004b3a00002000000054
:102ae0002b430000434800005245000043560000bd
:102af0003a2000004441000054410000002b000037
:102b0000434300004852000045430000563a00008d
:102b1000203000002c300000002b00004343000058
:102b2000484300004c4f0000534500003a2000008d
:102b3000002b000043430000485f000052450000a6
:102b4000435600005f4300004c4f00005345000017
:102b5000443a0000002b000043430000485f00009f
:102b600050450000455200005f4300004c4f0000fc
:102b700053450000443a0000002b0000434600008b
:102b800054520000414e0000545800003a2000000a
:102b90003000000055700000672000005265000002
:102ba0007472000079200000436f00007272000010
:102bb00075700000746900006f6e00000a0000006c
:102bc000557000006720000052650000747200001c
:102bd00079200000496e0000766100006c690000f9
:102be000640a0000002b000043460000545200001d
:102bf000414e0000545800003a20000044410000bb
:102c0000544100002c0000004346000054520000d4
:102c1000414e000054580000204400004154000080
:102c200041200000555200004320000045520000a2
:102c3000524f0000520a0000007400006169000059
:102c40006c6c0000652000003d2000002564000041
:102c50000a0000002b4300004c430000433a0000f0
:102c60002000000041700000706500006c20000032
:102c7000656e000074720000616e00007420000038
:102c80003e200000494700004e4f00005245000022
:102c900020420000500a0000004100007070000057
:102ca000656c0000207300006f720000746100000a
:102cb0006e740000206500006e200000636f00004d
:102cc00075720000732c000020690000676e000020
:102cd0006f72000065200000656e000074720000d5
:102ce000616e0000740a000000520000494e0000ae
:102cf000472000006c750000205300007461000044
:102d000074750000733d0000415000005045000004
:102d10004c5f00005452000041490000544500003f
:102d20004d4500004e54000020200000437000007c
:102d30007453000065630000496700006e6f000077
:102d40007265000041700000706500006c3d00007d
:102d5000310a000000300000303000003030000048
:102d600030300000303000003030000030300000e3
:102d70003000000041700000706500006c20000011
:102d8000656e000074720000616e00007420000027
:102d90002d3e00002041000050500000454c000036
:102da0005f4100004c450000525400000a00000042
:102db000466900006e200000617000007065000030
:102dc0006c2000003f3f00000a000000507500002a
:102dd0007267000065200000436f00000a000000d9
:102de000564f0000494300004520000043410000c9
:102df0004c4c00003a200000454e0000440000000a
:102e0000524900004e47000000520000494e0000a9
:102e1000472000006c75000020690000676e00000c
:102e20006f72000065200000002000004154000087
:102e3000413d00000020000041530000533d0000d0
:102e4000002d00002d2d00002d2d00002d2d000047
:102e50002d2d00002d2d0000544900004d4500008f
:102e6000204f000055540000202d0000204300009a
:102e700041530000452000000025000064000000d0
:102e80002d2d00002d2d00002d2d00002d2d0000da
:102e90002d2d00000d0000005b470000313d0000bb
:102ea00025640000203c00003c2000002564000058
:102eb0005d0a000000470000312e0000256400007c
:102ec000207300007461000072740000200a00008a
:102ed000004900004e490000542000004731000026
:102ee00020310000203100002031000000410000ae
:102ef00054260000460d000000410000544500002b
:102f0000300d000000410000542b00004946000035
:102f1000433d0000302c0000300d0000002d00006b
:102f20002d2d00002d2d000061700000774b00005a
:102f30004f660000662d00002d2d00002d2d000095
:102f400000410000542b000049500000523d000099
:102f50003131000035320000303000000d0000003b
:102f6000415400002b430000475300004e0d000069
:102f7000004900004d450000492000004572000056
:102f8000726f0000720a0000004900004d45000009
:102f9000493a000020000000415400002b4300008b
:102fa000474d0000520d0000002b00004347000079
:102fb0004d5200003a20000000430000474d000041
:102fc0005220000045720000726f0000720a00007b
:102fd00000410000542b0000434700004d4d00000d
:102fe0000d000000415400002b4300005049000038
:102ff0004e3f00000d0000002b4300005049000030
:103000004e3a0000205200004541000044590000a3
:10301000002b000043500000494e00003a20000001
:10302000534900004d200000504900004e000000b0
:103030002b430000504900004e3a0000205300008e
:10304000494d000020500000554b00000041000099
:10305000542b000043500000494e00003d22000068
:10306000002200000d000000436f000064650000b6
:1030700020500000494e00002070000061730000e5
:103080002070000061720000616d00006574000036
:10309000726500002c200000766f0000697200004d
:1030a0002043000046500000494e00000a00000086
:1030b00057410000524e0000494e0000473a0000c0
:1030c000204f00004e4c0000592000004f4e0000e1
:1030d0004520000041540000544500004d500000c0
:1030e00054200000464f00005220000050490000cc
:1030f0004e2000004c450000465400002c200000eb
:1031000043480000454300004b20000052450000aa
:103110004749000053540000455200004544000058
:1031200020500000494e000000410000542b0000d8
:103130004349000043430000494400000d000000e3
:103140002b49000043430000494400003a2000009e
:103150000043000043490000442000004572000085
:10316000726f0000720a000000410000542b000042
:10317000435300004d5300003d3000000d0000009f
:10318000415400002b430000535100000d0000008b
:103190002b430000535100003a200000004700007c
:1031a000312e000025640000204500006368000007
:1031b0006f440000657400006563000074650000e2
:1031c0003e3e00002035000031300000200d0000a0
:1031d00000410000542b0000434d00004545000015
:1031e0003d3200000d000000415400002b43000060
:1031f0004d470000463d0000310d00000041000039
:1032000054530000303d0000303b000053370000b5
:103210003d320000353500000d0000004154000033
:103220002b43000043460000433d0000302c0000cb
:10323000300d000000410000542b000043520000fc
:103240003d3000000d0000004343000046430000f5
:1032500020450000525200004f5200000a000000ba
:10326000415400002b430000524300003d30000059
:103270000d000000415400002b43000046550000a3
:103280004e3d0000310d000000410000542b0000b5
:1032900043560000485500003d3000000d0000007e
:1032a000415400002b4300004c430000433d00000c
:1032b000310d000000410000542b0000434c000081
:1032c000495000003d3000000d0000004154000056
:1032d0002b4300004c490000523d0000300d00001f
:1032e00000410000542b0000434f00004c500000f0
:1032f0003d3000000d000000415400002b43000051
:103300004c5600004c3d0000313b00002b430000b8
:103310004f55000054470000414900004e3d000059
:10332000000d000000410000542b00004347000046
:10333000444300004f4e0000543f00000d000000c9
:10334000415400002b43000047440000434f00005d
:103350004e5400003d3100002c2200004950000076
:10336000222c000022000000222c0000223000004d
:103370002e3000002e3000002e300000222c0000e5
:103380002c2c00000d000000415400002b430000d5
:1033900047410000545400003f0d00000041000070
:1033a000542b00004347000041430000543d0000ff
:1033b000312c0000310d000000410000542b0000b2
:1033c00043530000534c000043460000473d0000bb
:1033d00022730000736c00007665000072730000b9
:1033e000696f00006e2200002c3000002c330000ba
:1033f0000d000000415400002b4300005353000017
:103400004c430000464700003d220000636100007d
:103410006365000072740000222c0000302c000054
:1034200022000000636100005f630000657200001d
:10343000742e0000706500006d0000004154000013
:103440002b430000535300004c430000464700004c
:103450003d220000636c0000696500006e7400008e
:103460006365000072740000222c0000302c000004
:1034700022000000636c00005f63000065720000c2
:10348000745f00006f6e0000652e00007065000024
:103490006d000000415400002b4300005353000016
:1034a0004c430000464700003d220000636c0000d2
:1034b000696500006e7400006b65000079220000f1
:1034c0002c3000002c220000006300006c5f000024
:1034d0006b650000795f00006f6e0000652e0000d4
:1034e000706500006d000000415400002b43000097
:1034f000535300004c430000464700003d220000ab
:1035000061750000746800006d6f00006465000064
:10351000222c0000302c0000300d00000041000083
:10352000542b000043530000534c0000434600005e
:10353000473d00002261000075740000686d0000c6
:103540006f640000652200002c3000002c31000068
:103550000d000000415400002b43000053530000b5
:103560004c430000464700003d220000617500000a
:10357000746800006d6f000064650000222c00007c
:10358000302c0000320d000000410000542b0000e0
:1035900043530000534c000043460000473d0000e9
:1035a000226500006e610000626c0000655300003f
:1035b0004e490000222c0000302c0000310d00008c
:1035c000004300006c69000067200000322000000a
:1035d000506900006e2000006f6b00000a000000c0
:1035e000556e0000204d00006573000073610000ff
:1035f00067650000204d00006f640000656d0000ed
:10360000204f00004b0a000000530000e963000057
:103610007520000041700000706500006c0a000019
:1036200000480000616e0000672000005570000037
:103630000a0000003f3f00003f000000526500000c
:10364000626f00006f7400002064000075200000ad
:103650006d6f0000646500006d2000004175000082
:10366000637500006e200000534d0000530a0000f7
:1036700000520000656200006f6f000074200000bf
:103680006d6f0000646500006d200000657400002f
:10369000617000006520000032300000302c000016
:1036a000206500007461000074200000696e000055
:1036b000636f00007272000065630000740a00000e
:1036c00000410000542b000043470000505300000d
:1036d0003d3000000d000000415400002b4300006d
:1036e0004544000052580000533d0000312c0000ba
:1036f000342c000022300000303100003022000065
:103700000d000000473100002e250000642000005d
:10371000544900004d450000204f00005554000062
:103720000d000000473100002e250000642000003d
:1037300045720000726f0000725200006563000065
:103740007520000045720000726f00007252000088
:103750006563000075200000200d0000003c0000a3
:103760003c3c00003c3c00003c3c00003c4700006e
:10377000312e000025640000204500006368000031
:103780006f4400006574000065630000746500000c
:10379000203e00002035000031300000203e0000b7
:1037a0003e3e00003e3e00003e3e00003e3e000029
:1037b0003e3e00003e200000353100003020000079
:1037c0000d00000052650000707200006973000077
:1037d00065200000473100002e2500006420000015
:1037e00047310000373d0000256400000041000023
:1037f000542b000043450000445200005853000081
:103800003d3000000d000000415400002b4300003b
:1038100053440000564300003d3300000d000000fb
:10382000415400002b5600004d5500005445000047
:103830003d3100000d000000415400002b4300000a
:10384000434d0000585000004c4100005957000003
:10385000415600003d220000002200002c320000f2
:103860000d000000473100002e3200003131000011
:10387000206c000069740000200000002a45000050
:1038800052520000455500005200000064650000df
:103890006d6100006e640000652000006669000034
:1038a000632000007465000073740000206f000046
:1038b0006c6400000a000000415400002b4300002b
:1038c000434d000058530000544f00005057000073
:1038d000415600000d00000045520000524f00000c
:1038e00052200000494e0000534500005254000091
:1038f00020500000494e00002057000048450000bd
:103900004e200000434100005244000020490000c6
:1039100053200000554e0000504f00005745000056
:10392000524500004420000054480000454e00006d
:10393000205400005259000020410000474100007f
:10394000494e00000a00000045520000524f00009e
:1039500052200000544f00004f2000004d41000055
:103960004e59000020540000524900004553000009
:103970003a200000534900004d200000424c000056
:103980004f4300004b45000044200000434f00001f
:103990004445000020500000554b0000204e000020
:1039a0004545000044450000440a00000041000075
:1039b000542b0000434e00004d4900003d320000f2
:1039c0002c3100002c3000002c3000002c30000086
:1039d0000d000000415400002b430000434800004c
:1039e00041440000445200000d000000415400001a
:1039f0002b4300004d4700004c3d000022410000d9
:103a00004c4c0000220d000000410000542b00002f
:103a1000434d0000474400003d0000002c300000f2
:103a20000d000000415400002b4300004d470000f2
:103a3000443d0000312c00003400000041540000df
:103a40002b43000052450000473f00000d000000de
:103a50002b43000052450000473a00002030000090
:103a60002c310000002b00004352000045470000ad
:103a70003a200000302c0000350000002b430000ed
:103a800052450000473a0000203000002c3300006f
:103a90000052000065670000697300007472000046
:103aa00061740000696f00006e2000006465000012
:103ab0006e69000065640000206f00006e20000049
:103ac00072650000636f00006d6d0000656e0000a0
:103ad000636500000a0000002b430000524500000f
:103ae000473a0000203000002c300000002b00007e
:103af00043520000454700003a200000302c0000ef
:103b00003400000053650000756900006c2000005f
:103b1000707200006563000065640000656e00005f
:103b20007420000064650000666100007574000088
:103b3000207200006573000065610000750a0000d6
:103b400000520000656c0000616e000063650000bb
:103b5000207400006163000068650000206d0000b3
:103b60006f640000656d000020630000617200005a
:103b7000206400006566000061750000742000008c
:103b8000696e0000736300007269000070740000c9
:103b9000696f00006e0a0000002b00004352000015
:103ba000454700003a200000310000002b43000090
:103bb00052450000473a000020320000004100005a
:103bc000542b000043520000454700003d300000e8
:103bd0000d0000004c650000637400007572000069
:103be0006520000043530000510a0000004100001e
:103bf000542b000043450000535100000d0000000d
:103c00002b43000045530000513a00002000000003
:103c10002b43000045530000513a000020390000ba
:103c2000392c0000393900002c0000002b43000023
:103c300045530000513a000020390000392c0000a3
:103c4000393900002c320000353500002c320000dc
:103c5000353500002c000000415400002b430000cb
:103c60004d470000533d0000220000005469000051
:103c70006d6500004f750000743100002065000084
:103c80006e7600006f690000205300004d53000065
:103c90000a0000002f200000002000002f0a000072
:103ca0000025000063000000534d00005345000054
:103cb0004e56000020000000546900006d650000b1
:103cc0004f75000074320000206500006e76000021
:103cd0006f690000205300004d5300000a000000ef
:103ce00045720000726500007572000020470000f8
:103cf000312e000036320000206500006e76000094
:103d00006f690000205300004d5300000a000000be
:103d1000534d0000534500005252000020000000a7
:103d2000415400002b4300004c430000430d0000b1
:103d300000410000544100000d000000415400000b
:103d40002b430000454300004d3d0000310d0000b5
:103d500000410000542b0000434f00005554000068
:103d600047410000494e00003d250000640d000061
:103d700000410000542b0000434d00004943000067
:103d800047410000494e00003d250000640d000041
:103d900000410000542b0000435000005349000034
:103da0003f0d00000041000054530000373d00006b
:103db000300d00000041000054440000003b0000b2
:103dc0000d000000453a00002f67000061720000fe
:103dd000646500002e77000061760000004100005d
:103de000542b0000564d000055540000453d000086
:103df000300d000000410000544800000d0000009c
:103e0000415400002b43000053440000564300007f
:103e10003d3000000d0000004e4f00004b2d000013
:103e20003e32000033320000204d00006c3d0000a7
:103e300000430000504900004e200000546900007b
:103e40006d6500004f550000542d00003e3200000b
:103e5000333200000a0000003f000000415400001f
:103e60002b4300004f500000533f00000d000000a6
:103e70002b4300004f500000533a00000041000067
:103e8000542b0000434f00005554000047410000f0
:103e9000494e00003d000000473100002e31000077
:103ea00031340000205000006f73000048500000c3
:103eb0003d000000256400000a00000047310000ba
:103ec0002e310000313500002047000061690000fc
:103ed0006e730000206f00006b0a000000410000bc
:103ee000542b000043520000585600004f4c000075
:103ef0003d3000007830000030300000300d000010
:103f000000410000542b00004352000058560000ae
:103f10004f4c00003d300000783000004646000065
:103f2000460d000000410000542b000043520000e9
:103f3000585600004f4c00003d3000007831000022
:103f400046460000460d000000410000542b0000d2
:103f500043520000585600004f4c00003d30000016
:103f60007832000046460000460d00000041000087
:103f7000542b000043520000585600004f4c0000e4
:103f80003d3000007833000046460000460d00003a
:103f900000410000542b000043520000585600001e
:103fa0004f4c00003d3000007834000046460000d1
:103fb000460d000000410000542b00004352000059
:103fc000585600004f4c00003d300000783500008e
:103fd00046460000460d000000410000542b000042
:103fe00043520000585600004f4c00003d30000086
:103ff0007836000046460000460d000000410000f3
:10400000542b000043520000585600004f4c000053
:104010003d3000007837000046460000460d0000a5
:1040200000470000656e000046710000742000002b
:10403000673100003d310000363000002070000084
:104040006f730000687000003d00000041540000e4
:104050002b4300004c5600004c3d0000300d00008a
:1040600000430000747200006c470000656e0000a1
:1040700046710000742e00004c6100006e63000069
:10408000656500003d3100000a0000004154000059
:104090002b560000544400003d0000004154000035
:1040a0002b560000545300003d00000073690000cf
:1040b0002070000061730000206d0000617200003c
:1040c00063680000652c0000207400006573000028
:1040d00074650000722000006176000065630000d6
:1040e000202c0000206500006e7400007265000046
:1040f000206300006172000020640000746d000005
:1041000066000000415400002b43000052450000af
:10411000473d0000320d000000410000542b00001c
:10412000435000004f4600000d00000052450000c3
:10413000424f00004f540000205300006f66000003
:10414000742000004d6f0000646500006d0a0000df
:10415000002d0000466900006e200000746500001c
:104160006d7000006f200000473100002e25000018
:10417000642d00000d00000052450000424f000079
:104180004f540000206500006c650000637400005f
:104190007269000071750000652000004d6f00001d
:1041a000646500006d0a00000057000061690000ae
:1041b000746900006e670000202500006420000084
:1041c0000d0000005220000000410000542b0000b0
:1041d000434e00004d5000003f0d0000002b00003a
:1041e000434e00004d5000003a2000000041000006
:1041f000542b0000434e00004d5000003d250000b0
:10420000640d00000023000023230000444500004b
:104210004255000047200000426100007363000027
:10422000756c000065200000766500007273000068
:1042300020330000470a0000002300002323000071
:104240004445000042550000472000004261000044
:1042500073630000756c0000652000007665000047
:104260007273000020340000470a00000041000083
:10427000542b000043470000505300003f0d000046
:10428000002b000043470000505300003a2000007c
:1042900000410000542b0000434700005053000031
:1042a0003d3100000d000000415400002b43000090
:1042b000474e000053530000494e0000464f000097
:1042c0000d0000002d2d00002d2d00002d2d0000d3
:1042d0002d2d00002d2d00002d540000494d000013
:1042e000452000004f550000542000002d20000004
:1042f0003330000031000000415400002b43000027
:1043000047500000534e00004d450000413f000063
:104310000d0000000a230000232300005452000077
:10432000414e00005350000041520000454e000035
:104330005420000043500000543d00003020000095
:1043400023230000230a000000410000545a00000b
:104350000d000000415400002b43000043480000c2
:10436000434c00004f530000453d0000300d00005d
:1043700000410000542b000048540000545000003d
:1043800054450000524d00003d3000000d0000007b
:10439000415400002b430000434800004d4f0000f3
:1043a000444500003d3000000d0000004154000075
:1043b0002b4300004348000053450000543d0000db
:1043c000302c0000310d000000410000542b000093
:1043d0004343000048530000544100005254000081
:1043e0000d000000415400002b4300004348000032
:1043f0004f500000454e00003d3000002c220000d0
:1044000025730000222c0000256400002c310000e0
:104410000d000000415400002b4300004348000001
:10442000534500004e4400003d3000002c250000a4
:10443000640d000000410000542b000043430000c5
:104440004c4b00003f0d000000410000542b0000c9
:10445000434300004852000045430000563d000021
:10446000302c0000256400000d00000041540000c5
:104470002b43000043480000535400004f500000fd
:104480000d000000415400002b4300005443000085
:10449000504b0000413d0000312c0000352c000045
:1044a000350d000000410000542b00004e45000077
:1044b000544300004c4f0000534500000d00000025
:1044c0004854000054500000204900006e6900006c
:1044d00074690000616c0000697300006174000081
:1044e000696f00006e0a000000410000542b0000bc
:1044f0004854000054500000494e00004954000048
:104500000d000000485400005450000020500000ee
:1045100061720000616d000020550000524c0000e7
:104520000a000000415400002b48000054540000d1
:104530005050000041520000413d00002255000053
:10454000524c0000222c000022680000747400000d
:10455000707300003a2f00002f250000732f000019
:10456000257300003a250000642200000d000000c1
:10457000415400002b4800005454000050500000eb
:1045800041520000413d000022550000524c000005
:10459000222c000022680000747400007073000078
:1045a0003a2f00002f250000732f00002573000014
:1045b000220d000000410000542b00004854000070
:1045c0005450000050410000524100003d220000c4
:1045d000535300004c43000046470000222c0000cb
:1045e000300d000000410000542b00004854000032
:1045f0005450000050410000524100003d22000094
:1046000055410000222c000022000000415400000f
:104610002b48000054540000504400004154000056
:10462000413d0000256400002c310000350d0000e4
:10463000004400004f5700004e4c00004f41000066
:10464000440000004854000054500000204700007f
:10465000455400000a000000415400002b460000b1
:1046600053430000443d0000463a00002f0d000077
:1046700000410000542b000046530000434400005a
:104680003d4500003a2f00000d000000415400009d
:104690002b430000434500005254000044450000f5
:1046a0004c4500003d22000025730000220d000053
:1046b0000053000075700000707200006573000008
:1046c000736900006f6e0000206e000065770000c7
:1046d000736f0000667400002e65000078650000ae
:1046e0000a000000415400002b4600005344000023
:1046f000454c00003d22000025730000220d000003
:1047000000530000757000007072000065730000b7
:10471000736900006f6e000020000000415400002b
:104720002b48000054540000504100004354000046
:10473000494f00004e3d0000310d000000410000d7
:10474000542b000048540000545000004143000026
:10475000544900004f4e00003d3000000d000000a5
:10476000415400002b4800005454000050520000f7
:104770004541000044460000494c0000453d000012
:1047800022250000732200002c3400000d000000e0
:10479000415400002b4800005454000050520000c7
:1047a0004541000044460000494c0000453d0000e2
:1047b00022250000732200002c3100000d000000b3
:1047c000415400002b480000545400005052000097
:1047d0004541000044460000494c0000453d0000b2
:1047e00022250000732200002c3300000d00000081
:1047f00045720000726f00007220000053740000c8
:104800006f700000204e00006f7700000a0000006b
:10481000415400002b480000545400005054000044
:10482000455200004d0d000000410000542b0000d7
:1048300046530000434400003d4600003a0d00008e
:1048400000410000542b000046530000415400007a
:1048500054520000493d00000075000070640000e3
:10486000745f0000736f00006674000077610000e1
:10487000726500002e68000065780000002b0000c3
:10488000465300004154000054520000493a0000d1
:10489000200000006c3100005f3100003a20000071
:1048a000256c0000750a0000002c0000256c00003b
:1048b000752c0000256400000d000000415400002c
:1048c0002b43000046540000524100004e540000ab
:1048d000583d0000224600003a2f00000022000050
:1048e0000045000072720000657500007220000033
:1048f0005570000067200000646f000069740000bc
:1049000020730000746f0000700a00000050000067
:10491000726f000067720000657300007369000029
:104920006f6e0000203a0000202500006c7500002a
:104930000a000000456e000064200000526500007f
:10494000616400000a0000005377000061700000fd
:10495000205000006172000074690000746900005a
:104960006f6e0000204f00004b0a00000053000053
:104970007761000070200000506100007274000038
:1049800069740000696f00006e200000466100003d
:10499000696c00000a0000004d61000078200000f2
:1049a000534d0000532000006a6f00007572000034
:1049b00020610000757400006f72000069730000d0
:1049c00065200000646500007061000073730000e2
:1049d000650a00000000000052200000434600006d
:1049e000412000004c3d000000200000453d00003b
:1049f00000200000443d000000200000433d000076
:104a000000200000583d000000200000563d00003e
:104a100000200000533d000000200000493d000040
:104a2000002000004d3d0000005a00000020000062
:104a3000543d000000200000483d0000003100000f
:104a40000030000000520000205300004d530000d1
:104a5000204e0000554d00003d00000020450000a4
:104a6000503d0000002000004c4e0000473d00007b
:104a70000020000043500000453d000000200000e1
:104a800043500000533d0000000a000000200000d9
:104a9000434f0000523d0000002000004e55000032
:104aa0004d3d00000020000044540000453d000042
:104ab0000020000044540000453d0000300000008c
:104ac00020480000524500003d0000002048000042
:104ad000524500003d3000000054000043500000eb
:104ae000533d000000200000545300004d530000cf
:104af0003d00000042550000473d0000005200000c
:104b0000204d000041500000504900004e47000079
:104b100000200000470000003d000000205300007e
:104b200000200000440000002f0000005f00000093
:104b30003a00000052200000494e0000464f00009d
:104b400020480000423d00000020000048430000d3
:104b50003d00000020480000524f00004b3d000087
:104b600000200000485200004b4f00003d000000b4
:104b7000204d0000453d0000002000004e54000084
:104b80004f3d000000200000444500004e49000059
:104b9000454400003d00000020540000523d00004c
:104ba00000200000484c0000453d0000004200008d
:104bb000434c00003d00000046490000433d00001a
:104bc000004500003a2f0000676100007264000099
:104bd000652e00007761000076000000453a000075
:104be0002f66000069700000686f00002e770000db
:104bf00061760000005500006e2000005465000042
:104c0000737400000a000000453a00002f70000095
:104c1000617500006f6b00002e7700006176000068
:104c2000004500003a2f0000697300006f6c00001f
:104c3000652e00007761000076000000453a000014
:104c40002f3100006b350000687a00002e770000dd
:104c500061760000004500003a2f00003135000069
:104c60006b6800007a2e000077610000760000007b
:104c7000453a00002f77000061690000742e0000a3
:104c80007761000076000000453a00002f6e0000ba
:104c90006f6e0000616200002e77000061760000f8
:104ca00000460000494e00003d0000005220000078
:104cb0004d530000475400004553000054200000ad
:104cc000444500004d3d000000200000424300002c
:104cd0004c3d0000005400004f3d00000049000022
:104ce00043520000413d0000004300004d440000dd
:104cf0003d000000436d0000642000006d6f000067
:104d0000646500006d2000003a000000464f00007e
:104d1000524300004547000052410000463d00005c
:104d200000470000312000003e3e00003e20000011
:104d3000256400000a00000052450000424f0000b8
:104d40004f5400003d00000052650000626f0000fb
:104d50006f740000207300006f6600007420000074
:104d6000696d00006d6500006469000061740000f9
:104d700020640000752000006d6f00006465000075
:104d80006d0a000000520000656200006f6f0000b5
:104d90007420000064750000206d00006f64000046
:104da000656d0000206100007072000065730000f6
:104db000205300004d5300002045000072610000a8
:104dc000736500000a00000052650000626f000079
:104dd0006f740000206500006c65000063740000c3
:104de000726900007175000065200000696d0000a7
:104df0006d650000646900006174000020640000bb
:104e0000752000006d6f0000646500006d0a0000f1
:104e100000520000656200006f6f00007420000007
:104e2000656c000065630000747200006971000029
:104e30007565000020640000752000006d6f0000a3
:104e4000646500006d200000617000007265000064
:104e500073200000534d00005320000045720000f5
:104e600061730000650a00000052000065620000e6
:104e70006f6f00007420000070610000722000005d
:104e8000415400005a200000696d00006d6500006b
:104e90006469000061740000206e00000052000090
:104ea000656200006f6f0000742000004154000034
:104eb0005a20000064750000206d00006f6400003f
:104ec000656d0000206100007072000065730000d5
:104ed000205300004d530000204500007261000087
:104ee000736500000a000000545300005450000095
:104ef000494e00003d00000044430000443d0000d6
:104f000000440000495400003d00000044540000eb
:104f10004d4600003d000000494e0000464f000095
:104f20003d000000522000004d4f000044450000ad
:104f30004d20000052650000717500004f660000b2
:104f4000663d000000200000526500007175000001
:104f5000536c000065650000703d000000200000fb
:104f6000475300004d5f000053740000653d000092
:104f700000500000575200005f4f000046460000fe
:104f800000500000575f00004f4e0000004300003b
:104f90004f4e0000464900004700000050520000fc
:104fa00045540000004e00004f5f000053490000d0
:104fb000474e0000414c0000005300004c450000eb
:104fc0004550000000450000525200004f520000c2
:104fd000003f00003f3f0000002000005428000078
:104fe00020700000696e00003d00000020200000dd
:104ff00072730000736900003d0000002020000073
:10500000636100006c6c00003d0000002020000087
:10501000736d0000733d0000002000002920000097
:1050200000200000204e0000627400006f3d000070
:105030000045000046460000414300004552000084
:10504000534d0000533d000000200000545200006a
:1050500041430000453d000000520000204d00008b
:105060004f440000454d0000205400005241000014
:10507000434500003d000000204400004344000080
:105080003d00000020440000495400003d000000a5
:105090005220000050430000205000005245000004
:1050a0003d000000522000004f500000455200001b
:1050b00041540000455500005220000052450000b8
:1050c000473d0000002000004e4f00004d3d000015
:1050d00022000000220000004f500000543d00005c
:1050e0000054000050460000453d00000052000002
:1050f000494e0000473d000000520000544f0000a0
:105100003d000000522000004f50000054490000b4
:105110004f4e0000002000004f500000543d0000a2
:105120000020000054500000464500003d000000f3
:1051300020520000494e0000473d000000200000c2
:10514000525400004f3d0000004100004354000055
:105150003d00000052200000414d0000504c000076
:105160004920000041430000543d0000004300007e
:105170004f550000525400003d3100000054000023
:10518000504100003d00000055520000473d000026
:10519000004e0000554d00003d0000005220000070
:1051a00041500000504500004c2000004e550000ca
:1051b0004d3d00000020000054500000413d000023
:1051c0000020000055520000473d00000020000074
:1051d000434f000055520000543d000000200000e5
:1051e000444500004d3d0000310000004c3d0000f2
:1051f000004e00003d000000522000004249000027
:10520000502000004e3d0000002000004c3d0000fa
:10521000004500004646000041430000453d0000b7
:10522000005200002043000046500000414d0000a5
:1052300044500000004d0000445000002043000096
:10524000616e0000616c0000205000006f72000071
:105250007420000073e9000072690000650a000014
:1052600000520000415a00003d000000454500008a
:10527000505200004f4d0000206500006d7000008e
:1052800074790000202d0000204d0000656d0000a5
:105290006f720000792000003d200000257300009f
:1052a0000a000000204d0000445000003d000000b6
:1052b000444d0000433d00000052000054520000e5
:1052c0003d00000054410000433d0000004d00003f
:1052d00044530000433d00000057000044530000c9
:1052e000563d00000057000044530000543d0000ac
:1052f0000057000044530000473d000000570000e5
:1053000044560000413d000000440000533d0000b1
:1053100000480000544a00003d000000484d0000d5
:10532000415800003d000000484d0000494e00007b
:105330003d0000004e4f00004d3d000000540000b5
:10534000454c00003d000000522000004346000094
:1053500050410000552000004e4f00004d3d000020
:1053600000200000445400004d4600003d000000b5
:1053700020480000544a00003d0000002044000086
:105380004d4300003d00000020540000454c00004b
:105390003d00000020440000533d000000200000bc
:1053a000565400003d000000204d00004453000012
:1053b000433d00000020000052540000523d000018
:1053c0000020000057440000535600003d0000003c
:1053d0002057000044530000543d0000002000000e
:1053e00057440000534700003d00000020570000d4
:1053f00044560000413d00000020000054410000e0
:10540000433d000000200000484d000041580000ce
:105410003d000000204800004d4900004e3d0000c6
:1054200000500000494e00003d00000050490000bf
:105430004e2000004c550000203d000020000000e0
:105440005220000043460000504900004e2000005a
:10545000504900004e3d000000200000435600006f
:105460003d00000052200000434600005320000091
:10547000533d000000200000463d0000004d0000ac
:105480004a4100003d00000052200000435000004f
:105490005420000043500000453d00000020000063
:1054a000454a00003d00000020450000483d000046
:1054b00000200000534a00003d000000205300007f
:1054c000483d000000200000534a0000413d00001c
:1054d0000020000053480000413d00000020000073
:1054e000534a0000453d00000020000053480000e2
:1054f000453d0000002000004d4a0000413d0000f5
:1055000000200000454100003d0000005220000046
:105510005354000041540000555300004f53000005
:10552000432000000053000051330000473d0000bd
:105530000053000051340000473d000000520000bd
:1055400053520000503d0000005200005352000032
:10555000513d000000450000434e00004f3d00005b
:105560000052000053430000503d00000052000074
:105570002052000045530000454100005520000026
:1055800057530000343600003d2500006420000021
:1055900054590000504500003d25000064200000e3
:1055a000535100003d250000642000002d2d000017
:1055b0002053000051340000473d000025640000e6
:1055c0002052000053520000513d000025640000ad
:1055d0002052000053520000503d0000256400009e
:1055e000202d00002d200000535100003347000003
:1055f0003d2500006420000052530000435000008d
:105600003d25000064200000454300004e4f00008f
:105610003d250000642000002d2d0000204c0000de
:1056200041530000545f0000344700005f53000006
:10563000513d000025640000204c00004153000053
:10564000545f0000344700005f52000053520000d6
:10565000513d000025640000204c00004153000033
:10566000545f0000344700005f52000053520000b6
:10567000503d00002564000000520000204400005e
:10568000555200004545000020000000204e00005b
:10569000535600004a3d0000002000005352000015
:1056a000454a00003d000000205300005048000023
:1056b000494a00003d00000020530000504800000f
:1056c0004f4a00003d000000204e000053560000ed
:1056d000483d0000002000005352000045480000f3
:1056e0003d000000205300005048000049480000e1
:1056f0003d00000020530000504800004f480000cb
:105700003d000000522000004445000042550000ca
:1057100047200000002000004d6f0000646500007d
:105720006d4f00006b3d000000200000546f000032
:10573000473100003d000000205300006d73000061
:10574000547000003d000000204c0000536f00002a
:105750006e2e0000446500006d3d0000002000003a
:105760004c5300006f6e00002e4500007461000075
:10577000743d0000002000002e4600006963000018
:10578000302100003d300000002000002e460000c7
:1057900069630000303d00003d3000000020000043
:1057a000414300002e410000547200006169000076
:1057b00074650000723d0000002000002e500000c3
:1057c0006f73000069740000696f00006e6e000066
:1057d000653d0000002000002e540000797000009c
:1057e000506f0000733d000000200000574400008f
:1057f0003d00000052200000445400002000000042
:10580000202800006d730000713d00000029000099
:1058100000520000204600005245000051200000c8
:1058200041430000543d0000005500005349000072
:105830004e4500003d000000505300003d000000b8
:10584000485000004e3d0000004d0000434e000057
:105850003d000000485000004d4500003d000000a4
:105860004d4300004d4500003d0000004850000041
:10587000443d000000480000505400003d0000007e
:105880004d430000505400003d000000474600001a
:10589000543d000000520000204700004149000034
:1058a0004e200000563d00005320000048500000ec
:1058b0004e3d0000002000004d4300004e3d000022
:1058c00000200000485000004d4500003d00000051
:1058d000204d0000434d0000453d00000020000029
:1058e00048500000443d00000020000048500000e7
:1058f000543d0000002000004d43000050540000c3
:105900003d00000020470000465400003d0000001c
:105910002000000047410000494e000020500000d8
:10592000533d000033200000485000004e3d000071
:10593000352000004d4300004e3d000036200000a1
:10594000485000004d4500003d340000204d00004f
:10595000434d0000453d0000342000004850000049
:10596000443d00003320000048500000543d00003a
:10597000332000004d490000505400003d3300002a
:1059800020470000465400003d320000353500003d
:105990002000000052200000475200004146000055
:1059a00000200000474300003d000000522000009e
:1059b00047530000494d0000434f00004d000000d8
:1059c000204c0000564c00003d0000004c560000ea
:1059d0004c3d0000002000004f550000543d0000e9
:1059e000004f0000555400003d000000204d000015
:1059f000494300003d0000004d490000433d0000c8
:105a000000460000545000002041000043540000b4
:105a10003d3000002054000059500000453d00007a
:105a20005041000055200000495000003d3000006a
:105a30002e3000002e3000002e30000020500000dc
:105a40004f520000543d0000323100002049000058
:105a5000443d00005a200000505700003d5a00000d
:105a6000004300004650000041550000204e000059
:105a70004f4d00003d550000534900004e450000c9
:105a800020540000454c00003d5a00002044000016
:105a9000544d0000463d000031320000332000002c
:105aa000485400004a3d0000323400003a30000003
:105ab00030200000444d0000433d00003130000024
:105ac000204800004d410000583d000031360000e4
:105ad000204800004d4900004e3d000031300000dc
:105ae00020440000533d00000043000046500000e9
:105af000415500002057000044530000563d00006f
:105b00003132000037200000574400005354000099
:105b10003d310000323700002057000044530000a0
:105b2000473d00003132000037200000574400009c
:105b3000564100003d31000032370000204d00008a
:105b400044530000433d000000470000414900006d
:105b50004e20000055530000494e0000453d000016
:105b60003100000043460000412000004c3d000091
:105b7000002000004546000046410000434500006b
:105b80003d31000000430000465300002053000058
:105b90003d310000204600003d330000342000006d
:105ba000433d000036350000204900003d30000034
:105bb000204400003d300000004300004653000038
:105bc000205300003d000000204600003d30000052
:105bd000204300003d300000204900003d3000001f
:105be000204400003d30000000520000204700002b
:105bf00055530000494e00004500000052200000af
:105c0000494d00004f440000205600003d000000b8
:105c100052440000523d000000440000454e000088
:105c200049450000443d0000005300004d53000072
:105c30003d000000522000004c4500005252000080
:105c40004f520000204800004c4500003d0000007d
:105c500020470000313d000000200000543d0000be
:105c6000270000002700000020450000313c000014
:105c7000204800004c4500003d000000273e000089
:105c800000520000204c0000434f00004e46000030
:105c9000204300004f4e0000533d00000020000054
:105ca000534d0000533100003d0000002053000020
:105cb0004d530000323d0000002000004944000028
:105cc000583d0000005200002052000041430000f7
:105cd000435200004f4300004845000020410000af
:105ce000435400003d0000005220000052450000d7
:105cf000424f00004f5400000052000020520000ac
:105d0000455000004f4e0000445200004520000066
:105d100041430000543d000000430000413d0000ad
:105d200000430000433d00000052000020530000eb
:105d3000534c0000434f00004e460000204300003b
:105d4000413d000000200000434300003d000000f2
:105d50004e4500003d000000522000005349000065
:105d60004d5500004c450000204e0000453d000010
:105d700000470000534d00003d000000522000008d
:105d8000534c0000454500005020000047530000e0
:105d90004d3d00005300000052200000534c000015
:105da0004545000050200000475300004d3d0000d5
:105db0004e000000574400003d0000005244000027
:105dc000503d000000520000444100003d00000032
:105dd00053520000563d0000004f000050450000a7
:105de0003d00000041550000545200003d000000fd
:105df00052200000534d000053460000414900006e
:105e00004c2000004e4200003d00000020530000e6
:105e10004d5300003d00000020480000523d0000ae
:105e20000020000041550000545200003d000000d9
:105e300020520000415a00003d31000000430000a4
:105e4000505400003d000000522000005452000059
:105e5000414e00005350000041520000454e0000ea
:105e60005420000043500000543d0000002000007a
:105e7000464900004e3d0000002000005045000053
:105e80003d31000000530000593d0000310000008a
:105e900052200000544500005354000041550000ba
:105ea000444900004f20000041430000543d0000e1
:105eb00000670000736d00007374000061740000df
:105ec000653d00002569000020410000535300009b
:105ed0003d2500006920000041450000533d0000c1
:105ee00025690000200a000000440000454300002e
:105ef0003d000000464f000052430000453d0000b9
:105f000000530000424300003d00000053480000e1
:105f1000433d00000044000050420000433d0000ab
:105f2000004d0000433d00000053000042410000ce
:105f30004c3d00000052000020470000505300007c
:105f4000524500004620000041430000543d00003f
:105f500000520000454600003d0000005450000083
:105f60003d0000004e4d0000493d00000041000092
:105f7000435100003d000000544c0000413d000032
:105f8000005400004c4f00003d0000005220000073
:105f9000475000005320000041430000543d0000e2
:105fa0000033000000200000545000003d000000bd
:105fb000204e00004d4900003d000000205400002c
:105fc0004c4100003d000000205400004c4f0000f8
:105fd0003d000000205200004c4100003d00000048
:105fe0002e000000204300004c4100003d5a0000fc
:105ff00000200000434c0000413d00000020000054
:10600000524c00004f3d000000200000434c0000b7
:106010004f3d00005a000000204300004c4f00009c
:106020003d000000204400004c4100003d5a0000ab
:10603000204400004c4f00003d5a00002044000066
:10604000413d00005a000000204400004c41000087
:106050003d000000204400004c4f00003d000000c7
:10606000204e0000533d000000200000414c000085
:106070003d00000020440000413d000000200000e1
:106080005452000041430000453d00003100000033
:106090002054000052410000434500003d30000004
:1060a000005200002047000050530000504f0000f5
:1060b000532000004c410000543d0000005a0000f5
:1060c000204c00004f4e00003d5a00000020000010
:1060d0004c4f00004e3d00000020000045540000e1
:1060e0003d000000205300005447000050530000c2
:1060f0003d000000522000004848000052200000ef
:10610000483d0000005200002048000054540000a8
:106110005053000047450000540000002055000087
:10612000524c00003d000000555200004c3d000064
:106130000068000074740000707300003a2f0000c3
:106140002f000000205000004f520000543d00007e
:10615000005000004f520000543d0000002000009d
:1061600054590000503d00000054000059500000f8
:106170003d000000636100005f6300006572000085
:10618000742e0000706500006d000000636c00005c
:106190005f63000065720000745f000074770000a8
:1061a0006f2e0000706500006d000000636c000041
:1061b0005f6b0000657900005f740000776f00007e
:1061c0002e700000656d0000007500007064000016
:1061d000745f0000736f0000667400007761000058
:1061e000726500002e680000657800000041000024
:1061f000554400003d000000453a00002f720000a9
:10620000696e0000672e00007761000076000000d4
:1062100020410000554400003d00000052450000b0
:10622000515500004554000045200000454e000037
:10623000204300004f55000052530000004300006f
:10624000553d0000004400005420000000520000b2
:106250002056000045520000494600004e550000ff
:106260004d540000454c00005041000055200000f6
:10627000564e0000503d0000005200002056000025
:1062800045520000534900004f4e000020470000d7
:10629000454e00003d0000004d5400005634000003
:1062a0004731000000200000554300003d00000081
:1062b000312e0000302e0000302d0000616c0000f7
:1062c0007068000061000000565500003d000000ad
:1062d00020560000553d0000002000004343000010
:1062e000494400003d0000002043000043490000f5
:1062f000443d00005a000000204900004d450000c8
:10630000493d000000200000494d000045490000c3
:106310003d5a0000002000004d4f0000443d0000a9
:1063200000410000524e0000533d0000004e0000ae
:10633000533d000000520000204600005450000071
:1063400020410000435400003d3000002044000084
:1063500045460000494e0000453d00003020000049
:10636000004d0000535100003d000000563d00006c
:10637000005200002044000045460000494e000045
:10638000452000000020000044550000414c000062
:106390005f450000544f00004e3d000030000000fb
:1063a000204c00004f520000413d00003000000032
:1063b000204c0000495400005f4100005252000090
:1063c0003d30000000200000434f00004e4600001a
:1063d0005f41000050500000454c00003d3000007f
:1063e0000020000047500000533d00003100000035
:1063f00020520000455000004f4e00005345000061
:106400005f410000555400004f3d00003000000087
:106410002041000055540000485f00004d4f00002f
:10642000444500003d30000000200000534f0000b4
:10643000465400005f41000056450000435f0000e5
:1064400046540000503d0000300000002053000082
:10645000493d00003100000041500000504500005f
:106460004c000000414d0000504c0000490000006d
:106470004249000050000000434600004100000077
:1064800043460000504100004d4400005000000011
:106490004346000050410000550000004346000004
:1064a000504900004e000000434600005300000029
:1064b000435000005400000043540000524c0000c0
:1064c00052450000534500004155000000440000c3
:1064d00045460000494e00004500000044540000bd
:1064e0000044000045420000554700000044000001
:1064f0005552000045450000004400004f44000094
:106500004f000000465200004551000000460000c8
:1065100054500000004600004354000000460000b4
:106520004f52000043450000455400004154000014
:1065300000470000414900004e00000047520000a3
:10654000414600000047000055530000494e00003e
:106550004500000047530000494d0000434f000034
:106560004d00000047500000534c00004f43000016
:106570000047000050530000524500004600000054
:10658000475000005300000048480000520000003f
:106590004854000054500000534700004554000088
:1065a000004900004d4f000044000000494e00002b
:1065b000464f0000004c0000434f00004e460000d4
:1065c000004c000045520000524f000052000000f5
:1065d0004c4500005252000045550000520000009a
:1065e0004d41000050500000494e0000470000009f
:1065f0004d4f0000444500004d0000004d53000089
:106600004754000045530000540000004f50000064
:106610004552000041540000455500005200000062
:106620004f500000544900004f4e00000050000041
:106630004300000050410000555300005441000049
:106640000050000041550000545300005400000069
:106650005241000043430000524f000043480000f5
:106660004500000052450000504f00004e4400001d
:106670005245000000520000454200004f4f00000c
:1066800054000000535300004c4300004f4e0000e4
:1066900046000000535400004154000055530000d0
:1066a0004f5300004300000053540000005300000b
:1066b0004d5300000053000020000000534900002b
:1066c0004d5500004c450000005300004d530000a4
:1066d00046410000494c000000530000594e0000a4
:1066e00000540000524100004345000000520000e9
:1066f00020540000524100004345000020430000a8
:10670000593d0000005400005744000047000000bd
:10671000544500005354000000540000455300004d
:106720005441000055440000494f0000005400004f
:10673000524100004e5300005041000052450000fd
:106740004e54000000560000414e00004100000081
:106750005645000052530000494f00004e00000013
:106760005645000052490000464e0000554d0000bd
:10677000544500004c5000004155000000520000fc
:1067800020460000414900004c200000005000005d
:106790006173000020640000652000007265000045
:1067a000706f00006e7300006520000066610000dd
:1067b000696c000020610000203a00002000000009
:1067c000534d0000534100005454000020000000cd
:1067d000534d0000534400004e54000020000000c0
:1067e00049500000415500004d5300004720000073
:1067f0004e4f00004d3d0000002000004d530000b2
:10680000473d000000200000494e00003d00000010
:106810005220000050410000554100005544000046
:10682000494f000020500000415500003d2200006b
:106830000049000050410000555200004145000051
:10684000204e00004f4d00003d00000022200000bf
:10685000544500004c3d000000200000535400004f
:1068600050410000553d000000200000434f000053
:106870004d3d00000049000050410000555200000d
:1068800041530000204e00004f4d00003d0000002d
:1068900049500000415500004141000053200000d4
:1068a0004e4f00004d3d000000520000204100000e
:1068b000505000004b4f0000205000004155000098
:1068c0003d220000004900005041000055450000f5
:1068d00041530000204e00004f4d00003d000000dd
:1068e000204e00004f3d00000020000045580000f1
:1068f0003d00000020450000525200003d00000015
:106900004950000041550000444d00005220000055
:106910004e4f00004d3d0000004900005041000076
:106920005545000045530000204e00004f4d00002b
:106930003d000000982f00008a42000091440000b2
:1069400037710000cffb0000c0b50000a5db0000e0
:10695000b5e900005bc2000056390000f1110000eb
:10696000f1590000a48200003f920000d55e0000b3
:106970001cab000098aa000007d80000015b0000d3
:1069800083120000be85000031240000c37d00009a
:106990000c550000745d0000be720000feb10000e6
:1069a000de800000a7060000dc9b000074f1000000
:1069b0009bc10000c16900009be400008647000005
:1069c000beef0000c69d0000c10f0000cca100007a
:1069d0000c2400006f2c0000e92d0000aa840000a8
:1069e000744a0000dca90000b05c0000da880000f6
:1069f000f9760000525100003e9800006dc600007c
:106a000031a80000c827000003b00000c77f0000c5
:106a100059bf0000f30b0000e0c6000047910000e2
:106a2000a7d5000051630000ca06000067290000d6
:106a300029140000850a0000b72700003821000053
:106a40001b2e0000fc6d00002c4d0000130d0000fb
:106a500038530000547300000a650000bb0a0000b0
:106a60006a7600002ec90000c2810000852c00005b
:106a700072920000a1e80000bfa200004b66000077
:106a80001aa80000708b00004bc20000a351000048
:106a90006cc7000019e8000092d100002406000035
:106aa00099d60000853500000ef4000070a00000ab
:106ab0006a10000016c10000a4190000086c000054
:106ac000371e00004c77000048270000b5bc0000ce
:106ad000b0340000b30c00001c3900004aaa0000ca
:106ae000d84e00004fca00009c5b0000f36f00000e
:106af0002e680000ee8200008f7400006f630000bb
:106b0000a578000014780000c88400000802000086
:106b1000c78c0000faff0000be900000eb6c000084
:106b200050a40000f7a30000f9be0000f2780000b6
:106b300071c6000063680000617200005b25000000
:106b4000645d0000203a000020250000630a000078
:106b50000053000070650000636b000020690000b6
:106b6000692000003a200000256400000a000000af
:106b7000637c0000777b0000f26b00006fc50000b3
:106b800030010000672b0000fed70000ab7600004c
:106b9000ca820000c97d0000fa59000047f00000d9
:106ba000add40000a2af00009ca4000072c00000a1
:106bb000b7fd000093260000363f0000f7cc000030
:106bc00034a50000e5f1000071d800003115000087
:106bd00004c7000023c3000018960000059a0000b7
:106be0000712000080e20000eb270000b2750000f1
:106bf000098300002c1a00001b6e00005aa0000040
:106c0000523b0000d6b3000029e300002f840000af
:106c100053d1000000ed000020fc0000b15b00003b
:106c20006acb0000be3900004a4c000058cf00007b
:106c3000d0ef0000aafb0000434d000033850000a8
:106c400045f90000027f0000503c00009fa80000b2
:106c500051a30000408f0000929d000038f5000015
:106c6000bcb60000da21000010ff0000f3d20000e3
:106c7000cd0c000013ec00005f97000044170000eb
:106c8000c4a700007e3d0000645d00001973000091
:106c9000608100004fdc0000222a00009088000084
:106ca00046ee0000b8140000de5e00000bdb0000c2
:106cb000e03200003a0a000049060000245c0000af
:106cc000c2d30000ac62000091950000e47900009e
:106cd000e7c80000376d00008dd500004ea9000008
:106ce0006c560000f4ea0000657a0000ae0800006f
:106cf000ba780000252e00001ca60000b4c60000d3
:106d0000e8dd0000741f00004bbd00008b8a00000e
:106d1000703e0000b566000048030000f60e00005b
:106d20006135000057b9000086c100001d9e0000bb
:106d3000e1f800009811000069d900008e9400006d
:106d40009b1e000087e90000ce55000028df0000f0
:106d50008ca10000890d0000bfe600004268000021
:106d6000419900002d0f0000b0540000bb16000038
:106d7000520900006ad5000030360000a538000036
:106d8000bf400000a39e000081f30000d7fb00007d
:106d90007ce30000398200009b2f0000ff87000089
:106da000348e000043440000c4de0000e9cb000044
:106db000547b000094320000a6c20000233d000076
:106dc000ee4c0000950b000042fa0000c34e00009c
:106dd000082e0000a166000028d9000024b200009f
:106de000765b0000a24900006d8b0000d1250000f9
:106df00072f80000f6640000866800009816000033
:106e0000d4a400005ccc00005d650000b6920000d8
:106e10006c70000048500000fded0000b9da000081
:106e20005e15000046570000a78d00009d840000fd
:106e300090d80000ab0000008cbc0000d30a00001a
:106e4000f7e4000058050000b8b300004506000054
:106e5000d02c00001e8f0000ca3f00000f0200006f
:106e6000c1af0000bd030000011300008a6b0000e9
:106e70003a910000114100004f670000dcea000079
:106e800097f20000cfce0000f0b40000e6730000df
:106e900096ac000074220000e7ad000035850000cc
:106ea000e2f9000037e800001c750000df6e00000a
:106eb00047f100001a7100001d290000c58900007b
:106ec0006fb70000620e0000aa180000be1b000091
:106ed000fc5600003e4b0000c6d2000079200000a6
:106ee0009adb0000c0fe000078cd00005af40000dc
:106ef0001fdd0000a833000088070000c731000034
:106f0000b11200001059000027800000ec5f000063
:106f1000605100007fa9000019b500004a0d000073
:106f20002de500007a9f000093c900009cef00004f
:106f3000a0e000003b4d0000ae2a0000f5b00000cc
:106f4000c8eb0000bb3c00008353000099610000c7
:106f5000172b0000047e0000ba770000d626000040
:106f6000e169000014630000552100000c7d000061
:106f70008d01000002040000081000002040000005
:106f8000801b0000364100004553000020420000f5
:106f90006c6f0000630a0000005000006164000094
:106fa0005f6c0000656e0000203a000020250000a4
:106fb000640a000000410000424300004445000014
:106fc00046470000484900004a4b00004c4d000075
:106fd0004e4f000050510000525300005455000025
:106fe00056570000585900005a61000062630000c3
:106ff0006465000066670000686900006a6b000055
:107000006c6d00006e6f0000707100007273000004
:107010007475000076770000787900007a300000ff
:1070200031320000333400003536000037380000bc
:10703000392b00002f0000004142000043440000b3
:107040004546000047480000494a00004b4c0000fc
:107050004d4e00004f5000005152000053540000ac
:107060005556000057580000595a00006162000050
:10707000636400006566000067680000696a0000dc
:107080006b6c00006d6e00006f700000717200008c
:10709000737400007576000077780000797a00003c
:1070a0003031000032330000343500003637000044
:1070b000383900002b2f00000044000065620000fa
:1070c0007574000020420000617300006536000006
:1070d0003420000044650000636f00006465000018
:1070e0000a000000206500006e6300006f6400006d
:1070f000656400005f6c0000656e0000203a0000cf
:1071000020250000640a00000045000072720000a3
:1071100065750000722000003a2000006c6f0000ce
:107120006e67000075650000757200002069000040
:107130006e760000616c000069640000650a000062
:10714000002000006f75000074700000757400006e
:107150005f6c0000656e000067740000682000002e
:107160003a200000256400000a00000061200000b1
:107170002d200000622000002d2000006320000070
:107180002d200000642000003a200000256400004b
:10719000202d000020250000642000002d2000008c
:1071a00025640000202d000020250000640a000056
:1071b00000500000726500006d69000065720000fb
:1071c000204f00006374000065740000203a000046
:1071d0002025000030320000580a000000000000a6
:1071e000522000005041000055530000544100005f
:1071f00020500000415500003d2200000022000008
:107200002053000054500000415500003d00000094
:107210002053000054470000505300003d00000080
:107220005220000053540000204d0000453d000056
:10723000002000004e3d0000002000004e3d0000f8
:107240005a000000204700004d3d000000200000d3
:10725000475300003d00000020470000453d00006e
:1072600000200000515300003d00000020510000ac
:10727000534d00003d000000204900004e3d00003d
:10728000002000004f550000543d00000020000089
:1072900047500000533d0000002000005352000002
:1072a000563d0000003000000031000000200000ca
:1072b0004f500000453d00000020000057440000f2
:1072c0003d00000020530000483d00000020000069
:1072d00053480000413d00000020000054520000cf
:1072e0003d00000020450000453d0000002000005a
:1072f000414700003d0000000a0000002048000057
:10730000583d000025630000256300002563000050
:107310002f250000632500006325000063000000a6
:107320005220000046430000542000004356000055
:107330003d780000257800002f250000782000000f
:1073400053520000453d0000782500006c78000095
:107350002f2500006c7800002053000050490000e9
:107360003d780000257800002f25000078200000df
:10737000535000004f3d000078250000782f00009a
:107380002578000020530000493d000078250000ca
:10739000782f000025780000205300004f3d0000aa
:1073a00078250000782f0000257800002053000089
:1073b000453d000078250000782f0000257800006a
:1073c00020560000433d000078250000782f000083
:1073d0002578000020520000425000003d78000057
:1073e000257800002f25000078200000524500007d
:1073f000413d000078250000782f0000257800002e
:1074000020560000583d000078250000783a000022
:10741000257800003a250000782f0000257800002c
:107420003a250000783a0000257800002048000046
:10743000425200003d25000030320000642500006b
:107440003032000064250000303200006425000066
:1074500030320000642000006a3d0000253000004a
:107460003264000025300000326400002f68000004
:107470000052000020560000414e00004120000054
:1074800056310000323d000000200000563400005c
:107490002e3200003d00000020560000332e000078
:1074a000333d00000020000056450000343d000040
:1074b0000020000056450000333d00000020000081
:1074c00056450000323d00000020000056450000f7
:1074d000313d0000300000002056000050560000f2
:1074e0003d00000020430000423d0000310000004c
:1074f00020430000423d0000300000002046000014
:107500004f520000434500003d000000256400008c
:107510000020000053420000433d00000020000016
:1075200053480000433d000000200000445000008c
:10753000424300003d000000204d0000433d00009c
:107540000020000053420000414c00003d000000bc
:1075500020280000204800004d410000583d000058
:1075600000200000484d0000494e00003d00000092
:107570002029000000520000204800005454000060
:107580005053000020000000504f000053540000f2
:107590002000000047450000542000000053000078
:1075a00055430000434500005353000000450000d0
:1075b000525200004f5200003d530000454e000063
:1075c000444900004e4700000045000052520000b0
:1075d0004f5200003d530000455200005645000048
:1075e0005200000045520000524f0000523d000082
:1075f0004558000054450000524e0000414c000028
:1076000000450000525200004f5200003d4900006a
:107610004e540000455200004e4100004c00000056
:1076200045520000524f0000523d0000464f0000fe
:10763000524d0000415400000020000000200000d6
:10764000555200004c3d00000068000074740000ba
:10765000707300003a2f00002f250000732f0000e8
:10766000257300000068000074740000707300004f
:107670003a2f00002f250000732f00002573000013
:107680003a2500006400000052200000534f000023
:10769000465400004d4100004a000000204e00000a
:1076a0004f4d00003d0000002053000055430000f6
:1076b00043450000535300000020000045520000e5
:1076c000524f00005200000053740000617400002b
:1076d000757300002052000053530000490a000057
:1076e0000052000053530000492000002d200000ec
:1076f0004e6200005f4d000065730000203d0000f9
:1077000020250000642000003b20000041630000b1
:10771000715f00004d6f0000792000003d200000e7
:1077200025640000004500007272000065750000cd
:10773000722000003a2000007061000073200000f9
:1077400064270000616e0000746500006e6e00002a
:107750006520000064e9000074e900006374000023
:10776000e9650000004300006c690000672000002c
:107770003320000052730000736900006f6b00003b
:107780000a000000232300002344000045420000bb
:107790005547000020510000756100006c69000031
:1077a00074e90000206400007520000053690000a7
:1077b000676e0000616c00002050000061730000e3
:1077c000204f00004b2000000042000061730000c9
:1077d000637500006c650000203d00002031000052
:1077e0000a0000004261000073630000756c000035
:1077f000652000003d200000300a0000002300004a
:1078000023230000444500004255000047200000ab
:1078100052530000525000002050000061730000dd
:10782000204f00004b0a000000230000232300002b
:10783000444500004255000047200000525300001c
:10784000525100002050000061730000204f0000e2
:107850004b0a0000002300002323000044450000e1
:107860004255000047200000454300004e4f0000f5
:107870002050000061730000204f00004b0a000000
:107880000052000020530000594e0000200000006c
:107890003a0000005a0000003a300000003a0000b0
:1078a00031000000457200007249000032630000a0
:1078b0002025000063200000653d000025640000d5
:1078c0002025000064200000256400002020000026
:1078d000200a000000450000525200004f520000f4
:1078e00020490000326300003a20000054490000a3
:1078f0004d450000204f0000555400002049000075
:10790000444c0000450a00000045000052520000af
:107910004f52000020490000324300003a2000008e
:10792000544900004d450000204f00005554000010
:107930002053000054410000525400000a0000008f
:1079400045520000524f0000522000004932000012
:10795000433a000020540000494d0000452000003b
:107960004f550000542000005245000053540000c1
:1079700041520000540a0000005300005749000023
:10798000544300004820000049320000432000001a
:107990004465000066610000756c00007420000002
:1079a0003a200000307800002530000032580000f6
:1079b00020280000256400002064000065630000aa
:1079c000696d0000616c0000290a0000004500009c
:1079d000525200004f520000204900003243000084
:1079e0003a200000544900004d450000204f00009f
:1079f000555400002041000044440000524500005e
:107a0000535300000a00000045520000524f00008e
:107a10005220000049320000433a00002054000088
:107a2000494d0000452000004f5500005420000043
:107a300044410000544100000a000000455200008b
:107a4000524f00005220000049320000433a00002b
:107a500020540000494d0000452000004f55000013
:107a600054200000535400004f5000000a00000052
:107a700045520000524f00005220000049320000e1
:107a8000433a000020540000494d0000452000000a
:107a90004f55000054200000414300004b200000df
:107aa0004e4f0000542000005245000043450000a6
:107ab00049560000454400000a00000045520000fd
:107ac000524f00005220000049320000433a0000ab
:107ad00020540000494d0000452000004f55000093
:107ae000542000004d410000535400004552000056
:107af000204e00004f54000020520000454100007d
:107b000044590000205400004f200000524500005e
:107b10004345000049560000450a000000450000aa
:107b2000525200004f5200003a200000425500001f
:107b3000532000004e4f000054200000524500002a
:107b4000414400005900000045520000524f00001f
:107b5000523a0000205300005441000052540000eb
:107b6000204e00004f54000020530000454e0000fe
:107b70004400000045520000524f0000523a0000fd
:107b800020410000444400005245000053530000cf
:107b9000205700005249000054450000204e0000cc
:107ba0004f54000020530000454e000044000000e8
:107bb00045520000524f0000523a0000205200008f
:107bc0004547000049530000544500005220000082
:107bd0004e4f000054200000534500004e4400006a
:107be00000450000525200004f5200003a200000b1
:107bf0004441000054410000204e00004f5400005a
:107c000020530000454e0000440000004552000093
:107c1000524f0000523a000020530000544f000021
:107c2000502000004e4f000054200000534500003b
:107c30004e44000000450000525200004f52000028
:107c40003a20000052450000535400004152000009
:107c5000542000004e4f0000542000005345000007
:107c60004e44000000450000525200004f520000f8
:107c70003a200000414400004452000045530000f7
:107c8000532000005245000041440000204e0000f7
:107c90004f54000020530000454e000044000000f7
:107ca00045520000524f0000523a000020440000ac
:107cb00041540000412000004e4f000054200000bd
:107cc000524500004345000049560000454400006d
:107cd0000052000054430000204900004e490000bb
:107ce000540a0000005200005443000020500000dd
:107cf00043460000383500003236000033410000b2
:107d0000202d0000204300006f6e00006669000017
:107d1000672000006e6f0000742000007365000093
:107d2000740a000000520000544300002043000089
:107d30006f6e00006669000067200000696e000039
:107d400069740000696100006c650000206e00002d
:107d50006f6e000020720000e96100006c69000095
:107d600073e900000a0000005254000043200000a4
:107d7000524100005a0a00000057000072690000da
:107d800074650000204900003243000020520000ca
:107d9000617a000020450000727200006f720000de
:107da0000a000000414c0000415200004d2000003c
:107db000322000004f4e00000a000000414c00003d
:107dc0005f4500004e2000005772000069740000fb
:107dd000652000004f4b00000a000000494e0000e3
:107de00054420000205700007269000074650000d2
:107df000204f00004b0a00000052000054430000d6
:107e00002047000045540000204600004c4100007f
:107e1000470a0000005200005443000020430000c5
:107e20004c45000041520000204600004c4100003b
:107e3000470a00000000000041700000706500006b
:107e40006c20000075720000676500006e74000011
:107e50000a000000686500006c6c00006f00000004
:107e600000440000454d0000414e00004445000024
:107e7000204400002741000050500000454c000005
:107e8000205300004f520000544100004e540000a7
:107e9000202d00003e200000004e0000b020000019
:107ea000544500004c2000003a200000000a000069
:107eb000004900004d5000004f530000534900009e
:107ec000424c0000452000004445000020500000c6
:107ed0004153000053450000522000004c27000091
:107ee00041500000504500004c0a000000490000cd
:107ef000735600006f690000636500004361000075
:107f00006c6c00005265000061640000793d000067
:107f10003d3000000a000000453a00002f670000d5
:107f200061720000646500002e7700006176000039
:107f300000460000696e00002061000070700000c3
:107f4000656c000020700000617200002054000089
:107f5000504100000a0000004c2700006170000042
:107f6000706500006c20000061200000e9630000e3
:107f7000686f000075e90000207300007461000064
:107f800074750000733d00000020000000730000c5
:107f9000656e000064440000544d0000462d000052
:107fa000702d0000200000000d0a0000007300008a
:107fb000656e000064440000544d0000463d000022
:107fc0003d3000000a000000736500006e64000090
:107fd000445400004d4600002d740000312d000077
:107fe000200000000d0a0000545200004143000030
:107ff000454900004e4600004f20000000250000cb
:108000007320000047310000334500003133000089
:10801000312000002d3e000020310000340a000015
:1080200000730000656e000064440000544d0000c1
:10803000462d0000743200002d2000004d45000048
:108040003d00000041500000504500004c20000061
:1080500054450000524d0000494e000045200000ec
:108060007061000072200000746500006d700000f7
:108070006f0a00000041000050500000454c000015
:1080800020540000455200004d4900004e450000bc
:10809000206300006175000073650000206100002e
:1080a00070700000656c00002075000072670000b1
:1080b000656e0000740a000000410000505000008e
:1080c000454c0000205300004f5200005441000076
:1080d0004e540000204e00004f4e00002041000092
:1080e000424f000055540000490a000000450000be
:1080f0003a2f00006e6f00006e610000622e0000db
:1081000077610000760000004150000050450000fb
:108110004c200000534f000052540000414e00001c
:108120005420000054450000524d0000494e00000c
:10813000452000002d2000006c6500002063000039
:108140006f72000065730000706f00006e640000c5
:10815000616e000074200000e0200000636f0000ea
:1081600075700000e92000006c61000020630000d1
:108170006f6e00006e65000063740000696f0000a0
:108180006e0a0000004500003a2f000066690000fa
:10819000706800006f2e000077610000760000001c
:1081a00041500000504500004c200000534f00009b
:1081b00052540000414e000054200000434f000084
:1081c000555200005420000054450000524d00005c
:1081d000494e000045200000706100007220000040
:1081e000706800006f6e0000696500000a00000002
:1081f00041700000706500006c2000007465000094
:10820000726d0000696e0000e920000061760000d8
:108210006563000020730000756300006365000063
:10822000730a00000041000070700000656c0000df
:10823000206500006e2000004563000068650000b6
:10824000632000006731000033200000323000005e
:108250003e200000363000000a000000536100009c
:10826000626f00007264000061670000652000001a
:10827000706100007220000057410000544300006c
:10828000484400004f47000020730000756900005b
:10829000746500002061000062730000656e0000dc
:1082a000636500002064000065200000726100002a
:1082b00063630000726f000063680000e90a000059
:1082c0000000000041500000504500004c2000001c
:1082d000454e000054520000414e00005420000062
:1082e0004445000054450000435400004520000070
:1082f0002d3e0000204d00004f44000045200000ae
:108300004445000020520000455000004f4e000040
:108310005345000020410000555400004f4d00001f
:10832000415400004951000055450000004e000036
:10833000b0200000544500004c2000003a2000000e
:10834000000a00000041000050500000454c0000b1
:10835000204500004e540000524100004e540000e1
:1083600020440000455400004543000054450000ef
:10837000202d00003e2000004d4f0000444500002d
:10838000204400004520000052450000504f0000ee
:108390004e530000452000004d4100004e550000a6
:1083a000454c0000004500003a2f000072690000b3
:1083b0006e6700002e77000061760000004100002b
:1083c00050500000454c0000204500004e54000075
:1083d000524100004e54000020540000455200005d
:1083e0004d4900004e45000020320000203d0000b5
:1083f0003e2000004c65000020500000412000009d
:10840000e02000007261000063630000726f0000f2
:1084100063680000e92000006170000072e800005d
:108420007320000065780000706900007261000030
:10843000746900006f6e0000206400007520000069
:1084400064e900006c6100006920000064650000c0
:1084500020730000e9630000757200006974000079
:10846000e90a0000004100006e740000692d000060
:108470004261000076610000726400002044000048
:108480004d4300003d250000640a0000004100004b
:1084900050500000454c0000204500004e540000a4
:1084a000524100004e54000020540000455200008c
:1084b0004d4900004e45000020320000203d0000e4
:1084c0003e2000004c650000206300006f72000039
:1084d00072650000737000006f6e00006461000040
:1084e0006e74000020e00000207200006163000054
:1084f000637200006f63000068e900000a0000007a
:1085000041500000504500004c200000454e000046
:1085100054520000414e0000542000005445000019
:10852000524d0000494e000045200000362000005a
:108530003d3e0000204100006e740000692d0000e7
:108540004261000076610000726400000a000000d1
:1085500041500000504500004c200000454e0000f6
:1085600054520000414e00005420000054450000c9
:10857000524d0000494e000045200000362000000a
:108580003d3e0000204c000065200000636f0000ad
:108590007272000065730000706f00006e6400006e
:1085a000616e000074200000e02000007261000095
:1085b00063630000726f000063680000e90a000056
:1085c000004500003a2f0000666900007068000056
:1085d0006f2e0000776100007600000050730000ed
:1085e00020640000652000007465000073740000c2
:1085f0002061000070700000656c000020650000c4
:108600006e740000726100006e740000205400005f
:10861000414300003d3000000a00000053610000ab
:10862000626f000072640000616700006520000056
:1086300070610000722000005741000054430000a8
:10864000484400004f470000207300007569000097
:10865000746500002061000062730000656e000018
:108660006365000020640000652000007261000066
:1086700063630000726f000063680000e90a000095
:10868000000000005b470000313700003d2500007e
:10869000642000003c200000256400000a00000067
:1086a000417200007265000074200000656e0000d9
:1086b000206300006f750000727300000a00000064
:1086c0004731000037200000646500006d20000085
:1086d000534c00004545000050200000727300001c
:1086e0003d250000642000000a000000202000005a
:1086f00041650000733d000025640000204100003a
:10870000737300003d2500006420000073650000c5
:1087100061740000723d000025640000202000000c
:108720007365000061650000666600003d2500007d
:10873000642000000a00000047520000414600008b
:108740000a0000000a00000041620000616e0000a3
:10875000646f00006e20000061720000726500000e
:1087600074200000313200000a0000004162000065
:10877000616e0000646f00006e20000061720000f6
:108780007265000074200000313300000a00000010
:1087900044730000205300006c6500006570000009
:1087a000203d000020250000640a000000000000b9
:1087b0000a0a0000476f0000205300006c650000ab
:1087c00065700000282900000a0000000a0a000065
:1087d000466900006e200000736c000065650000b3
:1087e00070280000293a000000540000524d00009b
:1087f000543100003d250000642000005452000068
:108800004d540000323d000025640000205500005a
:108810003152000058490000463d00002564000028
:10882000205500003252000058490000463d00002b
:1088300025640000204900004f4300004946000025
:108840003d25000064000000494f00004346000041
:10885000473900003d25000064200000494f00001a
:1088600043460000463600003d250000642000001d
:10887000494f000043460000463200003d250000fd
:108880006420000049740000526500007665000015
:10889000696c00003d78000025300000325800006f
:1088a0000a0000000a0a00004e4f0000207300007a
:1088b0006c6500006570000028290000203a000067
:1088c00000540000524d0000543100003d250000ce
:1088d00064200000545200004d540000323d00005e
:1088e0002564000020550000315200005849000066
:1088f000463d000025640000205500003252000073
:1089000058490000463d0000256400000049000071
:108910004f430000494600003d2500006420000050
:10892000494f000043460000473900003d25000044
:1089300064200000494f0000434600004636000016
:108940003d250000640a0000005300006f72000023
:108950007469000065200000646500002073000059
:108960006f6d00006d650000696c00002031000033
:1089700035200000473100003d250000640a00005a
:10898000005300007563000063650000737300000e
:108990002052000065730000657400000a000000aa
:1089a0004c6100006e630000652000006163000000
:1089b0007120000047500000532000004465000073
:1089c0006d3d0000000a0000004700005053000009
:1089d0003a200000706f000073200000636f0000f9
:1089e0007272000065630000746500000a000000f8
:1089f0004750000053200000437500007220000023
:108a00002d3e000052650000660a0000004c000088
:108a1000656700006572000020640000657000005a
:108a20006c200000726500006c6100006e63000045
:108a300065200000616300007120000047500000c5
:108a4000530a00000047000050530000204c000073
:108a5000415400003d2500006c6400002e250000fc
:108a60006c64000025630000207c000020000000f2
:108a70004c4f00004e3d0000256c0000642e0000ad
:108a8000256c000064250000632000007c200000ad
:108a9000004100004c5400003d250000642000000f
:108aa000207c0000200000004e42000053410000e6
:108ab000543d000025640000202000007c200000c0
:108ac00000550000544300003d25000073250000c0
:108ad000732000007c200000004d00004553000082
:108ae000204f00004b3d000025640000204e000098
:108af0004d6900003d2500006420000000200000ba
:108b00007c2000004d4500003d2500006420000051
:108b10002530000032580000200a00000043000009
:108b20006f7500007075000072650000204700003e
:108b300050530000006d0000616900006e74000079
:108b4000696500006e74000020470000505300006b
:108b500020500000415500002064000065700000b6
:108b60006c61000063650000006d00006169000039
:108b70006e740000696500006e74000020470000fc
:108b800050530000204100006c6900006d2000007f
:108b900070650000726d0000616e0000656e00007f
:108ba00074650000002000004d4500003d000000fd
:108bb000456e000076200000536d00007320000019
:108bc0006770000073200000617500002025000020
:108bd000732000004d65000067700000733d0000c9
:108be0005825000030320000780a000000470000dd
:108bf000505300004c4f000043000000475000005d
:108c000053000000456e000076200000536d000008
:108c10007320000067700000732000006175000081
:108c20002d20000025730000204d00006567000026
:108c3000707300003d5800002530000032780000bd
:108c40000a00000052200000535400002049000098
:108c50004e3d0000000a0000004900004e4900009f
:108c60005420000047390000204800004d54000007
:108c70003d0000003a0000000d0a000054520000c0
:108c800041430000454900004e4600004f200000cf
:108c90000025000073200000473900002e3100003d
:108ca0002025000030320000643a0000253000002a
:108cb00032640000205400003d25000030320000e6
:108cc000643a000025300000326400000a00000011
:108cd0004327000045530000542000004c270000ab
:108ce0004845000055520000452000005445000052
:108cf000535400000d0a00000044000065620000ab
:108d00007574000020740000657300007433000067
:108d10003e3400000a0000004155000044490000b4
:108d20004f2000004f4b00000a0000005245000099
:108d30004c4100004e430000452000005445000017
:108d4000535400000a000000464900004e20000075
:108d500054450000535400000a00000044e900009c
:108d6000666100007574000020500000686f00000c
:108d70006e690000650a0000007300006d7300005a
:108d800020530000590a0000007300006d730000ba
:108d9000205300005441000054550000530a0000c5
:108da000007300006d730000204600004354000073
:108db0000a000000736d000073200000535900008a
:108dc0004e0a0000007300006d7300002056000082
:108dd000414e0000410a0000004a00006f7500008b
:108de00072200000736100006e73000020560000c6
:108df00045520000494600004e5500004d0a000053
:108e000000470000505300004c4f0000430000009a
:108e100047500000530000004772000061660000e8
:108e200020390000202d000020640000656600004d
:108e3000617500006c7400000a000000416d0000c4
:108e4000702000004f660000660d00000041000029
:108e50006d700000204f00006e0d0000000000004b
:108e6000456e0000766f000069200000534d000041
:108e700053200000494e0000464f00000a00000049
:108e8000456e0000766f0000692000004854000025
:108e9000545000005320000053740000617400001f
:108ea00075730000204900006e6600006f0a000024
:108eb000004500006e7600006f690000205300003e
:108ec0006f660000742000004d6100006a20000001
:108ed00053740000617400007573000020490000a5
:108ee0006e6600006f0a000000460000494e000058
:108ef000204f00004b200000456e0000766f000000
:108f000069200000534d000053200000494e00002e
:108f1000464f00000a000000534d0000532000009f
:108f2000494e0000464f000020310000203e000066
:108f3000203200000a000000464900004e200000d8
:108f4000456e0000766f000069200000534d000060
:108f500053200000494e0000464f000020730000df
:108f6000757200002065000072720000207600001b
:108f7000616c000072650000670a00000053000089
:108f80004d530000204900004e4600004f200000d5
:108f9000322000003e330000203e00003e20000052
:108fa000000a0000004500006e7600006f690000b6
:108fb000204800005454000050200000535400008a
:108fc000415400005553000020500000415500005e
:108fd0000a000000456d0000657400002048000094
:108fe000545400005020000053540000415400002d
:108ff0005553000020500000415500000a000000b9
:10900000456e0000766f000069200000534f00009d
:1090100046540000204d0000414a0000205300004b
:1090200054410000545500005320000050410000fe
:10903000550a000000000000496700006e6f000044
:10904000726500002041000070700000656c000037
:109050000a000000536900006d7000006c6500009c
:109060002041000070700000756900000a000000d7
:10907000204900004d500000554c000053450000b1
:1090800020310000202d000020520000e963000084
:1090900065700000746900006f6e000020410000e0
:1090a00070700000656c0000204500006e740000c8
:1090b000726100006e7400000a0000002d42000082
:1090c00070200000726500006c61000063680000a1
:1090d000652d00003e320000353000000a0000001f
:1090e0004c690000676e00006520000056610000ba
:1090f0006c690000646500000a0000004361000024
:10910000736500002041000070700000656c000075
:10911000205300006f720000746100006e74000044
:109120000a00000041540000542000005241000099
:1091300050500000454c0000200000000a000000d4
:109140005041000053200000444500002052000020
:1091500041500000504500004c20000052450000e6
:1091600043550000204f00004e20000041500000f9
:10917000504500004c4c0000450a00000041000032
:1091800050500000454c0000204500004e540000a7
:10919000524100004e5400000a0000004445000007
:1091a0004d4100004e4400004520000041500000a9
:1091b000504500004c200000564f00004958000068
:1091c0000a000000453a00002f6e00006f6e00009c
:1091d000616200002e770000617600000000000050
:1091e000576f000072640000203d00002030000036
:1091f00078250000303600006c5800000a0000009e
:10920000577200006974000065200000466100008c
:10921000696c00000a0000004e6500007720000025
:10922000576f000072640000203d000020300000f5
:1092300078250000303600006c5800000a0000005d
:109240005365000074200000496e00006163000057
:109250007469000076650000205000006172000013
:1092600074690000746900006f6e00000a0000005d
:10927000537700006170000020410000637400001b
:109280006976000065200000320a000000530000eb
:1092900077610000702000004163000074690000e5
:1092a00076650000203100000a00000045720000d1
:1092b000726f000072200000566100006c690000af
:1092c00064690000747900000a0000004e6f00001d
:1092d00074200000636f00006d7000006c6500007a
:1092e000746500002048000065780000204c0000f4
:1092f000696e0000650a0000004a0000756d0000fc
:1093000070200000436f00006e6600006967000077
:109310007572000061740000696f00006e2000002b
:10932000576f000072640000730a000000690000bb
:109330006e610000637400003d300000782500007d
:10934000303800006c580000206c00006173000091
:109350007441000064640000723d00003078000039
:1093600025300000386c0000580a000000000000a2
:10937000545600003d3100000a0000005645000030
:1093800052490000464e0000554d00005445000073
:109390004c5000004155000020000000204e00000d
:1093a000554d00003d00000020430000553d0000e9
:1093b000004500006d69000073730000696f0000d4
:1093c0006e20000064750000205300004d53000023
:1093d00020640000652000007665000072690000ce
:1093e0006669000063610000746900006f6e000030
:1093f0002000000064750000206e0000756d000004
:10940000657200006f0a0000006400007520000013
:109410007265000073650000617500000a000000bd
:1094200041750000637500006e200000534d000080
:10943000532000007665000072690000662000007d
:10944000656d0000697300002c2000004346000099
:109450005041000055200000544500004c20000001
:10946000696e0000636f00007272000065630000a7
:10947000740a000000310000005300004d5300004a
:10948000206400006520000076650000726900001d
:109490006669000063610000746900006f6e00007f
:1094a0002072000065630000750a000000300000b3
:1094b000005300004d5300002064000065200000b0
:1094c0007665000072690000666900006361000053
:1094d000746900006f6e0000204e00004f4e0000c7
:1094e0002072000065630000752c0000205600000b
:1094f000543d0000300a000000000000456e0000ee
:10950000766f000069200000534d000053200000da
:10951000766100006e610000206400006563000059
:109520000a000000564100004e410000000a000001
:10953000522000004348000041520000474500000f
:10954000207300007461000072740000206200004b
:10955000617400003d25000064200000707300006d
:109560003d250000642000004d4300003d25000023
:10957000640a0000000a0000522000004348000076
:10958000415200004745000020300000203e00000e
:109590003e2000004d6500007375000072650000fc
:1095a00020560000505600000a0000000a52000039
:1095b00020430000484100005247000045200000c1
:1095c000415200005245000054200000626100003a
:1095d000743d00002564000020700000733d000011
:1095e0002564000020200000707600003d2500006a
:1095f000642000004d4300003d250000640a000087
:10960000000a0000522000004348000041520000c0
:109610004745000020310000203e00003e200000b1
:109620004d65000073750000726500002056000053
:10963000505600000a0000000a52000020430000bb
:1096400048410000524700004520000052650000dc
:10965000746f0000757200002061000075740000d6
:109660006f20000056500000563d000025640000a9
:109670000a000000414c0000415200004d4500002e
:10968000204d00004f440000454d00000a0000003e
:10969000416c0000617200006d6500002052000006
:1096a000544300000a000000536f0000667400007d
:1096b0002053000074610000727400000a00000072
:1096c000436c00006967000020310000207000003a
:1096d0006f77000065720000206f00006e0a0000c6
:1096e00000520000656300006f6e000066690000b4
:1096f0006720000052540000430a0000005500009b
:10970000706700002e540000656d0000706f00004f
:10971000203d00003d200000300a00000052000003
:109720002073000065630000752000006465000080
:10973000636f00006e6e00006563000074650000da
:1097400072630000686100007267000065750000c8
:10975000723d0000310a0000004700005241000045
:10976000460a0000000a0000005400007053000088
:109770006563000047500000535f00003253000053
:10978000656300003d250000642000004d65000079
:1097900067700000733d0000582500003032000063
:1097a00078200000536f0000756800003d25000020
:1097b000642000006c7500003d250000640a000074
:1097c000000000002d2d00002d2d00002d2d00008b
:1097d00043410000534500002032000030300000bb
:1097e0002041000050500000454c00002053000074
:1097f0004f520000544100004e5400002d2d000037
:109800002d4d0000414b0000455600004f4900001f
:1098100043450000434100004c4c00002d2d00004a
:109820000a000000446500006d6100006e640000e5
:1098300065200000504100002052000061630000dc
:10984000637200006f630000686500000a0000009a
:10985000446500006d6100006e640000652000003a
:1098600067610000696e000020000000446900008c
:109870006666000075730000696f00006e0a0000e4
:1098800000500000686f00000a00000050680000ef
:109890006f2000004d4500000a00000054650000e4
:1098a000737400000a0000004d610000757600002e
:1098b00061690000732000005061000072610000c7
:1098c0006d200000436f00006e66000069670000b5
:1098d0002041000075640000696f00000a0000006c
:1098e000473100003d25000064200000534d00007a
:1098f000535300006f720000742e000041540000aa
:109900003d25000064200000477300006d530000f7
:1099100074610000746500003d25000064200000b3
:10992000534d0000534500006e7400002e410000ae
:10993000543d000025640000205300004d530000fa
:10994000456e0000742e0000416600006163000057
:109950003d250000642000000a000000476600006a
:10996000303d000025640000204700006631000003
:109970003d2500006420000042700000543d0000be
:109980002564000020530000656300004967000063
:10999000417000003d2500006420000045310000ba
:1099a0003d25000064200000453200003d250000f8
:1099b00064200000473900003d25000064200000bd
:1099c000473100003d2500006420000047330000bf
:1099d0003d25000064200000446500007256000030
:1099e000616c000052650000673d000025630000c7
:1099f0000a00000052650000626f00006f740000f2
:109a000020640000656d0000616e00006465000068
:109a10000a000000534d0000532000005245000092
:109a200043550000204e0000544500003d0000005a
:109a30002044000041540000453d0000002000008b
:109a40004845000055520000453d00000020000040
:109a500049440000583d000000250000640000005b
:109a60002054000045580000544500003d0000000f
:109a70000d0a0000004400005420000000200000f7
:109a800000480000545400005053000047450000b7
:109a90005400000043460000504100004d440000c7
:109aa00050000000534d000053520000455000008c
:109ab00020000000534d0000534300004d440000bf
:109ac00020000000434d0000442000003a20000028
:109ad000000a000000000000434600005041000062
:109ae0005500000043460000504900004e000000b1
:109af00047410000494e000000430000464100007d
:109b0000204c00003d0000004346000053200000b0
:109b1000533d00000056000045520000534900002c
:109b20004f4e00000053000054000000564100005a
:109b30004e410000004900004d4f0000440000006d
:109b400047500000530000004c4300006f6e0000bf
:109b5000660a00000000000043680000677400000f
:109b6000543100007c3d00004d530000515f000067
:109b70004348000047540000543100005f56000085
:109b8000414e00004120000028310000290a000059
:109b9000004500006e7600006f6900002053000051
:109ba0004d53000020560000414e0000410a0000c5
:109bb00000470000505300004c4f000043000000dd
:109bc000475000005300000056450000525300006b
:109bd000494f00004e0000000d0a000054520000e2
:109be00041430000454900004e4600004f20000060
:109bf0000000000025640000003000007800000034
:089c00003058000000000000d4
:020000040000fa
:109c08000400fa00204798003147980000c420005b
:109c1800104f78003e4090000004e0000e00320033
:109c280000c42000904078002e40900080c0600062
:109c38002e40900080cf50001600320000c4200053
:109c4800904078002e40900080c0700000c4200032
:109c5800014878000f00370000c4200090407800c9
:109c68002e40900080c060002e40900080cf5000b1
:109c780008003a002e40900080c0ea0000c420008e
:109c88001040780000c060008040780000c42000c8
:109c98000148780000c42000104078009e407800f9
:109ca80080cf500010003200a53d2200c43d2200a4
:109cb80003c4200012c0b300a103200000c5b300f4
:109cc8007258020001000000a53d2200c43d220098
:109cd80003c4200012c0b300a103200000c5b300d4
:109ce800c65902000100000000c42000104078009e
:109cf8001e4068000080fa00000006002600fa00f6
:109d0800406798000000eb00100798004e60900034
:109d1800e94f5000ad013e004e6090000080fb000e
:109d2800200798002e0090004600dd0020079800cc
:109d38002e0090001004b00020079800c14e2a00a1
:109d480010b1200072df0200010000003007980007
:109d5800be00900010b12000008040000041eb00e0
:109d6800800078004e609000deb70200010000001d
:109d7800be009000008040003007980020022000bc
:109d88000e004000a53d2200c43d2200800178005d
:109d980012c0b300ae00900000c5b300c65902005f
:109da80001000000be00900010b1200000804000bb
:109db800514f2a0072df020001000000be0090002f
:109dc80000804000300798000000eb00000f78008a
:109dd800120037002e6090008080fb0022002000d7
:109de8001e0078000010dd00008060000000e00028
:109df80005003200680047001e00400011c3b30090
:109e08000148780004003700680047001e00400041
:109e180001c3b300014878001e0fe8001e00780057
:109e2800e30f5000ebff3400680047001e004000bd
:109e38008040eb0001487800be00900010b120007f
:109e480000804000e800470072df020001000000c7
:109e5800be0090000080400030079800be009000cf
:109e680010b1200000804000914f2a0072df0200ec
:109e780001000000be0090000080400030079800fc
:109e88002e6090008080fb000002200000806000af
:109e98000000e0000300320010c3b300004f980038
:109ea8000200370000c3b300004f98000040eb00e9
:109eb800104f9800be00900010b1200000804000b4
:109ec800e800470072df020001000000be009000b9
:109ed8000080400030079800be00900010b12000bc
:109ee80000804000d14f2a0072df0200010000000c
:109ef800be00900000804000300798002e6090005f
:109f08000080fb0061006000004078000004e00071
:109f18000300320010c3b300004f9800020037005e
:109f280000c3b300004f98000040eb00104f9800aa
:109f3800be00900010b1200000804000e8004700fb
:109f480072df020001000000be00900000804000a7
:109f580030079800be00900010b12000008040003b
:109f680011502a0072df020001000000be009000bc
:109f780000804000300798002e6090008080fb0031
:109f880000042000008060000000e00003003200b0
:109f980010c3b300004f98000200370000c3b3009d
:109fa800004f98000040eb00104f9800be00900052
:109fb80010b1200000804000e800470072df020076
:109fc80001000000be0090000080400030079800ab
:109fd800be00900010b120000080400051502a00bf
:109fe80072df020001000000be0090000080400007
:109ff80030079800020120008000eb00c01f2100fc
:10a008005005020000000000c11f21002e00900032
:10a0180063004000a53d2200c43d22008101780074
:10a02800f2c0b3008000780000c5b300c659020032
:10a03800010000006800470080007800c01f210070
:10a04800cadd020001000000be00900010b120002f
:10a0580000804000e800470072df020001000000b5
:10a06800be0090000080400030079800be009000bd
:10a0780010b120000080400091502a0072df0200d9
:10a0880001000000be0090000080400030079800ea
:10a09800020120008000eb00c01f210050050200d3
:10a0a80000000000c11f21002e0090007200400037
:10a0b800a53d2200c43d220081017800f2c0b30012
:10a0c8008000780000c5b300c659020001000000f6
:10a0d8006800470080007800c01f2100cadd020028
:10a0e80001000000be00900010b120000080400078
:10a0f800e800470072df020001000000be00900087
:10a108000080400030079800be00900010b1200089
:10a1180000804000d1502a0072df020001000000d8
:10a12800be00900000804000300798002002200008
:10a138000e004000220020008000eb0050050200c5
:10a14800000000002e0090000080e800210220009e
:10a158008e804000a53d2200c43d22008101780088
:10a1680012c0b3008000780000c5b300c6590200d1
:10a17800010000002e609000e80047000041eb005d
:10a18800deb7020001000000be00900010b1200000
:10a1980000804000e800470072df02000100000074
:10a1a800be0090000080400030079800be0090007c
:10a1b80010b120000080400011512a0072df020017
:10a1c80001000000be0090000080400030079800a9
:10a1d80068004700a20120008000eb005005020043
:10a1e80000000000e80047002e0090001002b000b8
:10a1f800a53d2200c43d220081017800c2c0b30001
:10a208008000780000c5b300c659020001000000b4
:10a218000040eb00405798000e4890000004e00012
:10a2280004003a006800470051512a0072df02001a
:10a2380001000000be00900010b120000080400026
:10a24800e800470072df020001000000be00900035
:10a258000080400030079800be00900010b1200038
:10a268000080400071512a0072df020001000000e6
:10a27800be009000008040003007980020022000b7
:10a288000e004000220020008000eb005005020074
:10a29800000000002e0090000000e80021022000cd
:10a2a8008e804000a53d2200c43d22008101780037
:10a2b80012c0b3008000780000c5b300c659020080
:10a2c800010000002e609000e80047000041eb000c
:10a2d800deb7020001000000be00900010b12000af
:10a2e80000804000e800470072df02000100000023
:10a2f800be0090000080400030079800be0090002b
:10a3080010b1200000804000b1512a0072df020025
:10a3180001000000be009000008040003007980057
:10a32800200220000e004000220020008000eb00e8
:10a3380050050200000000001e009000a53d22000c
:10a34800c43d22008001780022c0b30051412000a2
:10a3580000c5b300c6590200010000004e6090001d
:10a368000080fb00110020000008dd00800078005c
:10a378001e009000008060000000e0000a0032002b
:10a38800be00900010b1200000804000f1512a006a
:10a3980072df020001000000be0090000080400053
:10a3a8003007980009003700be00900010b1200067
:10a3b8000080400011522a0072df020001000000f4
:10a3c800be00900000804000300798000080fa002e
:10a3d800000006000400fa001007980031522a0015
:10a3e8001e00900072df020001000000000f7800dc
:10a3f800b0ae2000104078000004e00008003200f1
:10a408001e0078009e00900000804000b1ae200041
:10a4180072df0200010000001e0f40000700370035
:10a428001e0078009e0090000080400051512a00d4
:10a4380072df0200010000001e0f40001e007800bd
:10a448009e00900000804000e1522a0072df020066
:10a45800010000001e0f4000c0c6800061006000bf
:10a468000000e0000b003a00f0a18000e30f50006c
:10a4780008003a001e0078009e009000008040000e
:10a48800f1512a0072df0200010000001e0f400097
:10a49800070037001e0078009e00900000804000f2
:10a4a80011522a0072df0200010000001e0f400056
:10a4b8001e0078009e0090000080400031532a0062
:10a4c80072df0200010000001e0f40009e007800ad
:10a4d80010b12000008040000041eb0080007800af
:10a4e80000cab300deb70200010000001e0f4000e2
:10a4f8001e0078009e0090000080400091532a00c2
:10a5080072df0200010000001e0f40009e0078006c
:10a5180010b120000081400080d3800091d38000da
:10a52800c3c0b300a2b80200010000001e0f400023
:10a538001e0078009e00900000804000f1532a0021
:10a5480072df0200010000001e0f40009e0078002c
:10a5580010b1200000814000a0cc8000b1cc800068
:10a56800c3c0b300a2b80200010000001e0f4000e3
:10a578000080fa00000006000c00fa00000f7800c6
:10a58800110798002207980033079800440798009d
:10a59800254f980050542a0004e4020001000000ee
:10a5a8001e00780004e40200010000002e4890001c
:10a5b8000004e0000400320070542a0004e40200a1
:10a5c8000100000003003700d0542a0004e4020010
:10a5d800010000002e00900004e4020001000000c9
:10a5e8003e0090000000e0000700320030552a00cd
:10a5f80004e40200010000003e00900004e40200b0
:10a60800010000000300370090552a0004e402000e
:10a61800010000004e0090000000e000070032003a
:10a6280000562a0004e40200010000004e009000d9
:10a6380004e40200010000000300370060562a000d
:10a6480004e40200010000002e4890000004e0002d
:10a6580004003200d0562a0004e402000100000081
:10a668000300370030572a0004e40200010000000c
:10a678001e00900004e402000100000050542a006b
:10a6880004e40200010000000080fa000000060057
:10a698000e00fa0050079800610798006400470010
:10a6a8003300200000017800a1572a005e009000c6
:10a6b800272e07000000e0000b003200ce4090007b
:10a6c80010c3b30080cf500004003a00402f21008f
:10a6d80051c0b3000148780003003700402f210023
:10a6e8008040eb00014878000000eb00100798005c
:10a6f8008b003700f1572a0010b1200072df0200ea
:10a7080001000000000f78009e00780010b12000c2
:10a718000080400091582a0072df0200010000000a
:10a728001e0f40009e00780010b12000808040007d
:10a738001e0090000040780022c0b300deb702007f
:10a74800010000001e0f40009e00780010b120009c
:10a7580000804000c1582a0072df0200010000009a
:10a768001e0f40009e00780010b12000808140003c
:10a778001e0090006a00b90000007800e400400064
:10a78800c02c2100008040001000780000407800b4
:10a7980032c0b30083007800deb702000100000079
:10a7a8001e0f40009e00780010b12000008040007d
:10a7b800e1582a0072df0200010000001e0f40006d
:10a7c8009e00780010b12000808040001e0090009c
:10a7d8000040780022c0b300deb70200010000008c
:10a7e8001e0f40009e00780010b12000008040003d
:10a7f800c1582a0072df0200010000001e0f40004d
:10a808009e00780010b12000808140001e0090005a
:10a818006a00b90080007800c02c21000080400048
:10a82800104078000041eb0083007800deb702009a
:10a83800010000001e0f40001e0090006a00b900d1
:10a8480080007800c02c2100008040001040780073
:10a85800e14f500025003a009e00780010b120001a
:10a868000080400011592a0072df02000100000038
:10a878001e0f40009e00780010b12000808040002c
:10a888001e009000004078000041eb00deb7020097
:10a89800010000001e0f40009e00780010b120004b
:10a8a80000804000c1582a0072df02000100000049
:10a8b8001e0f40009e00780010b12000008140006b
:10a8c8001e0090006a00b900000078008080e8004f
:10a8d800c02c210000804000100078008200780021
:10a8e800ecb50200010000001e0f40009e00780039
:10a8f80010b120000080400051542a0072df02008d
:10a90800010000001e0f400010b1200004e4020006
:10a91800010000001e0090000000e80010079800e9
:10a928001e009000f90f500072ff34000080fa00fa
:10a93800000006000600fa0010079800210798009a
:10a948001e0090003040900022c0b300ae0090007e
:10a95800deb7020001000000004f78001e80fb00f7
:10a96800ae0090000080400041592a0072df0200ca
:10a9780001000000004078001e4f40001e80fb00d0
:10a98800ae009000808040001e0090004040900083
:10a9980022c0b300deb702000100000000407800ca
:10a9a8001e4f40001e80fb00ae009000008040005b
:10a9b80041592a0072df02000100000000407800bf
:10a9c8001e4f40001e80fb00ae00900080804000bb
:10a9d8001e0090006040900022c0b300deb7020065
:10a9e80001000000004078001e4f40001e80fb0060
:10a9f800ae0090000080400061592a0072df02001a
:10aa080001000000004078001e4f40001e80fb003f
:10aa1800ae009000808040001e009000104078003a
:10aa280022c0b300deb70200010000000040780039
:10aa38001e4f40001e80fb00ae00900000804000ca
:10aa480081592a0072df02000100000000407800ee
:10aa58001e4f40001e80fb00ae009000808040002a
:10aa68001e0090001040900022c0b300deb7020024
:10aa780001000000004078001e4f40001e80fb00cf
:10aa8800ae0090000080400081592a0072df020069
:10aa980001000000004078001e4f40001e80fb00af
:10aaa800ae009000808040001e0090002040900082
:10aab80022c0b300deb702000100000000407800a9
:10aac8001e4f40001e4078000080fa00000006007b
:10aad8000400fa001007980000f02000345e02001d
:10aae80001000000a1592a001e00900072df020038
:10aaf80001000000000f78001e0078009e00900002
:10ab0800008040008000780080f0200089ff070066
:10ab18000080fb001e0f40001e0078009e00900081
:10ab280000804000515a2a0072df02000100000034
:10ab38001e0f40001e0078009e009000008040001c
:10ab48008000780000f020007aff07000080fb00fa
:10ab58001e0f40001e0078009e00900000804000fc
:10ab6800a15a2a0072df0200010000001e0f4000f7
:10ab78001e0078009e009000008040008000780051
:10ab880000f120006bff07000080fb001e0f400053
:10ab98001e0078009e00900000804000115b2a0093
:10aba80072df0200010000001e0f40001e00780046
:10abb8009e009000008040008000780080f1200016
:10abc8005cff07000080fb001e0f40001e0078009d
:10abd8009e00900000804000815b2a0072df020026
:10abe800010000001e0f40001e0078009e0090002b
:10abf8008080400090628000ecb5020001000000f7
:10ac08001e0f40001e0078009e009000008040004b
:10ac1800d15b2a0072df0200010000001e0f400015
:10ac28001e0078009e00900080804000f0f1200017
:10ac3800104078000041eb00deb702000100000080
:10ac48001e0f40001e0078009e009000008040000b
:10ac5800315c2a0072df0200010000001e0f400074
:10ac68001e0078009e0090008080400070802000c8
:10ac7800104078000041eb00deb702000100000040
:10ac88001e0f40001e0078009e00900000804000cb
:10ac9800c15c2a0072df0200010000001e0f4000a4
:10aca8001e0078009e0090008080400050c5200063
:10acb800104078000041eb00deb702000100000000
:10acc8001e0f40001e0078009e009000008040008b
:10acd800115d2a0072df0200010000001e0f400013
:10ace8001e0078009e0090000080400080007800e0
:10acf800200221000fff07000080fb001e0f40000c
:10ad08001e0090000080fa00000006001200fa0001
:10ad180070079800010f980000c3b300004f780037
:10ad28000040eb0010479800640047001300200023
:10ad380000017800715d2a007e009000842c0700d5
:10ad48000000e00006003200ce40900010c3b300bf
:10ad580080cf500002003a0010c0b300104798009e
:10ad6800640047003300200000017800c15d2a001c
:10ad78007e009000762c07000000e0006c00320096
:10ad88004e4090000000fb006101b900f0fb2f006d
:10ad9800f1ff2f00020040008380480032012000ac
:10ada80003002000820f5000838f580060003e008f
:10adb8000060010013003700420037004a003700e6
:10adc8005b0037002d003700170037000d003700f3
:10add8005700370029003700550037005400370066
:10ade800530037005200370048003700170037007b
:10adf800160037004e0037004d0037004c00370072
:10ae080027003700d3312000320620009e409000f2
:10ae1800105e2a0050b8020000000000ce409000ea
:10ae2800014f7800420037003332200032062000fc
:10ae38009e409000e05e2a0050b80200000000002a
:10ae4800ce409000014f780039003700b05f2a00eb
:10ae580004e4020001000000a332200032062000b2
:10ae68009e40900040602a0050b802000000000098
:10ae7800ce409000014f78002d00370003332000aa
:10ae8800320620009e40900010612a0050b802004f
:10ae980000000000ce409000014f780024003700e9
:10aea80063332000320620009e409000e0612a00b3
:10aeb80050b8020000000000ce409000014f78001a
:10aec8001b003700b3332000320620009e4090005c
:10aed800b0622a0050b8020000000000ce40900086
:10aee800014f78001200370003342000320620009a
:10aef8009e40900080632a0050b8020000000000c5
:10af0800ce409000014f78000900370053342000ec
:10af1800320620009e40900040642a0050b802008b
:10af280000000000ce409000014f780000000000b3
:10af380064004700130020000001780011652a0012
:10af48007e009000022c07000000e0000a0032009a
:10af5800ce40900010c3b30080cf500006003a00e6
:10af680000c3b300004f78000040eb001047980082
:10af7800d0b802000000000061652a0010b120006e
:10af880072df0200010000001007980011b12000d4
:10af98001e009000008040001e4878001e009000af
:10afa8000000e800100798009e00900010b12000f3
:10afb8000080400051662a0072df02000100000094
:10afc8009e00900000804000100798001e409000ee
:10afd8000004e0000a0032009e00900010b120003a
:10afe80000804000f1512a0072df020001000000d9
:10aff8009e0090000080400010079800090037006c
:10b008009e00900010b120000080400011522a00dc
:10b0180072df0200010000009e00900000804000e6
:10b02800100798001e0090000000e8001007980024
:10b0380011b120001e009000008040008040eb000d
:10b04800014878000080fa00000006001e00fa009f
:10b05800881f7800500f9800610f9800640047001f
:10b068003300200000017800b1662a005e089000d5
:10b07800b72b07000000e00006003200640047001c
:10b08800dab4020001000000e18a2100804878005b
:10b0980003003700e08a210021c0b300014878008e
:10b0a800e08a210090407800c0c3b30080cf5000f0
:10b0b80003003600e08a2100a1c0b30001487800ef
:10b0c800640047003300200000017800f1662a0080
:10b0d8005e0890009e2b07000000e000050032008b
:10b0e8004e40900080407800f08a210001487800a6
:10b0f80003003700f08a21008040eb000148780007
:10b10800780047000001780051672a005e08900027
:10b11800e4e00200010000000000e0004900320005
:10b128004e08900064004000400f98000000eb00bb
:10b13800100798000f0037004e089000de089000b6
:10b14800008040001040780080407800528821003c
:10b158001e00900000004100014878004e08900051
:10b168000000e800400f98001e0090000000e80072
:10b17800100798009e00900070022000808f5000f9
:10b1880012003c004e089000de089000008040004d
:10b1980010407800ea4f50000c0032004e08900032
:10b1a800de0890000080400010407800ed4f50000d
:10b1b800060032004e089000de0890000080400033
:10b1c800104078000004e000dbff3a0051882100bd
:10b1d8001e009000008040008040eb00014878008d
:10b1e8001e0090000000e0000b00320042e4020064
:10b1f80001000000a0672a0004e40200010000002a
:10b208005088210010e402000100000050542a0078
:10b2180004e40200010000006e0890000000e00055
:10b2280004003a00008b21008040eb0001487800c0
:10b2380004003700ee089000008b2100420602004f
:10b24800000000006400470043002000000178006f
:10b2580061682a005e0890003d2b07000000e000ae
:10b26800140032006e0890000000e00011003a005f
:10b2780064004700a4b9020001000000d0968800cd
:10b2880042e4020001000000d196800064004700fb
:10b29800811f780011692a00811f78001a050200b1
:10b2a80000000000e48757006400470004e402003f
:10b2b800010000006400470033002000000178000e
:10b2c800c1692a005e089000212b07000000e000f9
:10b2d80046003200ce40900010c3b30080cf50002b
:10b2e80013003a006e0890000000e00008003a00e1
:10b2f80042e4020001000000406a2a0004e402005f
:10b3080001000000b00e2000d09688000800370029
:10b31800b03d210011c0b3000148780042e40200aa
:10b3280001000000306c2a0004e402000100000063
:10b33800ce40900020c3b30080cf500013003a00e5
:10b348006e0890000000e00008003a0042e40200a5
:10b3580001000000406e2a0004e402000100000021
:10b3680080112000d096880008003700b03d2100e9
:10b3780021c0b3000148780042e402000100000047
:10b3880090702a0004e4020001000000ce40900002
:10b39800a0c5b30080cf500014003a006e0890009a
:10b3a8000000e00009003a0042e402000100000049
:10b3b80050732a0004e402000100000050802000bd
:10b3c80011c0b3000148780008003700b03d2100e3
:10b3d800a1c5b3000148780042e402000100000062
:10b3e800f0742a0004e40200010000006400470031
:10b3f800330020000001780041772a005e089000a1
:10b40800d32a07000000e00009003200ce40900077
:10b4180010c3b30080cf500005003a00602221001d
:10b4280011c0b3000148780030382100e07388006b
:10b43800640047003300200000017800c1772a002b
:10b448005e089000c22a07000000e00018003200e1
:10b4580064004700dab402000100000001f2200095
:10b468008048780000f22000104078000004e000d6
:10b478000400320000f2200010407800f44f500021
:10b488000300360000f2200051c0b30001487800e4
:10b49800a53d2200c43d220003f2200012c0b300e3
:10b4a800c103200000c5b30072580200010000006b
:10b4b80064004700330020000001780011782a005a
:10b4c8005e089000a22a07000000e0001800320081
:10b4d80064004700dab402000100000011f2200005
:10b4e8008048780010f22000104078000004e00046
:10b4f8000400320010f2200010407800e64f4000af
:10b508000300360010f2200001c5b300014878009e
:10b51800a53d2200c43d220013f2200012c0b30052
:10b52800d103200000c5b3007258020001000000da
:10b53800a53d2200c43d220003f2200012c0b30042
:10b54800c103200000c5b300c65902000100000075
:10b55800a53d2200c43d220013f2200012c0b30012
:10b56800d103200000c5b300c65902000100000045
:10b5780064004700930020000001780061782a00e9
:10b588005e089000722a07000000e0000a003200fe
:10b5980000f22000104478006400470096b70200cb
:10b5a80001000000804078006400470008417800ee
:10b5b8008eca02000100000010b120008040eb009c
:10b5c800014878006400470033002000000178003b
:10b5d800c1782a005e0890005d2a07000000e0009c
:10b5e800dd003200ce40900010c3b30080cf500081
:10b5f800d9003a0021792a0010b1200072df020038
:10b6080001000000000f780040d680006100600053
:10b618000000e000080032009e00780010b1200011
:10b6280000804000f1512a0072df02000100000092
:10b638001e0f4000070037009e00780010b1200060
:10b648000080400011522a0072df02000100000051
:10b658001e0f40009e00780010b1200000804000be
:10b66800317a2a0072df0200010000001e0f40003c
:10b6780040d68000620060000000e0000800320050
:10b688009e00780010b1200000804000f1512a008f
:10b6980072df0200010000001e0f400007003700a3
:10b6a8009e00780010b120000080400011522a004e
:10b6b80072df0200010000001e0f40009e007800ab
:10b6c80010b1200000804000f17a2a0072df0200e9
:10b6d800010000001e0f4000f0a18000e30f5000a1
:10b6e80026003200e30f500005003e00e10f500035
:10b6f80012003200e10f500018003e00070037002a
:10b70800e50f50002d003200e50f500023003900ee
:10b71800e60f500031003200380037009e007800f4
:10b7280010b1200000804000917b2a0072df0200e7
:10b73800010000001e0f4000380037009e0078000e
:10b7480010b1200000804000117c2a0072df020046
:10b75800010000001e0f4000300037009e007800f6
:10b7680010b1200000804000717c2a0072df0200c6
:10b77800010000001e0f4000280037009e007800de
:10b7880010b1200000804000e17c2a0072df020036
:10b79800010000001e0f4000200037009e007800c6
:10b7a80010b1200000804000317d2a0072df0200c5
:10b7b800010000001e0f4000180037009e007800ae
:10b7c80010b1200000804000d17d2a0072df020005
:10b7d800010000001e0f4000100037009e00780096
:10b7e80010b1200000804000317e2a0072df020084
:10b7f800010000001e0f4000080037009e0078007e
:10b8080010b1200000804000917e2a0072df020003
:10b81800010000001e0f4000000000009e0078009c
:10b8280010b1200000804000d17e2a0072df0200a3
:10b83800010000001e0f40009e00780010b120009b
:10b8480080804000e0738000ecb502000100000039
:10b858001e0f40009e00780010b1200000804000bc
:10b86800617f2a0072df0200010000001e0f400005
:10b878009e00780010b1200080804000c0738000d6
:10b88800ecb50200010000001e0f40009e00780089
:10b8980010b1200000804000e17f2a0072df020022
:10b8a800010000001e0f40009e00780010b120002b
:10b8b80080804000d0738000ecb5020001000000d9
:10b8c8001e0f40009e00780010b12000008040004c
:10b8d80061802a0072df0200010000001e0f400094
:10b8e8009e00780010b1200080804000b073800076
:10b8f800ecb50200010000001e0f40009e00780019
:10b9080010b1200000804000d1802a0072df0200c0
:10b91800010000001e0f40009e00780010b12000ba
:10b928000080400011812a0072df0200010000003f
:10b938001e0f40009e00780010b12000808040005b
:10b9480040e72000104078000041eb00deb702001d
:10b95800010000001e0f4000640047003300200073
:10b968000001780091812a005e089000782907007c
:10b978000000e00007003200ce40900010c3b30082
:10b9880080cf500003003a00f0cc80000020a000d7
:10b99800f0cc8800640047003300200000017800e4
:10b9a80051822a005e089000692907000000e00023
:10b9b80011003200ce40900010c3b30080cf500079
:10b9c8000a003a0011c0b30010c0b3008cf8070099
:10b9d80090da20008040eb000148780030e7200032
:10b9e8008040eb0001487800030037008040eb00fe
:10b9f80010c0b30082f8070010b120001040780092
:10ba08000004e0003b003a00d1822a0010b1200077
:10ba180072df020001000000000f780000c420005f
:10ba2800104078000080fb00610060000040780052
:10ba38000004e000080032009e00780010b12000e9
:10ba480000804000f1512a0072df0200010000006e
:10ba58001e0f4000070037009e00780010b120003c
:10ba68000080400011522a0072df0200010000002d
:10ba78001e0f40009e00780010b12000008040009a
:10ba8800c1832a0072df0200010000001e0f40007f
:10ba98009e00780010b120008080400000f2200055
:10baa8001040780012c0b300deb7020001000000a9
:10bab8001e0f40009e00780010b12000008040005a
:10bac80021842a0072df0200010000001e0f4000de
:10bad8009e00780010b120008080400010f2200005
:10bae8001040780012c0b300deb702000100000069
:10baf8001e0f40004f0478000080fa000000060086
:10bb08000600fa00100798002107980081842a008f
:10bb180010b1200072df020001000000000f780061
:10bb28009e00780010b1200080804000a0ae200068
:10bb38001040780012c0b300deb702000100000018
:10bb48001e0f40000080fa00000006000600fa0000
:10bb5800100798002107980021852a0010b12000bd
:10bb680072df020001000000000f7800a08c2100a5
:10bb7800104078008040780010b120001e0040007e
:10bb8800014878001e0fe8009e00780010b12000e0
:10bb98000080400031862a0072df020001000000a8
:10bba8001e0f4000a1ac21001e01780010b120003a
:10bbb8000000410072df0200010000001e0f40007b
:10bbc8009e00780010b1200000804000a1862a0065
:10bbd80072df0200010000001e0f40009e00780086
:10bbe80010b1200000804000c15c2a0072df020012
:10bbf800010000001e0f40009e00780010b12000d8
:10bc08008080400050c52000104078000041eb00c3
:10bc1800deb70200010000001e0f40000080fa009d
:10bc2800000006000c00fa00400798005107980031
:10bc3800630047003300200000017800c1862a0015
:10bc48004e009000c22807000000e00033003200d8
:10bc580063004700dab402000100000020479800a2
:10bc68009022210010407800ae40900080cf500014
:10bc78002a00320090222100104078000080fb004a
:10bc8800700060000000e000040032002e409000c8
:10bc98000044a00020479800030037002e40900081
:10bca8000044a1002047980090222100ae40900057
:10bcb80001487800a53d2200c43d220093222100be
:10bcc80012c0b300e103200000c5b300725802009f
:10bcd80001000000a53d2200c43d2200932221005e
:10bce80012c0b300e103200000c5b300c65902002a
:10bcf8000100000090222100104078000080fb0025
:10bd0800610060000000e00004003a0011c0b300c8
:10bd180000012000243602000100000063004700f3
:10bd2800330020000001780011872a004e0090009f
:10bd3800872807000000e000240032006300470065
:10bd4800dab402000100000020479800a022210078
:10bd580010407800ae40900080cf50001b003200a9
:10bd6800a0222100ae40900001487800a0222100c6
:10bd78009040780040c6b30080cf500003003600e2
:10bd8800a0222100c1c3b30001487800a53d2200cc
:10bd9800c43d2200a322210012c0b300f1032000f9
:10bda80000c5b3007258020001000000a53d220042
:10bdb800c43d2200a322210012c0b300f1032000d9
:10bdc80000c5b300c6590200010000006300470027
:10bdd800130020000001780071872a004e009000af
:10bde8005b2807000000e00021003200be40900000
:10bdf80010c3b30080cf500007003a009022210002
:10be080010407800804078000144a0009022210072
:10be18000148780006003700902221001040780081
:10be2800804078000144a100902221000148780058
:10be3800a53d2200c43d22009322210012c0b30078
:10be4800e103200000c5b3007258020001000000a1
:10be5800a53d2200c43d22009322210012c0b30058
:10be6800e103200000c5b300c6590200010000002c
:10be7800630047003300200000017800d1872a00c2
:10be88004e009000322807000000e0001800320041
:10be980063004700dab40200010000002047980060
:10bea800ae4090007147980067004700a53d22000a
:10beb800c43d22008001780012c0b300e12f2000a9
:10bec80000c5b30072580200010000006700470077
:10bed800a53d2200c43d22008001780012c0b300b5
:10bee800e12f200000c5b300c65902000100000080
:10bef80021882a0010b1200072df02000100000032
:10bf0800000f78009e00780010b1200000804000eb
:10bf1800b1882a0072df0200010000001e0f4000f5
:10bf28009e00780010b120008080400090222100ff
:10bf38001040780012c0b300deb702000100000014
:10bf48001e0f40009e00780010b1200000804000c5
:10bf580011892a0072df0200010000001e0f400054
:10bf68009e00780010b1200080804000a0222100af
:10bf78001040780012c0b300deb7020001000000d4
:10bf88001e0f40000040eb00204798009e007800fc
:10bf980010b120000080400081892a0072df020071
:10bfa800010000001e0f4000902221001040780080
:10bfb8000080fb00700060000000e0000800320014
:10bfc8009e00780010b1200000804000f1512a0046
:10bfd80072df0200010000001e0f4000070037005a
:10bfe8009e00780010b120000080400011522a0005
:10bff80072df0200010000001e0f40009e00780062
:10c0080010b1200000804000f1892a0072df020090
:10c01800010000001e0f40009e00780010b12000b3
:10c02800808040007e40900012c0b300deb702005e
:10c03800010000001e0f40001e0fe80010b1200094
:10c048001e0040008040eb00014878000080fa00a4
:10c05800000006000800fa00200798003107980041
:10c068000e80e8001300200000017800518a2a00a1
:10c078002e009000b62707000000e0000b003200f9
:10c08800ae40900000c3b30080cf500004003a00d7
:10c0980000c120008040eb00014878000300370011
:10c0a80000c12000e1c1b30001487800a18a2a003c
:10c0b80010b1200072df020001000000000f7800bc
:10c0c800a0358000620060000000e000050032003a
:10c0d80010b120001e00400011c3b30001487800d1
:10c0e8000400370010b120001e00400001c3b30057
:10c0f800014878001e0fe80010b120001e00400023
:10c108008040eb00014878000080fa00000006003b
:10c118002400fa0000179800111798000040eb005f
:10c12800004f78007e00470000017800718b2a00dc
:10c138000e109000e4e00200010000000000e000a2
:10c148000300320010c0b3002047980002003700f7
:10c158000040eb00204798006300470033002000b0
:10c1680000017800f18b2a000e1090007827070054
:10c178000000e0000500320063004700dab4020066
:10c1880001000000004f780002003700c0c3b30070
:10c19800004f78006300470013002000000178007a
:10c1a800418c2a000e109000692707000000e0006b
:10c1b8000500320063004700dab402000100000005
:10c1c80010479800020037000040eb001047980025
:10c1d800630047009301200000017800918c2a0039
:10c1e8000e1090005a2707000000e000650032009a
:10c1f80063004700ae43900026c0b3008042eb00c6
:10c208000042eb009e4190001e4178008040eb0008
:10c218002084020001000000e18c2a0010b12000f7
:10c2280072df020001000000700f98007e08900085
:10c238008000780010b1200000804000e300470033
:10c2480072df020001000000fe08900001004000bb
:10c25800700f98007e0890008000780010b12000d0
:10c2680000804000b18d2a0072df0200010000004a
:10c27800fe08900001004000700f98007e089000b2
:10c288008000780010b120000080400012c0b30088
:10c29800800078001e407800deb702000100000030
:10c2a800fe08900001004000700f98007e08900082
:10c2b8008000780010b1200000804000118e2a0014
:10c2c80072df020001000000fe089000010040003b
:10c2d800700f98007e0890008000780010b1200050
:10c2e8000080400012c0b300800078001e4090001b
:10c2f800deb7020001000000fe08900001004000c7
:10c30800700f98007e0890008000780010b120001f
:10c3180000804000718e2a0072df020001000000d8
:10c32800fe08900001004000700f98007e08900001
:10c338008000780010b120000080400012c0b300d7
:10c34800800078002e409000deb702000100000057
:10c35800fe08900001004000700f98007e089000d1
:10c368008000780010b1200000804000f18e2a0083
:10c3780072df020001000000fe089000010040008a
:10c38800700f98000080fa00000006000c00fa0008
:10c3980040079800510798000040eb00004f7800d4
:10c3a8000040eb001047980064004700230020007d
:10c3b80000017800618f2a004e009000e4260700f3
:10c3c8000000e00006003200ce40900010c3b30029
:10c3d80080cf500002003a0010c0b3001047980008
:10c3e800640047002300200000017800918f2a0094
:10c3f8004e009000d62607000000e0000900320039
:10c4080064004700dab4020001000000004f780021
:10c418009e4090001e407800a0e502000100000048
:10c42800004f7800c18f2a0010b1200072df02008f
:10c4380001000000100798009e00900010b1200035
:10c44800008040000041eb00800078001e4078002a
:10c45800deb70200010000009e009000008040004e
:10c46800100798000080fa00000006004a00fa0051
:10c4780030279800412798000000eb00200798001b
:10c488006a004700230020000001780051902a002c
:10c498003e209000ae2607000000e000e3013200d5
:10c4a8006a004700dab40200010000006047980003
:10c4b8006e409000e94f5000dc013e006e40900055
:10c4c8000080fb00400798004e0090004600dd0009
:10c4d800400798004e0090001004b00040079800f4
:10c4e8006a004700130020000001780091902a009c
:10c4f8003e209000962607000000e0004900320028
:10c50800ae48900010c3b30080cf500045003a00f9
:10c518006a004700020120008000eb00500502007d
:10c5280000000000ea0047004e0090006300400051
:10c53800a53d2200c43d220081017800f2c0b3006d
:10c548008000780000c5b3007258020001000000a6
:10c55800ea0047004e00900072004000a53d22000e
:10c56800c43d220081017800f2c0b3008000780049
:10c5780000c5b3007258020001000000ea0047003d
:10c588004e0090000000e800a53d2200c43d2200b6
:10c598008101780012c0b3008000780000c5b300a4
:10c5a8007258020001000000ea0047004e009000a7
:10c5b8001002b000a53d2200c43d22008101780090
:10c5c800c2c0b3008000780000c5b30072580200f2
:10c5d80001000000ea0047004e0090000080e800db
:10c5e800a53d2200c43d22008101780012c0b3009d
:10c5f8008000780000c5b3007258020001000000f6
:10c608006a004700a53d2200c43d22008001780051
:10c6180012c0b300ce00900000c5b30072580200eb
:10c62800010000006a004700930120000001780023
:10c6380051502a003e209000452607000000e000e7
:10c6480026003200ae489000a0c5b30080cf50004d
:10c6580011003a006a004700020120008000eb0048
:10c668005005020000000000ea0047004e0090005c
:10c6780063004000a53d2200c43d220081017800ee
:10c68800f2c0b3008000780000c5b3007258020001
:10c698000100000011003700610220008e80400078
:10c6a8006a004700bcdc02000100000061022000b3
:10c6b8008e8040004e00900063004000a53d22009f
:10c6c800c43d220081017800f2c0b30080007800e8
:10c6d80000c5b30072580200010000006a0047005c
:10c6e800930120000001780091502a003e2090001c
:10c6f800172607000000e00026003200ae48900030
:10c70800a0c5b30080cf500011003a006a0047006e
:10c71800a20120008000eb0050050200000000008c
:10c72800ea0047004e00900072004000a53d22003c
:10c73800c43d220081017800f2c0b3008000780077
:10c7480000c5b30072580200010000001100370054
:10c75800610320008e8040006a004700bcdc0200b4
:10c7680001000000610320008e8040004e00900010
:10c7780072004000a53d2200c43d220081017800de
:10c78800f2c0b3008000780000c5b3007258020000
:10c79800010000006a004700330020000001780013
:10c7a80071512a003e209000e92507000000e000b2
:10c7b800100032006a004700dab4020001000000ed
:10c7c800406798004e0090000000e80041022000f9
:10c7d8008e804000a53d2200c43d220081017800e2
:10c7e80012c0b3008000780000c5b3007258020080
:10c7f800010000006a004700c30020000001780023
:10c8080011512a003e209000d12507000000e000c9
:10c8180014003200ae489000a0c5b30080cf50008d
:10c8280005003a006a004700a20120008000eb00e2
:10c838005005020000000000ea0047004e0090008a
:10c848001002b000a53d2200c43d220081017800fd
:10c85800c2c0b3008000780000c5b300725802005f
:10c86800010000006a004700330020000001780042
:10c87800d1502a003e209000b52507000000e000b6
:10c88800100032006a004700dab40200010000001c
:10c89800406798004e0090000080e80041022000a8
:10c8a8008e804000a53d2200c43d22008101780011
:10c8b80012c0b3008000780000c5b30072580200af
:10c8c800010000000040eb00004f78000040eb0042
:10c8d800104798006a0047004300200000017800d4
:10c8e800514f2a003e209000992507000000e000e3
:10c8f8002c0032000040eb0020479800260037004b
:10c908002e4090000080fb00000047002048900067
:10c918000000fb0001032000810f500006003200d8
:10c9280011032000810f50000c0032000000e000cd
:10c9380013003200150037002e4090000080fb00e5
:10c94800210020000008dd00804078001e40900093
:10c9580000c07000104798000c0037002e4090006f
:10c968000080fb00210020000008dd0080407800e6
:10c978001e40780000c07000004f780003003700a8
:10c9880040c0b30020479800000000002e409000ef
:10c998000040e800204798002e409000e34f5000e8
:10c9a800d7ff36006a004700130020000001780016
:10c9b800914f2a003e209000652507000000e00006
:10c9c8000f0032002e4890000000fb0001032000f9
:10c9d800810f50000400320011032000810f500025
:10c9e80005003200060037001e4090000054a000e9
:10c9f80010479800020037001e54a00000000000f5
:10ca08006a0047001300200000017800d14f2a0077
:10ca18003e2090004e2507000000e0000f00320085
:10ca28002e4890000000fb0001032000810f5000f9
:10ca38000400320011032000810f5000050032006d
:10ca4800060037001e4090000004a0001047980020
:10ca5800020037001e04a000000000006a00470022
:10ca6800130020000001780011502a003e20900099
:10ca7800372507000000e0000f0032002e48900024
:10ca88000000fb0001032000810f50000400320069
:10ca980011032000810f5000050032000600370006
:10caa8001e4090000064a000104798000200370064
:10cab8001e64a000000000001e4078000004e00092
:10cac80003003a001e4090000004e00021003200fc
:10cad8006a004700a53d2200c43d2200800178007d
:10cae80012c0b300ce00900000c5b300c6590200c2
:10caf800010000002e489000304f9800ae4890008a
:10cb08001e40780000c07000204f9800ae4890008a
:10cb18001e40900000c0ea0000c06000204f98004e
:10cb2800be4890002e48900080cf50000900320087
:10cb38006a004700a53d2200c43d2200800178001c
:10cb480012c0b300ce00900000c5b30072580200b6
:10cb5800010000006a00470013002000000178006f
:10cb6800b1512a003e209000f92407000000e0009f
:10cb78002c0032002e009000a53d2200c43d22006a
:10cb88008001780022c0b3005141200000c5b300e5
:10cb9800c6590200010000002e4890000000fb006a
:10cba80001032000810f500004003200110320000f
:10cbb800810f50000a003200110037006e409000cb
:10cbc8000080fb00110020000008dd000080ea0062
:10cbd800ae00900000806000200798000800370031
:10cbe8006e4090000080fb00110020000008dd006e
:10cbf800ae009000010070002007980000000000bf
:10cc08002e009000a53d2200c43d2200800178003e
:10cc180022c0b3005141200000c5b3007258020081
:10cc2800010000006e40900034f407000080fa0014
:10cc3800000006007200fa0070379800013f980063
:10cc480011912a0010b1200072df020001000000db
:10cc5800000f78000e3890000000e00042003a0013
:10cc6800b0912a0004e4020001000000d004200072
:10cc78000e004000130020000001780011932a00e4
:10cc88007e309000b22407000000e0003600320039
:10cc9800dec8900010c3b30080cf500032003a00c5
:10cca8000040eb0050ef9800d00420000e00400038
:10ccb80002022000f10f20005005020000000000d1
:10ccc800d00420000e004000a53d2200c43d2200f3
:10ccd8008001780002c2b3002148200000c5b300db
:10cce8007258020001000000d00420000e0040002d
:10ccf800a53d2200c43d22008001780022c0b30077
:10cd08000148200000c5b30072580200010000006d
:10cd1800d00420000e004000a53d2200c43d2200a2
:10cd28008001780002c2b3002148200000c5b3008a
:10cd3800c6590200010000000e80e800d10420005e
:10cd48008e804000811f780061932a00811f78003f
:10cd58000005020000000000e48757000e80e8008c
:10cd680004e40200010000000e3890000000e0001a
:10cd780019003a00d00420000e004000a53d220012
:10cd8800c43d22008001780002c2b300214820007f
:10cd980000c5b300c6590200010000009e007800db
:10cda80010b120000080400021952a0072df0200a7
:10cdb800010000001e0f4000d10420008e804000ba
:10cdc8001e01780010b120000000410072df02004f
:10cdd800010000001e0f400010b120001e0040009e
:10cde8008040eb00014878000080fa00000006004f
:10cdf8007000fa00603798007137980043002000ef
:10ce080022e9200081952a006e3090005024070006
:10ce18000000e0000e00320020e92000dab4020031
:10ce28000100000020ef9800a00620000e0040003e
:10ce3800a53d2200c43d22008001780012c0b30045
:10ce4800d101200000c5b3007258020001000000a3
:10ce5800a00620000e004000a53d2200c43d22008f
:10ce68008001780012c0b300d101200000c5b300d2
:10ce7800c6590200010000002ee890000080fb0067
:10ce88006060880061608000c00320000088b900ed
:10ce980000007800606088003300200022e920004c
:10cea800d1952a006e309000292407000000e00088
:10ceb8000b00320020e920009040780010c3b30036
:10cec80000c068000080fb000000e9004f00de00a1
:10ced800004078008040780000c8b30048f307009d
:10cee8003300200022e9200021962a006e309000ad
:10cef800172407000000e0000b00320020e92000a2
:10cf08009040780010c3b30000c068000080fb00a8
:10cf18000000e9004f00de00004078008040780003
:10cf280000c2b30036f307005300200022e92000b6
:10cf380071962a006e309000052407000000e0007a
:10cf48001b00320020e92000a4b902000100000003
:10cf580040379800ce309000c0188100808f500074
:10cf680013003200800620000e004000a53d22007c
:10cf7800c43d22008001780022c0b300512f200058
:10cf880000c5b30072580200010000008031220081
:10cf9800a53d2200c43d22008001780022c0b300d4
:10cfa800512f200000c5b300c6590200010000003f
:10cfb8003300200022e92000d1962a006e3090002c
:10cfc800e32307000000e0001500320020e92000fc
:10cfd800dab4020001000000a13122008048780084
:10cfe800a53d2200c43d2200a331220012c0b30097
:10cff800712f200000c5b300725802000100000024
:10d00800a53d2200c43d2200a331220012c0b30076
:10d01800712f200000c5b300c659020001000000ae
:10d028003300200022e9200031972a006e3090005a
:10d03800c72307000000e0001500320020e92000a7
:10d04800dab4020001000000b13122008048780003
:10d05800a53d2200c43d2200b331220012c0b30016
:10d06800812f200000c5b3007258020001000000a3
:10d07800a53d2200c43d2200b331220012c0b300f6
:10d08800812f200000c5b300c6590200010000002e
:10d098003300200022e9200091972a006e3090008a
:10d0a800ab2307000000e0001500320020e9200053
:10d0b800dab4020001000000c13122008048780083
:10d0c800a53d2200c43d2200c331220012c0b30096
:10d0d800912f200000c5b300725802000100000023
:10d0e800a53d2200c43d2200c331220012c0b30076
:10d0f800912f200000c5b300c659020001000000ae
:10d108003300200022e92000f1972a006e309000b9
:10d118008f2307000000e0001500320020e92000fe
:10d12800dab4020001000000d13122008048780002
:10d13800a53d2200c43d2200d331220012c0b30015
:10d14800a12f200000c5b3007258020001000000a2
:10d15800a53d2200c43d2200d331220012c0b300f5
:10d16800a12f200000c5b300c6590200010000002d
:10d178003300200022e9200051982a006e309000e8
:10d18800732307000000e0001300320020e92000ac
:10d19800dab402000100000070e798007ee0900019
:10d1a800e44f500002003e00e0c1b30070e7980071
:10d1b800700620000e004000a53d2200c43d22005c
:10d1c8008001780012c0b3006103200000c5b300dd
:10d1d8007258020001000000e00520000e00400027
:10d1e800530020000001780091982a006e309000ca
:10d1f800572307000000e00028003200e005200067
:10d208000e004000100798000040eb0060e798000f
:10d21800600620000e00400080017800a2c72000b0
:10d22800a1c3b3001e0090009ee1020001000000af
:10d238000000e000190032006ee090000000fb00e2
:10d248000000e8009e009000008040001007980051
:10d25800600620000e00400080017800b2c7200060
:10d2680001c2b3001e0090009ee102000100000010
:10d278000000e00009003200a0c72000a53d220000
:10d28800c43d22008001780022c0b300b101200013
:10d2980000c5b30072580200010000000000eb0056
:10d2a800200798003300200022e92000e1982a0096
:10d2b8006e309000262307000000e00016003200c0
:10d2c80020e92000dab402000100000051c2200069
:10d2d8008048780050c220009040780040c220006a
:10d2e8001040780080cf50000300310050c2200069
:10d2f80001c1b30001487800a53d2200c43d2200c9
:10d3080053c2200012c0b3004141200000c5b30041
:10d318007258020001000000a53d2200c43d220011
:10d3280053c2200012c0b3004141200000c5b30021
:10d33800c6590200010000003300200022e9200045
:10d3480041992a006e309000012307000000e00098
:10d358001600320020e92000dab4020001000000c3
:10d3680041c220008048780040c2200090407800e8
:10d3780050c220001040780080cf500003003600d3
:10d3880040c22000a1c0b30001487800a53d22009a
:10d39800c43d220043c2200012c0b3003141200026
:10d3a80000c5b3007258020001000000a53d22002c
:10d3b800c43d220043c2200012c0b3003141200006
:10d3c80000c5b300c659020001000000a0c7200034
:10d3d800a53d2200c43d22008001780022c0b30090
:10d3e800b101200000c5b300c659020001000000c9
:10d3f8004301200022e92000a1992a006e30900004
:10d40800d32207000000e0000900320020e92000d4
:10d41800a53d2200c43d22008001780042c1b3002e
:10d428004100200000c5b30072580200010000004e
:10d43800420120008000eb0020e920005005020096
:10d448000000000020e92000a53d2200c43d220084
:10d458008001780042c1b3004100200000c5b3003c
:10d46800c65902000100000060ea20008040eb007d
:10d4780001487800a00520000e004000330020007d
:10d488000001780061782a006e309000b022070011
:10d498000000e0000a003200a00520000e00400055
:10d4a800a53d2200c43d22008001780032c0b300af
:10d4b8008101200000c5b30072580200010000007d
:10d4c800a00520000e004000320020008000eb0084
:10d4d8005005020000000000a00520000e004000da
:10d4e800a53d2200c43d22008001780032c0b3006f
:10d4f8008101200000c5b300c659020001000000e8
:10d508000040eb0050df98006600470093012000c0
:10d5180000017800f1992a006e3090008c220700f3
:10d528000000e0003e003200000320000e00400032
:10d53800020120008000eb005005020000000000fe
:10d54800000320000e004000a53d2200c43d22003b
:10d5580080017800f2c0b3006102200000c5b3006a
:10d56800c659020001000000010420008e8040001e
:10d57800000320000e004000cadd02000100000088
:10d58800e6004700000420000e0040002c060200c0
:10d59800000000000000e00021003200010220002d
:10d5a8008e80400066004700bcdc020001000000dd
:10d5b800000220000e004000a53d2200c43d2200cc
:10d5c80080017800f2c0b3006102200000c5b300fa
:10d5d800725802000100000050b0200011c0b300d2
:10d5e80001487800400620000e00400011522a0031
:10d5f80072df020001000000400620000e0040001b
:10d60800a53d2200c43d22008001780012c0b3006d
:10d618005103200000c5b300725802000100000049
:10d62800000220000e004000020120008000eb00f4
:10d638005005020000000000000220000e0040001b
:10d64800a53d2200c43d220080017800f2c0b3004d
:10d658006102200000c5b300c659020001000000a5
:10d66800e6004700000220000e004000cadd02006c
:10d6780001000000400620000e00400022002000ab
:10d688008000eb005005020000000000400620006a
:10d698000e004000a53d2200c43d22008001780014
:10d6a80012c0b3005103200000c5b300c6590200e0
:10d6b80001000000cee0900010c3b30080cf5000fe
:10d6c80006003200cee0900000c3b30080cf5000c7
:10d6d80002003200a0c5b30040e798000040eb000c
:10d6e80050e79800700620000e004000a53d22007b
:10d6f800c43d22008001780012c0b30061032000fd
:10d7080000c5b300c659020001000000a53d220073
:10d71800c43d220053c2200012c0b3004141200082
:10d7280000c5b300c659020001000000a53d220053
:10d73800c43d220043c2200012c0b3003141200082
:10d7480000c5b300c659020001000000419a2a0032
:10d7580010b1200072df020001000000000f780005
:10d768009e00780010b120000080400021e92000d0
:10d7780072df0200010000001e0f40009e007800ca
:10d7880010b1200000804000119b2a0072df0200c7
:10d79800010000001e0f40009e00780010b120001c
:10d7a80000804000a10520008e80400072df02004a
:10d7b800010000001e0f40009e00780010b12000fc
:10d7c80000804000819b2a0072df020001000000f7
:10d7d8001e0f40009e00780010b12000808040009d
:10d7e800a0c720001040780022c0b300deb70200b6
:10d7f800010000001e0f40009e00780010b12000bc
:10d808000080400081592a0072df020001000000f8
:10d818001e0f40009e00780010b12000808040005c
:10d82800b0c720001040780022c0b300deb7020065
:10d83800010000001e0f40009e00780010b120007b
:10d8480000804000e19b2a0072df02000100000016
:10d858001e0f40009e00780010b12000808040001c
:10d868002ee8900022c0b300deb7020001000000dd
:10d878001e0f40009e00780010b12000008040007c
:10d88800419c2a0072df0200010000001e0f4000c8
:10d898009e00780010b1200000804000e60047009c
:10d8a80072df0200010000001e0f40009e00780099
:10d8b80010b1200000804000a19c2a0072df020005
:10d8c800010000001e0f40009e00780010b12000eb
:10d8d800808040007ee090000041eb00deb702004f
:10d8e800010000001e0f40009e00780010b12000cb
:10d8f80000804000f19c2a0072df02000100000055
:10d908001e0f40009e00780010b1200000804000eb
:10d91800410620008e80400072df020001000000f6
:10d928001e0f40009e00780010b1200000804000cb
:10d93800419d2a0072df0200010000001e0f400016
:10d948009e00780010b1200080804000c01881003f
:10d95800ecb50200010000001e0f40009e00780098
:10d9680010b1200000804000b19d2a0072df020043
:10d97800010000001e0f400000c420001040780085
:10d988000004e00008003d009e00780010b120006f
:10d9980000804000f1512a0072df020001000000ff
:10d9a8001e0f4000070037009e00780010b12000cd
:10d9b8000080400011522a0072df020001000000be
:10d9c8001e0f40009e00780010b12000008040002b
:10d9d800119e2a0072df0200010000001e0f4000a5
:10d9e8009e00780010b1200080804000a031220005
:10d9f800104078000041eb00deb702000100000093
:10da08001e0f40009e00780010b1200000804000ea
:10da1800819e2a0072df0200010000001e0f4000f4
:10da28009e00780010b1200080804000b0312200b4
:10da3800104078000041eb00deb702000100000052
:10da48001e0f40009e00780010b1200000804000aa
:10da5800f19e2a0072df0200010000001e0f400044
:10da68009e00780010b1200080804000c031220064
:10da7800104078000041eb00deb702000100000012
:10da88001e0f40009e00780010b12000008040006a
:10da9800619f2a0072df0200010000001e0f400093
:10daa8009e00780010b1200080804000d031220014
:10dab800104078000041eb00deb7020001000000d2
:10dac8001e0f40009e00780010b12000008040002a
:10dad800d19f2a0072df0200010000001e0f4000e3
:10dae80000c42000104078008080fb000002200065
:10daf800008060000000e000080032009e0078000e
:10db080010b1200000804000f1512a0072df0200ad
:10db1800010000001e0f4000070037009e0078003b
:10db280010b120000080400011522a0072df02006c
:10db3800010000001e0f40009e00780010b1200078
:10db48000080400031a02a0072df020001000000be
:10db58001e0f40009e00780010b120008080400019
:10db680050c220001040780022c0b300deb7020087
:10db7800010000001e0f40009e00780010b1200038
:10db880000804000a1a02a0072df0200010000000e
:10db98001e0f40009e00780010b1200080804000d9
:10dba80040c220001040780022c0b300deb7020057
:10dbb800010000001e0f40001e0fe80010b12000f9
:10dbc8001e0040008040eb00014878000080fa0009
:10dbd800000006000e00fa00500798006107980040
:10dbe8006e0090000000e0001c003a00640047004e
:10dbf800430020000001780011a12a005e00900077
:10dc0800d32007000000e0001400320060a12a00c1
:10dc180004e40200010000006400470004e402007c
:10dc28000100000050542a0004e402000100000032
:10dc38000040eb00004f980064004700a53d22001b
:10dc4800c43d22008001780042c0b3008000eb0090
:10dc580000c5b300725802000100000064004700cc
:10dc6800420020008000eb00500502000000000088
:10dc780064004700a53d2200c43d220080017800d1
:10dc880042c0b3008000eb0000c5b300c6590200d3
:10dc9800010000000040eb00004f980064004700be
:10dca8004b210700004f780001a22a0010b1200084
:10dcb80072df020001000000100798009e0090002b
:10dcc80010b1200000804000e400470072df02002d
:10dcd800010000009e00900000804000100798009e
:10dce8009e00900010b1200000804000d1a22a00c0
:10dcf80072df0200010000009e00900000804000da
:10dd0800100798009e00900010b12000008040008d
:10dd18000041eb00800078001e407800deb702006a
:10dd2800010000009e00900000804000100798004d
:10dd38000080fa00000006000a00fa00004f980070
:10dd48000e489000e34f500030003e000e4890000f
:10dd58000080fb00000f78001e0078006500b90005
:10dd680000007800000f7800c04220001e0f40001d
:10dd78000e80e800a53d2200c43d22008001780005
:10dd880052c0b3009e00780000c5b300c659020017
:10dd9800010000000e4890000080fb00ae4090009b
:10dda800a2c620004200dd000000410001487800c2
:10ddb8000e4890000080fb00be409000b2c62000d4
:10ddc8004200dd0000004100014878000e48900044
:10ddd8000080fb00ce409000a2c620004200dd007b
:10dde800000041000080e800014878000e489000db
:10ddf8000080fb00de409000b2c620004200dd003b
:10de0800000041000080e800014878000080fa0026
:10de1800000006000400fa00204798002e409000f9
:10de2800e34f50005e003e002e409000c2ff070006
:10de380021a32a0010b1200072df020001000000b7
:10de4800000f78009e00780010b12000808040000c
:10de58002e4090000040e8000041eb00deb70200d1
:10de6800010000001e0f40009e00780010b1200045
:10de780000804000b1a32a0072df02000100000008
:10de88001e0f40009e00780010b1200080804000e6
:10de98002e4090000080fb004200dd00a2c620005a
:10dea800624078000041eb00deb70200010000008c
:10deb8001e0f40009e00780010b120000080400036
:10dec800d14f2a0072df0200010000001e0f40003f
:10ded8009e00780010b12000808040002e40900005
:10dee8000080fb004200dd00b2c6200062407800de
:10def8000041eb00deb70200010000001e0f4000e9
:10df08009e00780010b1200000804000d1502a0007
:10df180072df0200010000001e0f40009e00780022
:10df280010b12000808040002e4090000080fb004f
:10df38004200dd000080e800a2c6200062407800b0
:10df48000041eb00deb70200010000001e0f400098
:10df58009e00780010b1200000804000914f2a00f8
:10df680072df0200010000001e0f40009e007800d2
:10df780010b12000808040002e4090000080fb00ff
:10df88004200dd000080e800b2c620006240780050
:10df98000041eb00deb70200010000001e0f400048
:10dfa8000080fa00000006000e00fa0050079800f2
:10dfb80061079800640047002300200000017800f2
:10dfc80091502a005e009000e11f07000000e00069
:10dfd8008b00320064004700dab402000100000040
:10dfe800004f78001e4078000004e00084003200f2
:10dff8001e407800e44f500081003e001e4fe900ab
:10e008001e80fb00100798001e0090006500b900f4
:10e0180000007800100798009e009000c042200081
:10e02800008040001007980064004700330020007b
:10e0380000017800b1a32a005e009000c41f070009
:10e048000000e0000d00320064004700dab402006e
:10e0580001000000004f980068004700a53d22001d
:10e06800c43d22008001780012c0b3009e009000d9
:10e0780000c5b300725802000100000064004700a8
:10e088003300200000017800d14f2a005e00900084
:10e09800af1f07000000e0000f00320064004700d7
:10e0a800dab4020001000000004f98001e00900042
:10e0b8000000e800e8004700a53d2200c43d22001a
:10e0c8008101780012c0b3008000780000c5b30059
:10e0d800725802000100000064004700330020006d
:10e0e80000017800d1502a005e009000981f0700b8
:10e0f8000000e0000f00320064004700dab40200bc
:10e1080001000000004f98001e0090000080e80009
:10e11800e8004700a53d2200c43d220081017800a7
:10e1280012c0b3008000780000c5b3007258020026
:10e13800010000006400470033002000000178005f
:10e14800914f2a005e009000811f07000000e00048
:10e158002900320064004700dab402000100000020
:10e16800004f98000e489000e14f500010003a0010
:10e1780064004700dab4020001000000004f980074
:10e188001e00900063004000e8004700a53d220003
:10e19800c43d22008101780012c0b30080007800dd
:10e1a80000c5b300725802000100000012003700d9
:10e1b8000e4890000004e0000f003a006400470099
:10e1c800dab4020001000000004f98001e00900021
:10e1d80063004000e8004700a53d2200c43d22003e
:10e1e8008101780012c0b3008000780000c5b30038
:10e1f80072580200010000001e40780005ff070069
:10e208000080fa00000006000c00fa0040079800a1
:10e21800510798000e80e8001300200000017800e4
:10e2280011932a004e009000491f07000000e000eb
:10e23800140032000e80e800dab402000100000089
:10e248000080fb00000f78009e007800618060006d
:10e25800004078000004e000030032006000b800cd
:10e2680080d3880091d388009e0078006280600087
:10e278000000e000030032006000b800a0cc880075
:10e28800b1cc88000e80e80033002000000178003f
:10e29800f1a32a004e0090002d1f07000000e000a7
:10e2a8001a0032000e80e800dab402000100000013
:10e2b80060479800ee409000e0312200104078005e
:10e2c80080cf50001100320066004700a53d2200b3
:10e2d800c43d22008001780012c0b300b12f200095
:10e2e80000c5b3007258020001000000a53d2200dd
:10e2f800c43d2200e331220012c0b300b12f200038
:10e3080000c5b300c65902000100000041a42a005c
:10e3180010b1200072df020001000000000f780039
:10e328009e00780010b120000081400080d380005a
:10e3380091d38000c3c0b300a2b80200010000005e
:10e348001e0f40009e00780010b1200000804000a1
:10e35800f1532a0072df0200010000001e0f400086
:10e368009e00780010b1200000814000a0cc800001
:10e37800b1cc8000c3c0b300a2b802000100000005
:10e388001e0f40009e00780010b120000080400061
:10e39800f1a42a0072df0200010000001e0f4000f5
:10e3a8009e00780010b120008080400040a7210026
:10e3b800104078000041eb00deb7020001000000c9
:10e3c8001e0f40009e00780010b120000080400021
:10e3d80041a52a0072df0200010000001e0f400064
:10e3e8009e00780010b120008080400050a72100d6
:10e3f800104078000041eb00deb702000100000089
:10e408001e0f40009e00780010b1200000804000e0
:10e4180091a52a0072df0200010000001e0f4000d3
:10e428009e00780010b12000808040008099210073
:10e43800104078000041eb00deb702000100000048
:10e448001e0f40009e00780010b1200000804000a0
:10e45800e1a52a0072df0200010000001e0f400043
:10e468009e00780010b12000808040009099210023
:10e47800104078000041eb00deb702000100000008
:10e488001e0f40009e00780010b120000080400060
:10e4980031a62a0072df0200010000001e0f4000b2
:10e4a8009e00780010b1200080804000a0992100d3
:10e4b800104078000041eb00deb7020001000000c8
:10e4c8001e0f40009e00780010b120000080400020
:10e4d80091a62a0072df0200010000001e0f400012
:10e4e8009e00780010b1200080804000b099210083
:10e4f800104078000041eb00deb702000100000088
:10e508001e0f40009e00780010b1200000804000df
:10e51800f1a62a0072df0200010000001e0f400071
:10e528009e00780010b1200080804000c099210032
:10e53800104078000041eb00deb702000100000047
:10e548001e0f40009e00780010b12000008040009f
:10e5580051a72a0072df0200010000001e0f4000d0
:10e568009e00780010b1200080804000d0992100e2
:10e57800104078000041eb00deb702000100000007
:10e588001e0f40009e00780010b12000008040005f
:10e59800b1a72a0072df0200010000001e0f400030
:10e5a8009e00780010b1200080804000e0312200f9
:10e5b800104078000041eb00deb7020001000000c7
:10e5c8001e0f40000040eb0044170200010000004d
:10e5d800204798009e00780010b12000008040007d
:10e5e80011a82a0072df0200010000001e0f40007f
:10e5f8009e00780010b12000808040002e409000de
:10e608000041eb00deb70200010000001e0f4000d1
:10e618000080fa00000006000800fa0020079800b1
:10e62800310798000e80e800a53d2200c43d220075
:10e638008001780012c0b300014c200000c5b3006f
:10e64800c65902000100000061a82a0010b120008c
:10e6580072df020001000000000f78009e007800c1
:10e6680010b12000808040002e4090000080fb0008
:10e67800ecb50200010000001e0f40001e0fe8006c
:10e6880010b120001e0040008040eb0001487800d7
:10e698000080fa00000006009e00fa00889fbe0075
:10e6a8008a9fbe008c1f7800508f9800618f980059
:10e6b8000e80e800330020000001780031a92a000c
:10e6c8005e889000221e07000000e0000e00320065
:10e6d8000e80e800a4b90200010000008040780024
:10e6e8004026210001487800a53d2200c43d2200b3
:10e6f8004326210012c0b300e141200000c5b30049
:10e708007258020001000000a53d2200c43d22000d
:10e718004326210012c0b300e141200000c5b30028
:10e72800c6590200010000000e80e80033002000f6
:10e738000001780091a92a005e889000041e070055
:10e748000000e0000e0032000e80e800a4b90200cc
:10e758000100000080407800102621000148780060
:10e76800a53d2200c43d22001326210012c0b3009b
:10e77800b141200000c5b30072580200010000003a
:10e78800a53d2200c43d22001326210012c0b3007b
:10e79800b141200000c5b300c659020001000000c5
:10e7a8000e80e8004300200000017800f1a92a004b
:10e7b8005e889000e61d07000000e0000e003200b1
:10e7c8000e80e800a4b90200010000008040780033
:10e7d8003026210001487800a53d2200c43d2200d2
:10e7e8003326210012c0b300d141200000c5b30078
:10e7f8007258020001000000a53d2200c43d22001d
:10e808003326210012c0b300d141200000c5b30057
:10e81800c6590200010000000e80e80043002000f5
:10e828000001780051aa2a005e889000c81d0700e0
:10e838000000e0000e0032000e80e800a4b90200db
:10e84800010000008040780020262100014878005f
:10e85800a53d2200c43d22002326210012c0b3009a
:10e86800c141200000c5b300725802000100000039
:10e87800a53d2200c43d22002326210012c0b3007a
:10e88800c141200000c5b300c659020001000000c4
:10e898000e80e8004300200000017800b1aa2a0099
:10e8a8005e889000aa1d07000000e0000e003200fc
:10e8b8000e80e800a4b90200010000008040780042
:10e8c8006026210001487800a53d2200c43d2200b1
:10e8d8006326210012c0b3000142200000c5b30026
:10e8e8007258020001000000a53d2200c43d22002c
:10e8f8006326210012c0b3000142200000c5b30006
:10e90800c6590200010000000e80e8004300200004
:10e918000001780011ab2a005e8890008c1d07006a
:10e928000000e0000e0032000e80e800a4b90200ea
:10e93800010000008040780050262100014878003e
:10e94800a53d2200c43d22005326210012c0b30079
:10e95800f141200000c5b300725802000100000018
:10e96800a53d2200c43d22005326210012c0b30059
:10e97800f141200000c5b300c659020001000000a3
:10e9880080262100104078000086fb009026210098
:10e99800104078008085fb00702621001040780028
:10e9a8000085fb0060262100104078008084fb0071
:10e9b80050262100104078000084fb0040262100ea
:10e9c800104078008083fb0030262100104078003a
:10e9d8000083fb0020262100104078008082fb0085
:10e9e80010262100104078000082fb0000c620009d
:10e9f800104078008081fb0050c52000104078004e
:10ea08000001fb0000262100104078008080fb00f8
:10ea18000e80e8008c1f78008b1f78008a1f780012
:10ea2800891f7800881f7800871f7800861f780064
:10ea3800851f7800841f7800831f7800821f780064
:10ea4800811f780071ab2a00811f78000005020041
:10ea580000000000fa8757000e80e8008000780068
:10ea680010b1200072df020001000000000f7800e2
:10ea780010b120001e0040008040eb0001487800e3
:10ea88004f0678004f05be004f04be000080fa0014
:10ea9800000006000600fa001007980021079800f9
:10eaa800d1b32a0010b1200072df0200010000007b
:10eab800000f78009e00780010b120000080400010
:10eac80061b42a0072df0200010000001e0f40003e
:10ead8009e00780010b1200080804000a091800046
:10eae800ecb50200010000001e0f40009e007800f7
:10eaf80010b1200000804000d1b42a0072df02006b
:10eb0800010000001e0f40009e00780010b1200098
:10eb180000814000609180007191800000007800c1
:10eb280082007800ecb50200010000001e0f4000d2
:10eb38009e00780010b120000080400041b52a00f6
:10eb480072df0200010000001e0f40009e007800e6
:10eb580010b120008080400080918000ecb5020058
:10eb6800010000001e0f40009e00780010b1200038
:10eb780000804000c1b52a0072df020001000000d9
:10eb88001e0f40009e00780010b1200080804000d9
:10eb980090918000ecb50200010000001e0f4000bb
:10eba8009e00780010b120000080400041b62a0085
:10ebb80072df0200010000001e0f40009e00780076
:10ebc80010b120008080400070928000ecb50200f7
:10ebd800010000001e0f40009e00780010b12000c8
:10ebe80000804000b1b62a0072df02000100000078
:10ebf8001e0f40009e00780010b1200000814000e8
:10ec080030928000419280000000780082007800f5
:10ec1800ecb50200010000001e0f40009e007800c5
:10ec280010b120000080400021b72a0072df0200e6
:10ec3800010000001e0f40009e00780010b1200067
:10ec48008080400050928000ecb502000100000076
:10ec58001e0f40009e00780010b120000080400088
:10ec6800a1b72a0072df0200010000001e0f400059
:10ec78009e00780010b120008080400060928000e3
:10ec8800ecb50200010000001e0f40000080fa00f1
:10ec9800000006000400fa00000f78001107980031
:10eca80010b1200088360200010000000080fa0040
:10ecb800000006000600fa001007980021079800d7
:10ecc80021b82a0010b1200072df02000100000004
:10ecd800000f78009e00780010b1200000804000ee
:10ece800b1b82a0072df0200010000001e0f4000c8
:10ecf8009e00780010b1200080804000a03d2100d7
:10ed08001040780012c0b300deb702000100000016
:10ed18001e0f40009e00780010b1200000804000c7
:10ed280051b92a0072df0200010000001e0f4000e6
:10ed38009e00780010b1200000814000e09680001d
:10ed4800f19680000000780082007800ecb502009f
:10ed5800010000001e0f40009e00780010b1200046
:10ed680000804000c1b92a0072df020001000000e3
:10ed78001e0f40009e00780010b1200080804000e7
:10ed8800c0c680004500de006740600012c0b300c6
:10ed9800deb70200010000001e0f40009e00780050
:10eda80010b120000080400041ba2a0072df020042
:10edb800010000001e0f40009e00780010b12000e6
:10edc8008080400060c220001040780012c0b3006c
:10edd800deb70200010000001e0f40009e00780010
:10ede80010b1200000804000f1ba2a0072df020052
:10edf800010000001e0f40009e00780010b12000a6
:10ee08008080400070c320001040780012c0b3001a
:10ee1800deb70200010000001e0f400070c2200093
:10ee2800104078000004e000080032009e007800de
:10ee380010b1200000804000b1bb2a0072df020040
:10ee4800010000001e0f4000070037009e007800f8
:10ee580010b120000080400051bc2a0072df02007f
:10ee6800010000001e0f40009e00780010b1200035
:10ee780000804000f1bc2a0072df0200010000009f
:10ee88001e0f40009e00780010b1200080804000d6
:10ee980020ab2100100078006140600012c0b30070
:10eea800deb70200010000001e0f40009e0078003f
:10eeb80010b1200000804000d1bd2a0072df02009e
:10eec800010000001e0f40009e00780010b12000d5
:10eed8008080400020ab2100100078000000d100a5
:10eee8006140600012c0b300deb7020001000000fc
:10eef8001e0f40009e00780010b1200000804000e6
:10ef0800b1be2a0072df0200010000001e0f40009f
:10ef180020ab2100304090000004e00007003200e0
:10ef280020ab2100304090008040780010b12000d4
:10ef38001e004000014878000400370010b120008e
:10ef48001e004000a1c7b300014878001e0fe8006a
:10ef580010b120001e0040008040eb0001487800fe
:10ef68000080fa00000006001400fa0070079800fc
:10ef7800010f980022579800030037007e00900088
:10ef88000000e800700798007e00900010407800ac
:10ef98000004e0000a0032007e00900090407800f3
:10efa80000c2b30080cf5000f4ff3a0005003700dc
:10efb8007e0090000000e80070079800010037000c
:10efc800000000007e0090009040780000c2b3006e
:10efd80080cf5000f6ff32007e009000104078008d
:10efe8000004e000990032000e80e8007200200062
:10eff8008000eb0050050200000000000040eb001c
:10f00800104f9800e90047000e80e80063004000b8
:10f018008101780000017800f1c2b3007e00900001
:10f028009ee10200010000000000e00087003200bd
:10f038001e4890000000fb000000e800fe00900061
:10f048000080400070079800e90047006a00470008
:10f058008101780000017800f1c2b3007e009000c1
:10f068009ee10200010000000000e000770032008d
:10f078002e489000604798001e4890000000fb0052
:10f088000000e800fe009000008040007007980033
:10f09800e90047000e80e800660040008101780022
:10f0a8000001780001c2b3007e0090009ee10200da
:10f0b800010000000000e000640032001e489000db
:10f0c8000000fb00fe0090000080400070079800e0
:10f0d800030037007e0090000000e80070079800e9
:10f0e8007e0090009040780000c2b30080cf5000ae
:10f0f800f8ff3200e90047000e80e800810178003f
:10f1080000017800a1c3b3007e0090009ee10200d8
:10f11800010000000000e0004c0032001e48900092
:10f128000000fb000000e800fe00900000804000a6
:10f1380070079800e90047000e80e8000000e8002a
:10f148008101780000017800a1c3b3007e0090001f
:10f158009ee10200010000000000e0003b003200d8
:10f168001e4890000000fb000000e800fe00900030
:10f178000080400070079800e90047000e80e80012
:10f188000080e800810178000001780001c2b30026
:10f198007e0090009ee10200010000000000e000f7
:10f1a8002a0032002e5090000004e00006003200d1
:10f1b8005e409000204f98000e48900050479800fd
:10f1c8002e489000004f98006b0047001300200065
:10f1d8000001780051bf2a007e0090005c1b0700e8
:10f1e8000000e000060032003e48900080407800b1
:10f1f80000cdb30000c04000204f98000200370047
:10f2080000c0eb00204f98002e48900070479800ef
:10f218000e80e800d05e02000100000000f020002f
:10f22800345e020001000000a2c0b3008040eb0081
:10f2380000f020006e5f020001000000f1c0b30082
:10f2480000f020002e620200010000002e50900005
:10f258000004e0003f003a00402f220010407800f0
:10f268000004e0003b003a0000f02000345e020099
:10f2780001000000a1bf2a0010b1200072df0200c7
:10f2880001000000000f78009e00780010b12000f7
:10f29800008040008000780000f02000a5ed070005
:10f2a8000080fb001e0f40009e00780010b1200077
:10f2b8000080400051bf2a0072df020001000000f8
:10f2c8001e0f40009e00780010b120008080400092
:10f2d80050f020001040780012c0b300deb70200e2
:10f2e800010000001e0f40009e00780010b12000b1
:10f2f8000080400001c02a0072df02000100000007
:10f308001e0f40009e00780010b120008080400051
:10f3180050f02000104078000000fb001200200090
:10f328000010dd000040780012c0b300deb7020014
:10f33800010000001e0f40009e00780010b1200060
:10f348000080400071c02a0072df02000100000046
:10f358001e0f40000080fa00000006001000fa00ae
:10f3680060079800710798006400470013002000a8
:10f3780000017800518a2a006e009000f41a0700f4
:10f388000000e0000500320064004700dab4020023
:10f3980001000000004f7800020037000040eb0039
:10f3a800004f780091c02a0010b1200072df0200df
:10f3b80001000000100798009e00900010b1200086
:10f3c800008040000041eb00800078001e4078007b
:10f3d800deb70200010000009e009000008040009f
:10f3e800100798001e4078000004e0000700320073
:10f3f80000c12000e1c1b3000148780000c5b30096
:10f40800f8c80200010000000300370000c1200016
:10f418008040eb00014878000080fa0000000600f8
:10f42800c200fa00709f980001a798006400470086
:10f43800330020000001780051c12a007e98900016
:10f44800c31a07000000e00008003200ce40900018
:10f4580010c3b30080cf500004003a006a00470090
:10f468008ea0900093050700900537000040eb0040
:10f47800004f780064004700330020000001780046
:10f48800c1c12a007e989000b11a07000000e00070
:10f498009a01320064004700dab40200010000005b
:10f4a800104798009e40900010c3b30080cf5000d2
:10f4b8004d003a0010c1200031c0b3000148780067
:10f4c800a53d2200c43d220013c1200012c0b30094
:10f4d800f101200000c5b3007258020001000000cd
:10f4e800a53d2200c43d220013c1200012c0b30074
:10f4f800f101200000c5b300c65902000100000058
:10f5080020c1200051c0b30001487800a53d220069
:10f51800c43d220023c1200012c0b3000102200014
:10f5280000c5b3007258020001000000a53d22008a
:10f53800c43d220023c1200012c0b30001022000f4
:10f5480000c5b300c659020001000000f0c1200048
:10f5580011c0b30001487800a53d2200c43d220037
:10f56800f3c1200012c0b3009141200000c5b300d0
:10f578007258020001000000a53d2200c43d22008f
:10f58800f3c1200012c0b3009141200000c5b300b0
:10f59800c65902000100000000c220008040eb00b4
:10f5a80001487800a53d2200c43d220003c2200086
:10f5b80012c0b300a141200000c5b3007258020078
:10f5c80001000000a53d2200c43d220003c2200026
:10f5d80012c0b300a141200000c5b300c659020003
:10f5e80001000000430137009e40900020c3b30093
:10f5f80080cf50004d003a0010c1200041c0b30038
:10f6080001487800a53d2200c43d220013c1200016
:10f6180012c0b300f101200000c5b3007258020007
:10f6280001000000a53d2200c43d220013c12000b6
:10f6380012c0b300f101200000c5b300c659020092
:10f648000100000020c1200051c0b300014878002b
:10f65800a53d2200c43d220023c1200012c0b300f2
:10f668000102200000c5b30072580200010000002a
:10f67800a53d2200c43d220023c1200012c0b300d2
:10f688000102200000c5b300c659020001000000b5
:10f69800f0c1200011c0b30001487800a53d220048
:10f6a800c43d2200f3c1200012c0b30091412000e4
:10f6b80000c5b3007258020001000000a53d2200f9
:10f6c800c43d2200f3c1200012c0b30091412000c4
:10f6d80000c5b300c65902000100000000c22000a6
:10f6e8008040eb0001487800a53d2200c43d22007f
:10f6f80003c2200012c0b300a141200000c5b3001e
:10f708007258020001000000a53d2200c43d2200fd
:10f7180003c2200012c0b300a141200000c5b300fd
:10f72800c659020001000000f20037009e40900018
:10f7380030c3b30080cf50004d003a0010c1200004
:10f7480051c0b30001487800a53d2200c43d220005
:10f7580013c1200012c0b300f101200000c5b3009e
:10f768007258020001000000a53d2200c43d22009d
:10f7780013c1200012c0b300f101200000c5b3007e
:10f78800c65902000100000020c1200061c0b3007a
:10f7980001487800a53d2200c43d220023c1200075
:10f7a80012c0b3000102200000c5b3007258020065
:10f7b80001000000a53d2200c43d220023c1200015
:10f7c80012c0b3000102200000c5b300c6590200f0
:10f7d80001000000f0c1200011c0b300014878000a
:10f7e800a53d2200c43d2200f3c1200012c0b30091
:10f7f8009141200000c5b3007258020001000000ca
:10f80800a53d2200c43d2200f3c1200012c0b30070
:10f818009141200000c5b300c65902000100000054
:10f8280000c220008040eb0001487800a53d22007e
:10f83800c43d220003c2200012c0b300a141200031
:10f8480000c5b3007258020001000000a53d220067
:10f85800c43d220003c2200012c0b300a141200011
:10f8680000c5b300c659020001000000a10037001e
:10f878009e40900040c3b30080cf50004d003a0036
:10f8880010c1200051c0b30001487800a53d2200f6
:10f89800c43d220013c1200012c0b300f1012000b2
:10f8a80000c5b3007258020001000000a53d220007
:10f8b800c43d220013c1200012c0b300f101200092
:10f8c80000c5b300c65902000100000020c1200095
:10f8d80061c0b30001487800a53d2200c43d220064
:10f8e80023c1200012c0b3000102200000c5b300ec
:10f8f8007258020001000000a53d2200c43d22000c
:10f9080023c1200012c0b3000102200000c5b300cb
:10f91800c659020001000000f0c1200011c0b30068
:10f9280001487800a53d2200c43d2200f3c1200013
:10f9380012c0b3009141200000c5b3007258020004
:10f9480001000000a53d2200c43d2200f3c12000b3
:10f9580012c0b3009141200000c5b300c65902008f
:10f968000100000000c2200011c0b3000148780067
:10f97800a53d2200c43d220003c2200012c0b300ee
:10f98800a141200000c5b300725802000100000028
:10f99800a53d2200c43d220003c2200012c0b300ce
:10f9a800a141200000c5b300c659020001000000b3
:10f9b800500037009e40900050c3b30080cf5000e5
:10f9c8004c003a0010c1200061c0b3000148780023
:10f9d800a53d2200c43d220013c1200012c0b3007f
:10f9e800f101200000c5b3007258020001000000b8
:10f9f800a53d2200c43d220013c1200012c0b3005f
:10fa0800f101200000c5b300c65902000100000042
:10fa180020c1200061c0b30001487800a53d220044
:10fa2800c43d220023c1200012c0b30001022000ff
:10fa380000c5b3007258020001000000a53d220075
:10fa4800c43d220023c1200012c0b30001022000df
:10fa580000c5b300c659020001000000f0c1200033
:10fa680011c0b30001487800a53d2200c43d220022
:10fa7800f3c1200012c0b3009141200000c5b300bb
:10fa88007258020001000000a53d2200c43d22007a
:10fa9800f3c1200012c0b3009141200000c5b3009b
:10faa800c65902000100000000c220008040eb009f
:10fab80001487800a53d2200c43d220003c2200071
:10fac80012c0b300a141200000c5b3007258020063
:10fad80001000000a53d2200c43d220003c2200011
:10fae80012c0b300a141200000c5b300c6590200ee
:10faf8000100000010c0b300004f7800a53d2200af
:10fb0800c43d2200f3c1200012c0b300914120007f
:10fb180000c5b300c659020001000000a53d22003f
:10fb2800c43d220003c2200012c0b300a14120003e
:10fb380000c5b300c6590200010000006400470078
:10fb4800330020000001780001c22a007e9890004e
:10fb5800ff1807000000e0005c0032006400470066
:10fb6800dab40200010000001047980010c120001c
:10fb7800104078000080fb000000e8000000e00072
:10fb88001900350010c12000104078000080fb00eb
:10fb98000000e800e80f500013003c00ce40900041
:10fba800b0c2b30080cf50000f003a0010c120004f
:10fbb800104078008040e80010c12000014878001b
:10fbc800a53d2200c43d220013c1200012c0b3008d
:10fbd800f101200000c5b3007258020001000000c6
:10fbe80010c0b300004f780010c12000104078000a
:10fbf8000080fb000000e9000000e000190035006b
:10fc080010c12000104078000080fb000000e900cf
:10fc1800e80f500013003c00ce409000d0c2b30063
:10fc280080cf50000f003a0010c12000104078002b
:10fc38008040e90010c1200001487800a53d22005d
:10fc4800c43d220013c1200012c0b300f1012000fe
:10fc580000c5b300725802000100000010c0b300d4
:10fc6800004f780010c12000904078001e4090009e
:10fc780080cf500015003200ce409000b0c2b300d3
:10fc880080cf500011003200ce409000d0c2b300a7
:10fc980080cf50000d00320010c120009e4090001f
:10fca80001487800a53d2200c43d220013c1200070
:10fcb80012c0b300f101200000c5b3007258020061
:10fcc8000100000010c0b300004f7800a53d2200dd
:10fcd800c43d220013c1200012c0b300f10120006e
:10fce80000c5b300c65902000100000064004700c7
:10fcf800330020000001780051c22a007e9890004d
:10fd0800931807000000e0005c0032006400470020
:10fd1800dab40200010000001047980020c120005a
:10fd2800104078000080fb000000e8000000e000c0
:10fd38001900350020c12000104078000080fb0029
:10fd48000000e800e80f500013003c00ce4090008f
:10fd5800b0c2b30080cf50000f003a0020c120008d
:10fd6800104078008040e80020c120000148780059
:10fd7800a53d2200c43d220023c1200012c0b300cb
:10fd88000102200000c5b300725802000100000003
:10fd980010c0b300004f780020c120001040780048
:10fda8000080fb000000e9000000e00019003500b9
:10fdb80020c12000104078000080fb000000e9000e
:10fdc800e80f500013003c00ce409000d0c2b300b2
:10fdd80080cf50000f003a0020c12000104078006a
:10fde8008040e90020c1200001487800a53d22009c
:10fdf800c43d220013c1200012c0b300010220003c
:10fe080000c5b300725802000100000010c0b30022
:10fe1800004f780020c12000904078001e409000dc
:10fe280080cf500015003200ce409000b0c2b30021
:10fe380080cf500011003200ce409000d0c2b300f5
:10fe480080cf50000d00320020c120009e4090005d
:10fe580001487800a53d2200c43d220023c12000ae
:10fe680012c0b3000102200000c5b300725802009e
:10fe78000100000010c0b300004f7800a53d22002b
:10fe8800c43d220023c1200012c0b300010220009b
:10fe980000c5b300c6590200010000006400470015
:10fea8003300200000017800a1c22a007e9890004b
:10feb800271807000000e0005c00320064004700db
:10fec800dab40200010000001047980030c1200099
:10fed800104078000080fb000000e8000000e0000f
:10fee8001900350030c12000104078000080fb0068
:10fef8000000e800e80f500013003c00ce409000de
:10ff0800b0c2b30080cf50000f003a0030c12000cb
:10ff1800104078008040e80030c120000148780097
:10ff2800a53d2200c43d220033c1200012c0b30009
:10ff38001102200000c5b300725802000100000041
:10ff480010c0b300004f780030c120001040780086
:10ff58000080fb000000e9000000e0001900350007
:10ff680030c12000104078000080fb000000e9004c
:10ff7800e80f500013003c00ce409000d0c2b30000
:10ff880080cf50000f003a0030c1200010407800a8
:10ff98008040e90030c1200001487800a53d2200da
:10ffa800c43d220033c1200012c0b300110220005a
:10ffb80000c5b300725802000100000010c0b30071
:10ffc800004f780030c12000904078001e4090001b
:10ffd80080cf500015003200ce409000b0c2b30070
:10ffe80080cf500011003200ce409000d0c2b30044
:10fff80080cf50000d00320030c120009e4090009c
:020000040001f9
:1000080001487800a53d2200c43d220033c12000ec
:1000180012c0b3001102200000c5b30072580200dc
:100028000100000010c0b300004f7800a53d220079
:10003800c43d220033c1200012c0b30011022000c9
:1000480000c5b300c6590200010000006400470063
:10005800330020000001780001c32a007e98900038
:10006800bb1707000000e0005c0032006400470096
:10007800dab40200010000001047980040c12000d7
:10008800104078000080fb000000e8000000e0005d
:100098001900350040c12000104078000080fb00a6
:1000a8000000e800e80f500013003c00ce4090002c
:1000b800b0c2b30080cf50000f003a0040c120000a
:1000c800104078008040e80040c1200001487800d6
:1000d800a53d2200c43d220043c1200012c0b30048
:1000e8002102200000c5b300725802000100000080
:1000f80010c0b300004f780040c1200010407800c5
:100108000080fb000000e9000000e0001900350055
:1001180040c12000104078000080fb000000e9008a
:10012800e80f500013003c00ce409000d0c2b3004e
:1001380080cf50000f003a0040c1200010407800e6
:100148008040e90040c1200001487800a53d220018
:10015800c43d220043c1200012c0b3002102200088
:1001680000c5b300725802000100000010c0b300bf
:10017800004f780040c12000904078001e40900059
:1001880080cf500015003200ce409000b0c2b300be
:1001980080cf500011003200ce409000d0c2b30092
:1001a80080cf50000d00320040c120009e409000da
:1001b80001487800a53d2200c43d220043c120002b
:1001c80012c0b3002102200000c5b300725802001b
:1001d8000100000010c0b300004f7800a53d2200c8
:1001e800c43d220043c1200012c0b30021022000f8
:1001f80000c5b300c65902000100000064004700b2
:10020800330020000001780061c32a007e98900026
:100218004f1707000000e0005c0032006400470050
:10022800dab40200010000001047980050c1200015
:10023800104078000080fb000000e8000000e000ab
:100248001900350050c12000104078000080fb00e4
:100258000000e800e80f500013003c00ce4090007a
:10026800b0c2b30080cf50000f003a0050c1200048
:10027800104078008040e80050c120000148780014
:10028800a53d2200c43d220053c1200012c0b30086
:100298003102200000c5b3007258020001000000be
:1002a80010c0b300004f780050c120001040780003
:1002b8000080fb000000e9000000e00019003500a4
:1002c80050c12000104078000080fb000000e900c9
:1002d800e80f500013003c00ce409000d0c2b3009d
:1002e80080cf50000f003a0050c120001040780025
:1002f8008040e90050c1200001487800a53d220057
:10030800c43d220053c1200012c0b30031022000b6
:1003180000c5b300725802000100000010c0b3000d
:10032800004f780050c12000904078001e40900097
:1003380080cf500015003200ce409000b0c2b3000c
:1003480080cf500011003200ce409000d0c2b300e0
:1003580080cf50000d00320050c120009e40900018
:1003680001487800a53d2200c43d220053c1200069
:1003780012c0b3003102200000c5b3007258020059
:100388000100000010c0b300004f7800a53d220016
:10039800c43d220053c1200012c0b3003102200026
:1003a80000c5b300c6590200010000006400470000
:1003b8003300200000017800b1c32a007e98900025
:1003c800e31607000000e0005c003200640047000c
:1003d800dab40200010000001047980070c1200044
:1003e800104078000080fb000000e8000000e000fa
:1003f8001900350070c12000104078000080fb0013
:100408000000e800e80f500013003c00ce409000c8
:10041800b0c2b30080cf50000f003a0070c1200076
:10042800104078008040e80070c120000148780042
:10043800a53d2200c43d220073c1200012c0b300b4
:100448008140200000c5b30072580200010000007e
:1004580010c0b300004f780070c120001040780031
:100468000080fb000000e9000000e00019003500f2
:1004780070c12000104078000080fb000000e900f7
:10048800e80f500013003c00ce409000d0c2b300eb
:1004980080cf50000f003a0070c120001040780053
:1004a8008040e90070c1200001487800a53d220085
:1004b800c43d220073c1200012c0b3008140200057
:1004c80000c5b300725802000100000010c0b3005c
:1004d800004f780070c12000904078001e409000c6
:1004e80080cf500015003200ce409000b0c2b3005b
:1004f80080cf500011003200ce409000d0c2b3002f
:1005080080cf50000d00320070c120009e40900046
:1005180001487800a53d2200c43d220073c1200097
:1005280012c0b3008140200000c5b3007258020019
:100538000100000010c0b300004f7800a53d220064
:10054800c43d220073c1200012c0b30081402000c6
:1005580000c5b300c659020001000000640047004e
:10056800330020000001780001c42a007e98900022
:10057800771607000000e0005c00320064004700c6
:10058800dab40200010000001047980080c1200082
:10059800104078000080fb000000e8000000e00048
:1005a8001900350080c12000104078000080fb0051
:1005b8000000e800e80f500013003c00ce40900017
:1005c800b0c2b30080cf50000f003a0080c12000b5
:1005d800104078008040e80080c120000148780081
:1005e800a53d2200c43d220083c1200012c0b300f3
:1005f8001141200000c5b30072580200010000003c
:1006080010c0b300004f780080c12000104078006f
:100618000080fb000000e9000000e0001900350040
:1006280080c12000104078000080fb000000e90035
:10063800e80f500013003c00ce409000d0c2b30039
:1006480080cf50000f003a0080c120001040780091
:100658008040e90080c1200001487800a53d2200c3
:10066800c43d220083c1200012c0b3001141200004
:1006780000c5b300725802000100000010c0b300aa
:10068800004f780080c12000904078001e40900004
:1006980080cf500015003200ce409000b0c2b300a9
:1006a80080cf500011003200ce409000d0c2b3007d
:1006b80080cf50000d00320080c120009e40900085
:1006c80001487800a53d2200c43d220083c12000d6
:1006d80012c0b3001141200000c5b30072580200d7
:1006e8000100000010c0b300004f7800a53d2200b3
:1006f800c43d220083c1200012c0b3001141200074
:1007080000c5b300c659020001000000640047009c
:10071800330020000001780061c42a007e98900010
:100728000b1607000000e0001e00320064004700be
:10073800dab4020001000000104798001e40900043
:100748000004e000170032001e409000ee4f5000f9
:1007580014003e0060c12000904078001e409000c8
:1007680080cf50000f00320064004700dab4020066
:100778000100000061c1200080487800a53d2200ea
:10078800c43d220063c1200012c0b3005102200002
:1007980000c5b300725802000100000010c0b30089
:1007a800004f7800a53d2200c43d220063c120000f
:1007b80012c0b3005102200000c5b300c6590200a0
:1007c80001000000b1c42a0010b1200072df02004d
:1007d80001000000100798009e00900010b1200052
:1007e8008080400010c12000104078000041eb00dc
:1007f800deb70200010000009e009000008040006b
:10080800100798009e00900010b120000080400062
:10081800b1c52a0072df0200010000009e009000ae
:1008280000804000100798009e00900010b1200042
:100838008080400020c12000104078000041eb007b
:10084800deb70200010000009e009000008040001a
:10085800100798009e00900010b120000080400012
:1008680011c62a0072df0200010000009e009000fd
:1008780000804000100798009e00900010b12000f2
:100888008080400030c12000104078000041eb001b
:10089800deb70200010000009e00900000804000ca
:1008a800100798009e00900010b1200000804000c2
:1008b80081c62a0072df0200010000009e0090003d
:1008c80000804000100798009e00900010b12000a2
:1008d8008080400040c12000104078000041eb00bb
:1008e800deb70200010000009e009000008040007a
:1008f800100798009e00900010b120000080400072
:10090800f1c62a0072df0200010000009e0090007c
:1009180000804000100798009e00900010b1200051
:100928008080400050c12000104078000041eb005a
:10093800deb70200010000009e0090000080400029
:10094800100798009e00900010b120000080400021
:1009580051c72a0072df0200010000009e009000cb
:1009680000804000100798009e00900010b1200001
:100978008080400070c12000104078000041eb00ea
:10098800deb70200010000009e00900000804000d9
:10099800100798009e00900010b1200000804000d1
:1009a800b1c72a0072df0200010000009e0090001b
:1009b80000804000100798009e00900010b12000b1
:1009c8008080400080c12000104078000041eb008a
:1009d800deb70200010000009e0090000080400089
:1009e800100798009e00900010b120000080400081
:1009f80021c82a0072df0200010000009e0090005a
:100a080000804000100798009e00900010b1200060
:100a18008080400060c12000104078000041eb0059
:100a2800deb70200010000009e0090000080400038
:100a3800100798009e00900010b120000080400030
:100a480081c82a0072df0200010000009e009000a9
:100a5800008040001007980011b120001e0090008f
:100a6800008040008040eb00014878001e4078007c
:100a7800e14f50000d003a0020ab210030409000bb
:100a88000004e0000900320020ab210010007800cb
:100a9800610060000000e00004003a0020ab210083
:100aa80030409000f8c80200010000000080fa0001
:100ab800000006005000fa0060279800712798008f
:100ac800a1c82a000e00780072df020001000000b1
:100ad800fe2090000e00780051fa07000080fa000e
:100ae800000006000800fa00200798003107980067
:100af800a1cc2a0010b1200072df02000100000022
:100b0800000f78000000eb00100798003a0037004b
:100b18001e009000f50f5000340032001e009000b7
:100b2800e40f5000310032001e009000e50f500025
:100b38002e0032001e009000e60f50002b003200fd
:100b48001e009000e70f5000280032001e009000a1
:100b5800f00f5000250032009e00780010b12000f0
:100b68000080400091582a0072df02000100000056
:100b78001e0f40009e00780010b1200080804000c9
:100b88001e009000004078000041eb00deb7020034
:100b9800010000001e0f40009e00780010b12000e8
:100ba80000804000c1582a0072df020001000000e6
:100bb8001e0f40009e00780010b120000081400008
:100bc8001e0090006a00b90000007800e4004000b0
:100bd800c02c2100008040001000780082007800be
:100be800ecb50200010000001e0f40001e0090003e
:100bf8000000e800100798001e009000f90f500050
:100c0800c3ff34009e00780010b12000008040002f
:100c180011cd2a0072df0200010000001e0f400003
:100c28009e00780010b120008080400020cc200079
:100c3800104078000041eb00deb702000100000020
:100c48001e0f40000080fa00000006000c00fa00a9
:100c580040079800510798000040eb00004f7800cb
:100c680061cd2a0010b1200072df020001000000ef
:100c7800100798009e00900010b1200000804000ee
:100c880001ce2a0072df0200010000009e009000e1
:100c980000804000100798006500470023002000ee
:100ca8000001780061ce2a004e009000a8140700c9
:100cb8000000e0001500320065004700dab40200c9
:100cc80001000000404798004e409000e54f50005a
:100cd8000e003e0064004700a53d2200c43d2200ee
:100ce8008001780012c0b3008141200000c5b30024
:100cf8007258020001000000ce409000a0c1200000
:100d08000148780010c0b300004f78006400470025
:100d1800120020008000eb005005020000000000d7
:100d280064004700a53d2200c43d220080017800f0
:100d380012c0b3008141200000c5b300c6590200ab
:100d4800010000009e00900010b12000808040004b
:100d58004e4090000041eb00deb7020001000000a9
:100d68009e00900000804000100798009e009000b0
:100d780010b1200000804000b1ce2a0072df0200ce
:100d8800010000009e0090000080400010079800bd
:100d980065004700230020000001780011cf2a00d9
:100da8004e0090006a1407000000e00015003200b1
:100db80065004700dab402000100000040479800cf
:100dc8004e409000e84f50000e003e00640047007f
:100dd800a53d2200c43d22008001780012c0b30066
:100de8006141200000c5b3007258020001000000f4
:100df800ce409000d0c120000148780010c0b30058
:100e0800004f780064004700120020008000eb00cb
:100e1800500502000000000064004700a53d2200c4
:100e2800c43d22008001780012c0b3006141200057
:100e380000c5b300c6590200010000009e009000e2
:100e480010b12000808040004e4090000041eb002f
:100e5800deb70200010000009e0090000080400004
:100e6800100798009e00900010b1200000804000fc
:100e780061cf2a0072df0200010000009e0090008e
:100e880000804000100798006500470023002000fc
:100e980000017800c1cf2a004e0090002c140700f2
:100ea8000000e0001500320065004700dab40200d7
:100eb80001000000404798004e409000e84f500065
:100ec8000e003e0064004700a53d2200c43d2200fc
:100ed8008001780012c0b3007141200000c5b30042
:100ee8007258020001000000ce409000e0c12000ce
:100ef8000148780010c0b300004f78006400470034
:100f0800120020008000eb005005020000000000e5
:100f180064004700a53d2200c43d220080017800fe
:100f280012c0b3007141200000c5b300c6590200c9
:100f3800010000009e00900010b120008080400059
:100f48004e4090000041eb00deb7020001000000b7
:100f58009e00900000804000100798001e0090003e
:100f68000000e8001007980011b120001e00900052
:100f7800008040008040eb00014878001e40780067
:100f88000004e0000400320020ab2100900078004b
:100f98000120a000010878000080fa000000060087
:100fa800ac00fa0040979800519798000040eb0079
:100fb800404798006600470011d02a0072df0200ff
:100fc800010000001007980066004700fc0f0700aa
:100fd8000060fe006600470011d32a0072df02009d
:100fe80001000000100798001e009000e60047006e
:100ff800008040000041eb0080007800e0c1b300b1
:10100800deb70200010000009e0090000080400052
:1010180010079800e40047006600470074ef0700d7
:101028000060fe006600470051d72a0072df020008
:1010380001000000100798001e009000e60047001d
:101048000080400080007800e07f2000ecb50200be
:10105800010000009e0090000080400010079800ea
:10106800e40047006600470061ef07000060fe00eb
:101078006600470051da2a0072df02000100000012
:1010880010079800e40047006600470089fe070043
:101098000060fe000000eb00000f78001e00370023
:1010a8006600470021db2a0072df02000100000011
:1010b800100798001e009000e6004700808040005e
:1010c8001e007800004078000041eb00deb7020007
:1010d800010000009e00900000804000100798006a
:1010e8001e009000e60047000080400091db2a00c7
:1010f80072df0200010000009e00900000804000a6
:1011080010079800e400470066004700d7ec070086
:101118000060fe001e0fe8001e007800e90f500076
:10112800dfff36006600470031dc2a0072df02006c
:101138000100000010079800e4004700660047001f
:1011480099f3070020002000000f78001e003700e8
:1011580066004700d1dd2a0072df020001000000ae
:10116800100798001e009000e600470080804000ad
:101178001e007800004078000041eb00deb7020056
:10118800010000009e0090000080400010079800b9
:101198001e009000e60047000080400041de2a0063
:1011a80072df0200010000009e00900000804000f5
:1011b80010079800e4004700660047007af307002c
:1011c8000060fe001e0fe8001e007800e40f5000cb
:1011d800dfff340000c4200001cab30001487800d2
:1011e800a53d2200c43d220003c4200012c0b30064
:1011f800a103200000c5b3007258020001000000de
:10120800a53d2200c43d220003c4200012c0b30043
:10121800a103200000c5b300c65902000100000068
:1012280000f2200051c0b30001487800a53d22001b
:10123800c43d220003f2200012c0b300c103200005
:1012480000c5b300725802000100000010f220002f
:1012580001c5b30001487800a53d2200c43d220025
:1012680013f2200012c0b300d103200000c5b30060
:101278007258020001000000c05d2000010020003b
:10128800801d8900911d8900c05d2000010020009b
:10129800a01d8900b11d8900003b2200a53d220048
:1012a800c43d22008001780042c0b300112d200007
:1012b80000c5b3007258020001000000403b220044
:1012c800a53d2200c43d22008001780042c0b30041
:1012d800512d200000c5b300725802000100000023
:1012e800403b2200a53d2200c43d22008001780039
:1012f80042c0b300512d200000c5b300c6590200fa
:1013080001000000003b2200a53d2200c43d220050
:101318008001780042c0b300112d200000c5b30041
:10132800c659020001000000c03c220041c6b300bb
:1013380001487800a53d2200c43d2200c33c22009c
:1013480012c0b300c12e200000c5b30072580200bd
:1013580001000000a53d2200c43d2200c33c22003c
:1013680012c0b300c12e200000c5b300c659020048
:1013780001000000d03c220051c0b30001487800b1
:10138800a53d2200c43d2200d33c220012c0b30078
:10139800d12e200000c5b3007258020001000000e1
:1013a800a53d2200c43d2200d33c220012c0b30058
:1013b800d12e200000c5b300c6590200010000006c
:1013c80010c4200051cab30001487800a53d22008e
:1013d800c43d220013c4200012c0b300b12e200067
:1013e80000c5b3007258020001000000a53d2200ac
:1013f800c43d220013c4200012c0b300b12e200047
:1014080000c5b300c659020001000000400d2300ca
:10141800602f8900c05e2200a53d2200c43d220045
:101428008001780022c0b300f12e200000c5b3006f
:1014380072580200010000000000eb00602f8900d4
:10144800c05e2200a53d2200c43d22008001780034
:1014580022c0b300f12e200000c5b300c659020017
:1014680001000000006b2300702f8900e05e22005d
:10147800a53d2200c43d22008001780022c0b300af
:10148800112f200000c5b3007258020001000000af
:101498000000eb00702f8900e05e2200a53d2200cd
:1014a800c43d22008001780022c0b300112f200023
:1014b80000c5b300c659020001000000401f20000b
:1014c800802f8900005f2200a53d2200c43d220034
:1014d8008001780022c0b300312f200000c5b3007e
:1014e80072580200010000000000eb00802f890004
:1014f800005f2200a53d2200c43d22008001780043
:1015080022c0b300312f200000c5b300c659020025
:101518000100000000712200902f8900205f220046
:10152800a53d2200c43d22008001780022c0b300fe
:10153800312f200000c5b3007258020001000000de
:101548000000eb00902f8900205f2200a53d2200bb
:10155800c43d22008001780022c0b300312f200052
:1015680000c5b300c659020001000000405f220018
:1015780011c0b30001487800a53d2200c43d2200f7
:10158800435f220012c0b3004102200000c5b3002f
:101598007258020001000000a53d2200c43d22004f
:1015a800435f220012c0b3004102200000c5b3000f
:1015b800c659020001000000e031220021c3b30037
:1015c80001487800a53d2200c43d2200e3312200f5
:1015d80012c0b300b12f200000c5b300725802003a
:1015e80001000000a53d2200c43d2200e331220095
:1015f80012c0b300b12f200000c5b300c6590200c5
:1016080001000000400120001061880020c2200075
:10161800a53d2200c43d22008001780022c0b3000d
:101628000144200000c5b300725802000100000008
:1016380020c22000a53d2200c43d22008001780080
:1016480022c0b3000144200000c5b300c6590200ff
:101658000100000090222100d1c1b30001487800a8
:10166800a53d2200c43d22009322210012c0b300f0
:10167800e103200000c5b300725802000100000019
:10168800a53d2200c43d22009322210012c0b300d0
:10169800e103200000c5b300c659020001000000a4
:1016a80020c0b30060679900600a20000e00400067
:1016b800a53d2200c43d22008001780012c0b3007d
:1016c800e12f200000c5b30072580200010000009d
:1016d800a0222100c1c3b30001487800a53d220023
:1016e800c43d2200a322210012c0b300f103200050
:1016f80000c5b3007258020001000000a53d220099
:10170800c43d2200a322210012c0b300f10320002f
:1017180000c5b300c65902000100000051df2a00cd
:1017280010b1200072df02000100000010079800cd
:101738000080fa00000006000800fa002007980060
:1017480031079800e1df2a0010b1200072df0200a3
:1017580001000000000f78000000eb00100798005f
:10176800180037001e0090000000e0000700340059
:101778009e00780010b120000080400041592a00e6
:1017880072df0200010000001e0f4000123f21001e
:101798001e0090007f00b900000078008000410022
:1017a8001e01780010b120000000410072df020025
:1017b800010000001e0f40001e0090000000e8001d
:1017c800100798001e0090000000e000e5ff3400bc
:1017d8009e00780010b120000080400081c82a00d7
:1017e80072df0200010000001e0f400001412100cd
:1017f8001e01780010b120000000410072df0200d5
:10180800010000001e0f40000080fa0000000600e2
:101818000600fa001007980021079800130020001e
:101828000e01780081e02a001e009000c811070010
:101838000000e0000f0032009e40780010c3b300a3
:1018480080cf500004003a0011c0b300000120000e
:1018580024360200010000009e40780020c3b30037
:1018680080cf500003003a00f0f120008040eb00e8
:1018780001487800130020000e017800d1e02a000a
:101888001e009000b21107000000e00007003200bf
:101898009e40780010c3b30080cf500003003a0088
:1018a800708020008040eb00014878001300200081
:1018b8000e01780051e12a001e009000a4110700d3
:1018c8000000e000070032009e40780010c3b3001b
:1018d80080cf500003003a007022210011c0b300ed
:1018e8000148780010b1200079e407000080fa0070
:1018f800000006000a00fa00300798004107980027
:10190800a1e12a0010b1200072df020001000000ee
:10191800000f78009e00780010b120000080400081
:10192800800078002002210002e407000080fb000c
:101938001e0f40009e00780010b12000008040007b
:1019480081e22a0072df0200010000001e0f400041
:101958009e00780010b120008080400050818000f7
:10196800ecb50200010000001e0f40009e00780048
:1019780010b1200000804000c15c2a0072df020024
:10198800010000001e0f40009e00780010b12000ea
:1019980080804000c0022100104078000041eb0028
:1019a800deb70200010000001e0f40009e00780014
:1019b80010b1200000804000d1e22a0072df02004e
:1019c800010000001e0f4000e00920001e0050002a
:1019d800100798001e0090000000e0001500340079
:1019e8009e009000f0092000808f500011003c00fc
:1019f8009e00900020f22000008040009040780077
:101a08004147980021f220001e01780010b1200003
:101a18000000410072df0200010000001e0f4000bc
:101a28009e00900020f2200000804000ce409000f0
:101a3800014878009e00780010b120000080400026
:101a480021e32a0072df0200010000001e0f40009f
:101a5800f00420009e007800808f500058003c0061
:101a68009e00780010b120000080400041e32a0069
:101a780072df0200010000001e0f40009e00780087
:101a880010b120000080400080007800e0122100a2
:101a9800a8e307000080fb001e0f40009e007800ae
:101aa80010b120000080400081e22a0072df0200ad
:101ab800010000001e0f40009e00780010b12000b9
:101ac80080804000b0898000ecb502000100000071
:101ad8001e0f40009e00780010b1200000804000da
:101ae800c15c2a0072df0200010000001e0f4000e6
:101af8009e00780010b120008080400080132100f3
:101b0800104078000041eb00deb702000100000041
:101b18001e0f40009e00780010b120000080400099
:101b2800d1e22a0072df0200010000001e0f40000f
:101b3800e00920001e005000100798001e009000c9
:101b48000000e000170034009e009000f00920001b
:101b5800808f500013003c001e009000c110200030
:101b68008080400020f220000080400090407800f3
:101b780041479800e10221001e01780010b12000c1
:101b88000000410072df0200010000001e0f40004b
:101b98009e009000e002210000804000ce409000ae
:101ba800014878009e00780010b1200000804000b5
:101bb800e1e32a0072df0200010000001e0f40006e
:101bc8000080fa00000006000800fa0020079800cc
:101bd800310798000e80e80013002000000178000b
:101be800518a2a002e009000d91007000000e0005a
:101bf8003a003200ae40900010c3b30080cf5000ce
:101c080004003200ae40900020c3b30080cf5000e3
:101c180032003a003e0090000000e00007003a0061
:101c28002e4090008040780000cdb30080c0400076
:101c3800c0cb200001487800280037003e00900003
:101c480064e00200010000000000e0002300320010
:101c580080c82000104078000004e0000e003a0020
:101c6800be00900080c8200072df02000100000062
:101c78002e4090008040780000cdb30080c0400026
:101c8800e0cb200001487800402f220011c0b300ab
:101c9800014878001100370020ca20001040780061
:101ca8000004e0000d003a00be00900020ca2000a9
:101cb80072df0200010000002e4090008040780092
:101cc80000cdb30080c04000f0cb20000148780070
:101cd800402f220011c0b30001487800402f220095
:101ce800104078000004e00052003a0011e42a0095
:101cf80010b1200072df020001000000000f780020
:101d08009e00780010b1200080804000c0cb2000e9
:101d1800104078000041eb00deb70200010000002f
:101d28001e0f40009e00780010b120000080400087
:101d3800f1e42a0072df0200010000001e0f4000db
:101d480080c82000104078000004e000080032003d
:101d58009e00780010b120000080400081c820005b
:101d680072df0200010000001e0f4000070037006c
:101d78009e00780010b120000080400051512a00d8
:101d880072df0200010000001e0f40009e00780074
:101d980010b120000080400061e52a0072df0200d7
:101da800010000001e0f400020ca200010407800eb
:101db8000004e000080032009e00780010b1200006
:101dc8000080400021ca200072df020001000000ec
:101dd8001e0f4000070037009e00780010b1200059
:101de8000080400051512a0072df0200010000000b
:101df8001e0f40009e00780010b1200000804000b7
:101e0800d1e52a0072df0200010000001e0f400029
:101e18009e00780010b1200080804000d0cb2000c8
:101e2800104078000041eb00deb70200010000001e
:101e38001e0f40000080fa00000006000800fa00ab
:101e4800200798003107980031e62a0010b12000d9
:101e580072df020001000000000f78000e80e80029
:101e68001300200000017800518a2a002e009000fb
:101e7800371007000000e0000a003200ae40900072
:101e880010c3b30080cf500003003a00d0c802004e
:101e9800010000000500370000c3b3002047980088
:101ea8000200370000c3b30020479800ae409000fe
:101eb80010b120001e004000014878001e0fe80005
:101ec80010b120001e0040008040eb00014878005f
:101ed8000080fa00000006000600fa0010079800cb
:101ee80021079800130020000e017800518a2a006b
:101ef8001e009000161007000000e0000e003200df
:101f08009e407800d0c4b30080cf500003003a0050
:101f1800f031220021c0b300014878009e407800cb
:101f280000c5b30080cf500003003a00f031220012
:101f380011c0b30001487800f03122001040780049
:101f48000004e0000400320041e72a0010b120003c
:101f580072df0200010000000080fa0000000600a5
:101f68000800fa0020079800310798000e80e80062
:101f78001300200000017800518a2a002e009000ea
:101f8800f30f07000000e0001c003200ae40900094
:101f980010c3b30080cf500007003a00e09a8000d9
:101fa800e20f500004003a0060c8200011c0b300de
:101fb800014878000300370060c820008040eb002b
:101fc80001487800d1e72a0010b1200072df020032
:101fd80001000000000f78009e00780010b120007a
:101fe8008080400060c82000104078000041eb006d
:101ff800deb70200010000001e0f40000080fa005a
:10200800000006000800fa00200798003107980031
:102018000e80e8001300200000017800d1e82a00b3
:102028002e009000ca0f07000000e00023003200d5
:10203800ae40900010c3b30080cf50000e003a00ad
:10204800d0af8000680060000000e0000a003a009d
:10205800d0af80000030a000d0af8800d0af8000a3
:102068000000a100d0af8800d0af80000020a00001
:10207800d0af880011003700ae40900010c3b30005
:1020880080cf50000d003200d0af800068006000a3
:102098000000e00009003200d0af80000030a1004d
:1020a800d0af8800d0af80000000a100d0af88007a
:1020b800d0af80000020a000d0af88000e80e800dc
:1020c800130020000001780011e92a002e0090007a
:1020d8009f0f07000000e00023003200ae40900090
:1020e80010c3b30080cf50000e003a00d0af80007c
:1020f800700060000000e0000a003a00d0af8000e5
:102108000040a000d0af8800d0af80000000a10040
:10211800d0af8800d0af80000020a000d0af8800ea
:1021280011003700ae40900010c3b30080cf5000bc
:102138000d003200d0af8000700060000000e000a9
:1021480009003200d0af80000040a100d0af880065
:10215800d0af80000000a100d0af8800d0af8000d1
:102168000020a000d0af880051e92a0010b120005b
:1021780072df020001000000000f78009e00780066
:1021880010b1200080804000d0af80004300de0006
:10219800614060000041eb00deb702000100000072
:1021a8001e0f400031ea2a0010b1200072df020041
:1021b80001000000000f78009e00780010b1200098
:1021c80080804000d0af80004400de0061406000a5
:1021d8000041eb00deb70200010000001e0f4000c6
:1021e8001e0fe80010b120001e0040008040eb00e8
:1021f800014878000080fa00000006000200fa009a
:10220800000f7800b0ae2000104078000004e00015
:102218001c003200010037001e0fe8001e00780085
:102228009040780000c2b30080cf50000700320011
:102238001e007800104078000004e000f6ff3a0025
:10224800030037001e0fe8000100370000000000ff
:102258001e0078009040780000c2b30080cf500084
:10226800f8ff32001e007800104078000004e000fb
:10227800040032000041eb009e007800b0ae200060
:10228800ed0f070010b1200052e007000080fa00af
:10229800000006001c00fa00500f9800930120006f
:1022a8000e017800918c2a005e089000280f070024
:1022b8000000e0000c0032009e407800a0c5b3008a
:1022c80080cf500004003a00b0ae20008040eb0000
:1022d80001487800040037008e007800b0ae200076
:1022e80072df02000100000010b1200039e0070091
:1022f8000080fa00000006000a00fa003007980083
:10230800410798000e80e8002300200000017800b3
:1023180081ea2a003e0090000d0f07000000e0004f
:10232800200032002e4090008040780000cdb3009d
:1023380080c0400000c520000148780000c520008a
:10234800104078000004e0001300320000c52000af
:1023580010407800e44f50000f003e00c1ea2a0008
:1023680010b1200072df020001000000000f7800a9
:102378009e00780010b120008080400000c5200039
:10238800104078000041eb00deb7020001000000b9
:102398001e0f40000300370000c520008040eb00fe
:1023a800014878000080fa00000006001200fa00d8
:1023b80070079800010f98000e80e80013002000b5
:1023c8000001780091eb2a007e009000e00e0700e3
:1023d8000000e00018003200ae40900030c5b300a5
:1023e80080cf500008003a0010c0b30070c7020048
:1023f80001000000e1eb2a0010b1200072df0200aa
:1024080001000000000f7800ae409000e0c4b30067
:1024180080cf500008003a00c1ec2a0010b120001b
:1024280072df020001000000000f78000040eb009e
:1024380070c70200010000000080fa0000000600da
:102448000400fa00000f78001107980090628000dd
:10245800520a20008000780010b120005c3f020082
:10246800010000000080fa00000006000c00fa00dd
:102478003007980041079800224f98000e00e800a6
:102488001300200000017800a1ed2a003e00900012
:10249800af0e07000000e000110032001e4090005f
:1024a8008040780000cdb30000c04000104798007d
:1024b8001e409000e64f500009003c009e409000ee
:1024c80050f020000148780000f02000d05e0200a3
:1024d8000100000000f02000345e0200010000004e
:1024e8000e00e8003300200000017800e1ed2a002a
:1024f8003e009000960e07000000e0000800320041
:102508009e40900010c3b30080cf500004003a00f2
:1025180011c0b300000220002436020001000000b0
:102528000e00e800330020000001780031ee2a0098
:102538003e009000860e07000000e0000800320010
:102548009e40900010c3b30080cf500004003a00b2
:1025580011c0b3000004200024360200010000006e
:102568000e00e800330020000001780081ee2a0008
:102578003e009000760e07000000e00031003200b7
:102588009e40900010c3b30080cf500011003a0065
:1025980010c4200090407800a0c5b30080cf500040
:1025a8000c003a0010c4200051cab300014878005a
:1025b800a53d2200c43d220013c4200012c0b30070
:1025c800b12e200000c5b3007258020001000000bf
:1025d800140037009e40900000c3b30080cf500025
:1025e80010003a0010c4200090407800a0c5b30045
:1025f80080cf50000b00320010c42000a1c5b300ea
:1026080001487800a53d2200c43d220013c42000e3
:1026180012c0b300b12e200000c5b30072580200ea
:1026280001000000a53d2200c43d220013c4200083
:1026380012c0b300b12e200000c5b300c659020075
:10264800010000000e00e8003300200000017800bf
:10265800d1ee2a003e0090003d0e07000000e00089
:102668001a0032000e00e800dab40200010000008f
:10267800004f780020c42000104078009e4f500082
:102688000a00320020c420001e487800a53d220020
:10269800c43d220023c4200012c0b300e12e200054
:1026a80000c5b3007258020001000000a53d2200d9
:1026b800c43d220023c4200012c0b300e12e200034
:1026c80000c5b300c65902000100000090628000f6
:1026d800530a20002e4990008000780010b1200095
:1026e80010320200010000000080fa00000006001d
:1026f8000a00fa0030079800410798000e80e800a9
:10270800130020000001780021ef2a003e0090000d
:102718000f0e07000000e0000b003200ae409000f2
:1027280010c3b30080cf500004003a0011c0b300ba
:1027380020c0b30032dd0700030037008040eb0003
:1027480020c0b3002edd070081ef2a0010b1200061
:1027580072df020001000000000f78009e00780080
:1027680010b1200080804000003122001040780025
:1027780012c0b300deb70200010000001e0f4000c7
:102788009e00780010b120000080400061f02a000f
:1027980072df0200010000001e0f4000602f2200bf
:1027a800104078000004e000080032009e00780025
:1027b80010b1200000804000612f220072df02006b
:1027c800010000001e0f4000070037009e0078003f
:1027d80010b120000080400051512a0072df020031
:1027e800010000001e0f40009e00780010b120007c
:1027f80000804000c1f02a0072df020001000000e2
:102808001e0f40009e00780010b12000008040009c
:10281800800078001031220046e007000080fb00ad
:102828001e0f40009e00780010b12000008040007c
:1028380011f12a0072df0200010000001e0f4000a3
:1028480000c42000104078000080fb006200600097
:102858000000e000080032009e00780010b120005f
:1028680000804000f1512a0072df020001000000e0
:102878001e0f4000070037009e00780010b12000ae
:102888000080400011522a0072df0200010000009f
:102898001e0f40000e80e8001300200000017800a1
:1028a80011932a003e009000a90d07000000e000e7
:1028b8000e003200ae40900010c3b30080cf50002d
:1028c8000a003a00003122008040eb0001487800fd
:1028d8009e00780010b120000080400081f12a009d
:1028e80072df0200010000001e0f40000080fa00a5
:1028f800000006000800fa00300798000e80e80083
:102908003300200000017800f1f12a003e00900019
:102918008f0d07000000e0000a0032000e80e8007a
:10292800dab40200010000003180200080487800fd
:10293800408020008040eb0001487800401f2000c4
:10294800d096880041f22a0010b1200072df020000
:1029580001000000000f78009e00780010b12000f0
:1029680080804000308020001040780032c0b300e2
:10297800deb70200010000001e0f40009e00780034
:1029880010b120000080400071f32a0072df0200bd
:10299800010000001e0f4000e15722001e017800d0
:1029a80010b120000000410072df020001000000a9
:1029b8001e0f40000080fa00000006000a00fa001e
:1029c8003007980041079800130020000e01780096
:1029d800518a2a003e0090005d0d07000000e000cb
:1029e8003b0032009e40780010c3b30080cf5000f7
:1029f800040032009e40780020c3b30080cf50000e
:102a080015003a001e4078008040780000cdb300e1
:102a180080c04000c0c7200001487800640047001b
:102a280000017800d1f32a003e009000e4e00200a3
:102a3800010000000000e0000a003200c0c72000ca
:102a480010407800804078000134a000c0c7200002
:102a58000148780003003700c0c720008040eb0021
:102a6800014878004e0090000000e0001800320095
:102a780000322200104078000004e00014003a0000
:102a8800c20120008000eb00003222005005020045
:102a980000000000ce0090000032220072df020029
:102aa80001000000640047000001780031f42a00aa
:102ab8003e009000e4e00200010000000000e00099
:102ac80003003200b033220011c0b300014878007f
:102ad800c0c72000104078000004e0000700320062
:102ae80010b120008040eb0001487800402f220000
:102af80011c0b300014878001100370081f42a00a2
:102b080010b1200072df02000100000020079800c9
:102b18002e0090008000780010b1200080804000d6
:102b2800c0c720001040780012c0b300deb7020012
:102b380001000000ae00900001004000200798004e
:102b48000080fa00000006000200fa00000f78007a
:102b580010a92100104078000081fb00f0aa210094
:102b6800104078008080fb00f0a18000821f780070
:102b7800811f7800801f780090f52a00801f780058
:102b880010b120000005020000000000e88757008f
:102b98000080fa00000006000400fa00000f780028
:102ba80011079800c0c7200011c0b3000148780081
:102bb800402f220011c0b300014878001e00900089
:102bc8000000e0000e0032000032220010407800c1
:102bd8000004e0000a003a009e0090000032220043
:102be80072df020001000000a033220011c0b30010
:102bf80001487800b03322008040eb00014878009b
:102c08000080fa00000006000e00fa005007980045
:102c1800610798000e80e80013002000000178008a
:102c280051f72a005e009000c90c07000000e00080
:102c38001c003200ae40900010c3b30080cf50009b
:102c480018003a0030cc200011c0b30001487800c9
:102c58006e0090000000e000120032006e0090004c
:102c6800104078000004e0000e003200ee009000f2
:102c780060cc200072df0200010000006e009000ae
:102c88008040eb0001487800a0ae2000104078009a
:102c9800e94f500003003e00a0ae2000a1c0b300e1
:102ca800014878000e80e800330020000001780019
:102cb800a1f72a005e009000a50c07000000e000c4
:102cc8000b0032000e80e8001cb502000100000075
:102cd8000000fb0020668800206680000000e000fd
:102ce8000300320030cc20008040eb00014878001f
:102cf8000e80e800530020000001780011f82a0037
:102d08005e009000920c07000000e00022003200f4
:102d18000e80e800a4b9020001000000000f78004e
:102d2800602f81009e007800808f50001a003200ca
:102d3800f07022009e007800808f50001600360048
:102d48009e007800612f8900c05e2200a53d220008
:102d5800c43d22008001780022c0b300f12e20007b
:102d680000c5b30072580200010000000000eb002b
:102d7800602f8900c05e2200a53d2200c43d2200cc
:102d88008001780022c0b300f12e200000c5b300f6
:102d9800c6590200010000000e80e8005300200020
:102da8000001780061f82a005e009000680c0700b6
:102db8000000e000220032000e80e800a4b9020002
:102dc80001000000000f7800702f81009e0078003d
:102dd800808f50001a003200400125009e007800c4
:102de800808f500016003e009e007800712f8900e9
:102df800e05e2200a53d2200c43d2200800178004b
:102e080022c0b300112f200000c5b3007258020081
:102e1800010000000000eb00702f8900e05e220036
:102e2800a53d2200c43d22008001780022c0b300e5
:102e3800112f200000c5b300c65902000100000090
:102e48000e80e8005300200000017800b1f82a0045
:102e58005e0090003e0c07000000e00022003200f7
:102e68000e80e800a4b9020001000000000f7800fd
:102e7800802f81009e007800808f50001a00320059
:102e8800007721009e007800808f500016003e00d9
:102e98009e007800812f8900005f2200a53d220056
:102ea800c43d22008001780022c0b300312f2000e9
:102eb80000c5b30072580200010000000000eb00da
:102ec800802f8900005f2200a53d2200c43d22001a
:102ed8008001780022c0b300312f200000c5b30064
:102ee800c6590200010000000e80e80033002000ef
:102ef8000001780011f92a005e009000140c070008
:102f08000000e0001a0032000e80e800dab4020087
:102f180001000000004f98008e489000405f22009a
:102f28001040780080cf5000110032006800470040
:102f3800a53d2200c43d22008001780012c0b300e4
:102f48004102200000c5b3007258020001000000d1
:102f5800a53d2200c43d2200435f220012c0b300f9
:102f68004102200000c5b300c6590200010000005c
:102f78000e80e800530020000001780051f92a0073
:102f88005e009000f20b07000000e0001e00320017
:102f98000e80e800a4b9020001000000000f7800cc
:102fa800902f81009e007800808f5000160032001c
:102fb8009e007800912f8900205f2200a53d220005
:102fc800c43d22008001780022c0b300c12f200038
:102fd80000c5b30072580200010000009e0078008e
:102fe800912f8900205f2200a53d2200c43d2200c8
:102ff8008001780022c0b300c12f200000c5b300b3
:10300800c65902000100000010b120000e3802006d
:10301800010000000080fa00000006000a00fa0023
:1030280030079800410798000e80e8003300200020
:1030380000017800518a2a003e009000c40b070066
:103048000000e00025003200ae40900010c3b3003d
:1030580080cf500021003a004039220011c0b3004f
:103068000148780060c9b3006c4602000100000006
:103078000004e000190032004e0090000000e0005b
:1030880013003200c0332200104078000004e00032
:1030980008003a00ce009000c033220072df020020
:1030a800010000006035220011c0b300014878001b
:1030b80007003700ce0090007035220072df020052
:1030c800010000001037220011c0b3000148780049
:1030d8004e0090008040eb0001487800b1f92a00ca
:1030e80010b1200072df020001000000000f78001c
:1030f8009e00780010b120008080400040392200f6
:10310800104078000041eb00deb70200010000002b
:103118001e0f40000080fa00000006001a00fa00a6
:10312800889fbe00300f9800410f98006300470049
:103138003300200000017800518a2a003e089000e0
:10314800830b07000000e0004d00320000c420009f
:103158009040780021479800be40900000c3b3001b
:1031680080cf50001800320000c4200010407800c2
:10317800804078000124a00000c4200001487800a5
:10318800be40900030c3b30080cf500007003a0023
:1031980000c4200010407800804078000144a0005e
:1031a80000c42000014878000d00370000c420004a
:1031b80010407800804078000144a10000c420003d
:1031c800014878000600370000c4200090407800cd
:1031d800b0ceb30080c0600000c420000148780071
:1031e80000c4200010407800ae40900080cf50000e
:1031f80023003200a53d2200c43d220003c4200064
:1032080012c0b300a103200000c5b3007258020029
:1032180001000000a53d2200c43d220003c4200097
:1032280012c0b300a103200000c5b300c6590200b4
:103238000100000000c42000104078000080fb005e
:10324800640060000000e00007003200805e220099
:1032580010407800804078000174a100805e220050
:103268000148780006003700805e22001040780090
:10327800804078000174a000805e22000148780038
:1032880063004700330020000001780091fa2a000b
:103298003e0890002e0b07000000e0000e003200f0
:1032a800be40900010c3b30080cf500003003a0026
:1032b8004039220011c0b30001487800be40900098
:1032c80020c4b30080cf500003003a0040392200e8
:1032d80021c0b30001487800630047003300200094
:1032e80000017800e1fa2a003e089000180b070058
:1032f8000000e0001a00320063004700dab4020060
:103308000100000040579800ce509000c03c2200b9
:103318001040780080cf5000110032007400470040
:10332800a53d2200c43d22008001780012c0b300f0
:10333800c12e200000c5b300725802000100000031
:10334800a53d2200c43d2200c33c220012c0b300a8
:10335800c12e200000c5b300c659020001000000bc
:1033680063004700330020000001780021fb2a0099
:103378003e089000f60a07000000e0001a0032003c
:1033880063004700dab402000100000040579800cb
:10339800ce509000d03c22001040780080cf5000e2
:1033a8001100320074004700a53d2200c43d2200f0
:1033b8008001780012c0b300d12e200000c5b300f0
:1033c8007258020001000000a53d2200c43d220001
:1033d800d33c220012c0b300d12e200000c5b30098
:1033e800c6590200010000006300470033002000b6
:1033f8000001780071fb2a003e089000d40a0700fb
:103408000000e00022003200be40900010c3b3006c
:1034180080cf50001e003a0070c9b3006c4602000d
:10342800010000000004e000190032004e0890007e
:103438000000e00013003200c03322001040780082
:103448000004e00008003a00ce089000c0332200d3
:1034580072df020001000000603522008040eb00ae
:103468000148780007003700ce0890007035220028
:1034780072df020001000000103722008040eb00dc
:10348800014878004e0890008040eb000148780021
:1034980063004700b300200000017800c1fb2a0048
:1034a8003e089000aa0a07000000e0002100320050
:1034b800f0004700630047008041eb0082c0b30082
:1034c800c8460200010000000004e00019003200b4
:1034d8000e0990009e099000801d8100911d8100b9
:1034e800800f5100818f5900120032007000470090
:1034f800a53d2200c43d22008001780042c0b300ef
:10350800112d200000c5b300725802000100000010
:10351800003b2200a53d2200c43d22008001780026
:1035280042c0b300112d200000c5b300c6590200e7
:103538000100000063004700b3002000000178008c
:1035480011fc2a003e089000810a07000000e000f4
:1035580021003200f0004700630047008041eb0083
:1035680082c0b300c8460200010000000004e00069
:10357800190032000e0990009e099000a01d8100dc
:10358800b11d8100800f5100818f59001200320057
:1035980070004700a53d2200c43d2200800178004c
:1035a80042c0b300512d200000c5b300725802007c
:1035b80001000000403b2200a53d2200c43d22003e
:1035c8008001780042c0b300512d200000c5b3002f
:1035d800c6590200010000006300470033002000c4
:1035e8000001780051822a003e089000580a07001e
:1035f8000000e0000b003200be40900010c3b30092
:1036080080cf500004003a0011c0b30080c0b3005e
:103618007bd90700030037008040eb0080c0b3006f
:1036280077d9070061fc2a0010b1200072df020080
:1036380001000000000f780000c42000104078004e
:103648000080fb00640060000000e000160032000b
:1036580000c42000104078000080fb00700060006b
:103668000000e000080032009e00780010b1200041
:103678000080400011fd2a0072df020001000000f6
:103688001e0f40000f0037009e00780010b1200088
:1036980000804000f1512a0072df020001000000a2
:1036a8001e0f4000070037009e00780010b1200070
:1036b8000080400011522a0072df02000100000061
:1036c8001e0f40009e00780010b1200000804000ce
:1036d800815b2a0072df0200010000001e0f40001b
:1036e8009e00780010b1200080804000805e22009b
:1036f800104078000041eb00deb702000100000036
:103708001e0f40009e00780010b12000008040008d
:1037180031fd2a0072df0200010000001e0f400088
:103728009e00780010b1200080804000c03c22003c
:10373800104078000041eb00deb7020001000000f5
:103748001e0f40009e00780010b12000008040004d
:1037580081fd2a0072df0200010000001e0f4000f8
:103768009e00780010b1200080804000d03c2200ec
:10377800104078000041eb00deb7020001000000b5
:103788001e0f40009e00780010b12000008040000d
:10379800e1fd2a0072df0200010000001e0f400058
:1037a8009e00780010b1200000814000801d81003b
:1037b800911d8100c3c0b300a2b80200010000003f
:1037c8001e0f40009e00780010b1200000804000cd
:1037d80041fe2a0072df0200010000001e0f4000b7
:1037e8009e00780010b1200000814000a01d8100db
:1037f800b11d8100c3c0b300a2b8020001000000df
:103808001e0f400000c42000104078000080fb001c
:10381800640060000000e0009c0132009e00780017
:1038280010b1200000804000a1fe2a0072df0200d3
:10383800010000001e0f40009e00780010b120001b
:1038480000814000b01c8100c11c8100c3c0b300ce
:10385800a2b80200010000001e0f40009e00780080
:1038680010b120000080400001ff2a0072df020032
:10387800010000001e0f40009e00780010b12000db
:1038880000814000f01c8100011d8100c3c0b3000d
:10389800a2b80200010000001e0f4000703a22008a
:1038a800104078008040780010b120001e004000d1
:1038b800014878001e0fe800805e22001040780062
:1038c8000080fb00700060000000e000080032008b
:1038d8009e00780010b120000080400021ff2a00df
:1038e80072df0200010000001e0f400027003700b1
:1038f8009e00780010b120000080400091ff2a004f
:1039080072df0200010000001e0f40009e007800d8
:1039180010b1200000814000c01d8100d11d810030
:10392800c3c0b300a2b80200010000001e0f40008f
:103938009e00780010b120000080400001ff2a009e
:1039480072df0200010000001e0f40009e00780098
:1039580010b1200000814000001e8100111e81006e
:10396800c3c0b300a2b80200010000001e0f40004f
:10397800e0262100104078008040780010b1200037
:103988001e004000014878001e0fe8009e007800e5
:1039980010b1200000804000f1ff2a0072df020011
:1039a800010000001e0f40009e00780010b12000aa
:1039b80000814000d01c8100e11c8100c3c0b3001d
:1039c800a2b80200010000001e0f40009e0078000f
:1039d80010b120000080400001ff2a0072df0200c1
:1039e800010000001e0f40009e00780010b120006a
:1039f80000814000101d8100211d8100c3c0b3005b
:103a0800a2b80200010000001e0f4000603a220028
:103a1800104078008040780010b120001e0040005f
:103a2800014878001e0fe800805e220010407800f0
:103a38000080fb00700060000000e0000800320019
:103a48009e00780010b120000080400051002b003b
:103a580072df0200010000001e0f4000270037003f
:103a68009e00780010b1200000804000c1002b00ab
:103a780072df0200010000001e0f40009e00780067
:103a880010b1200000814000e01d8100f11d81007f
:103a9800c3c0b300a2b80200010000001e0f40001e
:103aa8009e00780010b120000080400001ff2a002d
:103ab80072df0200010000001e0f40009e00780027
:103ac80010b1200000814000201e8100311e8100bd
:103ad800c3c0b300a2b80200010000001e0f4000de
:103ae800d0262100104078008040780010b12000d6
:103af8001e004000014878001e0fe800805e22008a
:103b0800104078000080fb00700060000000e000ba
:103b1800080032009e00780010b1200000804000ac
:103b280021012b0072df0200010000001e0f40007f
:103b3800bd003700f00820009e007800808f5000fc
:103b480027003c00f81c8100091d8100061e810029
:103b5800171e8100b41c8100c51c8100c21d810094
:103b6800d31d8100e026210090407800703a2200a1
:103b78001040780000c068000080fb000000e900e9
:103b88004f00de0000407800889fbe00de4702003c
:103b980001000000e4875700401d8900511d89007d
:103ba8009e00780010b120000080400041022b00e8
:103bb80072df0200010000001e0f40009e00780026
:103bc80010b1200000814000401d8100511d81007e
:103bd800c3c0b300a2b80200010000001e0f4000dd
:103be800f00820009e007800808f500027003c00dd
:103bf800181d8100291d8100261e8100371e8100a5
:103c0800d41c8100e51c8100e21d8100f31d8100a8
:103c1800d026210090407800603a220010407800b9
:103c280000c068000080fb000000e9004f00de00d3
:103c380000407800889fbe00de47020001000000b7
:103c4800e4875700401d8900511d89009e007800b7
:103c580010b1200000804000a1022b0072df02009a
:103c6800010000001e0f40009e00780010b12000e7
:103c780000814000401d8100511d8100c3c0b30078
:103c8800a2b80200010000001e0f4000f00820004a
:103c98009e007800808f500010003c009e00780045
:103ca80010b120000080400001032b0072df0200e9
:103cb800010000001e0f40009e00780010b1200097
:103cc80080804000803c2200104078000041eb00da
:103cd800deb70200010000001e0f4000f0082000bf
:103ce8009e007800808f50000e003c009e007800f7
:103cf80010b120000080400051032b0072df020049
:103d0800010000001e0f40009e00780010b1200046
:103d180080804000501e8100ecb5020001000000c8
:103d28001e0f4000f00820009e007800808f500091
:103d38003d003c009e00780010b12000008040004b
:103d4800a1032b0072df0200010000001e0f4000db
:103d58009e00780010b1200080804000603d220065
:103d68001040780022c0b300deb702000100000056
:103d78001e0f40009e00780010b120008080400097
:103d8800403d22001040780022c0b300deb7020098
:103d9800010000001e0f40009e00780010b12000b6
:103da80080804000303d22001040780022c0b300df
:103db800deb70200010000001e0f40009e007800e0
:103dc80010b1200080804000003d220010407800a3
:103dd80022c0b300deb70200010000001e0f400041
:103de8009e00780010b1200080804000103d220025
:103df8001040780022c0b300deb7020001000000c6
:103e08001e0f40009e00780010b120008080400006
:103e1800203d22001040780022c0b300deb7020027
:103e2800010000001e0f4000700920009e0078006d
:103e3800808f500015003c0000c42000104078001e
:103e48000080fb00680060000000e000080032000d
:103e58009e00780010b1200000804000f1032b0084
:103e680072df0200010000001e0f4000070037004b
:103e78009e00780010b120000080400081042b00d3
:103e880072df0200010000001e0f400010b1200088
:103e98001e0040008040eb00014878004f04be003f
:103ea8000080fa00000006000600fa0010079800db
:103eb8002107980011052b0010b1200072df0200c5
:103ec80001000000000f7800805e2200104078009a
:103ed8000080fb00700060000000e0000800320075
:103ee8009e00780010b1200000804000f1052b00f2
:103ef80072df0200010000001e0f4000470037007b
:103f08009e00780010b1200000814000c01d810093
:103f1800d11d8100c3c0b300a2b802000100000097
:103f28001e0f40009e00780010b120000080400065
:103f380001ff2a0072df0200010000001e0f40008e
:103f48009e00780010b1200000814000001e810012
:103f5800111e8100c3c0b300a2b802000100000016
:103f68001e0f4000e02621001040780080407800b5
:103f780010b120001e004000014878001e0fe80024
:103f88009e00780010b120000080400071062b00d0
:103f980072df0200010000001e0f40009e00780042
:103fa80010b1200000814000e01d8100f11d81005a
:103fb800c3c0b300a2b80200010000001e0f4000f9
:103fc8009e00780010b120000080400001ff2a0008
:103fd80072df0200010000001e0f40009e00780002
:103fe80010b1200000814000201e8100311e810098
:103ff800c3c0b300a2b80200010000001e0f4000b9
:10400800d0262100104078008040780010b12000b0
:104018001e004000014878001e0fe8009e0078004e
:1040280010b1200000804000d1062b0072df020092
:10403800010000001e0f4000805e22001040780042
:104048008080fb0010082000008060000000e00075
:104058000500320010b120001e00400011c3b3005b
:10406800014878000400370010b120001e0040000d
:1040780001c3b300014878001e0fe8009e007800d5
:1040880010b120000080400021072b0072df0200e1
:10409800010000001e0f40009e00780010b12000b3
:1040a80080804000805e2200104078000041eb00d4
:1040b800deb70200010000001e0f400010b1200012
:1040c8001e0040008040eb00014878000080fa00a4
:1040d800000006000800fa00200798003107980041
:1040e800a1072b0010b1200072df020001000000c0
:1040f800000f78000000eb00100798009e00780081
:1041080010b12000808040001e0090004200dd00b9
:104118000080e80092ea20006240780022c0b300e4
:10412800deb70200010000001e0f40009e0078006c
:1041380010b12000808040001e0090004200dd0089
:1041480082ea20006240780022c0b300deb7020095
:10415800010000001e0f40009e00780010b12000f2
:10416800808040001e0090004200dd0092ea20009e
:104178006240780022c0b300deb7020001000000f0
:104188001e0f40009e00780010b120008080400083
:104198001e0090004200dd000080e80082ea200056
:1041a8006240780022c0b300deb7020001000000c0
:1041b8001e0f40009e00780010b1200000804000d3
:1041c80081592a0072df0200010000001e0f400022
:1041d8001e0090000000e800100798001e009000e4
:1041e800f30f500004003c00500920009e007800a6
:1041f800808f5000c1ff34000080fa0000000600e4
:104208008400fa00008798001187980031082b0075
:1042180010b1200072df020001000000000f7800da
:10422800e1b3800000202000008060000000e00072
:1042380023013a009e00780010b120000080400061
:10424800e1082b0072df0200010000001e0f400091
:1042580066004700530620000001780041092b0042
:104268000e8090003a0707000000e00025003200a9
:104278000000eb0020079800915d210066004700d0
:10428800030220000101780091092b003007070084
:10429800030037002e0090000000e8002007980077
:1042a8002e009000ff0f500009003c002e009000e7
:1042b80081192000808040000044210000804000d7
:1042c80090409000f0c2b30080cf5000f1ff3a0058
:1042d800ae009000805d2100008040008040eb002f
:1042e800114098002e00900069004000e600470049
:1042f80000804000800078005060210072df0200da
:10430800010000009e00780010b1200000804000ed
:1043180091092b0072df0200010000001e0f40000f
:10432800915d21001e01780010b1200000004100bd
:1043380072df0200010000001e0f40009e0078009e
:1043480010b120000080400041592a0072df0200ad
:10435800010000001e0f40009e00780010b12000f0
:10436800008040005160210072df0200010000005f
:104378001e0f40009e00780010b120000080400011
:10438800210a2b0072df0200010000001e0f40000e
:10439800660047005300200000017800910a2b00b6
:1043a8000e809000ea0607000000e00005003200d9
:1043b80066004700a4b902000100000010b08800a0
:1043c800020037000000eb0010b088009e00780063
:1043d80010b120008080400010b08000ecb50200d1
:1043e800010000001e0f40009e00780010b1200060
:1043f80000804000f10a2b0072df0200010000007b
:104408001e0f4000660047001300200000017800de
:10441800510b2b000e809000cd0607000000e00035
:104428007f00320066004700dab402000100000095
:1044380041602100804878004060210010407800e9
:104448000004e00005003a00a10b2b009066210053
:1044580072df0200010000006d003700406021009b
:1044680010407800e14f500005003a00610c2b0025
:104478009066210072df020001000000640037002e
:104488004060210010407800e24f500005003a00db
:10449800610d2b009066210072df02000100000010
:1044a8005b0037004060210010407800e34f500067
:1044b80009003a00510e2b009066210072df0200bd
:1044c800010000009e809000b02a210072df0200e7
:1044d800010000004e0037004060210010407800c5
:1044e800e44f50004a003a006600470013002000dd
:1044f80000017800710f2b000e80900094060700d1
:104508000000e0004200320066004700dab4020012
:1045180001000000204798002e4090000080fb001a
:10452800e30f500021003200e30f500007003c0069
:10453800e10f500013003200e10f500016003c005c
:104548000000e0000a00320031003700e50f50009b
:1045580020003200e50f500019003500e60f50002a
:1045680021003200e70f50002400320028003700f5
:10457800115e2a009066210072df0200010000002f
:1045880023003700e15e2a009066210072df0200f6
:10459800010000001e00370041642a0090662100d7
:1045a80072df02000100000019003700c10f2b0064
:1045b8009066210072df020001000000140037003d
:1045c80081632a009066210072df0200010000006a
:1045d8000f00370041602a009066210072df020058
:1045e800010000000a00370011612a0090662100ce
:1045f80072df02000100000005003700e1612a00b7
:104608009066210072df0200010000000000000037
:104618009e8090001029210072df02000100000036
:104628009e00780010b1200080804000406021008a
:104638001040780012c0b300deb70200010000008d
:104648001e0f40004060210010407800e44f5000e9
:1046580010003a009e00780010b120000080400051
:1046680081102b0072df0200010000001e0f4000c5
:104678009e00780010b120000080400012c0b300f6
:10468800800078002e409000deb702000100000094
:104698001e0f400050602100104078000004e00028
:1046a8000e003200e0b380000090a000e0b3880064
:1046b800e0b3800000b0a100e0b388000700370035
:1046c8009e00780010b1200000804000e1102b000f
:1046d80072df0200010000001e0f40001e0fe800fc
:1046e80010b120001e0040008040eb000148780017
:1046f8000080fa00000006006e00fa0030379800cb
:104708004137980052379800633798000e80e800c8
:104718009301200000017800918c2a003e3090001f
:104728000b0607000000e000630032007c00470031
:104738006300200000017800f1112b003e3090004a
:10474800030607000000e000710032007c0047000b
:104758008000780060b020002c06020000000000f5
:104768000000e0006a003a00300220000e0040001d
:10477800020120008000eb0050050200000000004c
:10478800300220000e004000a53d2200c43d22005a
:1047980080017800f2c0b3006102200000c5b300b8
:1047a800c659020001000000310320008e8040003d
:1047b800300220000e004000cadd020001000000a7
:1047c8008e80e800300320000e0040003ae102002d
:1047d80001000000e54f50004d00360050b02000a9
:1047e80010407800e34f500049003a0050b02000d4
:1047f80041c0b300014878004e3090000000e0004e
:10480800290032005e3090000000e00026003200ef
:104818006e3090000000e00023003200d004200039
:104828000e00400031122b0072df02000100000070
:10483800000f78001e007800d10420008e80400010
:1048480000804000de30900072df020001000000ae
:104858001e0f40001e007800d10420008e8040000a
:104868000080400081c82a0072df020001000000b9
:104878001e0f40001e007800d10420008e804000ea
:1048880000804000ee30900072df0200010000005e
:104898001e0f4000d00420000e00400012c0b300dc
:1048a8008000eb00b0e90700402f220011c0b300e0
:1048b80001487800160037000e80e80093012000b8
:1048c8000001780091eb2a003e309000a005070017
:1048d8000000e00007003200ae40900010c3b300b3
:1048e80080cf500003003a0050b0200021c0b30030
:1048f8000148780050b02000104078000004e00023
:1049080003003a0050b0200011c0b30001487800fd
:1049180071122b0010b1200072df020001000000ac
:10492800000f78009e00780010b1200080804000c1
:1049380050b02000104078000041eb00deb70200c4
:10494800010000001e0f40000080fa000000060071
:104958001a00fa00889fbe00300f9800410f980097
:10496800d1132b0010b1200072df020001000000fb
:10497800100798009e00900010b1200000804000b1
:10498800c1142b0072df0200010000009e0090009d
:1049980000804000100798009e00900010b1200091
:1049a8000080400031152b0072df0200010000007a
:1049b8009e00900000804000100798009e00900024
:1049c80010b120000080400081152b0072df02002a
:1049d800010000009e009000008040001007980031
:1049e80065004700a53d2200c43d220080017800f3
:1049f80032c0b3007103200000c5b300c6590200dd
:104a0800010000009e00900010b1200000804000ce
:104a180001032b0072df0200010000009e009000dd
:104a280000804000100798005e409000e14f400071
:104a380003003a0010c0b300004f780002003700ae
:104a48000040eb00004f78009e00900010b120005d
:104a5800808040005e40900064b9020001000000c0
:104a68009e009000008040001007980010c0b3001e
:104a780040479800200037009e00900010b12000a9
:104a88000080400081592a0072df02000100000006
:104a98009e00900000804000100798009e00900043
:104aa80010b12000808040004e4090000080fb0044
:104ab800000047005040900064b902000100000067
:104ac8009e00900000804000100798004e40900023
:104ad8000080fb000000470050409000e14f40007c
:104ae800020032000040eb00004f78004e4090007a
:104af8000040e800404798004e409000e24f5000c8
:104b0800ddff360073004700130020000001780025
:104b180041162b003e0890000d0507000000e0003c
:104b2800180032000040eb0040579800be5090003b
:104b3800f0c2b30080cf500007003600be5090008e
:104b480090c3b30080cf500003003e001e407800a1
:104b5800e14f500002003a0000c3b30030579800fc
:104b680073004700a53d2200c43d22008001780063
:104b780012c0b300e101200000c5b3007258020062
:104b8800010000009e00900010b12000008040004d
:104b980081162b0072df0200010000009e009000c9
:104ba800008040001007980073004700a53d2200d0
:104bb800c43d22008001780012c0b300e10120004a
:104bc80000c5b300c6590200010000000040eb0018
:104bd80040579800be509000f0c2b30080cf5000fc
:104be8000b003600be50900090c3b30080cf500039
:104bf80007003e00be50900000c3b30080cf5000b5
:104c0800100032001e407800e14f50000d003a00bd
:104c180000c3b300305798000040eb00405798009d
:104c280073004700a53d2200c43d220080017800a2
:104c380012c0b300e101200000c5b30072580200a1
:104c480001000000f30047001e01900010b1200091
:104c58000000410072df0200010000009e00900089
:104c68000080400010079800504221001040780052
:104c78000004e000130032009e00900010b12000f4
:104c880000804000d1162b0072df020001000000f6
:104c98009e009000008040001007980051422100bb
:104ca8001e01900010b120000000410072df0200d8
:104cb800010000009e00900000804000100798004e
:104cc800090037009e00900010b1200000804000cd
:104cd80041172b0072df0200010000009e009000c7
:104ce8000080400010079800c03d21001040780067
:104cf8000004e000130032009e00900010b1200074
:104d080000804000c1172b0072df02000100000084
:104d18009e0090000080400010079800c13d2100cf
:104d28001e01900010b120000000410072df020057
:104d3800010000009e0090000080400010079800cd
:104d4800090037009e00900010b12000008040004c
:104d580031182b0072df0200010000009e00900055
:104d680000804000100798009e00900010b12000bd
:104d780000804000b1182b0072df02000100000023
:104d88009e0090000080400010079800113f21000d
:104d98001e01900010b120000000410072df0200e7
:104da800010000009e00900000804000100798005d
:104db80069004700930020000001780011192b00ba
:104dc8003e089000620407000000e0000600320080
:104dd8009e48900010c3b30080cf500002003a00f4
:104de80010c0b300004f78001e407800e14f50001b
:104df80068003a006900470093002000000178002d
:104e080071192b003e089000510407000000e000d3
:104e1800600032000040eb0040479800080037006f
:104e28004e4090000080fb00000047008040eb00ef
:104e3800514098004e4090000040e80040479800dc
:104e48004e409000e24f5000f5ff36000040eb0066
:104e5800404798000000eb00100798002600370034
:104e6800e90047001e009000008040009040780054
:104e7800a0c3b30080cf500004003a004e40900019
:104e88000040e80040479800180037004e40900066
:104e98000080fb00ce4090008180fb00810047002d
:104ea800d1409000c408dd00000047005140980040
:104eb8004e4090000084fb004e4090000080fb00b4
:104ec80000004700d0449000e90047001e00900011
:104ed80000804000104078002eb70200010000005a
:104ee80080c0740008004700514098001e009000e0
:104ef8000000e80010079800e90047001e00900035
:104f080000804000104078000004e00003003200f8
:104f18004e409000e24f5000d1ff36004e409000c6
:104f2800e24f50001b003a0065004700a53d2200f3
:104f3800c43d22008001780032c0b3007103200014
:104f480000c5b300725802000100000000c3b3009e
:104f5800305798000040eb00405798007300470016
:104f6800a53d2200c43d22008001780012c0b30094
:104f7800e101200000c5b3007258020001000000e2
:104f88000040eb003057980073004700ce089000af
:104f98006ffe07001e0090000000e8001007980050
:104fa80011b120001e009000008040008040eb00fe
:104fb800014878004f04be000080fa000000060097
:104fc8000200fa00000f7800b1192b0010b1200080
:104fd80072df0200010000000080fa0000000600f5
:104fe8000c00fa0040079800510798000e80e8006e
:104ff8004300200000017800111b2b004e00900098
:10500800d30307000000e0001d0032000e80e80016
:10501800a4b9020001000000000f78000e80e8002b
:105028001300200000017800611b2b004e00900047
:10503800c70307000000e00011003200ae409000f6
:1050480000c3b30080cf500005003a001e0078006e
:1050580011c0b30024360200010000000800370028
:10506800ae40900010c3b30080cf500004003a0057
:105078001e00780011c0b30056360200010000007f
:105088000080fa00000006000600fa0010079800e9
:1050980021079800911b2b0010b1200072df02003d
:1050a80001000000000f78009e00780010b1200079
:1050b80000804000311c2b0072df0200010000005c
:1050c8001e0f40009e00780010b1200000804000b4
:1050d800011d2b0072df0200010000001e0f4000be
:1050e8009e00780010b1200000804000811d2b0038
:1050f80072df0200010000001e0f40009e007800d1
:1051080010b1200000804000311e2b0072df020029
:10511800010000001e0f40009e00780010b1200022
:1051280000804000111f2b0072df02000100000008
:105138001e0f40009e00780010b120000080400043
:10514800811f2b0072df0200010000001e0f4000cb
:105158009e00780010b120000080400081202b00c4
:1051680072df0200010000001e0f40009e00780060
:1051780010b120000080400051212b0072df020096
:10518800010000001e0f40000080fa000000060029
:105198000400fa00100798000040eb00004f780068
:1051a8001e0090000000e00003003a0010c0b300a9
:1051b800004f78002400370000c420001040780019
:1051c8000080fb00620060000000e0001700320071
:1051d8001e00900090407800b0c2b30080cf50000d
:1051e80012003a000031220010407800e14f5000d0
:1051f80007003e0000312200104078008040e8009f
:10520800003122000148780010c0b300004f780038
:105218009e009000602f220072df02000100000053
:1052280010312200345e0200010000009e00900050
:10523800602f220072df02000100000010312200fe
:10524800345e0200010000001e4078000080fa0071
:10525800000006000e00fa00300798004107980089
:10526800520798006307980010b120008040eb00b7
:1052780001487800640047000001780061222b0093
:105288003e009000e4e00200010000000000e000a1
:1052980004003200402f220011c0b30001487800fa
:1052a80003003700402f22008040eb0001487800bf
:1052b8003e009000104078000000fb006101b9003a
:1052c800f0fb2f00f1ff2f00020040008380480010
:1052d8005201200003002000820f5000838f5800e5
:1052e800b7023e00006001001500370027003700b4
:1052f800300037006f003700b10237009c003700dc
:10530800c20037000c0137001e013700ac0237001d
:10531800ab0237002e01370046013700a8023700dc
:105328006301370075013700a50237009001370087
:10533800b101370008023700a10237005f023700c9
:10534800c1222b003e009000b2de020001000000e6
:105358000000e00003003200ce0090003e00900004
:105368006bdb070021232b003e009000b2de020019
:10537800010000000000e0006e023200ce00900044
:105388003e00900033db07008d02370081232b009d
:105398003e009000b2de0200010000000000e000c4
:1053a80066023200ce0090003e009000f7db070056
:1053b80083023700c1232b003e009000b2de0200ba
:1053c800010000000000e00003003200ce00900061
:1053d8003e00900025dc070001242b003e009000d1
:1053e800b2de0200010000000000e000030032000d
:1053f800ce0090003e0090000ede070081242b00b6
:105408003e009000b2de0200010000000000e00053
:1054180003003200ce0090003e00900074de0700ca
:10542800e1242b003e009000b2de020001000000e3
:105438000000e00003003200ce0090003e00900023
:10544800e4e1070041252b003e009000b2de020097
:10545800010000000000e00003003200ce009000d0
:105468003e009000d0e2070081252b003e0090000e
:10547800b2de0200010000000000e000030032007c
:10548800ce0090003e0090005fe30700c1252b008e
:105498003e009000b2de0200010000000000e000c3
:1054a80028023200ce0090003e0090007ae4070007
:1054b8004302370071262b003e009000b2de020046
:1054c800010000000000e00003003200ce00900060
:1054d8003e009000ecfe0700e1262b003e00900005
:1054e800b2de0200010000000000e000040032000b
:1054f8000041eb00ce0090003e0090009ae60700c5
:1055080011272b003e009000b2de020001000000cf
:105518000000e00003003200ce0090003e00900042
:10552800e4e5070071272b003e009000b2de020080
:10553800010000000000e00003003200ce009000ef
:105548003e00900053e50700d1272b003e00900055
:10555800b2de0200010000000000e000fb013200a2
:1055680080a4200011c0b30001487800140237005d
:1055780021282b003e009000b2de0200010000004e
:105588000000e000060032004e0090000000e0003d
:1055980003003a00ce0090003e0090006fe707003d
:1055a80071282b003e009000b2de020001000000ce
:1055b8000000e000020032003e00900080fe07007c
:1055c800b1282b003e009000b2de0200010000006e
:1055d8000000e00003003200ce0090003e00900082
:1055e800ace50700f1282b003e009000b2de020077
:1055f800010000000000e000d6013200ce0090005b
:105608003e00900076fe0700ed01370091292b003f
:105618003e009000b2de0200010000000000e00041
:1056280003003200ce0090003e0090007ce70700a7
:10563800e1292b003e009000b2de020001000000cc
:105648000000e00003003200ce0090003e00900011
:1056580024ed0700312a2b003e009000b2de020044
:10566800010000000000e00003003200ce009000be
:105678003e0090004aee0700a12a2b003e00900051
:10568800b2de0200010000000000e000030032006a
:10569800ce0090003e0090006ced0700212b2b00ff
:1056a8003e009000b2de0200010000000000e000b1
:1056b80003003200ce0090003e009000faf9070087
:1056c800912b2b003e009000b2de0200010000008a
:1056d8000000e00003003200ce0090003e00900081
:1056e8004ef60700012c2b003e009000b2de0200af
:1056f800010000000000e000980132003e00900028
:1057080063004000104078000004e000060032000a
:105718003e009000630040009040780000c2b30053
:1057280080cf50008f013a00ce0090003e009000dc
:105738007af60700a2013700412c2b003e009000aa
:10574800b2de0200010000000000e00003003200a9
:10575800ce0090003e0090005efa0700812c2b00de
:105768003e009000b2de0200010000000000e000f0
:105778007e013200ce0090003e009000a0fa0700a3
:105788008f013700112d2b003e009000b2de020081
:10579800010000000000e00003003200ce0090008d
:1057a8003e009000e4ef0700612d2b003e009000c2
:1057b800b2de0200010000000000e0006d013200ce
:1057c800ce0090003e00900011f007007c013700e9
:1057d800b12d2b003e009000b2de02000100000057
:1057e8000000e00003003200ce0090003e00900070
:1057f800f5f00700112e2b003e009000b2de0200eb
:10580800010000000000e00006003a00812e2b0095
:105818003e009000b2de0200010000000000e0003f
:1058280056013200ce0090003e00900031f0070093
:1058380063013700012f2b003e009000b2de02000a
:10584800010000000000e000060032004e00900059
:105858000000e00003003a00ce0090003e009000f7
:105868008bd30700812f2b003e009000b2de020090
:10587800010000000000e00003003200ce009000ac
:105888003e009000f1d50700e12f2b003e0090006c
:10589800b2de0200010000000000e0003901320021
:1058a800ce0090003e00900018d507004401370054
:1058b80061302b003e009000b2de020001000000c3
:1058c8000000e00003003200ce0090003e0090008f
:1058d8009ed8070001312b003e009000b2de020086
:1058e800010000000000e00028013200ce00900016
:1058f8003e009000cbd807003101370071312b00f2
:105908003e009000b2de0200010000000000e0004e
:1059180003003200ce0090003e00900078d80700c7
:10592800a1312b003e009000b2de02000100000011
:105938000000e0000400320012c0b300ce00900066
:105948003e009000c9f2070011322b003e00900083
:10595800b2de0200010000000000e0000d0132008c
:10596800ce0090003e0090008bf407001401370031
:1059780081322b003e009000b2de020001000000e0
:105988000000e000060032004e0090000000e00039
:1059980003003a00ce0090003e00900027f1070077
:1059a80021332b003e009000b2de0200010000000f
:1059b8000000e000060032004e0090000000e00009
:1059c80003003a00ce0090003e00900064f107000a
:1059d800b1332b003e009000b2de0200010000004f
:1059e8000000e000ed003200ce0090003e00900084
:1059f80039f10700f200370021342b003e009000f7
:105a0800b2de0200010000000000e00003003200e6
:105a1800ce0090003e0090007af10700a1342b00e0
:105a28003e009000b2de0200010000000000e0002d
:105a380003003200ce0090003e009000f6e207001e
:105a480041352b003e009000b2de0200010000004c
:105a58000000e000050032000041eb00ce0090009d
:105a68003e00900081f20700d500370071352b0009
:105a78003e009000b2de0200010000000000e000dd
:105a8800050032004e0090000000e00002003a00dd
:105a98003e009000fff10700b1352b003e0090005a
:105aa800b2de0200010000000000e0000500320044
:105ab8004e0090000000e00002003a003e00900016
:105ac800cef10700e1352b003e009000b2de020067
:105ad800010000000000e00003003200ce0090004a
:105ae8003e00900004f20700d17d2a003e0090009d
:105af800b2de0200010000000000e00003003200f6
:105b0800ce0090003e00900028f2070051362b008e
:105b18003e009000b2de0200010000000000e0003c
:105b280003003200ce0090003e009000f0f2070023
:105b3800d1362b003e009000b2de020001000000ca
:105b48000000e00097003200ce0090003e00900078
:105b58003bf207009a00370011372b003e009000f7
:105b6800b2de0200010000000000e000290032005f
:105b78004e0090000000e00026003a0060802000ff
:105b8800104078000004e00004003200608020002b
:105b98008040eb0001487800030037006080200057
:105ba80011c0b3000148780071372b0010b12000f4
:105bb80072df020001000000200798002e0090000c
:105bc8008000780010b120008080400060802000b4
:105bd800104078000041eb00deb702000100000031
:105be800ae00900001004000200798002e009000b1
:105bf8008000780010b120000080400051542a0035
:105c080072df020001000000ae00900001004000b9
:105c18002007980031382b003e009000b2de0200c9
:105c2800010000000000e000040032004e00900077
:105c38000000e00001003a00ffff370081382b0028
:105c48003e009000b2de0200010000000000e0000b
:105c5800050032004e0090000000e00002003a000b
:105c68003e009000b8f30700d1382b003e009000aa
:105c7800b2de0200010000000000e0000300320074
:105c8800ce0090003e0090004cf3070071392b00c5
:105c98003e009000b2de0200010000000000e000bb
:105ca800420032004e0090000000e00041003a003f
:105cb8003e0090000ff3070041003700313a2b00f7
:105cc8003e009000b2de0200010000000000e0008b
:105cd80003003200ce0090003e009000caf3070097
:105ce800813a2b003e009000b2de02000100000065
:105cf8000000e00003003200ce0090003e0090005b
:105d080013fb0700013b2b003e009000b2de0200af
:105d1800010000000000e00028003200ee019000c1
:105d28005e019000ce0090003e00900072fa0700dd
:105d380023003700000000002100370000000000a9
:105d48001f003700000000001d00370000000000a1
:105d58001b00370000000000190037000000000099
:105d68001700370000000000150037000000000091
:105d78001300370000000000110037000000000089
:105d88000f003700000000000d0037000000000081
:105d98000b00370000000000090037000000000079
:105da8000700370000000000050037000000000071
:105db8000300370000000000010037000000000069
:105dc800402f2200104078000004e0000700320055
:105dd80010b120008040eb0001487800a0ae200000
:105de800a1c0b300014878005700370010b1200067
:105df800104078000004e00034003a004e009000a3
:105e0800e3fc0700204798002e4090000004e000c3
:105e180022003200f13b2b0010b1200072df02009b
:105e280001000000200798000000eb00000f780038
:105e38000b0037002e0090009e0078003e01900075
:105e4800810041001141780011b120008270780072
:105e58002e0090000000e800200798001e0fe800c0
:105e6800ae009000400a2000808f500006003c00e1
:105e78001e007800be0090000080400010407800ae
:105e88000004e000ebff3a002e00900011b1200062
:105e98000041eb00827078001b00370042e40200ea
:105ea80001000000703c2b0004e402000100000027
:105eb8004e00900004e402000100000050542a0043
:105ec80004e40200010000000f0037004e009000bb
:105ed8000000e00009003200ce009000602f220090
:105ee8002c060200000000000000e00003003a0059
:105ef800003122008040eb0001487800a0ae20006d
:105f0800e1c1b300014878004e0090000000e000b5
:105f18000d003a0010b12000104078000004e000a5
:105f28000900320010b1200004e402000100000062
:105f380050542a0004e402000100000010b12000bf
:105f48008040eb00014878000080fa00000006005d
:105f58000e00fa0030079800410798005207980091
:105f6800630798000000eb00000f78003e009000e7
:105f78000000e000430032006400470000017800a0
:105f8800ce0090003e009000e4e002000100000016
:105f98000000e0003b0032004e00900096b702007f
:105fa80001000000ae0090000100400020079800aa
:105fb8000000eb00100798000e0037001e0090004c
:105fc800de00900000804000ae0090003e0190008e
:105fd8008100410091407800014878002e0090002f
:105fe8000000e800200798001e0090000000e8006c
:105ff800100798009e0090006e009000808f50005f
:1060080019003d002e009000be0090000080400066
:106018009040780000c2b30080cf500012003200d8
:106028002e009000be0090000080400010407800d4
:10603800ea4f50000c0032002e009000be00900085
:106048000080400010407800ed4f500006003200fc
:106058002e009000be0090000080400010407800a4
:106068000004e000d5ff3a001e009000de0090001a
:10607800008040008040eb000148780010002000bc
:10608800000f78001e0078000080fa00000006006b
:106098000e00fa0030079800410798005207980050
:1060a800630798000000eb00000f78003e009000a6
:1060b8000000e0004300320064004700000178005f
:1060c800ce0090003e009000e4e0020001000000d5
:1060d8000000e0003b0032004e00900096b702003e
:1060e80001000000ae009000010040002007980069
:1060f8000000eb00100798000e0037001e0090000b
:10610800de00900000804000ae0090003e0190004c
:106118008100410091407800014878002e009000ed
:106128000000e800200798001e0090000000e8002a
:10613800100798009e0090006e009000808f50001d
:1061480019003d002e009000be0090000080400025
:106158009040780000c2b30080cf50001200320097
:106168002e009000be009000008040001040780093
:10617800ea4f50000c0032002e009000be00900044
:106188000080400010407800ed4f500006003200bb
:106198002e009000be009000008040001040780063
:1061a8000004e000d5ff3a001e009000de009000d9
:1061b800008040008040eb0001487800100020007b
:1061c800000f78001e0078000080fa00000006002a
:1061d8000400fa00100798000040eb00004f780018
:1061e800040037001e0090000000e8001007980027
:1061f8001e4fe8001e0090001040780046e00200a4
:10620800010000000000e000f6ff3a001e407800a0
:10621800e44f500003003a0010c0b300004f78006c
:10622800020037000040eb00004f78001e40780065
:106238000080fa00000006000800fa001007980025
:1062480021079800624798006e4090000080fb008c
:1062580061006000004078000004e00007003200a0
:1062680012c0b300ae0090001e00900060c602008d
:1062780001000000004f7800060037000041eb00e5
:10628800ae0090001e00900060c6020001000000f1
:10629800004f78001e407800e14f500008003a0097
:1062a8008042eb000002eb008001eb00a297210086
:1062b800918d2100003e2b00afd00700070037006a
:1062c8008042eb000002eb008001eb001e01900011
:1062d800ae009000803e2b00a7d007001e4078003b
:1062e8000080fa00000006000600fa001007980077
:1062f80021079800ae0090001e0090000ec7020013
:1063080001000000004f78001e407800e14f500067
:1063180008003a0015c0b3000002eb008001eb0052
:106328001e01900081502100003e2b0092d00700f2
:106338000700370015c0b3000002eb008001eb0036
:106348001e019000ae009000803e2b008ad007000e
:106358001e4078000080fa00000006000800fa00dd
:10636800204798002107980032079800013f2b002a
:1063780090a4200072df020001000000000f7800e6
:10638800420120008000eb0020e9200050050200b7
:106398000000000020e92000a53d2200c43d2200a5
:1063a8008001780042c1b3004100200000c5b3005d
:1063b800c65902000100000060ea20008040eb009e
:1063c800014878009e00780090a4200000804000da
:1063d80021e9200072df0200010000001e0f4000ca
:1063e8009e00780090a4200000804000d13f2b0040
:1063f80072df0200010000001e0f40009e007800be
:1064080090a4200000804000be00900072df0200cf
:10641800010000001e0f40009e00780090a420009c
:106428000080400051902a0072df02000100000045
:106438001e0f40009e00780090a4200000804000bd
:106448000041eb00800078002e409000deb702008b
:10645800010000001e0f40009e00780090a420005c
:1064680000804000815b2a0072df0200010000000a
:106478001e0f40009e00780090a4200080804000fd
:1064880090628000ecb50200010000001e0f400081
:106498009e00780090a420000080400031402b002e
:1064a80072df0200010000001e0f40009e0078000d
:1064b80090a420000080400010310200010000007c
:1064c8000080fb001e0f400012c0b30091a4200002
:1064d8002e00900058ff07000080fa000000060018
:1064e8000c00fa002047980021079800320798000e
:1064f80043079800244f9800354f98002e48900085
:106508000004e0000600320081402b0090a4200027
:1065180072df020001000000000f7800050037005c
:1065280091412b0090a4200072df020001000000be
:10653800000f7800420120008000eb0020e92000d5
:10654800500502000000000020e92000a53d2200bf
:10655800c43d22008001780042c1b3004100200000
:1065680000c5b300c65902000100000060ea20001f
:106578008040eb00014878009e00780090a420003d
:106588000080400021e9200072df020001000000c5
:106598001e0f40002e4890000004e0000800320062
:1065a8009e00780090a420000080400061422b00eb
:1065b80072df0200010000001e0f400007003700d4
:1065c8009e00780090a420000080400051502a00ce
:1065d80072df0200010000001e0f40009e007800dc
:1065e80090a4200000804000be00900072df0200ee
:1065f800010000001e0f40002e4890000004e0003b
:1066080022003a003e4890000004e00010003a00e2
:106618009e00780090a420000080400051902a003d
:1066280072df0200010000001e0f40009e0078008b
:1066380090a42000008040000041eb00800078001a
:106648002e409000deb70200010000001e0f40003f
:106658009e00780090a4200000804000815b2a0002
:1066680072df0200010000001e0f40009e0078004b
:1066780090a420008080400090628000ecb5020069
:10668800010000001e0f40000e0037009e00780039
:1066980090a4200000804000d1422b0072df02004d
:1066a800010000001e0f40009e00780090a420000a
:1066b8008080400090628000ecb50200010000007c
:1066c8001e0f40002e4890000004e0000800320031
:1066d8009e00780090a420000080400051432b00c9
:1066e80072df0200010000001e0f400007003700a3
:1066f8009e00780090a4200000804000914f2a005e
:1067080072df0200010000001e0f40009e007800aa
:1067180090a4200000804000800078004e00900087
:10672800ecb50200010000001e0f40003e4890003a
:106738000004e0000400320091a420002e00900024
:10674800e9fe07000400370012c0b30091a420003e
:106758002e009000b8fe07000080fa000000060036
:106768000c00fa002047980021079800320798008b
:1067780043079800244f9800b1432b0090a42000b1
:1067880072df020001000000000f780042012000c3
:106798008000eb0020e92000500502000000000006
:1067a80020e92000a53d2200c43d22008001780098
:1067b80042c1b3004100200000c5b300c659020021
:1067c8000100000060ea20008040eb0001487800ea
:1067d8009e00780090a420000080400021e920005d
:1067e80072df0200010000001e0f40009e007800ca
:1067f80090a420000080400051502a0072df02005f
:10680800010000001e0f40009e00780090a42000a8
:1068180000804000be00900072df0200010000000e
:106828001e0f40009e00780090a4200000804000c9
:1068380051902a0072df0200010000001e0f400084
:106848009e00780090a42000008040000041eb00ea
:10685800800078002e409000deb7020001000000a2
:106868001e0f40009e00780090a420000080400089
:10687800914f2a0072df0200010000001e0f400045
:106888009e00780090a420000080400080007800de
:106898004e009000ecb50200010000001e0f400001
:1068a8009e00780090a4200000804000815b2a00b0
:1068b80072df0200010000001e0f40009e007800f9
:1068c80090a420008080400090628000ecb5020017
:1068d800010000002e4890000004e000040032008f
:1068e80091a420002e0090007ffe070004003700ce
:1068f80012c0b30091a420002e0090004efe0700a5
:106908000080fa00000006000a00fa0020479800fc
:106918002107980032079800034f980081442b0004
:1069280090a4200072df020001000000000f780030
:10693800420120008000eb0020e920005005020001
:106948000000000020e92000a53d2200c43d2200ef
:106958008001780042c1b3004100200000c5b300a7
:10696800c65902000100000060ea20008040eb00e8
:10697800014878009e00780090a420000080400024
:1069880021e9200072df0200010000001e0f400014
:106998009e00780090a420000080400051502a00fa
:1069a80072df0200010000001e0f40009e00780008
:1069b80090a4200000804000be00900072df02001a
:1069c800010000001e0f40009e00780090a42000e7
:1069d8000080400051902a0072df02000100000090
:1069e8001e0f40009e00780090a420000080400008
:1069f8000041eb00800078002e409000deb70200d6
:106a0800010000001e0f40009e00780090a42000a6
:106a180000804000815b2a0072df02000100000054
:106a28001e0f40009e00780090a420008080400047
:106a380090628000ecb50200010000000e48900052
:106a48000004e0000400320091a420002e00900011
:106a580025fe07000400370012c0b30091a42000ef
:106a68002e009000f4fd07000080fa0000000600e8
:106a78000e00fa0020479800210798003207980076
:106a8800034f9800144f9800254f9800364f9800f0
:106a9800474f98004e4890000004e000060032007e
:106aa80051452b0090a4200072df02000100000075
:106ab800000f78000500370031462b0090a4200015
:106ac80072df020001000000000f78004201200080
:106ad8008000eb0020e920005005020000000000c3
:106ae80020e92000a53d2200c43d22008001780055
:106af80042c1b3004100200000c5b300c6590200de
:106b08000100000060ea20008040eb0001487800a6
:106b18009e00780090a420000080400021e9200019
:106b280072df0200010000001e0f40004e48900076
:106b38000004e000080032009e00780090a42000c5
:106b48000080400061422b0072df0200010000005b
:106b58001e0f4000070037009e00780090a4200018
:106b68000080400051502a0072df0200010000003e
:106b78001e0f40009e00780090a420000080400076
:106b8800be00900072df0200010000001e0f4000ee
:106b98004e4890000004e0004f0032009e0078004c
:106ba80090a4200000804000d1422b0072df020038
:106bb800010000001e0f40009e00780090a42000f5
:106bc8008080400090628000ecb502000100000067
:106bd8001e0f40009e00780090a420000080400016
:106be80001472b0072df0200010000001e0f400069
:106bf8009e00780090a42000008040000041eb0037
:106c0800800078000e489000deb702000100000006
:106c18001e0f40009e00780090a4200000804000d5
:106c280041592a0072df0200010000001e0f4000d7
:106c38009e00780090a42000008040000041eb00f6
:106c4800800078001e489000deb7020001000000b6
:106c58001e0f40009e00780090a420000080400095
:106c680051472b0072df0200010000001e0f400098
:106c78009e00780090a42000008040000041eb00b6
:106c8800800078003e489000deb702000100000056
:106c98001e0f40009e00780090a420000080400055
:106ca800a1472b0072df0200010000001e0f400008
:106cb8009e00780090a42000008040000041eb0076
:106cc800800078002e489000deb702000100000026
:106cd8001e0f40001e0037009e00780090a4200080
:106ce8000080400051902a0072df0200010000007d
:106cf8001e0f40009e00780090a4200000804000f5
:106d08000041eb00800078002e409000deb70200c2
:106d1800010000001e0f40009e00780090a4200093
:106d280000804000815b2a0072df02000100000041
:106d38001e0f40009e00780090a420008080400034
:106d480090628000ecb50200010000001e0f4000b8
:106d58000ef897000004e0000400320091a420001f
:106d68002e00900060fd07000400370012c0b30039
:106d780091a420002e0090002ffd07000080fa004b
:106d8800000006000600fa00204798002107980036
:106d980001482b0090a4200072df020001000000cf
:106da800000f7800420120008000eb0020e920005d
:106db800500502000000000020e92000a53d220047
:106dc800c43d22008001780042c1b3004100200088
:106dd80000c5b300c65902000100000060ea2000a7
:106de8008040eb00014878009e00780090a42000c5
:106df8000080400021e9200072df0200010000004d
:106e08001e0f40009e00780090a4200000804000e3
:106e180051902a0072df0200010000001e0f40009e
:106e28009e00780090a42000008040000041eb0004
:106e3800800078002e409000deb7020001000000bc
:106e48001e0f40009e00780090a4200000804000a3
:106e5800815b2a0072df0200010000001e0f400063
:106e68009e00780090a420008080400090628000fe
:106e7800ecb502000100000022c0b30091a420007c
:106e88002e009000ecfc07000080fa0000000600cd
:106e98000a00fa00204798002107980062479800e6
:106ea80043079800d1482b0090a4200072df02000d
:106eb80001000000000f7800420120008000eb0074
:106ec80020e92000500502000000000020e9200011
:106ed800a53d2200c43d22008001780042c1b300d4
:106ee8004100200000c5b300c6590200010000009f
:106ef80060ea20008040eb00014878009e0078009e
:106f080090a420000080400021e9200072df0200e8
:106f1800010000001e0f40009e00780090a4200091
:106f28000080400051502a0072df0200010000007a
:106f38001e0f40009e00780090a4200000804000b2
:106f4800ce00900072df0200010000001e0f40001a
:106f58009e00780090a420000080400001472b008c
:106f680072df0200010000001e0f40009e00780042
:106f780090a42000008040000041eb0080007800d1
:106f88006e409000deb70200010000001e0f4000b6
:106f98009e00780090a420000080400051902a00b4
:106fa80072df0200010000001e0f40009e00780002
:106fb80090a42000008040000041eb008000780091
:106fc8002e409000deb70200010000001e0f4000b6
:106fd8009e00780090a4200000804000815b2a0079
:106fe80072df0200010000001e0f40009e007800c2
:106ff80090a420008080400090628000ecb50200e0
:107008000100000012c0b30091a420002e009000df
:1070180089fc07000080fa00000006009a00fa00c8
:10702800408f9800e3618000d261800070c3200027
:10703800104078008080fb0060c22000104078007b
:107048000080fb00831f7800821f7800811f780072
:10705800801f780070c22000801f7800ce889000c2
:10706800811f7800003b2900801f78000e007800ff
:107078000005020000000000ee8757000040eb000a
:10708800605799000e00780004e402000100000037
:107098000080fa00000006000800fa00000f7800df
:1070a80021479800220798003307980060c2200003
:1070b80011c0b300014878002e4090000004e000a1
:1070c8000700320060c2200010407800804078003d
:1070d8000114a00060c220000148780006003700b3
:1070e80060c2200010407800804078000114a100a0
:1070f80060c2200001487800f20020009e0078005d
:1071080070c22000aa0602000000000060c3200030
:107118008040eb000148780080c32000e1c1b30043
:1071280001487800ae009000d1618800be00900050
:10713800e1618800c20020009e007800403d2900df
:1071480080060200000000000000e0000700320096
:10715800c20020009e007800103e29008006020030
:10716800000000000000e00004003a0040c5b30041
:10717800f8c80200010000000300370040c4b30053
:10718800f8c8020001000000e03e2900a3ff070044
:107198000080fa00000006000000fa0070c320001a
:1071a800104078000080fb0061006000004078001b
:1071b8000004e00009003200a20120008000eb007a
:1071c80060c22000500502000000000080c32000bb
:1071d80031c0b3000148780005003700a201200043
:1071e8008000eb0060c22000500502000000000093
:1071f800603f290089ff07000080fa0000000600b0
:107208000400fa00204798000040eb00004f780087
:107218002e4090000004e0001300320040e72000f8
:10722800104078008040e80040e7200001487800de
:1072380040e7200010407800ea4f50000d0036006b
:10724800800e2000d0968800f0f1200010407800d1
:107258008040e800f0f120000148780010c0b30039
:10726800004f78000300370040e720008040eb0023
:10727800014878001e4078000080fa0000000600ef
:107288000200fa00004f780000c420001040780087
:107298000080fb0061006000004078000004e0000e
:1072a8003d0032001e407800ed4f500003003200d0
:1072b8001e407800ea4f50001c003a0030e72000da
:1072c800104078000004e0001400320030e720008d
:1072d8009040780070ccb30080cf50000f003e0083
:1072e80030e72000104078000080fb00a1da200081
:1072f8000041eb0082707800c03f290004e40200de
:1073080001000000a0da200004e4020001000000ef
:107318007040290004e402000100000030e720006a
:107328008040eb00014878001b00370030e7200060
:107338009040780070ccb30080cf500016003e001b
:1073480030e72000104078000080fb001e417800e4
:10735800a1da20008270780030e720001040780021
:107368008040e80030e7200001487800f08a2100da
:10737800104078009e40780080cf500006003a0008
:10738800f08a2100104078000004e000020032007a
:10739800a0c0b300baff07000080fa000000060092
:1073a8000200fa00004f780000c420001040780066
:1073b8000080fb0061006000004078000004e000ed
:1073c800390032001e407800ed4f500003003200b3
:1073d8001e407800ea4f500021003a0090da200061
:1073e800104078000004e0002f00320090da2000fe
:1073f8009040780080ccb30080cf500029003e0038
:1074080090da2000104078000080fb0001ce2000b8
:107418000041eb0082707800a040290004e40200db
:107428000100000000ce200004e40200010000007a
:107438005041290004e402000100000090da200015
:107448008040eb0001487800820c20008000eb00af
:1074580000ce200050050200000000001200370096
:1074680090da20009040780070ccb30080cf5000b4
:107478000d003e0090da2000104078000080fb00ec
:107488001e41780001ce20008270780090da20003a
:10749800104078008040e80090da20000148780029
:1074a80001003700000000000080fa00000006001c
:1074b8004800fa00881f780060c798000040eb0079
:1074c800104798000000eb00300f98000040eb00d8
:1074d800405798006ec0900069ff0700e08c2100bb
:1074e800904078006ec0900080cf50000b003a00aa
:1074f80070c680000090a00070c6880080c2b300eb
:107508005fff070010c3b3005dff070090c2b30020
:107518005bff0700d0c0b30059ff0700008d2100b2
:10752800904078006ec0900080cf500013003a0061
:1075380071c6800000202000008060000000e0008c
:107548000e003200008d21008040eb0001487800d9
:1075580080c680000090a00080c6880080c2b3006a
:1075680047ff070020c3b30045ff070090c2b300e0
:1075780043ff0700d0c0b30041ff0700a1c6800049
:1075880000102000008060000000e00010003200c1
:107598007600470000017800714129004068210009
:1075a800e4e0020001000000405798004e509000af
:1075b8000004e00006003200a0c680000090a00091
:1075c800a0c68800a0c680000080a100a0c68800d0
:1075d800b1c6800000102000008060000000e000bc
:1075e800100032007600470000017800b141290000
:1075f80040682100e4e002000100000040579800c4
:107608004e5090000004e00006003200b0c6800032
:107618000090a000b0c68800b0c680000080a1001d
:10762800b0c6880091c6800000102000008060006d
:107638000000e000580032006ec090000080fb009f
:10764800ed0f500023003200ed0f500003003c0006
:10765800ea0f5000310032004f003700b10420001b
:10766800810f50000f003200f1042000810f5000fc
:1076780049003a00208d210010407800e24f500068
:1076880004003a00208d210031c0b3000148780081
:1076980041003700208d21008040eb000148780030
:1076a8003d003700208d210010407800e34f500046
:1076b80004003a00208d210041c0b3000148780041
:1076c80035003700208d21008040eb00014878000c
:1076d80031003700208d2100104078000004e000c0
:1076e80004003200208d210010407800e44f500043
:1076f80006003a00208d2100104078008040e80004
:10770800208d21000148780023003700208d2100ba
:1077180011c0b300014878001f003700208d2100f8
:1077280010407800e14f500004003200208d210005
:1077380010407800e54f500013003a00208d2100da
:10774800104078008040e800208d21000148780032
:10775800208d210010407800e64f500008003a00c4
:1077680090c680000090a00090c6880090c6800057
:107778000080a10090c688000040eb00a0fe070032
:107788000000000004003700208d21008040eb003d
:1077980001487800000000006ec09000ea4f5000d9
:1077a8006a083a0010ae210010407800e14f5000fe
:1077b8003a003a0091c68000002020000080600056
:1077c8000000e00035003200f0cc80000000a0008e
:1077d800f0cc8800f0cc80000010a000f0cc88002d
:1077e80080d3800091d3800061004000e080480091
:1077f80080d3880091d3880040a7210010407800ea
:10780800e14f40000500320040a7210010407800f9
:107818008040e80040a721000148780010ae210010
:107828008040eb0001487800f0cc80000030a100d7
:10783800f0cc8800e0a6210010407800e14f50000d
:1078480016003600e0a62100104078000080fb00fa
:107858008000e900e09921000080400090409000fd
:10786800c0c7b30080cf50000c003a00e0a621004a
:10787800104078008040e900e0a621000148780027
:10788800e0a62100104078008080fb00e0992100ec
:10789800008040008040eb001140980010b4800048
:1078a8000000e0003708320010b480004168210071
:1078b8000041eb008270780010ae21001040780083
:1078c800e14f50000f003a0010b4800041682100d9
:1078d800c2c7b3008270780011b48000d00f2000b6
:1078e800808f500003003e0010b480000000e800c4
:1078f80010b4880010b48000416821000041eb00fa
:10790800827078000000eb0020079800208d21008d
:1079180010407800e54f500025003200208d2100ee
:1079280010407800e64f50002100320041682100e5
:107938004078210072df020001000000a0ae2100a3
:10794800104078000004e00019003200407821005f
:107958005006020000000000004078000041780056
:10796800a1ae2100407821003cdf020001000000a8
:107978000000e0000e0032004201200031422900e0
:10798800e0bc20004205020000000000e0bc20002e
:1079980004e402000100000090ae210011c0b30011
:1079a80001487800a0ae21008040eb000148780033
:1079b800605e80000000e00011003500605e80001d
:1079c8000000e0000e003c00207a21008040eb001f
:1079d80001487800123f2100605e80007f00b900f6
:1079e800000078000000410041782100b0df02006b
:1079f80001000000605e80000000e800605e880012
:107a0800f0cc8000610060000000e000ff013a0057
:107a1800f0cc8000620060000000e000fb013a004a
:107a280010b48000e70f50007f01360072c0b30029
:107a380071432900406821003cdf0200010000007a
:107a48000000e0007801320010c0b300004f780059
:107a5800ff2c070010ae2100104078000004e00061
:107a6800a2013a0010ae210011c0b300014878000d
:107a7800f0cc80000020a000f0cc880070c0b300db
:107a8800104798000000eb0060d388001f00370003
:107a98001e4090000080fb0041682100e140780012
:107aa800f0c2b30080cf5000150034001e40900093
:107ab8000080fb0041682100e140780090c3b300da
:107ac80080cf50000e003c0060d380006a00b900ef
:107ad8000000780060d3880068d380001e409000c2
:107ae8000080fb0041682100614078002eb7020049
:107af800010000000080fb000000440060d3880003
:107b08001e4090000040e800104798001e4090007a
:107b18008080fb0010b48000808f50000d00310081
:107b28001e4090000080fb00416821006140780001
:107b38000004e000070032001e4090000080fb00b7
:107b480041682100e1407800c0c2b30080cf5000f6
:107b5800cfff3a001e4090008080fb0010b48000e8
:107b6800808f5000270131001e4090000080fb00ec
:107b780041682100e1407800c0c2b30080cf5000c6
:107b880020013a001e4090000040e800104798008d
:107b98001e4090000080fb00416821006140780091
:107ba8000004e000070032001e4090000080fb0047
:107bb80041682100e1407800c0c2b30080cf500086
:107bc800f0ff3a001e4090000080fb004168210051
:107bd800e1407800c0c2b30080cf500009013a00ec
:107be8001e4090000040e800104798001e4090009a
:107bf8000080fb0041682100e140780020c2b3000a
:107c080080cf5000ff003a000000eb0010079800fa
:107c18001e4090000040e800104798000e00370012
:107c28001e4090000080fb0041682100e140780080
:107c38001e01900000a421000000410001487800c6
:107c48001e4090000040e800104798001e00900079
:107c58000000e800100798001e4090008080fb009c
:107c680010b48000808f5000100031001e4090003a
:107c78000080fb0041682100614078000004e000ba
:107c88000a0032001e4090000080fb00416821007d
:107c9800e140780020c2b30080cf500003003200da
:107ca8001e009000f80f5000ddff34009e00900089
:107cb80000a42100008040008040eb0001487800cb
:107cc8001e4090008080fb0010b48000808f500020
:107cd800cc0031001e4090000080fb00416821006c
:107ce800614078000004e000c60032001e409000a9
:107cf8000040e800104798001e4090000080fb00fc
:107d080041682100614078000004e000070032006b
:107d18001e4090000080fb0041682100e14078008f
:107d2800c0c2b30080cf5000f0ff3a001e40900060
:107d38000080fb0041682100e1407800c0c2b30028
:107d480080cf5000af003a001e4090000040e8008d
:107d5800104798001e4090000080fb0041682100f9
:107d6800614078000004e000070032001e409000e7
:107d78000080fb0041682100e1407800c0c2b300e8
:107d880080cf5000f0ff3a001e4090000080fb00ba
:107d980041682100e1407800c0c2b30080cf5000a4
:107da80098003a001e4090000040e80010479800f4
:107db8001e4090000080fb0041682100e1407800ef
:107dc80020c2b30080cf50008e003a001e409000c1
:107dd8000040e80010479800e0a621008040eb0032
:107de8000148780015003700e0a62100104078000f
:107df8000081fb001e4090000080fb0041682100cc
:107e0800e1407800a0a52100000041000148780069
:107e18001e4090000040e80010479800e0a62100ae
:107e2800104078008040e800e0a621000148780072
:107e38002e0090000000e800200798001e409000e7
:107e48008080fb0010b48000808f5000110031004a
:107e58001e4090000080fb004168210061407800ce
:107e68000004e0000b0032001e4090000080fb0080
:107e780041682100e1407800c0c2b30080cf5000c3
:107e880004003200e0a6210010407800e74f5000bf
:107e9800d5ff3600ae009000f0092000808f50001a
:107ea80058003c00e0a62100104078008080fb00cc
:107eb800a0a52100008040008040eb000148780028
:107ec800030037001e4090000040e800104798006b
:107ed8001e4090000080fb0041682100614078004e
:107ee8000004e000070032001e4090000080fb0004
:107ef80041682100e1407800c0c2b30080cf500043
:107f0800f0ff3a001e4090000080fb00416821000d
:107f1800e1407800c0c2b30080cf500039003a0079
:107f28001e4090000040e80010479800e0a621009d
:107f38008040eb000148780012003700e0a62100dd
:107f4800104078000081fb001e4090000080fb007c
:107f580041682100e140780020a62100000041008e
:107f6800114098001e4090000040e800104798001b
:107f7800e0a62100104078008040e800e0a621003b
:107f8800014878001e4090008080fb0010b48000fb
:107f9800808f5000110031001e4090000080fb00cf
:107fa80041682100614078000004e0000b003200c5
:107fb8001e4090000080fb0041682100e1407800ed
:107fc800b0c2b30080cf500004003200e0a6210008
:107fd80010407800e74f5000d8ff3600e0a6210097
:107fe800104078008080fb0020a62100008040001f
:107ff8008040eb0011409800f0cc80000020a100e8
:10800800f0cc8800e0a621008040eb000148780011
:10801800f09921008040eb000148780020c0b300af
:10802800004f7800310037000040eb00004f780027
:1080380091c6800000202000008060000000e00061
:108048002a003a0010ae210010407800e14f50009d
:1080580026003a000040eb00104798001200370055
:10806800e0a62100104078000081fb001e4090002f
:108078000080fb0041682100e1407800e099210080
:1080880000004100114098001e4090000040e800a8
:1080980010479800e0a62100104078008040e800d2
:1080a800e0a62100014878001e4090008080fb0077
:1080b80010b48000808f500005003100e0a6210038
:1080c80090407800f0c9b30080cf5000e4ff36003c
:1080d800e0a62100104078008080fb00e099210094
:1080e800008040008040eb001140980010ae210055
:1080f80010407800e14f500044003a001e407800dc
:10810800e14f50000500320091c680000020200099
:10811800008060000000e0003c003200f0cc8000ed
:108128000000a000f0cc8800f0cc80000010a00077
:10813800f0cc880080d3800091d38000610040009b
:10814800e080480080d3880091d3880010ae2100d9
:108158008040eb000148780040a7210010407800db
:10816800e14f40000500320040a721001040780090
:108178008040e80040a72100014878001e407800b0
:108188000004e00004003200f0cc80000030a000c1
:10819800f0cc880003003700f0cc80000030a1004c
:1081a800f0cc8800e0a6210010407800e14f500094
:1081b80016003600e0a62100104078000080fb0081
:1081c8008000e900e0992100008040009040900084
:1081d800c0c7b30080cf50000c003a00e0a62100d1
:1081e800104078008040e900e0a6210001487800ae
:1081f800e0a62100104078008080fb00e099210073
:10820800008040008040eb001140980010ae210033
:10821800104078000004e000c9053a00c2c0b3006d
:10822800f1432900406821003cdf02000100000002
:108238000000e0000600320080e820008040eb00eb
:1082480001487800406821000c4902000100000044
:1082580052c0b300c1442900406821003cdf02003d
:10826800010000000000e0000e003a00a2c0b300c8
:1082780021452900406821003cdf02000100000080
:108288000000e00007003a00a2c0b300d145290071
:10829800406821003cdf0200010000000000e0000f
:1082a8001a003200e0022100c210200021f2200052
:1082b800420502000000000000f02000345e0200c9
:1082c800010000007200200001f0200020022100bf
:1082d80042050200000000004168210020f2200051
:1082e800b0df020001000000d096800050818800b5
:1082f80050c5200090407800c00221000148780055
:1083080080ae210011c0b3000148780082c1b300db
:1083180081462900406821003cdf0200010000007e
:108328000000e0002c00320070c3200010407800ec
:108338000080fb00680060000000e00016003200ca
:1083480060c22000104078000080fb0064006000dc
:108358000000e00010003a0070c320008040eb00ed
:108368000148780060c2200021c0b30001487800ad
:1083780060c2200010407800804078000104a0000e
:1083880060c2200001487800e0c3200031c0b3007b
:10839800014878001000370060c2200010407800c3
:1083a8000080fb0061006000004078000004e000ed
:1083b8000400320070c320008040eb0001487800c0
:1083c80005003700a20120008000eb0060c22000f9
:1083d800500502000000000032c0b3001148290017
:1083e800406821003cdf0200010000000000e000be
:1083f800050032005048290004e402000100000092
:1084080010002000d0968800a2c0b300414a29007d
:10841800406821003cdf0200010000000000e0008d
:1084280094003200905a210090407800a0c5b30013
:1084380080cf50008f003a00c0c0b30010479800aa
:108448001e4090000080fb0063004000416821004e
:10845800e140780020c2b30080cf500012003a00fb
:108468001e40900063404000104798001e40900056
:108478000080fb006300400041682100e140780073
:1084880020c2b30080cf5000040032001e4090008c
:10849800634040001047980050003700c0c0b30048
:1084a800104798004d0037001e4090000080fb00e8
:1084b8006400400041682100e140780020c2b30018
:1084c80080cf500012003a001e40900064404000e7
:1084d800104798001e4090000080fb006300400099
:1084e80041682100e140780020c2b30080cf5000ed
:1084f800040032001e40900063404000104798007e
:1085080036003700c0c0b30010479800330037006a
:108518001e4090000080fb0065004000416821007b
:10852800e140780020c2b30080cf500012003a002a
:108538001e40900065404000104798001e40900083
:108548000080fb006300400041682100e1407800a2
:1085580020c2b30080cf5000040032001e409000bb
:1085680063404000104798001c003700c0c0b300ab
:1085780010479800190037001e4090000080fb004b
:108588006700400041682100e140780020c2b30044
:1085980080cf500011003a001e4090006740400014
:1085a800104798001e4090000080fb0063004000c8
:1085b80041682100e140780020c2b30080cf50001c
:1085c800040032001e4090006340400010479800ad
:1085d80002003700c0c0b300104798001e4090004a
:1085e800ec4f5000230036000000eb0030079800e5
:1085f8000f0037001e4090000080fb0041682100fa
:1086080061407800804078003e019000805a210047
:1086180000004100114098003e0090000000e80072
:10862800300798001e4090000040e800104798006e
:108638001e4090000080fb0041682100e140780066
:1086480020c2b30080cf5000eaff3a00905a2100c0
:1086580032c0b300f14a29003cdf020001000000eb
:108668000000e00003003200905a2100a1c5b300c9
:108678000148780092c0b300314b290040682100be
:108688003cdf0200010000000000e00004003200ae
:10869800d0af80000000a100d0af88000a003700ea
:1086a80092c0b300d14b2900406821003cdf020092
:1086b800010000000000e00003003200d0af80009d
:1086c8000000a000d0af8800a2c0b300714c290000
:1086d800406821003cdf0200010000000000e000cb
:1086e80007003200e1682100905c210072df02007f
:1086f800010000008022210011c0b3000148780069
:10870800d2c0b300214d2900406821003cdf02009f
:10871800010000000000e0005e0032003069210026
:108728009040780000c3b30080cf500009003a00a1
:10873800004e290004e4020001000000e1b38000bb
:10874800f0ff28000080600000c0a000e0b38800af
:108758004c003700306921009040780070c3b300a6
:1087680080cf50000a003a00d04e290004e40200ed
:1087780001000000e1b38000f0ff28008080600065
:108788000000250001007000e0b388003d003700bc
:10879800306921009040780010c3b30080cf5000aa
:1087a80038003200306921009040780020c3b300bf
:1087b80080cf500009003a00904f290004e40200dd
:1087c80001000000e1b38000f0ff28000080600095
:1087d80000c0a000e0b388002a00370030692100fb
:1087e8009040780030c3b30080cf500009003a00b1
:1087f800d04e290004e4020001000000e1b380002b
:10880800f0ff28000080600000e0a000e0b38800ce
:108818001c003700306921009040780040c3b30045
:1088280080cf500009003a00d04e290004e402002d
:1088380001000000e1b38000f0ff28000080600024
:1088480000d0a000e0b388000e0037003069210096
:108858009040780050c3b30080cf500009003a0020
:10886800d04e290004e4020001000000e1b38000ba
:10887800f0ff2800808060000000230001007000e5
:10888800e0b3880030692100a4b9020001000000ab
:10889800f0b38800f2c0b30071502900406821008d
:1088a8003cdf0200010000000000e0001800320078
:1088b800306921009040780000c3b30080cf500099
:1088c80006003a00e1b38000f0ff28000080600055
:1088d80000c0a000e0b388000a003700e1b38000c0
:1088e800f0ff280080806000000025000100700073
:1088f800e0b3880040692100a4b90200010000002b
:10890800f0b38800e0b3800000f0a000e0b3880076
:1089180012c1b30071512900406821003cdf0200f8
:10892800010000000000e00003003200e0b3800016
:108938000080a100e0b3880012c1b3009152290061
:10894800406821003cdf0200010000000000e00058
:1089580003003200e0b380000080a100e0b388008b
:10896800b2c0b300b1532900406821003cdf0200c7
:10897800010000000000e0000c003200f068210057
:108988009040780000c3b30080cf5000040032004c
:1089980000b080000080a10000b08800030037000c
:1089a80000b080000080a00000b08800b2c0b30012
:1089b80071542900406821003cdf020001000000da
:1089c8000000e0000300320000b080000080a10039
:1089d80000b08800a2c0b3003155290040682100ca
:1089e8003cdf0200010000000000e0000c00320043
:1089f800006921009040780000c3b30080cf500088
:108a080004003a0000b080000090a00000b0880088
:108a18000300370000b080000090a10000b088007b
:108a280092c0b300e1552900406821003cdf0200f4
:108a3800010000000000e0000300320000b08000e8
:108a480000d0a00000b0880072c0b3008156290091
:108a5800406821003cdf0200010000000000e00047
:108a68004d00320070c0b300004f98000040eb008a
:108a7800104f98000f0037001e4890000081fb003f
:108a88000e4890000080fb0041682100e14078001a
:108a9800604f210000004100014878000e48900016
:108aa8000040e800004f98001e4890000040e80091
:108ab800104f98000e4890000080fb00416821008c
:108ac800614078000004e000070032000e48900082
:108ad8000080fb0041682100e1407800c0c2b3007b
:108ae80080cf5000e4ff3a001e4890008080fb00d1
:108af800604f2100008040008040eb000148780072
:108b08000e4890000040e800004f98000040eb003d
:108b1800104f98000f0037001e4890000081fb009e
:108b28001e4090000080fb0041682100e140780071
:108b3800e04f210000004100114098000e489000cd
:108b48000040e800004f98001e4890000040e800f0
:108b5800104f98001e4090008080fb0010b48000e9
:108b6800808f5000060031000e4890000080fb0006
:108b780041682100614078000004e000e6ff3a0007
:108b88001e4890008080fb00e04f210000804000dc
:108b98008040eb001140980080b021001040780020
:108ba800e14f50007a003a00006021001040780040
:108bb8000000fb00500798000040eb0010479800a9
:108bc80001b0800000002800008060000000e00084
:108bd8001300320000b0800000f0a10000b088004f
:108be8005a0037001e4090000080fb0041682100b9
:108bf800e14078005e019000004e21000000410035
:108c0800114098001e4090000040e800104798006e
:108c18005e0090000000e80050079800010037004f
:108c2800000000001e4090008080fb0010b480000f
:108c3800808f5000100031001e4090000080fb0023
:108c480041682100614078000004e0000a00320019
:108c58001e4090000080fb0041682100e140780040
:108c6800c0c2b30080cf5000030032005e00900005
:108c7800f30f5000dbff3400de009000004e2100af
:108c8800008040008040eb00114098001e4090009a
:108c98000040e800104798000000eb0050079800db
:108ca8002a0037001e4090000080fb004168210028
:108cb800e14078005e01900000442100000041007e
:108cc80001487800de009000004421000080400048
:108cd80010407800ea4f500016003a001e409000fd
:108ce8000080fb0041682100614078000080fb00a3
:108cf8000000ea004f00de00004078009e4090002f
:108d08008140e800114798000004e00009003200a3
:108d18005e009000804078000060210001487800e3
:108d2800de00900000442100008040008040eb00fd
:108d3800014878001e4090000040e8001047980065
:108d48005e0090000000e800500798001e40900068
:108d58008080fb0010b48000808f50000400310038
:108d6800de009000f0092000808f5000cdff340015
:108d7800de00900000442100008040008040eb00ad
:108d88000148780080b021008040eb00014878005d
:108d9800e2c0b30001572900406821003cdf02000f
:108da800010000000000e0002100320000b0800057
:108db80000d0a10000b0880010c1b300104798008f
:108dc8000000eb0060079800100037006e0090006c
:108dd8006a00b90000007800600798001e40900003
:108de8008080fb004068210000804000a4b9020098
:108df80001000000ee0090000100400060079800ac
:108e08001e4090000040e800104798001e40900067
:108e18000080fb0041682100614078000004e00008
:108e2800eaff3a0080b0210011c0b3000148780081
:108e3800d2c0b300f1572900406821003cdf02008e
:108e4800010000000000e0000300320000b08000d4
:108e580000e0a00000b08800b2c0b300d1582900db
:108e6800406821003cdf0200010000000000e00033
:108e78000300320000b080000090a10000b088001c
:108e8800b2c0b30071542900406821003cdf0200e1
:108e9800010000000000e0000300320000b0800084
:108ea8000080a10000b0880012c1b30091592900c8
:108eb800406821003cdf0200010000000000e000e3
:108ec8000300320000b080000090a10000b08800cc
:108ed80012c1b300b15a2900406821003cdf0200ea
:108ee800010000000000e0000300320000b0800034
:108ef8000090a10000b08800c2c0b300d15b290077
:108f0800406821003cdf0200010000000000e00092
:108f18000800320000b1210011c0b30001487800f8
:108f2800a0fc80000040a100a0fc8800a00f200049
:108f380040f08800a0fc8000700060000000e000a5
:108f4800680032004068210096b702000100000066
:108f580050579800b0f9210096b7020001000000b0
:108f6800604f9800de5090006e48900080cf50000f
:108f780002003600de509000614f980040682100e2
:108f8800b6a10200010000000004e0001700320052
:108f9800a05c290004e4020001000000a0fc80009d
:108fa8000040a100a0fc8800b0f921006e499000a3
:108fb80080007800406821003cdf020001000000ca
:108fc8000000e00003003200a0fc80000060a00068
:108fd800a0fc880022c3b30041682100b0f9210039
:108fe800eedf0200010000003e003700406821006b
:108ff800de50900034a30200010000000004e000ed
:1090080017003200005e290004e40200010000009d
:10901800a0fc80000040a100a0fc8800b0f921005d
:109028006e49900080007800406821003cdf020013
:10903800010000000000e00003003200a0fc8000f6
:109048000060a000a0fc880022c3b3004168210092
:10905800b0f92100eedf0200010000002100370016
:1090680022f0800033f080005e5090000080fb000a
:109078008000eb00020040008380480020f0880058
:1090880031f0880020f0800031f08000620040005c
:10909800e080480020f0880031f0880022f080004d
:1090a80033f0800060d8800071d88000000cb000d8
:1090b8000180b000800f5100818f590006003600f2
:1090c80060d8800071d88000000cb0000180b0002a
:1090d80020f0880031f08800b0f921008040eb00d2
:1090e8000148780002c1b300315f290040682100bf
:1090f8003cdf0200010000000000e00051003200e7
:1091080040692100000f98000000eb00100f980044
:109118000c0037001e0890006a00b9008000780033
:109128000e089000104078000000fb000003b1001a
:1091380000804000100f98000e0890000000e80022
:10914800000f98000e08900090407800f0c2b3001d
:1091580080cf50000a0034000e089000904078003c
:1091680090c3b30080cf5000eaff340005003700f9
:109178000e0890000000e800000f9800010037007a
:10918800000000000e0890009040780000c2b30074
:1091980080cf5000f6ff32009e089000000c20009f
:1091a800808f500010003c000e089000104078009e
:1091b800ed4f5000080032000e0890001040780073
:1091c800ea4f5000040032000e089000104078006a
:1091d8000004e00004003a00a0fc80000040a00069
:1091e800a0fc8800110037004060290004e4020058
:1091f80001000000780047009e089000811f780059
:10920800d1612900811f78000005020000000000dc
:10921800e48757007800470004e4020001000000da
:10922800a0fc80000040a100a0fc880060d880005d
:1092380071d8800020f0880031f088000071220089
:1092480040f0880072c0b300a16229004068210084
:109258003cdf0200010000000000e0005501320080
:10926800406821005006020000000000eb0f50008b
:109278005001360040882100104078008040e80006
:109288004088210001487800d0682100904078008b
:1092980010c3b30080cf5000f3003a0010a921009a
:1092a800104078000080fb00e10f500034003200cd
:1092b800e10f500003003c000000e000060032000f
:1092c800e3003700e20f500031013200e30f500095
:1092d8007f003200de003700a080200010407800b8
:1092e8000004e00008003a00a080200021c0b3007c
:1092f8000148780042e402000100000020632900d0
:1093080004e4020001000000f0aa210010407800e7
:109318000004e0000600320042e402000100000000
:10932800d064290004e40200010000002101370094
:10933800f0a18000e50f500005003a000040eb0066
:1093480070c702000100000030002000f0a1880072
:1093580010a9210011c0b3000148780042e40200be
:10936800010000005067290004e402000100000029
:10937800a080200011c0b300014878000d0137001b
:1093880090c0b300104798000000eb001007980049
:10939800030037001e4090000040e8001047980086
:1093a8001e4090008080fb0010b48000808f500029
:1093b800070031001e4090000080fb00416821003a
:1093c800e140780020c2b30080cf5000f1ff3a009e
:1093d8001e4090000080fb0041682100e1407800b9
:1093e80020c2b30080cf500023003a001e409000f6
:1093f8000040e800104798000000eb0010079800b4
:109408000e0037001e4090000080fb0041682100dc
:10941800e14078001e01900060a721000000410093
:10942800114098001e0090000000e8001007980006
:109438001e4090000040e800104798001e40900031
:109448008080fb0010b48000808f50000a0031003b
:109458001e4090000080fb0041682100e140780038
:1094680020c2b30080cf5000030032001e009000dd
:10947800f80f5000e3ff34001e0090000000e000e9
:1094880005003a00b16a290070a7210072df0200c6
:1094980001000000100798009e00900060a72100be
:1094a800008040008040eb001140980010a9210086
:1094b80021c0b3000148780042e402000100000026
:1094c800a06b290004e4020001000000b900370085
:1094d800f06821009040780000c3b30080cf5000ae
:1094e800ad00320090c0b300104798000000eb00b8
:1094f80010079800030037001e4090000040e80065
:10950800104798001e4090008080fb0010b4800037
:10951800808f5000070031001e4090000080fb0043
:1095280041682100e140780020c2b30080cf50009c
:10953800f1ff3a001e4090000080fb0041682100c6
:10954800e140780020c2b30080cf500024003a00e8
:109558001e4090000040e800104798000000eb0013
:10956800100798000f0037001e4090000080fb0095
:1095780041682100e1407800c20220000e0141004c
:109588001e00900000004100014878001e00900075
:109598000000e800100798001e4090000040e80016
:1095a800104798001e4090008080fb0010b4800097
:1095b800808f50000a0031001e4090000080fb00a0
:1095c80041682100e140780020c2b30080cf5000fc
:1095d800030032001e009000f80f5000e2ff340034
:1095e8001e0090000000e00006003a00c0022000c3
:1095f8000e004000b16a290072df0200010000007d
:1096080010079800c10220008e8040001e009000c4
:10961800008040008040eb0001487800c002200034
:109628000e00400071a72100b2de02000100000018
:109638000000e0005a003200806d290004e40200b6
:109648000100000040062000d0968800590037002d
:10965800606e290004e402000100000040062000ba
:10966800d096880053003700d068210090407800d9
:1096780000c3b30080cf50004e003a00f0aa21008a
:10968800104078000080fb00e10f50003d003500dd
:10969800e20f500003003400e30f500031003200a5
:1096a80038003700f06821009040780020c3b300ec
:1096b80080cf500005003200f0682100904078000b
:1096c80030c3b30080cf500003003a00f0aa210055
:1096d80021c0b30001487800f0682100904078006c
:1096e80000c3b30080cf500015003a00f0aa210053
:1096f80031c0b3000148780020ab2100b040900091
:1097080000c5b30080cf50000d00320020ab21000f
:1097180010007800610060000000e00005003200e1
:1097280020ab2100a040900000c5b30080cf5000be
:109738000300320000c5b300f8c8020001000000b1
:10974800f06821009040780060c3b30080cf5000db
:1097580015003a00f0aa210061c0b3000148780062
:1097680014003700f06821009040780000c3b3006f
:1097780080cf50000e00320040062000d0968800ae
:109788000c00370040062000d096880009003700fa
:109798000000000007003700000000000500370047
:1097a800000000000300370000000000010037003f
:1097b80000000000f2c0b300016f290040682100da
:1097c8003cdf0200010000000000e000020032005f
:1097d80040062000d096880042c0b30001702900de
:1097e800406821003cdf0200010000000000e000aa
:1097f8005300320010a92100104078000004e00056
:1098080021003a00f0aa2100104078000004e0008e
:109818001d003a00f0a18000e50f500005003a0055
:109828000040eb0070c7020001000000300020007b
:10983800f0a1880010a9210011c0b30001487800e8
:1098480042e40200010000005067290004e402001d
:1098580001000000a080200011c0b300014878007a
:109868000000eb00e0738800007d2000d0738800c2
:109878000000eb00b0738800602221008040eb00fc
:10988800014878002e00370042e402000100000081
:109898005070290004e40200010000005171290001
:1098a800e0bc200072df02000100000010079800f1
:1098b8009e009000e0bc20008080400010a921009c
:1098c800104078000041eb00deb702000100000004
:1098d8009e0090000080400010079800e0bc200027
:1098e80004e4020001000000b1712900e0bc20007e
:1098f80072df020001000000100798009e0090002f
:10990800e0bc200080804000f0aa210010407800d0
:109918000041eb00deb70200010000009e0090004d
:109928000080400010079800e0bc200004e402001a
:10993800010000005041290004e402000100000079
:109948000000eb0010b488000e0037006ec09000d5
:10995800ed4f50000b00320011b48000f0092000d8
:10996800808f500007003e0010b480006ec1900048
:10997800416821008270780010b480000000e8007f
:1099880010b488004f0478000080fa000000060038
:109998001600fa00200f98001072290004e4020053
:1099a80001000000d0968000801f7800d073290045
:1099b800801f78000e0078000005020000000000fb
:1099c800e48757000e00780004e40200010000005c
:1099d8000074290004e40200010000002e08900031
:1099e800d096880090c680000090a00090c688009d
:1099f80060002000f0a1880010c0b30000f6070046
:109a08000080fa0000000600bc02fa0000c4200032
:109a1800104078000080fb00610060000040780082
:109a28000004e00004003a00608020001040780044
:109a38000004e00013003200d1968000503081000d
:109a4800808f50000f00320051308100d096800086
:109a5800811f7800801f7800c0742900801f78005b
:109a6800e0bc20000005020000000000e687570067
:109a7800e0bc200004e4020001000000d096800051
:109a880050308900d0968000910d2000810f500041
:109a9800f00e3200910d2000810f500073013e003e
:109aa80041032000810f5000511132004103200072
:109ab800810f5000a0003e00f70f5000f80632005a
:109ac800f70f500044003e00eb0f5000f80432003e
:109ad800eb0f500020003e00e50f5000ff0332005e
:109ae800e50f50000e003e00e20f5000a7033200c1
:109af800e20f500005003e000000e000f8023200ce
:109b0800e10f5000910332006e243700e30f50003c
:109b1800bb033200e40f5000d6033200692437003b
:109b2800e80f500066043200e80f500005003e00c0
:109b3800e60f500009043200e70f50003b043200e2
:109b480060243700e90f500093043200ea0f5000f8
:109b5800b10432005b243700f10f5000fa053200df
:109b6800f10f50000e003e00ee0f5000820532004b
:109b7800ee0f500005003e00ec0f5000ec043200e0
:109b8800ed0f5000360532004e243700ef0f50001d
:109b980099053200f00f5000d105320049243700f2
:109ba800f40f500070063200f40f500005003e001c
:109bb800f20f500001063200f30f50005006320039
:109bc80040243700f50f500081063200f60f500090
:109bd800990632003b24370031022000810f5000e3
:109be8000b08320031022000810f500024003e0093
:109bf800fd0f500055073200fd0f50000e003e00cb
:109c0800fa0f500003073200fa0f500005003e001b
:109c1800f80f5000bc063200f90f5000e30632007e
:109c280028243700fb0f500014073200fc0f5000a7
:109c38002c0732002324370001022000810f500036
:109c48009007320001022000810f500005003e00fd
:109c5800fe0f500057073200ff0f50006f07320009
:109c68001824370011022000810f5000b00732007d
:109c780021022000810f5000c7073200112437004d
:109c8800b1022000810f5000510f3200b1022000b4
:109c9800810f500014003e0071022000810f500017
:109ca8004b09320071022000810f500007003e006e
:109cb80041022000810f5000ef07320051022000be
:109cc800810f500002083200fe2337008102200075
:109cd800810f5000e80e320091022000810f5000e1
:109ce8000d0f3200f7233700e1022000810f5000ea
:109cf800990f3200e1022000810f500007003e005a
:109d0800c1022000810f5000440f3200d102200010
:109d1800810f5000750f3200ea233700210320001d
:109d2800810f50009b0f320031032000810f50003b
:109d3800a50f3200e323370071062000810f500081
:109d4800af16320071062000810f500062003e00fd
:109d580011052000810f5000bd13320011052000ad
:109d6800810f50002e003e00e1032000810f5000bb
:109d7800d7123200e1032000810f500014003e008a
:109d880071032000810f5000591132007103200027
:109d9800810f500007003e0051032000810f500042
:109da800a010320061032000810f500043113200df
:109db800c4233700c1032000810f50007f123200f6
:109dc800d1032000810f500099123200bd233700c3
:109dd80011042000810f50005b1332001104200091
:109de800810f500007003e00f1032000810f500052
:109df800d812320001042000810f5000e81232000e
:109e0800b023370021042000810f50005b1332007b
:109e180001052000810f500079133200a923370073
:109e2800b1052000810f50000e153200b105200049
:109e3800810f500014003e0051052000810f500092
:109e4800d614320051052000810f500007003e0053
:109e580021052000810f5000de133200310520005b
:109e6800810f5000fc133200962337006105200053
:109e7800810f5000d7143200a1052000810f500037
:109e8800e31432008f233700e1052000810f5000d2
:109e9800cd153200e1052000810f500007003e007b
:109ea800c1052000810f500015153200d105200092
:109eb800810f50002d153200822337004106200003
:109ec800810f5000e715320061062000810f500015
:109ed8003e1632007b233700810c2000810f500092
:109ee800e9083200810c2000810f50002e003e004e
:109ef800010a2000810f500035183200010a2000a5
:109f0800810f500014003e0041072000810f5000cf
:109f18008117320041072000810f500007003e00e2
:109f280021072000810f5000f2163200310720006f
:109f3800810f50004017320062233700a10720002c
:109f4800810f50006f163200b1072000810f5000ba
:109f58007e1632005b233700a10a2000810f5000d3
:109f680089183200a10a2000810f500007003e0026
:109f7800110a2000810f50003c183200210a2000ed
:109f8800810f5000731832004e233700b10a2000a9
:109f9800810f50009d183200c10a2000810f500027
:109fa800d218320047233700e10c2000810f5000ff
:109fb800940c3200e10c2000810f500014003e0088
:109fc800b10c2000810f50002c0c3200b10c200085
:109fd800810f500007003e00910c2000810f5000b7
:109fe800b50b3200a10c2000810f5000d60b3200b7
:109ff80034233700c10c2000810f5000690c320057
:10a00800d10c2000810f50006f0c32002d23370037
:10a01800410d2000810f5000020d3200410d20003b
:10a02800810f500007003e00210d2000810f5000d5
:10a03800810c3200310d2000810f5000b30c32002a
:10a0480020233700610d2000810f50005a0d320087
:10a05800610d2000810f50004d0d3900810d200049
:10a06800810f5000750d320016233700111c200097
:10a07800810f5000981c3200111c2000810f5000e5
:10a08800ca003e00b1112000810f50008319320030
:10a09800b1112000810f500062003e00b10f200076
:10a0a800810f5000820d3200b10f2000810f500047
:10a0b8002e003e00d10e2000810f50001e193200e4
:10a0c800d10e2000810f500014003e00a10e200088
:10a0d800810f5000e3183200a10e2000810f5000bc
:10a0e80007003e00810e2000810f5000b918320091
:10a0f800910e2000810f5000c3183200f122370062
:10a10800b10e2000810f5000e3183200c10e20006c
:10a11800810f5000ed183200ea223700010f2000ad
:10a12800810f500069193200010f2000810f500083
:10a1380007003e00e10e2000810f50001319320085
:10a14800f10e2000810f500018193200dd2237006f
:10a15800110f2000810f500077193200a10f200045
:10a16800810f5000410d3200d622370051102000d7
:10a17800810f5000b819320051102000810f500093
:10a1880014003e00e10f2000810f50008d0d3200b9
:10a19800e10f2000810f500007003e00c10f200092
:10a1a800810f5000630d3200d10f2000810f500045
:10a1b8006e0d3200c3223700f10f2000810f5000ce
:10a1c8008a19320041102000810f50009119320085
:10a1d800bc22370081112000810f5000f71832008f
:10a1e80081112000810f500007003e0061102000ff
:10a1f800810f5000e119320071102000810f5000ca
:10a20800111a3200af22370091112000810f50003f
:10a21800f5183200a1112000810f5000fd183200fe
:10a22800a822370001192000810f5000c201320016
:10a2380001192000810f50002e003e00c117200098
:10a24800810f5000b0063200c1172000810f500066
:10a2580014003e00d1122000810f5000301a320045
:10a26800d1122000810f500007003e00c1112000cc
:10a27800810f500011193200c1122000810f5000c7
:10a288000e1a32008f223700e1122000810f500091
:10a298008e1a3200f1122000810f5000a41a3200e9
:10a2a80088223700f1172000810f50002f07320055
:10a2b800f1172000810f500007003e00d117200041
:10a2c800810f5000ba063200e1172000810f5000bc
:10a2d800e50632007b22370001182000810f50006c
:10a2e8005907320011182000810f50009b073200d7
:10a2f80074223700b11b2000810f5000751b3200fb
:10a30800b11b2000810f500014003e00811b20006b
:10a31800810f5000261b3200811b2000810f500046
:10a3280007003e00311b2000810f5000fd1a32004b
:10a33800411b2000810f5000041b320061223700ae
:10a34800911b2000810f50002c1b3200a11b200004
:10a35800810f5000491b32005a223700e11b2000b0
:10a36800810f5000a81b3200e11b2000810f500014
:10a3780007003e00c11b2000810f5000621b320005
:10a38800d11b2000810f5000791b32004d2237006d
:10a39800f11b2000810f5000ac1b3200011c200073
:10a3a800810f5000b31b32004622370011202000d5
:10a3b800810f5000d31a320011202000810f500065
:10a3c80062003e00f11c2000810f5000dd1d3200ac
:10a3d800f11c2000810f50002e003e00711c20004f
:10a3e800810f5000421c3200711c2000810f500068
:10a3f80014003e00411c2000810f5000ee1b32006b
:10a40800411c2000810f500007003e00211c200045
:10a41800810f5000c31b3200311c2000810f5000f7
:10a42800ca1b320027223700511c2000810f500020
:10a43800001c3200611c2000810f5000161c3200e5
:10a4480020223700b11c2000810f5000841c3200ec
:10a45800b11c2000810f500007003e00811c200025
:10a46800810f50003b1c3200911c2000810f5000ce
:10a47800651c320013223700c11c2000810f5000d8
:10a48800aa1c3200d11c2000810f5000bd1c3200d4
:10a498000c223700511d2000810f5000bd1f3200d3
:10a4a800511d2000810f500014003e00211d200086
:10a4b800810f5000961e3200211d2000810f500090
:10a4c80007003e00011d2000810f5000d21d320000
:10a4d800111d2000810f5000fb1d3200f9213700ab
:10a4e800311d2000810f5000c91e3200411d20007f
:10a4f800810f5000741f3200f2213700e11f200045
:10a50800810f5000211a3200e11f2000810f5000f6
:10a5180007003e00611d2000810f5000d81f320047
:10a52800411f2000810f50000e1a3200e52137002c
:10a53800f11f2000810f5000241a32000120200052
:10a54800810f5000381a3200de2137009148200070
:10a55800810f5000f715320091482000810f5000fc
:10a568002e003e00313a2000810f5000ad1332001a
:10a57800313a2000810f500014003e0021342000a1
:10a58800810f5000aa12320021342000810f5000a0
:10a5980007003e00f1332000810f500058123200ae
:10a5a80001342000810f500087123200c521370086
:10a5b80031342000810f5000d2123200213a20009d
:10a5c800810f500081133200be213700a13e2000c8
:10a5d800810f5000340b3200a13e2000810f500043
:10a5e80007003e00513a2000810f5000a3133200ab
:10a5f800613a2000810f5000d1133200b121370099
:10a60800213f2000810f50002f143200313f2000dd
:10a61800810f500046143200aa213700c1202100c2
:10a62800810f50007c1c3200c1202100810f500096
:10a6380014003e00e1832000810f5000630b3200bc
:10a64800e1832000810f500007003e00a148200050
:10a65800810f500029163200b1482000810f5000a8
:10a668004816320097213700011d2100810f500044
:10a67800da1b3200f11e2100810f50000b1c320042
:10a6880090213700f1202100810f5000fd1c32007d
:10a69800f1202100810f500007003e00d120210049
:10a6a800810f50008e1c3200e1202100810f5000e4
:10a6b800c51c320083213700f1232100810f50008f
:10a6c800e01e320031252100810f50005f1f32004b
:10a6d800b1222100810f5000b51d320079213700c9
:10a6e800b666a800508020008040eb000148780042
:10a6f80076210700c03d22008040eb000148780029
:10a7080040012000d01e8900a03d21008040eb00c0
:10a7180001487800b03d21008040eb0001487800f6
:10a7280090da20008040eb000148780030e72000f4
:10a738008040eb0001487800508821008040eb0001
:10a7480001487800008b21008040eb000148780028
:10a75800f08a21008040eb0001487800308020001a
:10a768008040eb0001487800408020008040eb00ea
:10a778000148780042e4020001000000d096800001
:10a78800801f7800b0752900801f7800e0bc200089
:10a798000005020000000000e4875700e0bc20002c
:10a7a80004e402000100000042e40200010000008d
:10a7b8009076290004e402000100000050412900bd
:10a7c80004e40200010000000040eb0070c7020032
:10a7d8000100000050e720008040eb0001487800ad
:10a7e8000000eb00b07388000000eb0010748800d4
:10a7f8000000eb00d07388000000eb0000748800b4
:10a80800007d20002074880080e820008040eb0054
:10a81800014878000000eb00e07388000000eb00be
:10a82800f073880070ae21008040eb00014878008a
:10a83800408821008040eb000148780090c120004a
:10a848008040eb0001487800a08c2100f1c3b300e0
:10a8580001487800a08c210090407800a0132100c6
:10a8680001487800a0ac2100f1c3b300014878008a
:10a87800b0ac21008040eb00014878000000eb00fc
:10a88800605e88000c003700605e80007f00b900c1
:10a8980080007800103f210000804000e201200085
:10a8a8008000eb005005020000000000605e8000a0
:10a8b8000000e800605e8800605e80000000e00044
:10a8c800f1ff34000080eb00605e8800008d2100fd
:10a8d8008040eb0001487800e08c21008040eb00cc
:10a8e80001487800a0ae21008040eb0001487800c4
:10a8f80090ae21008040eb0001487800dcc6a8003b
:10a90800b6a6a80060b021008040eb00014878009e
:10a9180070b021008040eb0001487800a1fc800065
:10a9280000ff2f0000806000a0fc880000192000b4
:10a93800d0968800e3203700813e200010c0b30085
:10a948002873020001000000de20370010002000fc
:10a95800f0a188003e210700707729001421070024
:10a9680000e2240001002000e0968800f1968800ab
:10a9780020002000d09688004106200010c0b300b7
:10a988002873020001000000ce20370091c6800025
:10a9980000202000008060000000e0000c00320071
:10a9a8002b210700d07729000121070000e22400ad
:10a9b80001002000e0968800f196880040c4b300aa
:10a9c800f8c802000100000030002000d09688007e
:10a9d800e0968000f1968000e00f5000e08f58006c
:10a9e80002003a0010002000e9fb070041062000a1
:10a9f80010c0b3002873020001000000b120370026
:10aa080091c6800000202000008060000000e00067
:10aa1800090032000e21070000e224000100200096
:10aa2800e0968800f196880030782900e020070039
:10aa380040002000d0968800e0968000f1968000c3
:10aa4800e00f5000e08f5800cd1f3a00f078290041
:10aa580004e402000100000001fa200010c0b30065
:10aa6800287302000100000080112000c8fb0700c5
:10aa78009420370091c680000020200000806000ec
:10aa88000000e00009003200f1200700107a2900d8
:10aa9800c720070000e2240001002000e09688009b
:10aaa800f196880050002000d0968800e09680003b
:10aab800f1968000e00f5000e08f580002003a0045
:10aac80030002000b2fb07004106200010c0b30090
:10aad80028730200010000007a20370091c6800028
:10aae80000202000008060000000e0000f0032001d
:10aaf800d7200700407821008040eb00014878000b
:10ab080080ae21008040eb0001487800007b2900de
:10ab1800a720070000e2240001002000e09688003a
:10ab2800f196880060002000d0968800e0968000aa
:10ab3800f1968000e00f5000e08f580002003a00c4
:10ab48004000200092fb07004106200010c0b3001f
:10ab580028730200010000005a20370040782100c5
:10ab6800104078000004e0002400320080792100c1
:10ab78008040eb000148780041782100c03d210069
:10ab8800b0df02000100000080ae21001040780014
:10ab98000004e0000b00320060002000f0a18800f3
:10aba80042e4020001000000907b290004e4020056
:10abb8000100000090c680000090a00090c68800a8
:10abc8000c00370042e4020001000000507c29001c
:10abd80004e4020001000000c03d210004e402007a
:10abe8000100000000e2240001002000e096880037
:10abf800f196880070002000d0968800e0968000ca
:10ac0800f1968000e00f5000e08f580002003a00f3
:10ac1800500020005efb07004106200010c0b30072
:10ac280028730200010000002620370091c680002a
:10ac380000202000008060000000e00014003200c6
:10ac480083200700407821008040eb00014878000d
:10ac580080ae21008040eb0001487800c07c2900cc
:10ac680053200700e20120008000eb00103f210084
:10ac7800500502000000000000e22400010020004e
:10ac8800e0968800f196880080002000d096880021
:10ac9800e0968000f1968000e00f5000e08f5800a9
:10aca80002003a005000200039fb0700410620004e
:10acb80010c0b30028730200010000000120370013
:10acc80040782100104078000004e000260032009f
:10acd80072c0b300517d2900407821003cdf02009a
:10ace800010000000000e0000b003200b0782100f5
:10acf800104078000004e00007003200207a2100ac
:10ad08008040eb0001487800103f2100b178210015
:10ad1800b0df02000100000080ae21001040780082
:10ad28000004e0000a00320060002000f0a1880062
:10ad380042e4020001000000d07d290004e4020082
:10ad48000100000090c680000090a00090c6880016
:10ad580000e2240001002000e0968800f1968800b7
:10ad680090002000d0968800e0968000f196800040
:10ad7800e00f5000e08f580002003a0070002000f9
:10ad880003fb07004106200010c0b300287302002f
:10ad980001000000cb1f370091c680000020200072
:10ada800008060000000e0000f003200282007004b
:10adb800407821008040eb000148780080ae2100f7
:10adc8008040eb0001487800907e2900f81f0700ba
:10add80000e2240001002000e0968800f196880037
:10ade800a0002000d0968800e0968000f1968000b0
:10adf800e00f5000e08f580002003a007000200079
:10ae0800e3fa07004106200010c0b30028730200cf
:10ae180001000000ab1f3700407821001040780087
:10ae28000004e00016003200807921008040eb0029
:10ae3800014878004178210000412100b0df02007c
:10ae48000100000080ae2100104078000004e000fe
:10ae58000500320060002000f0a1880090c6800044
:10ae68000090a00090c6880000e2240001002000a5
:10ae7800e0968800f1968800b0002000d0968800ff
:10ae8800e0968000f1968000e00f5000e08f5800b7
:10ae980002003a0090002000bdfa07004106200099
:10aea80010c0b3002873020001000000851f37009e
:10aeb80091c6800000202000008060000000e000b3
:10aec8000f00320070ae21008040eb00014878008e
:10aed800df1f0700407821008040eb000148780020
:10aee800207f2900b21f070000e224000100200093
:10aef800e0968800f1968800c0002000d09688006f
:10af0800e0968000f1968000e00f5000e08f580036
:10af180002003a00900020009dfa07004106200038
:10af280010c0b3002873020001000000651f37003d
:10af380040782100104078000004e0003c00320016
:10af4800c2c0b300c17f2900407821003cdf020065
:10af5800010000000000e000050032002000200091
:10af6800f0a18800e0002000d09688002c0037006f
:10af7800e2c0b30091802900407821003cdf020044
:10af8800010000000000e00006003200d0002000b0
:10af9800d096880070ae21008040eb000148780010
:10afa8001f003700e2c0b3008181290040782100ea
:10afb8003cdf0200010000000000e0000900320050
:10afc800900d2000d096880011c0b300100020001a
:10afd800563602000100000060002000f0a1880041
:10afe8000f00370052c0b300c14429004078210047
:10aff8003cdf0200010000000000e0000800320011
:10b00800800d2000d096880011c0b30010002000e9
:10b01800563602000100000060002000f0a1880000
:10b0280000e2240001002000e0968800f1968800e4
:10b03800e0968000f1968000e00f5000e08f580005
:10b0480002003a00b000200051fa07004106200033
:10b0580010c0b3002873020001000000191f370058
:10b06800420020008000eb0020ae210050050200c5
:10b078000000000020ae2100a53d2200c43d2200b2
:10b088008001780042c0b3008000eb0000c5b30027
:10b09800c65902000100000060ae21008040eb00ac
:10b0a8000148780020ae2100ecb00200000000004a
:10b0b8000004e00015003200651f070070822900b7
:10b0c8003b1f070020ae2100391f0700108329000d
:10b0d800371f070000e2240001002000e0968800e6
:10b0e800f1968800e0002000d096880041062000f4
:10b0f80010c0b300287302000100000070ae2100e8
:10b108008040eb0001487800ee1e370070ae210049
:10b11800104078008040e80070ae210001487800b7
:10b1280042e40200010000004083290004e4020018
:10b13800010000000171220010c0b3002873020052
:10b148000100000090c680000090a00090c6880012
:10b1580070ae210010407800e24f50000a1e360001
:10b168008085290004e4020001000000f00f20009f
:10b17800d0968800d31e370091c68000002020009a
:10b18800008060000000e0000f003200301f070060
:10b19800407821008040eb000148780080ae210013
:10b1a8008040eb000148780050892900001f070003
:10b1b80000e2240001002000e0968800f196880053
:10b1c800f0002000d0968800e0968000f19680007c
:10b1d800e00f5000e08f580002003a00c000200045
:10b1e800ebf907004106200010c0b30028730200e5
:10b1f80001000000b31e370040782100104078009d
:10b208000004e0002a00320082c0b300018a29004d
:10b21800407821003cdf0200010000000000e0004f
:10b228000b003200c0782100104078000004e000d4
:10b2380007003200f07921008040eb0001487800d7
:10b24800c178210050422100b0df02000100000057
:10b2580080ae2100104078000004e0000e003200ab
:10b2680060002000f0a1880042e402000100000014
:10b27800908a290004e402000100000090c68000c2
:10b288000090a00090c6880080ae21008040eb00ae
:10b29800014878008b1e370000e2240001002000de
:10b2a800e0968800f196880000012000d09688007a
:10b2b800e0968000f1968000e00f5000e08f580083
:10b2c80002003a00e0002000b1f907004106200022
:10b2d80010c0b3002873020001000000791e370077
:10b2e80091c6800000202000008060000000e0007f
:10b2f80009003200d61e0700508b2900ac1e07003b
:10b3080000e2240001002000e0968800f196880001
:10b3180010012000d0968800e0968000f196800009
:10b32800e00f5000e08f580002003a00e0002000d3
:10b3380097f907004106200010c0b30028730200e7
:10b34800010000005f1e370091c680000020200029
:10b35800008060000000e0000c003200bc1e070006
:10b36800008c2900921e070000e224000100200042
:10b37800e0968800f196880020012000d096880089
:10b38800407821008040eb0001487800e09680007a
:10b39800f1968000e00f5000e08f580002003a005c
:10b3a800000120007af907004106200010c0b30010
:10b3b8002873020001000000421e370091c6800079
:10b3c80000202000008060000000e0002b00320018
:10b3d80062c0b300818c2900407821003cdf020064
:10b3e800010000000000e00020003200a0782100e9
:10b3f800104078002eb70200010000000080fb001a
:10b4080010079800b078210090407800f0c2b3008f
:10b4180080cf500011003400b078210090407800af
:10b4280090c3b30080cf50000c003c001e00900079
:10b438006a00b9000000780010079800b078210071
:10b44800104078002eb70200010000000080fb00c9
:10b458009e00900000804000100798001e00900099
:10b4680000407800843c0200010000000000eb006e
:10b47800c073880030012000d0968800e0968000d4
:10b48800f1968000e00f5000e08f580002003a006b
:10b49800000120003ef9070090ae2100104078001e
:10b4a8000004e00011003200d0968000801f780070
:10b4b800f08c2900801f7800e0bc20000005020005
:10b4c80000000000e4875700e0bc200004e402000c
:10b4d80001000000411f200010c0b30028730200c3
:10b4e80001000000e01f2000d096880041062000df
:10b4f80010c0b3002873020001000000f11d3700de
:10b5080091c6800000202000008060000000e0005c
:10b51800090032004e1e0700908e2900241e0700e5
:10b5280000e2240001002000e0968800f1968800df
:10b5380040012000d0968800e0968000f1968000b7
:10b54800e00f5000e08f580002003a001001200080
:10b558000ff907004106200010c0b300287302004d
:10b5680001000000d71d370091c680000020200090
:10b57800008060000000e00009003200341e07006f
:10b58800307829000a1e070000e22400010020008c
:10b59800e0968800f196880050012000d096880037
:10b5a800e0968000f1968000e00f5000e08f580090
:10b5b80002003a0030012000f5f80700410620009b
:10b5c80010c0b3002873020001000000bd1d370041
:10b5d80091c6800000202000008060000000e0008c
:10b5e800090032001a1e0700408f2900f01d0700cd
:10b5f80000e2240001002000e0968800f19688000f
:10b6080060012000d0968800e0968000f1968000c6
:10b61800e00f5000e08f580002003a00200120009f
:10b62800dbf807004106200010c0b30028730200b1
:10b6380001000000a31d370091c6800000202000f3
:10b64800008060000000e00009003200001e0700d2
:10b65800f08f2900d61d070000e224000100200019
:10b66800e0968800f196880070012000d096880046
:10b67800e0968000f1968000e00f5000e08f5800bf
:10b6880002003a0050012000c1f8070041062000de
:10b6980010c0b3002873020001000000891d3700a4
:10b6a80091c6800000202000008060000000e000bb
:10b6b80009003200e61d070000e224000100200016
:10b6c800e0968800f1968800e0902900b81d0700f0
:10b6d80080012000d0968800e0968000f1968000d6
:10b6e800e00f5000e08f580002003a00600120008f
:10b6f800a7f807004106200010c0b3002873020015
:10b70800010000006f1d370091c680000020200056
:10b71800008060000000e00009003200cc1d070036
:10b72800b0912900a21d070000e2240001002000ba
:10b73800e0968800f196880090012000d096880055
:10b7480080ae2100104078000004e0000b003200b9
:10b7580042e40200010000004092290004e40200d3
:10b768000100000080ae21008040eb000148780015
:10b7780090c680000090a00090c68800e0968000e7
:10b78800f1968000e00f5000e08f580002003a0068
:10b79800700120007ef807004106200010c0b300a9
:10b7a8002873020001000000461d370091c6800082
:10b7b80000202000008060000000e0000900320046
:10b7c800a31d070000932900791d070000e224004b
:10b7d80001002000e0968800f1968800a001200072
:10b7e800d0968800e0968000f1968000e00f500027
:10b7f800e08f580002003a008001200064f807003a
:10b808004106200010c0b3002873020001000000a8
:10b818002c1d370091c680000020200000806000a9
:10b828000000e00009003200891d0700a0932900ec
:10b838005f1d070000e2240001002000e096880058
:10b84800f1968800b0012000d0968800e09680002c
:10b85800f1968000e00f5000e08f580002003a0097
:10b86800900120004af8070081b5210010c0b300fc
:10b878002873020001000000121d370091c68000e5
:10b8880000202000008060000000e0000900320075
:10b898006f1d070000e2240001002000e0968800e8
:10b8a800f196880050942900411d0700d00120001e
:10b8b800d0968800e0968000f1968000e00f500056
:10b8c800e08f580002003a00a001200030f807007d
:10b8d8004106200010c0b3002873020001000000d8
:10b8e800f81c370091c6800000202000008060000e
:10b8f8000000e00009003200551d070000e22400a6
:10b9080001002000e0968800f19688000095290043
:10b91800271d0700d0012000d0968800e0968000ff
:10b92800f1968000e00f5000e08f580002003a00c6
:10b93800b001200016f807004106200010c0b3002f
:10b948002873020001000000de1c370091c6800049
:10b9580000202000008060000000e00009003200a4
:10b968003b1d0700b0952900111d070000e22400c7
:10b9780001002000e0968800f1968800e001200090
:10b98800d0968800e0968000f1968000e00f500085
:10b99800e08f580002003a00b0012000fcf70700d1
:10b9a8004106200010c0b300287302000100000007
:10b9b800c41c370091c68000002020000080600071
:10b9c8000000e00009003200211d070060962900f0
:10b9d800f71c070000e2240001002000e096880020
:10b9e800f1968800f0012000d0968800e09680004b
:10b9f800f1968000e00f5000e08f580002003a00f6
:10ba0800d0012000e2f707004106200010c0b30073
:10ba18002873020001000000aa1c370091c68000ac
:10ba280000202000008060000000e00009003200d3
:10ba3800071d070010972900dd1c070000e22400fd
:10ba480001002000e0968800f1968800000220009e
:10ba5800d0968800e0968000f1968000e00f5000b4
:10ba6800e08f580002003a00e0012000c8f7070004
:10ba78004106200010c0b300287302000100000036
:10ba8800901c370091c680000020200000806000d4
:10ba98000000e0001a00320050c1200090407800f9
:10baa80020ab21001140980020ab210010409000ed
:10bab800e84f50000300360020ab210041c0b3001e
:10bac80011409800e21c0700c0972900b81c070025
:10bad80050c1200010407800e4b9020001000000c5
:10bae80010992900b21c070000e224000100200080
:10baf800e0968800f196880010022000d096880011
:10bb0800e0968000f1968000e00f5000e08f58002a
:10bb180002003a00f00120009df7070041062000ce
:10bb280010c0b3002873020001000000651c370034
:10bb380091c6800000202000008060000000e00026
:10bb480009003200c21c070030992900981c070020
:10bb580000e2240001002000e0968800f1968800a9
:10bb680020022000d0968800e0968000f1968000a0
:10bb7800e00f5000e08f580002003a000002200059
:10bb880083f707004106200010c0b30028730200a5
:10bb9800010000004b1c370091c6800000202000e7
:10bba800008060000000e0000d003200a81c0700c3
:10bbb800009a29007e1c0700905a21007c1c07006f
:10bbc800409b29007a1c070000e2240001002000a5
:10bbd800e0968800f196880030022000d096880010
:10bbe800e0968000f1968000e00f5000e08f58004a
:10bbf80002003a001002200065f707004106200005
:10bc080010c0b30028730200010000002d1c37008b
:10bc180091c6800000202000008060000000e00045
:10bc2800090032008a1c0700409c2900601c07009c
:10bc380040022000d096880000e224000100200085
:10bc4800e0968800f1968800e0968000f1968000e2
:10bc5800e00f5000e08f580002003a002002200058
:10bc68004bf707004106200010c0b30028730200fc
:10bc780001000000131c370091c68000002020003e
:10bc8800008060000000e00009003200d0af8000b2
:10bc9800610060000000e00003003a00500220004c
:10bca800d096880002003700c0172000d096880080
:10bcb800e0968000f1968000e00f5000e08f580079
:10bcc800331b3a003002200031f70700fd1b370014
:10bcd8005f1c0700f09c2900351c0700c0172000d6
:10bce800d09688008038210001002000e096880066
:10bcf800f19688004106200010c0b30028730200a6
:10bd080001000000ef1b370091c6800000202000d2
:10bd1800008060000000e000090032004c1c0700b1
:10bd2800d09d2900221c0700803821000100200036
:10bd3800e0968800f1968800d0172000d0968800f9
:10bd4800e0968000f1968000e00f5000e08f5800e8
:10bd580012003a00700220000df70700e1b38000de
:10bd680000202000008060000000e0000b0032008e
:10bd7800e0b380000090a100e0b38800e1b3800048
:10bd8800f0ff28008080600000002500010070009e
:10bd9800e0b3880000322000f0b38800410620009c
:10bda80010c0b3002873020001000000c51b370053
:10bdb80091c6800000202000008060000000e000a4
:10bdc8001a00320080ae21008040eb000148780064
:10bdd800d0af8000680060000000e000060032007c
:10bde80070b0210011c0b30001487800001820008d
:10bdf800d096880009003700151c0700a09f29006d
:10be0800eb1b070020a12900e91b0700108329006c
:10be1800e71b0700e0172000d09688008038210033
:10be280001002000e0968800f1968800e0968000e6
:10be3800f1968000e00f5000e08f580005003a00ae
:10be480070b0210011c0b30001487800001820002c
:10be5800cff607004106200010c0b3002873020087
:10be680001000000971b370091c6800000202000c9
:10be7800008060000000e00017003200d0af8000b2
:10be8800700060000000e0000600320070b0210081
:10be980021c0b3000148780000182000d09688001f
:10bea80009003700ea1b0700e0a12900c01b0700b2
:10beb800a0a32900be1b070010832900bc1b070094
:10bec800f0172000d096880080382100010020005b
:10bed800e0968800f196880080ae21001040780036
:10bee8000004e0001200320080ae21008040eb0028
:10bef8000148780090c680000090a00090c6880095
:10bf080090c680000080a10090c68800803821007b
:10bf180001002000e0968800f196880070b02100aa
:10bf280011c0b3000148780000182000d09688009e
:10bf3800e0968000f1968000e00f5000e08f5800f6
:10bf480005003a0070b0210011c0b3000148780024
:10bf5800001820008ef607004106200010c0b3002c
:10bf68002873020001000000561b370091c68000ac
:10bf780000202000008060000000e0000d0032007a
:10bf8800b31b0700a0a42900891b070050a629009d
:10bf9800871b070010832900851b070080382100b4
:10bfa80001002000e0968800f19688000018200023
:10bfb800d096880080ae2100104078000004e00090
:10bfc8001200320080ae21008040eb00014878006a
:10bfd80090c680000090a00090c6880090c680009f
:10bfe8000080a10090c68800803821000100200050
:10bff800e0968800f196880070b0210021c0b30057
:10c008000148780000182000d0968800e09680004b
:10c01800f1968000e00f5000e08f580005003a00cc
:10c0280070b0210021c0b30001487800001820003a
:10c0380057f607004106200010c0b300287302001d
:10c04800010000001f1b370091c68000002020005f
:10c05800008060000000e0001b0032007c1b07002d
:10c0680070b0210010407800e14f500005003a0000
:10c0780040a729004e1b070070022000d0968800b8
:10c088000d00370070b0210010407800e24f5000da
:10c0980005003a00f0a82900451b070010182000e9
:10c0a800d096880004003700a0aa2900401b07008a
:10c0b80010182000d0968800803821000100200048
:10c0c800e0968800f196880080ae21001040780044
:10c0d8000004e0001200320080ae21008040eb0036
:10c0e8000148780090c680000090a00090c68800a3
:10c0f80090c680000080a10090c68800541b0700ed
:10c10800f0a829002a1b0700803821000100200020
:10c11800e0968800f196880010182000d0968800d4
:10c12800e0968000f1968000e00f5000e08f580004
:10c1380005003a0070b0210011c0b3000148780032
:10c148000018200012f607004106200010c0b300b6
:10c158002873020001000000da1a370091c6800037
:10c1680000202000008060000000e0000c00320089
:10c17800371b070050ac29000d1b07008038210031
:10c1880001002000e0968800f196880070022000e7
:10c19800d0968800d0af80000020a100d0af8800e2
:10c1a800e0968000f1968000e00f5000e08f580084
:10c1b80002003a0070022000f5f507004106200051
:10c1c80010c0b3002873020001000000bd1a370038
:10c1d80091c6800000202000008060000000e00080
:10c1e8001d00320060b02100104078000004e0001b
:10c1f80011003a008080200021c8b300014878006f
:10c20800a080200021c0b3000148780042e4020069
:10c218000100000010ae290004e402000100000043
:10c2280060b0210011c0b30001487800a02c2100a3
:10c2380011c0b300014878000071220060748800c2
:10c248008038210001002000e0968800f1968800df
:10c25800800c2000d0968800e0968000f19680003f
:10c26800e00f5000e08f580002003a0070022000f2
:10c27800c7f507004106200010c0b300287302006c
:10c28800010000008f1a370030002000f0a188005c
:10c298002163800000002800008060000000e000aa
:10c2a8001300320010a92100104078000004e000bb
:10c2b8000f003a00f0aa2100104078000004e000c6
:10c2c8000b003a00f0cc8000610060000000e00044
:10c2d80007003a00f0cc8000620060000000e00037
:10c2e80003003a0060102000d0968800751a3700c5
:10c2f80040d68000620060000000e0001c003200b0
:10c3080010a92100104078000004e00018003a004d
:10c31800f0aa2100104078000004e00014003a0060
:10c32800f0cc8000610060000000e00010003a00de
:10c33800f0cc8000620060000000e0000c003a00d1
:10c34800e1b3800000202000008060000000e000d1
:10c3580007003a00900c2000d09688004106200083
:10c3680010c0b3002873020001000000551a3700fe
:10c37800d0af8000610060000000e0000a003a00d1
:10c38800d0af8000640060000000e00006003200ca
:10c39800607480000000e00003003a0030022000d2
:10c3a800d0968800471a3700508020001040780047
:10c3b8000004e00003003200e01f2000d09688004f
:10c3c800401a3700a03d2100104078000004e0002a
:10c3d80021003200a03d210010407800e14f5000bc
:10c3e8000f003a00a08c21009040780010c3b300e1
:10c3f80080cf50000a003200a08c210090407800c5
:10c4080050c3b30080cf500005003200a08c21003b
:10c4180090407800f0c3b30080cf50000e003a007f
:10c42800a03d210010407800e24f500040003a0043
:10c43800a08c21009040780010c3b30080cf50003a
:10c4480005003200a08c21009040780050c3b30052
:10c4580080cf500036003a00a08c21009040780030
:10c4680010c3b30080cf500005003200a08c21001b
:10c478009040780050c3b30080cf500016003a00b7
:10c4880090222100104078000080fb0068006000c6
:10c498000000e0000c003200909a80000000e000ec
:10c4a80009003a00e09a80000000e00006003a0027
:10c4b800309b80000000e00003003a0000af290034
:10c4c80004e4020001000000a03d210011c0b300f7
:10c4d80001487800160037009022210010407800ab
:10c4e8000080fb00680060000000e0000d003200e2
:10c4f800909a80000000e0000a003a00e09a80006c
:10c508000000e00007003a00309b80000000e000d7
:10c5180004003a00a03d210021c0b3000148780082
:10c5280003003700a03d210021c0b3000148780076
:10c53800b02f8100620060000000e000230032009c
:10c54800d02f81000000e0002000320020ab210045
:10c5580010007800610060000000e0001b003a0055
:10c5680020ab210010007800620060000000e000ad
:10c578001600320060c22000104078000080fb00e6
:10c58800610060000000e00010003a0023e920008c
:10c59800120020008040eb00103e2900beea070090
:10c5a800d02f81000000e900d02f8900d02f810012
:10c5b8000000e00005003a00620020008000eb0067
:10c5c800605f22005005020000000000d173800067
:10c5d800f07c2000808f50000d003600a08c2100d8
:10c5e8009040780010c3b30080cf5000050032009f
:10c5f800a08c21009040780050c3b30080cf500039
:10c6080003003a0000052000d0968800ad193700d5
:10c6180010a9210010407800e34f500008003a00ac
:10c62800b0d38000640060000000e0000400320025
:10c63800b0d380000020a100b0d38800a119370032
:10c6480010a9210010407800e24f50000e003a0077
:10c65800b0d38000620060000000e00004003200f7
:10c66800b0d38000640060000000e00006003200e3
:10c67800b0d380000020a100b0d38800200520009e
:10c68800d09688008f19370010a921001040780033
:10c698000004e0000a003200f0aa210010407800ef
:10c6a8000004e0000600320050b0290004e4020053
:10c6b8000100000040062000d0968800811937004c
:10c6c800b0d38000610060000000e00004003a0080
:10c6d800a0d48000610060000000e0000600320085
:10c6e80010b1290004e40200010000004006200007
:10c6f800d09688007319370020ab2100100078000d
:10c70800610060000000e000030032002007200004
:10c71800d09688006b19370020ab210010007800f4
:10c72800640060000000e0000700320040072000bd
:10c73800d096880020ab2100900078000120a1004d
:10c74800010878005f19370060c2200010407800a7
:10c758000080fb0061006000004078000004e000f9
:10c768001a00320070c32000104078000080fb00df
:10c77800610060000000e00014003a00e0c32000ff
:10c78800104078000004e00010003a0020ab2100bf
:10c7980010007800610060000000e0000b003a0023
:10c7a80060c22000104078000080fb006400600038
:10c7b8000000e00005003a00a0b1290017ea0700d0
:10c7c800200d2000d09688003e19370060c2200056
:10c7d800104078000080fb00610060000040780095
:10c7e8000004e0000a00320070c320001040780006
:10c7f8000080fb0061006000004078000004e00059
:10c8080003003200500d2000d09688002d19370003
:10c8180060c22000104078000080fb0064006000c7
:10c828000000e00003003200500d2000d096880080
:10c838002419370010a92100104078000004e000f6
:10c848000a003a00b0d380000020a100b0d38800cd
:10c85800f0aa210010407800e14f500003003a0090
:10c86800a0052000d096880016193700f0aa2100ec
:10c8780010407800e34f50000a003a00a0b02100b1
:10c8880010407800e24f500006003a00a0b02100a6
:10c898008040eb0001487800d0052000d096880041
:10c8a80008193700d0d58000610060000000e00062
:10c8b80003003200a00a2000d09688000119370032
:10c8c800e0c72000104078000004e00003003200b8
:10c8d800000a2000d0968800fa183700f0cc8000b3
:10c8e800640060000000e00003003200d002200075
:10c8f800d0968800f3183700f0cc80006200600002
:10c908000000e00003003200b0022000d09688004a
:10c91800ec183700c0c68000610060000000e0002d
:10c928003400320060222100104078000004e0004a
:10c9380030003a00a013210090407800f0c3b30003
:10c9480080cf50002b003200a08c2100904078004e
:10c9580010c3b30080cf500005003200a08c210026
:10c968009040780050c3b30080cf500021003a00b7
:10c9780091c6800000202000008060000000e000d8
:10c988001c003200a097210064e0020001000000b2
:10c998000000e0000e003200a0972100104078004f
:10c9a8000004e0000a003200c1c68000000e20002a
:10c9b800008060000000e0000e003a00c003200084
:10c9c800d09688000000eb00b0738800bd183700cf
:10c9d800c0c680000000a100c0c68800c0c6800094
:10c9e8000040a100c0c68800a09721008040eb004d
:10c9f80001487800f0cc8000610060000000e00091
:10ca080047003a00f0cc8000620060000000e000bf
:10ca180043003a00c0c68000610060000000e000ea
:10ca28003f003a00b173800070bb2000808f500037
:10ca38003b003600b03d2100104078000004e000c3
:10ca48001d003200b03d2100104078000000fb00be
:10ca5800e20f500008003200a1052000810f5000ad
:10ca680008003200e10f50000a003a00b00e200022
:10ca7800d09688000700370080112000d0968800e3
:10ca8800040037005080200011c0b300014878002e
:10ca980000000000b03d21008040eb000148780014
:10caa80042e4020001000000e0b1290004e40200b1
:10cab800010000008318370080022000d09688000b
:10cac800d08c2100104078000004e00014003a00e7
:10cad800a013210090407800f0c3b30080cf50002d
:10cae8000f003200a08c21009040780010c3b300e2
:10caf80080cf500005003200a08c210090407800c3
:10cb080050c3b30080cf500005003a00a00f2000aa
:10cb1800d09688000000eb00b073880069183700d1
:10cb2800a0ac210090407800f0c3b30080cf500043
:10cb38001a003a00b0ac2100104078000004e00070
:10cb480016003a00f0a18000e30f500013003a00ed
:10cb580060c5200010407800e54f50000f003400f9
:10cb680060c5200010407800ff4f50000b003c00cb
:10cb780050c52000104078000004e0000700320093
:10cb8800f173800000712200808f5000030036008e
:10cb9800a0072000d09688004a183700602221009c
:10cba800104078000004e00013003200e1738000b8
:10cbb80080382100808f50000f00360010a9210016
:10cbc800104078000004e0000b003a00f0aa2100b1
:10cbd800104078000004e00007003a00f0cc800024
:10cbe800610060000000e00003003a0060062000d9
:10cbf800d0968800331837001174800000e22400b2
:10cc0800808f50000f00360010a9210010407800d6
:10cc18000004e0000b003a00f0aa21001040780060
:10cc28000004e00007003a00f0cc800061006000da
:10cc38000000e00003003a0050052000d09688006c
:10cc480020183700c1738000f0702200808f5000d8
:10cc58000300360020032000d096880019183700fa
:10cc680001748000f0e12400808f5000030036003a
:10cc780040102000d09688001218370020748000d9
:10cc88000000e00003003a00c0122000d09688009f
:10cc98000c183700e1b3800000102000008060000d
:10cca8000000e00003003200401d2000d0968800fc
:10ccb80004183700e1b380000020200000806000e5
:10ccc8000000e00008003200d0af80006100600082
:10ccd8000000e00004003a00d0af80000020a0006f
:10cce800d0af8800f7173700e1b38000002020009c
:10ccf800008060000000e0000700320000682100aa
:10cd0800104078000004e00003003a00b01c200046
:10cd1800d0968800eb173700e1b3800000002800a8
:10cd2800008060000000e0000e003200406021003a
:10cd380010407800e34f500006003a0090b0210000
:10cd480011c0b3000148780000b1210011c0b30040
:10cd580001487800e0b3800000f0a100e0b388004b
:10cd6800d817370090b02100104078000004e00088
:10cd78000c00320000b12100104078000004e000ef
:10cd88000800320040f080000000e00005003a0092
:10cd98001000200070fe8800601d2000d0968800da
:10cda800c8173700a0fc8000700060000000e00099
:10cdb8000a00320040f080000000e00007003a005e
:10cdc80000b1210011c0b30001487800a0fc800028
:10cdd8000040a100a0fc8800ba17370090b02100dd
:10cde800104078000004e0000700320040f08000a6
:10cdf8000000e00004003a0000b1210011c0b300b7
:10ce080001487800af173700f0a18000e30f500009
:10ce18000d003200f0a18000e40f50000a0032003b
:10ce2800f0a18000e50f50000700320042e4020044
:10ce38000100000090b3290004e402000100000092
:10ce4800800e2000d096880050882100104078007d
:10ce58000004e0000b003200c0c6800061006000e2
:10ce68000000e00004003200008b21001040780030
:10ce78000004e00003003a00000f2000d09688006c
:10ce880090173700d1968000800c2000808f5000ca
:10ce9800c1163a00602d2100104078000004e0001f
:10cea800bf163a002103200010c0b3002873020007
:10ceb800010000008317370000c4200010407800ec
:10cec8000080fb00700060000000e0000e003a00e7
:10ced80060e8200010407800e14f50000a003a0056
:10cee80060e820008040eb000148780010b6290077
:10cef800af170700411f200010c0b30028730200bd
:10cf0800010000006f173700c0b62900a8170700f6
:10cf180000e2240001002000e0968800f1968800d5
:10cf280080ae21008040eb0001487800a00c200072
:10cf3800d0968800e115200010c0b30028730200c5
:10cf4800010000005f17370091c680000020200014
:10cf5800008060000000e0000d00320040d6800034
:10cf68000010a10040d6880050002000f0a18800e1
:10cf780080a9230001002000e0968800f19688002f
:10cf8800b00c2000d0968800dcc6a900b6a6a9007f
:10cf9800e0968000f1968000e00f5000e08f580086
:10cfa8000f003a00d0968000801f780020b8290032
:10cfb800801f7800e0bc200000050200000000008f
:10cfc800e4875700e0bc200004e4020001000000f0
:10cfd800800c2000d096880010c0b30088e80700b5
:10cfe80080ae2100104078000004e0000d003200ff
:10cff800d0968000801f780020b92900801f780013
:10d00800e0bc20000005020000000000e487570093
:10d01800e0bc200004e4020001000000800c2000b5
:10d02800d096880090ae2100104078000004e000ff
:10d038005d163200d0968000801f7800f0ba290073
:10d04800801f7800e0bc20000005020000000000fe
:10d05800e4875700e0bc200004e40200010000005f
:10d06800411f200010c0b300287302000100000017
:10d07800e01f2000d096880012173700e096800045
:10d08800f1968000e00f5000e08f580040003a0011
:10d09800d19b8000d0968000811f7800801f780087
:10d0a80020be2900801f7800e0bc20000005020097
:10d0b80000000000e6875700e0bc200004e40200fe
:10d0c800010000001099290004e40200010000009a
:10d0d8000000eb00b0738800c1c68000000e20007d
:10d0e80001007000c0c68800d08c21008040eb0091
:10d0f80001487800a08c2100f1c3b30001487800f2
:10d10800a08c210090407800a013210001487800ed
:10d1180050e72000104078000004e00003003a00c7
:10d12800804b2200c07388001200370050e72000af
:10d1380010407800e14f50000e003a0050e7200000
:10d148008040eb00014878000000eb00c0738800c5
:10d158000000eb0000748800c05d2000d0738800d8
:10d16800a08c210011c3b30001487800007d200085
:10d178002074880040d680000010a10040d68800a6
:10d1880050002000f0a18800c00c2000d096880034
:10d19800813e200010c0b300287302000100000087
:10d1a800c8163700dcc6a800b6a6a800803821003b
:10d1b80001002000e0968800f1968800d00c20003d
:10d1c800d0968800bf16370091c680000020200046
:10d1d800008060000000e000f51532001c17070011
:10d1e80070bf2900f21607008038210001002000d6
:10d1f800e0968800f1968800e00c2000d096880020
:10d20800b0163700e0968000f1968000e00f5000dd
:10d21800e08f58000500320091c6800000202000f1
:10d22800008060000000e000e3153200800c200060
:10d23800d0968800a31637000517070040c02900bc
:10d24800db16070000e2240001002000e0968800b9
:10d25800f1968800a0b0210010407800e14f5000fe
:10d268000a003a00a0b0210021c0b30001487800ac
:10d27800a03e2000d0968800813e200010c0b30058
:10d2880028730200010000008e163700300d2000c0
:10d29800d0968800a10f200010c0b30028730200a8
:10d2a800010000008716370091c68000002020008a
:10d2b800008060000000e0000c003200e416070067
:10d2c80000c12900ba16070080ae21008040eb009b
:10d2d80001487800813e200010c0b3002873020086
:10d2e80001000000300d2000d0968800e0968000f4
:10d2f800f1968000e00f5000e08f5800b0153a001a
:10d30800800c2000a2f107006e16370091c680003d
:10d3180000202000008060000000e00005003a00c6
:10d32800e0968000f1968000e00f5000e08f5800f2
:10d33800a5153a0060c220001040780080407800af
:10d348000104a10060c220000148780080ae2100dd
:10d358008040eb0001487800bd160700c0c12900d5
:10d368009316070070c2200091160700d0c229004a
:10d378008f16070042e402000100000020c32900c4
:10d3880004e402000100000070c2200004e402006e
:10d39800010000005041290004e4020001000000df
:10d3a800400d2000d0968800810c200010c0b300ea
:10d3b80028730200010000008038210001002000cd
:10d3c800e0968800f19688003e16370091c68000e6
:10d3d80000202000008060000000e000090032000a
:10d3e8009b16070000c129007116070000e22400ff
:10d3f80001002000e0968800f1968800400d20008a
:10d40800d0968800e0968000f1968000e00f5000ea
:10d41800e08f58006e153a00800c20005cf1070080
:10d428002816370080ae2100104078000004e00084
:10d4380005003a00e0968000f1968000e00f500069
:10d44800e08f580030003a00e0c32900f3e60700f7
:10d4580070c3200010407800804078000124a000ac
:10d4680070c3200001487800c2c0b300413d2900c4
:10d4780070c220003cdf0200010000000000e00054
:10d488001b00320080ae21008040eb00014878008c
:10d498008038210001002000e0968800f19688007d
:10d4a80060c4290004e4020001000000c20020005a
:10d4b800113e290070c22000420502000000000051
:10d4c80063160700c0c1290039160700103e29005d
:10d4d80037160700d0c2290035160700411f200063
:10d4e80010c0b3002873020001000000f5153700d2
:10d4f800800c2000d0968800419c200010c0b3000a
:10d50800287302000100000091c68000002020005e
:10d51800008060000000e0002f15320000e22400c7
:10d5280001002000e0968800f196880070c3200072
:10d5380010407800804078000104a00070c32000eb
:10d548000148780060c22000104078000080fb008d
:10d55800620060000000e0000600320070c3200096
:10d5680010407800804078000134a00070c320008b
:10d5780001487800800c2000d0968800810c20009b
:10d5880010c0b3002873020001000000cd15370059
:10d598002f160700c0c529000516070000e2240061
:10d5a80001002000e0968800f1968800600d2000b8
:10d5b800d0968800c315370091c68000002020004f
:10d5c800008060000000e0001400320060c220000b
:10d5d800104078000080fb00610060000040780087
:10d5e8000004e00007003200813e200010c0b300b4
:10d5f8002873020001000000200d2000d09688004a
:10d608000600370070c32000104078000004e000d6
:10d6180002003a00800c2000d0968800e096800036
:10d62800f1968000e00f5000e08f5800ec143a00ab
:10d63800800c2000d0968800a2153700c0c62900ab
:10d6480004e4020001000000f00f2000d0968800da
:10d658009c15370040ca290004e4020001000000bc
:10d66800f00f2000d096880096153700f8150700af
:10d6780080ae21008040eb000148780000e22400e1
:10d6880001002000e0968800f196880070cd2900fe
:10d69800c7150700b00f2000d0968800410620006b
:10d6a80010c0b30028730200010000008515370080
:10d6b80091c6800000202000008060000000e0008b
:10d6c800090032008038210001002000e09688001f
:10d6d800f1968800c0122000d0968800d08c2100d6
:10d6e80011c0b3000148780080ae210010407800d6
:10d6f8000004e00005003a00e0968000f196800002
:10d70800e00f5000e08f580005003a00d08c21004f
:10d718008040eb0001487800c0122000d0968800b5
:10d728004106200010c0b300287302000100000069
:10d7380064153700c6150700409c29009c15070092
:10d74800d00f2000d096880000e2240001002000bd
:10d75800e0968800f19688004106200010c0b300ca
:10d7680028730200010000005615370091c680009a
:10d7780000202000008060000000e0000900320066
:10d78800d0af8000610060000000e00003003a00b4
:10d79800e00f2000d096880002003700e00f20003c
:10d7a800d0968800e0968000f1968000e00f500047
:10d7b800e08f58008c143a003002200074f0070003
:10d7c8004015370091c680000020200000806000ce
:10d7d8000000e000090032009d150700a0ce2900d6
:10d7e80073150700c0172000d09688004106200056
:10d7f80010c0b300287302000100000080ae2100b1
:10d80800104078000004e0000b003200d0af800028
:10d81800610060000000e0000700320090c6800050
:10d828000090a00090c6880090c680000080a100eb
:10d8380090c688000800370090c680000090a000bd
:10d8480090c6880090c680000080a10090c688001d
:10d85800800c2000d0968800e0968000f196800029
:10d86800e00f5000e08f580061143a006002200079
:10d8780047f0070013153700a08c2100904078006e
:10d8880010c3b30080cf500005003200a08c2100e7
:10d898009040780050c3b30080cf500019003a0080
:10d8a80091c6800000202000008060000000e00099
:10d8b80005003a00e0968000f1968000e00f5000e5
:10d8c800e08f58000d003a006115070060cf29006d
:10d8d800291507004019210001002000e096880062
:10d8e800f1968800810c200010c0b3002873020054
:10d8f8000100000090022000d0968800000000007f
:10d90800f0143700800c2000d09688000000eb004f
:10d91800b0738800eb14370091c680000020200007
:10d92800008060000000e00005003a00e0968000fa
:10d93800f1968000e00f5000e08f58000e003a008a
:10d94800800c2000d09688000000eb00b07388009f
:10d95800f0cc8000620060000000e00006003200a9
:10d96800b0022000d09688004106200010c0b30005
:10d97800287302000100000090ae210010407800da
:10d988000004e0001c143200d0968000801f78004c
:10d99800f08c2900801f7800e0bc20000005020000
:10d9a80000000000e4875700e0bc200004e4020007
:10d9b80001000000411f200010c0b30028730200be
:10d9c80001000000e01f2000d0968800bd14370039
:10d9d8001f15070000e2240001002000e0968800df
:10d9e800f196880050d02900f114070060d3800018
:10d9f80004ba020001000000e0d02900ec1407007e
:10da0800c0022000d09688004106200010c0b30054
:10da18002873020001000000aa14370091c6800094
:10da280000202000008060000000e00005003a00af
:10da3800e0968000f1968000e00f5000e08f5800db
:10da4800ef133a00f0cc80000010a100f0cc880061
:10da5800800c2000d0968800f0cc80006800600020
:10da68000000e00005003200f0cc80000030a1008a
:10da7800f0cc880080ab2000b0738800e09680006e
:10da8800f1968000e00f5000e08f5800de133a0056
:10da9800f0cc80000020a000f0cc88001072290093
:10daa80004e4020001000000d19680006c004700e9
:10dab800811f7800d1732900811f780000050200ba
:10dac80000000000e48757006c00470004e40200ef
:10dad800010000000074290004e4020001000000b5
:10dae80010c0b300c6e5070076143700d814070045
:10daf80000e2240001002000e0968800f1968800ea
:10db080020d12900aa14070010992900a814070099
:10db1800f0cc80000010a100f0cc8800f0cc800090
:10db28000000a100f0cc8800f0cc80000020a1000b
:10db3800f0cc88000000eb00b0738800e002200001
:10db4800d09688004106200010c0b3002873020058
:10db5800010000005b14370091c6800000202000ff
:10db6800008060000000e00005003a00e0968000b8
:10db7800f1968000e00f5000e08f5800a4133a009f
:10db8800800c2000d096880010c0b3009ce50700e8
:10db98004c143700ae140700407821008040eb0099
:10dba80001487800e0d1290081140700801a260076
:10dbb80001002000e0968800f196880030032000dc
:10dbc800d09688003f1437000000eb00c07388002f
:10dbd80091c6800000202000008060000000e00066
:10dbe800d100320060032000d0968800a2c0b300a4
:10dbf80081d22900407821003cdf020001000000aa
:10dc08000000e00007003a00a2c0b30031d32900a9
:10dc1800407821003cdf0200010000000000e00025
:10dc28002b00320030002000f0a1880000f1200015
:10dc380010407800f94f500004003200b08c2100e9
:10dc4800104078000004e0000300320000f12000da
:10dc5800345e020001000000b08c21008040eb001f
:10dc680001487800c08c21008040eb000148780012
:10dc7800d07821001040780080407800a08c2100e6
:10dc880001487800a08c210090407800a013210062
:10dc980001487800a08c21009040780050c3b30060
:10dca80080cf500005003a008040eb0000202000a3
:10dcb8005636020001000000260037008040eb00c5
:10dcc8000020200024360200010000002100370057
:10dcd800a2c0b300e1d32900407821003cdf020054
:10dce800010000000000e0001a00320042e40200d7
:10dcf8000100000090d4290004e4020001000000a3
:10dd0800e01f2000d0968800d078210010407800cd
:10dd180080407800a08c210001487800a08c210068
:10dd280090407800a01321000148780070802000fe
:10dd380010407800e34f400037133e007080200009
:10dd4800104078008040e80070802000014878008a
:10dd5800dc133700a2c0b300c1d6290040782100e7
:10dd68003cdf0200010000000000e00007003a006c
:10dd7800a2c0b30071d72900407821003cdf02001f
:10dd8800010000000000e00047003200c08c2100c4
:10dd9800104078008040e800c08c210001487800dd
:10dda800c08c210010407800e84f500005003a0070
:10ddb80042e402000100000020d8290004e4020027
:10ddc80001000000c08c210010407800f44f500082
:10ddd8002b003600c08c21008040eb000148780001
:10dde800b08c2100104078000004e0001c003a00cc
:10ddf800b08c210011c0b3000148780080f12000e8
:10de0800345e02000100000042e40200010000004c
:10de180090222100104078000080fb006100600023
:10de2800004078000004e0000400320011c0b30094
:10de38000001200056360200010000009022210057
:10de4800104078000080fb00640060000000e000e3
:10de5800030032007022210011c0b300014878008d
:10de680010da290004e4020001000000e01f20008d
:10de7800d096880040002000f0a188009113370058
:10de8800d07821001040780080407800a08c2100d4
:10de980001487800a08c210090407800a013210050
:10dea800014878000200370030002000f0a1880007
:10deb80082c0b300d1dc2900407821003cdf020099
:10dec800010000000000e00007003a0082c0b30033
:10ded80061dd2900407821003cdf020001000000dc
:10dee8000000e00010003200f0dd2900b013070048
:10def800d7130700407821008040eb0001487800e4
:10df08008038210001002000e0968800f196880002
:10df1800800c2000d096880081bb200010c0b30080
:10df28002873020001000000e0968000f19680004e
:10df3800e00f5000e08f580017003a0010722900d7
:10df480004e4020001000000d196800000022000d5
:10df58000e004000811f7800d1732900811f7800ce
:10df68000005020000000000e487570000022000be
:10df78000e00400004e402000100000000742900c3
:10df880004e4020001000000800c2000d096880004
:10df980010c0b3009ae4070090ae2100104078004a
:10dfa8000004e0009e123200d0968000801f7800a6
:10dfb800f08c2900801f7800e0bc200000050200da
:10dfc80000000000e4875700e0bc200004e40200e1
:10dfd80001000000411f200010c0b3002873020098
:10dfe80001000000e01f2000d0968800351337009c
:10dff800008c29006e130700951307004078210054
:10e008008040eb000148780000fa20000100200061
:10e01800e0968800f196880050032000d09688008a
:10e02800281337000000eb00c073880091c68000f9
:10e0380000202000008060000000e0006d00320039
:10e0480062c0b300818c2900407821003cdf0200c7
:10e05800010000000000e0006600320060c0b3006c
:10e0680040479800a0de290004e4020001000000f7
:10e078004e4090000080fb0041782100e14078008c
:10e08800f0c2b30080cf5000350034004e409000fd
:10e098000080fb0041782100e140780090c3b30084
:10e0a80080cf50002e003c004e4090000080fb00c6
:10e0b80041782100614078002eb70200010000007d
:10e0c8000080fb00100798004e4090000040e800d8
:10e0d800404798004e4090000080fb0041782100a6
:10e0e800e1407800f0c2b30080cf5000180034003f
:10e0f8004e4090000080fb0041782100e14078000c
:10e1080090c3b30080cf500011003c001e00900067
:10e118006a00b90000007800100798004e4090008f
:10e128000080fb0041782100614078002eb7020092
:10e13800010000000080fb009e009000008040006d
:10e14800100798004e4090000040e80040479800b3
:10e158001e00900000407800843c0200010000008e
:10e168004e4090000040e800404798004e40900024
:10e178000080fb0041782100e1407800f0c2b30044
:10e1880080cf5000130034004e4090000080fb0008
:10e1980041782100e140780090c3b30080cf50005f
:10e1a8000c003c004e4090000080fb0041782100ac
:10e1b800614078002eb70200010000000080fb00db
:10e1c800100798001e00900000407800083e0200ea
:10e1d800010000000000eb00c0738800007d2000f3
:10e1e80001002000e0968800f1968800800c20004d
:10e1f800d0968800e0968000f1968000e00f5000ed
:10e20800e08f580017003a001072290004e4020059
:10e2180001000000d1968000400320000e0040005d
:10e22800811f7800d1732900811f78000005020042
:10e2380000000000e4875700400320000e00400063
:10e2480004e40200010000000074290004e4020054
:10e2580001000000800c2000d096880010c0b30098
:10e26800e7e3070090ae2100104078000004e000ca
:10e27800ed113200d0968000801f7800f08c2900c4
:10e28800801f7800e0bc20000005020000000000ac
:10e29800e4875700e0bc200004e40200010000000d
:10e2a800411f200010c0b3002873020001000000c5
:10e2b800e01f2000d096880082123700e412070081
:10e2c800407821008040eb000148780070df290089
:10e2d800b7120700803e200001002000e096880069
:10e2e800f196880070032000d096880075123700d8
:10e2f80091c6800000202000008060000000e0003f
:10e30800220132000000eb00c073880072c0b30025
:10e3180001e02900407821003cdf020001000000f4
:10e328000000e00019013200d2c0b30081e02900ea
:10e33800407821003cdf0200010000000000e000fe
:10e348000d01320052c1b30061e12900407821007b
:10e358003cdf0200010000000000e0008000320005
:10e3680050c5200041c0b3000148780050c1b30037
:10e37800504798005e4090000080fb0041782100e3
:10e38800e1407800f0c2b30080cf5000350034007f
:10e398005e4090000080fb0041782100e140780059
:10e3a80090c3b30080cf50002e003c005e40900028
:10e3b8000080fb0041782100614078002eb7020000
:10e3c800010000000080fb00100798005e409000ec
:10e3d8000040e800504798005e4090000080fb0035
:10e3e80041782100e1407800f0c2b30080cf5000ae
:10e3f800180034005e4090000080fb004178210046
:10e40800e140780090c3b30080cf500011003c0079
:10e418001e0090006a00b9000000780010079800fc
:10e428005e4090000080fb00417821006140780048
:10e438002eb70200010000000080fb009e00900043
:10e4480000804000100798005e4090000040e800ff
:10e45800504798001e00900000407800c83e020017
:10e46800010000005e4090000040e800504798001e
:10e478005e4090000080fb0041782100e140780078
:10e48800f0c2b30080cf5000320034005e409000ec
:10e498000080fb0041782100e140780090c3b30080
:10e4a80080cf50002b003c005e4090000080fb00b5
:10e4b80041782100614078002eb702000100000079
:10e4c8000080fb00100798005e4090000040e800c4
:10e4d800504798005e4090000080fb004178210082
:10e4e800e1407800f0c2b30080cf5000150034003e
:10e4f8005e4090000080fb0041782100e1407800f8
:10e5080090c3b30080cf50000e003c001e00900066
:10e518006a00b90000007800100798005e4090007b
:10e528000080fb0041782100614078002eb702008e
:10e53800010000000080fb009e0090000080400069
:10e54800100798001e00900000407800803e0200ee
:10e558000100000040032000d09688008b0037009f
:10e5680050c5200031c0b30001487800d0c0b300c6
:10e57800604798006e4090000080fb0041782100c1
:10e58800e1407800f0c2b30080cf5000350034007d
:10e598006e4090000080fb0041782100e140780047
:10e5a80090c3b30080cf50002e003c006e40900016
:10e5b8000080fb0041782100614078002eb70200fe
:10e5c800010000000080fb00100798006e409000da
:10e5d8000040e800604798006e4090000080fb0013
:10e5e80041782100e1407800f0c2b30080cf5000ac
:10e5f800180034006e4090000080fb004178210034
:10e60800e140780090c3b30080cf500011003c0077
:10e618001e0090006a00b9000000780010079800fa
:10e628006e4090000080fb00417821006140780036
:10e638002eb70200010000000080fb009e00900041
:10e6480000804000100798006e4090000040e800ed
:10e65800604798001e00900000407800363f020096
:10e66800010000006e4090000040e80060479800fc
:10e678006e4090000080fb0041782100e140780066
:10e68800f0c2b30080cf5000320034006e409000da
:10e698000080fb0041782100e140780090c3b3007e
:10e6a80080cf50002b003c006e4090000080fb00a3
:10e6b80041782100614078002eb702000100000077
:10e6c8000080fb00100798006e4090000040e800b2
:10e6d800604798006e4090000080fb004178210060
:10e6e800e1407800f0c2b30080cf5000150034003c
:10e6f8006e4090000080fb0041782100e1407800e6
:10e7080090c3b30080cf50000e003c001e00900064
:10e718006a00b90000007800100798006e40900069
:10e728000080fb0041782100614078002eb702008c
:10e73800010000000080fb009e0090000080400067
:10e74800100798001e00900000407800103f02005b
:10e758000100000020c620008040eb00014878003e
:10e7680010c620008040eb000148780040032000dc
:10e77800d09688000500370050c5200021c0b3009e
:10e788000148780040032000d0968800e096800079
:10e79800f1968000e00f5000e08f5800a4103a0076
:10e7a8000000eb00c0738800800c2000d096880021
:10e7b80010c0b30092e2070042113700c080200069
:10e7c80090407800d08020001040780080cf500022
:10e7d80099103a00e1c3b30070c68000c111070068
:10e7e80001c2b30080c68000be110700c0e2290044
:10e7f8006f110700a09721006d11070010832900f1
:10e808006b110700d0032000d09688004106200035
:10e8180010c0b300287302000100000080a9230083
:10e8280001002000e0968800f19688002511370045
:10e8380071c6800000202000008060000000e00019
:10e848000b00320081c6800000202000008060009c
:10e858000000e00006003200411f200010c0b30095
:10e868002873020001000000e0032000d096880011
:10e87800e0968000f1968000e00f5000e08f58008d
:10e888006f103a0042e402000100000060e3290032
:10e8980004e40200010000006d110700b00120002f
:10e8a8004311070080a9230001002000e09688009a
:10e8b800f1968800810c200010c0b3002873020074
:10e8c8000100000010042000d0968800fd103700d9
:10e8d80080ae21008040eb00014878000210200043
:10e8e8008000eb0040782100500502000000000085
:10e8f80057110700908d21002d11070042e40200f6
:10e9080001000000a0e4290004e402000100000066
:10e91800908d210004e4020001000000d0e42900e9
:10e9280004e402000100000000a62e0001002000ff
:10e93800e0968800f1968800810c200010c0b30092
:10e948002873020001000000f0032000d096880020
:10e95800dc103700a0012000801f780010e5290096
:10e96800801f7800f0ad21000005020000000000c3
:10e97800e4875700f0ad21000d110700d0c0b300a7
:10e9880087e20700810c200010c0b3002873020042
:10e998000100000000042000d0968800c91037004c
:10e9a80091c6800000202000008060000000e00088
:10e9b800320032008042eb000002eb008001eb00e5
:10e9c800a2972100918d210040e52900c052020044
:10e9d80000000000a0cc8000b1cc800061004000a5
:10e9e800e0804800a0cc8800b1cc88008099210044
:10e9f80010407800e14f4000050032008099210066
:10ea0800104078008040e800809921000148780093
:10ea1800c0c68000700060000000e00009003200fd
:10ea2800a099210010407800e14f40000500320015
:10ea3800a0992100104078008040e800a0992100aa
:10ea480001487800c0c680000000a100c0c6880048
:10ea5800c0c680000040a100c0c68800c1c68000b2
:10ea6800f0f12f0080806000000620000100700097
:10ea7800c0c68800800c2000d0968800e0968000f0
:10ea8800f1968000e00f5000e08f58001e003a0019
:10ea98001072290004e4020001000000d1968000f1
:10eaa800800420000e004000811f7800d1732900e7
:10eab800811f78000005020000000000e48757006d
:10eac800800420000e00400004e402000100000061
:10ead8000074290004e402000100000042e402007e
:10eae80001000000c0e5290004e402000100000064
:10eaf8000053270001002000e0968800f196880066
:10eb080010c0b300bee1070080ae210010407800bd
:10eb18000004e000cc0f320042e4020001000000d3
:10eb280000e7290004e4020001000000200420009e
:10eb3800d0968800a000200001002000e096880000
:10eb4800f19688005f103700e0968000f19680000b
:10eb5800e00f5000e08f58000500320091c6800099
:10eb680000202000008060000000e000b80f3200a4
:10eb780020042000d0968800521037008042eb0015
:10eb88000002eb008001eb00a2972100918d21008b
:10eb980080e82900c052020000000000c0c68000c2
:10eba8000010a000c0c68800c0c680000000a100f8
:10ebb800c0c68800c0c680000040a100c0c688004a
:10ebc800c1c68000000e200001007000c0c6880089
:10ebd800c099210010407800e14f40000500320044
:10ebe800c0992100104078008040e800c0992100b9
:10ebf80001487800800c2000d0968800311037003a
:10ec080080ae21008040eb00014878004088210058
:10ec18008040eb00014878008d10070080a9230090
:10ec280001002000e0968800f196880000e929009c
:10ec38005110070010052000d096880041062000da
:10ec480010c0b30028730200010000001d10370037
:10ec580091c6800000202000008060000000e000d5
:10ec68001900320040882100104078000004e000bc
:10ec780013003a00f0aa210010407800e14f50003c
:10ec880003003200f0aa21008040eb000148780020
:10ec9800a0d480000000a100a0d4880010a9210001
:10eca8008040eb0001487800b0d380000000a1004c
:10ecb800b0d3880070ea20008040eb00014878005b
:10ecc800800c2000d096880080ae2100104078008b
:10ecd8000004e00002003200800c2000d09688007a
:10ece800e0968000f1968000e00f5000e08f580019
:10ecf80015003a001072290004e402000100000027
:10ed0800d0968000801f7800d0732900801f78007b
:10ed1800e0bc20000005020000000000e487570066
:10ed2800e0bc200004e40200010000000074290097
:10ed380004e4020001000000800c2000d096880046
:10ed480010c0b3002ee1070010a921001040780080
:10ed58000004e00004003a00f0aa21001040780006
:10ed68000004e000030032000000eb00d0738800cc
:10ed7800020037000000eb00d073880090ae21003d
:10ed8800104078000004e000330f3200d096800075
:10ed9800801f7800f08c2900801f7800e0bc2000dc
:10eda8000005020000000000e4875700e0bc2000d6
:10edb80004e4020001000000411f200010c0b3005d
:10edc8002873020001000000e01f2000d096880090
:10edd800bc0f370090e92900f50f07001c10070049
:10ede800007d200001002000e0968800f196880050
:10edf8000000eb0090d4880010a9210031c0b300b6
:10ee08000148780020ab2100b040900000c5b30055
:10ee180080cf50000d00320020ab21001000780098
:10ee2800610060000000e0000500320020ab210016
:10ee3800a040900000c5b30080cf5000030032000e
:10ee480000c5b300f8c8020001000000300520002a
:10ee5800d09688009b0f370091c6800000202000c4
:10ee6800008060000000e00005003a00e0968000a5
:10ee7800f1968000e00f5000e08f5800f80e3a003d
:10ee8800f30f070040c02900c90f0700f033200026
:10ee9800d0968800e0968000f1968000e00f500040
:10eea800e08f5800f00e3a001072290004e40200c6
:10eeb80001000000d1968000c00520000e0040002f
:10eec800811f7800d1732900811f78000005020096
:10eed80000000000e4875700c00520000e00400035
:10eee80004e40200010000000074290004e40200a8
:10eef8000100000010c0b300c1e00700710f370027
:10ef080091c6800000202000008060000000e00022
:10ef180005003a00e0968000f1968000e00f50006e
:10ef2800e08f580020003a0000e224000100200091
:10ef3800e0968800f196880000342000d09688007a
:10ef4800e0968000f1968000e00f5000e08f5800b6
:10ef580015003a001072290004e4020001000000c4
:10ef6800d1968000000720000e004000811f780025
:10ef7800d1732900811f78000005020000000000fd
:10ef8800e4875700000720000e00400004e4020058
:10ef9800010000000074290004e4020001000000e0
:10efa80010c0b30096e00700e0968000f19680005c
:10efb800e00f5000e08f5800ad0e3a00800c2000a2
:10efc80073ea07003f0f370091c680000020200039
:10efd800008060000000e0000d0032009c0f070078
:10efe800e0e92900720f07000071220001002000eb
:10eff800e0968800f196880020342000d09688009a
:10f00800810c200010c0b30028730200010000002a
:10f01800e0968000f1968000e00f5000e08f5800e5
:10f02800950e3a00800c200059ea0700250f37009a
:10f0380091c6800000202000008060000000e000f1
:10f0480019003200820f070020ab210040409000d9
:10f058008080fb00400820000e004000811f7800df
:10f0680091ea2900811f78000005020000000000d5
:10f07800e4875700400820000e0040004c0f0700ae
:10f0880000e2240001002000e0968800f196880044
:10f0980030342000d0968800810c200010c0b300c6
:10f0a800287302000100000080ae210010407800a3
:10f0b8000004e0000b00320080ae21008040eb002d
:10f0c8000148780090c680000090a00090c6880093
:10f0d80090c680000080a10090c6880000342000ff
:10f0e800d0968800e0968000f1968000e00f5000ee
:10f0f800e08f5800620e3a00800c200024ea0700d6
:10f10800f00e370091c680000020200000806000cb
:10f118000000e000190032004d0f070000e2240053
:10f1280001002000e0968800f196880020ab2100bd
:10f13800504090008080fb00300920000e00400005
:10f14800811f780091eb2900811f780000050200db
:10f1580000000000e4875700300920000e0040003e
:10f16800130f0700800c2000d0968800810c200027
:10f1780010c0b3002873020001000000e096800070
:10f18800f1968000e00f5000e08f58003e0e3a00e4
:10f19800800c2000fee90700ca0e37002c0f07007c
:10f1a80080a9230001002000e0968800f1968800dd
:10f1b80090ec2900fe0e070060052000d09688001c
:10f1c800411f200010c0b300287302000100000096
:10f1d800bc0e370091c6800000202000008060002f
:10f1e8000000e00005003a00e0968000f1968000fb
:10f1f800e00f5000e08f5800250e3a00800c2000e8
:10f20800d09688000000eb0010748800ad0e37001f
:10f21800b0d38000610060000000e00004003a0004
:10f22800a0d48000610060000000e000030032000c
:10f2380040062000d0968800a20e3700040f070071
:10f24800007d200001002000e0968800f1968800eb
:10f2580030ed2900d60e0700b0052000d0968800b2
:10f26800980e370091c680000020200000806000c2
:10f278000000e00005003a00e0968000f19680006a
:10f28800e00f5000e08f5800030e3a00c005200040
:10f29800d0968800e0968000f1968000e00f50003c
:10f2a800e08f5800fe0d3a001072290004e40200b5
:10f2b80001000000d1968000200a20000e004000c6
:10f2c800811f7800d1732900811f78000005020092
:10f2d80000000000e4875700200a20000e004000cc
:10f2e80004e40200010000000074290004e40200a4
:10f2f8000100000010c0b300c1df0700710e370025
:10f30800d30e070000e2240001002000e0968800e8
:10f31800f1968800f0aa210021c0b30001487800c6
:10f328000000eb0080d58800b0ed2900a00e070092
:10f3380050a921009e0e0700f0ed29009c0e070041
:10f34800030f2100120020008040eb0020ee29006e
:10f3580051df0700a0b0210011c0b30001487800b8
:10f36800800c2000d0968800560e370091c6800089
:10f3780000202000008060000000e000ca0d32007c
:10f38800b30e070020ab2100900078000004200095
:10f39800008060000000e0000300320040c0290047
:10f3a800830e07000200370040c02900800e0700c6
:10f3b8000071220001002000e0968800f196880084
:10f3c800203a2000d09688003e0e370091c6800073
:10f3d80000202000008060000000e00009003200ea
:10f3e8009b0e0700f0ee2900710e070000e22400d2
:10f3f80001002000e0968800f1968800303a20004d
:10f40800d0968800e0968000f1968000e00f5000ca
:10f41800e08f5800a60d3a00800c20005ce9070038
:10f42800280e370091c68000002020000080600070
:10f438000000e00009003200850e0700e0e929001d
:10f448005b0e07000071220001002000e096880092
:10f45800f1968800503a2000d0968800e096800007
:10f46800f1968000e00f5000e08f5800920d3a00ae
:10f47800800c200046e90700120e370091c6800074
:10f4880000202000008060000000e000150032002d
:10f498006f0e070020ab2100404090008080fb00e9
:10f4a800600b20000e004000811f780091ea2900bf
:10f4b800811f78000005020000000000e487570063
:10f4c800600b20000e004000390e070000e2240007
:10f4d80001002000e0968800f1968800603a20003c
:10f4e800d096880080ae2100104078000004e0002b
:10f4f8000b00320090c680000090a00090c68800e3
:10f5080090c680000080a10090c6880080ae2100cf
:10f518008040eb0001487800303a2000d0968800ff
:10f52800e0968000f1968000e00f5000e08f5800d0
:10f53800630d3a00800c200015e90700e10d370043
:10f5480091c6800000202000008060000000e000dc
:10f55800150032003e0e070020ab210050409000fd
:10f568008080fb00500c20000e004000811f7800b6
:10f5780091eb2900811f78000005020000000000bf
:10f58800e4875700500c20000e004000080e0700ca
:10f5980000e2240001002000e0968800f19688002f
:10f5a800e0052000d0968800e0968000f196800063
:10f5b800e00f5000e08f5800430d3a00800c200007
:10f5c800f3e80700bf0d370091c680000020200037
:10f5d800008060000000e00005003200a0d4800038
:10f5e8000010a000a0d4880000052000d096880054
:10f5f800e0968000f1968000e00f5000e08f580000
:10f60800330d3a001072290004e4020001000000e2
:10f61800d1968000400d20000e004000811f780028
:10f62800d1732900811f7800000502000000000046
:10f63800e4875700400d20000e00400004e402005b
:10f64800010000000074290004e402000100000029
:10f65800800c2000d096880010c0b300e8de0700b8
:10f66800980d3700b0ef2900d10d070010a921002f
:10f678008040eb0001487800f0aa21008040eb00b0
:10f6880001487800a0b021008040eb0001487800d4
:10f69800d0c8020001000000ed0d0700007d200029
:10f6a80001002000e0968800f196880001192000ea
:10f6b80010c0b300287302000100000000052000fc
:10f6c800d09688007f0d370091c68000002020006a
:10f6d800008060000000e00009003200dc0d070037
:10f6e80000f02900b20d070000e22400010020000c
:10f6f800e0968800f1968800303f2000d096880078
:10f70800e0968000f1968000e00f5000e08f5800ee
:10f7180002003a00400620009de80700410620004c
:10f7280010c0b3002873020001000000650d370007
:10f7380091c6800000202000008060000000e000ea
:10f7480005003a00e0968000f1968000e00f500036
:10f75800e08f5800e00c3a0000052000d0968800a1
:10f76800e0968000f1968000e00f5000e08f58008e
:10f77800db0c3a001072290004e4020001000000ca
:10f78800d1968000800e20000e004000811f780076
:10f79800d1732900811f78000005020000000000d5
:10f7a800e4875700800e20000e00400004e40200a9
:10f7b800010000000074290004e4020001000000b8
:10f7c80010c0b3008ede07003e0d3700a00d070005
:10f7d800407821008040eb0001487800207f290014
:10f7e800730d07008038210001002000e096880092
:10f7f800f196880070062000d0968800310d3700f9
:10f8080091c6800000202000008060000000e00019
:10f818002f00320040782100104078000004e000fa
:10f828002b003200c2c0b300c17f290040782100fc
:10f838003cdf0200010000000000e0000900320087
:10f84800800c2000d096880070ae21008040eb002c
:10f8580001487800602221008040eb0001487800d0
:10f868001900370070ae2100104078008040e80091
:10f8780070ae21000148780070ae21001040780079
:10f88800e14f50000e00360042e402000100000083
:10f89800c0f0290004e402000100000040782100c3
:10f8a80004e40200010000005041290004e40200c1
:10f8b80001000000800e2000d0968800020037006a
:10f8c800800c2000d09688000000eb00e0738800d0
:10f8d800e0968000f1968000e00f5000e08f58001d
:10f8e800810c3a0042e402000100000090f1290076
:10f8f80004e4020001000000e01f2000d096880008
:10f90800f00c3700407821008040eb000148780077
:10f91800a0ac210022002000c1f22900420502000b
:10f92800000000004a0d0700e0f22900200d070042
:10f938008038210001002000e0968800f1968800b8
:10f94800b0072000d0968800de0c370091c68000f2
:10f9580000202000008060000000e0005b00320012
:10f9680040782100104078000004e0005700320081
:10f9780062c0b30081f32900407821003cdf020017
:10f98800010000000000e00050003200600020008c
:10f9980010079800030037001e0090000000e800e0
:10f9a80010079800417821001e0090000080400058
:10f9b800104078000004e000070032004178210080
:10f9c8001e009000008040009040780020c2b300e4
:10f9d80080cf5000f0ff3a00417821001e009000cf
:10f9e800008040009040780020c2b30080cf5000d3
:10f9f80032003a001e0090000000e800100798004e
:10fa08000000eb00000f78000c003700417821005f
:10fa18001e00900000804000104078008040780070
:10fa2800a0ac21001e004000014878001e0fe8002d
:10fa38001e0090000000e80010079800417821009f
:10fa48001e00900000804000104078000004e00094
:10fa580016003200417821001e009000008040000e
:10fa68009040780020c2b30080cf50000f003200d1
:10fa7800417821001e00900000804000104078006e
:10fa8800ed4f500009003200417821001e0090001f
:10fa98000080400010407800ea4f50000300320018
:10faa8001e007800f30f5000d8ff3400a0ac2100ee
:10fab8001e0040008040eb00014878000000eb0089
:10fac800f0738800800c2000d0968800e0968000b3
:10fad800f1968000e00f5000e08f5800040c3a00c7
:10fae8000000eb00f0738800800c2000d09688009e
:10faf800740c370091c68000002020000080600050
:10fb08000000e00005003a00e0968000f1968000d1
:10fb1800e00f5000e08f5800f70b3a0020ab2100af
:10fb280010409000e84f50000300360020ab210041
:10fb380041c0b30011409800c50c070000fa20002e
:10fb480001002000e0968800f1968800f0f3290073
:10fb5800970c070020ab210010409000e4b9020088
:10fb680001000000f0ed2900910c070042e40200ba
:10fb780001000000c0f4290004e4020001000000b4
:10fb880020ab2100104090000080fb00801f78000f
:10fb9800a0f52900801f7800f0af210000050200c1
:10fba80000000000e4875700f0af210004e40200e1
:10fbb8000100000030072000d0968800813e200018
:10fbc80010c0b3002873020001000000e096800016
:10fbd800f1968000e00f5000e08f5800c80b3a0003
:10fbe8001072290004e4020001000000d196800090
:10fbf800c00f20000e004000811f7800d17329003b
:10fc0800811f78000005020000000000e48757000b
:10fc1800c00f20000e00400004e4020001000000b4
:10fc28000074290004e402000100000010c0b300c1
:10fc380073dd0700230c370091c6800000202000e8
:10fc4800008060000000e00005003a00e0968000b7
:10fc5800f1968000e00f5000e08f5800aa0b3a00a0
:10fc680020ab2100900078000100a1000108780075
:10fc780020ab2100a040900020ab2100314098002b
:10fc880020ab2100900078000110a0000108780046
:10fc9800800c2000d096880042e402000100000099
:10fca800e0f5290004e4020001000000e09680006d
:10fcb800f1968000e00f5000e08f5800940b3a0056
:10fcc8001072290004e4020001000000d1968000af
:10fcd800001120000e004000811f7800d173290018
:10fce800811f78000005020000000000e48757002b
:10fcf800001120000e00400004e402000100000092
:10fd08000074290004e402000100000010c0b300e0
:10fd18003bdd0700eb0b370000e224000100200068
:10fd2800e0968800f196880090482000d0968800d8
:10fd3800e40b370091c6800000202000008060009e
:10fd48000000e00065003200410c0700d0c120002f
:10fd5800104078000080fb00e40f500033003200b0
:10fd6800e40f50000c003c00e10f50001a00320074
:10fd7800e10f500003003c000000e0000f003200db
:10fd88004d003700e20f50001a003200e30f500018
:10fd98001f00320048003700e60f500031003200e3
:10fda800e60f500028003500e70f500034003200fd
:10fdb800e80f5000390032003f00370040122000a1
:10fdc8000e00400022012000f1f629004205020041
:10fdd8000000000038003700401220000e004000ec
:10fde8002201200011f8290042050200000000004d
:10fdf80031003700401220000e0040002201200090
:10fe080031f9290042050200000000002a003700ed
:10fe1800401220000e0040002201200051fa290063
:10fe280042050200000000002300370040122000b5
:10fe38000e0040002201200071fb2900420502004b
:10fe4800000000001c003700401220000e00400097
:10fe58002201200091fc2900420502000000000058
:10fe680015003700401220000e004000220120003b
:10fe7800b1fd290042050200000000000e00370015
:10fe8800401220000e00400022012000d1fe29006f
:10fe98004205020000000000070037004012200061
:10fea8000e00400022012000f1ff29004205020057
:10feb8000000000000000000401220000e0040007a
:10fec800bb0b070000e2240001002000e096880038
:10fed800f1968800a0482000d0968800e09680001f
:10fee800f1968000e00f5000e08f58000a0b3a00ae
:10fef800800c2000a6e60700720b370091c6800030
:10ff080000202000008060000000e00015003200a2
:10ff1800cf0b0700e0c12000104078008080fb0074
:10ff2800301320000e004000811f780091eb29005b
:10ff3800811f78000005020000000000e4875700d8
:10ff4800301320000e004000990b070000e2240047
:10ff580001002000e0968800f1968800b048200053
:10ff6800d0968800e0968000f1968000e00f50005f
:10ff7800e08f5800ea0a3a00800c200084e6070067
:10ff8800500b370091c680000020200000806000e0
:10ff98000000e0000600320020ab2100900078004d
:10ffa8000120a10001087800800c2000d09688006c
:10ffb800e0968000f1968000e00f5000e08f580036
:10ffc800d90a3a00800c200071e607003d0b370083
:10ffd80050c120009040780020ab210011409800cb
:10ffe80020ab210010409000e84f5000030036007d
:10fff80020ab210041c0b3001140980042e4020048
:020000040002f8
:100008000100000010012a0004e4020001000000c1
:1000180020ab2100104090000080fb00801f78007a
:10002800a0f52900801f7800f0af2100000502002c
:1000380000000000e4875700f0af210004e402004c
:1000480001000000820b070060022a00580b07001d
:10005800803e200001002000e0968800f19688008c
:10006800100a2000d0968800160b370091c6800031
:1000780000202000008060000000e00005003a0039
:10008800e0968000f1968000e00f5000e08f580065
:10009800a70a3a00e0c720008040eb00014878003a
:1000a800f0c7200011c0b3000148780042e4020004
:1000b8000100000010032a0004e40200010000000f
:1000c8000164800010032000808f50000400360077
:1000d8000164800080b52100808f50000200360046
:1000e800c05d20000064880060c1200010407800d6
:1000f8000004e0000400320060c1200010407800d5
:10010800ee4f50000300360060c12000e1c0b3008c
:100118000148780003e22000120020008040eb0034
:10012800403d2900dcdb0700803e20000100200064
:10013800e0968800f1968800200a2000d096880072
:10014800810c200010c0b3002873020001000000d9
:10015800dc0a370091c68000002020000080600083
:100168000000e00005003a00e0968000f19680006b
:10017800e00f5000e08f58006f0a3a00800c200012
:10018800d0968800cf0a3700f0aa210010407800e6
:10019800e34f50000d00320010a9210010407800f4
:1001a800e34f500009003200d0d580000000a100c4
:1001b800d0d58800d0d580000010a000d0d5880008
:1001c800800c2000d0968800be0a3700200b07005c
:1001d80000e2240001002000e0968800f1968800e3
:1001e80060042a00f20a070060ac21001040780081
:1001f800e4b902000100000010992900ec0a070088
:10020800b00a2000d0968800ae0a370091c6800058
:1002180000202000008060000000e00005003a0097
:10022800e0968000f1968000e00f5000e08f5800c3
:10023800430a3a0080ae21008040eb000148780074
:10024800030b070000c4290001002000e096880085
:10025800f1968800e0042a00d50a0700b0ab210017
:10026800d30a070010992900d10a0700c00a200004
:10027800d0968800e0968000f1968000e00f50004c
:10028800e08f5800300a3a001072290004e4020096
:1002980001000000d1968000201420000e004000cc
:1002a800811f7800d1732900811f780000050200a2
:1002b80000000000e4875700201420000e004000d2
:1002c80004e40200010000000074290004e40200b4
:1002d8000100000010c0b300c9db070060052a0058
:1002e80004e4020001000000760a370091c680008d
:1002f80000202000008060000000e00005003200bf
:10030800d0d580000000a100d0d58800800c200046
:10031800d0968800e0968000f1968000e00f5000ab
:10032800e08f58000400320080ae210010407800b1
:100338000004e000060a32001072290004e40200fa
:1003480001000000d1968000601520000e004000da
:10035800811f7800d1732900811f780000050200f1
:1003680000000000e4875700601520000e004000e0
:1003780004e40200010000000074290004e4020003
:1003880001000000d0d580000000a100d0d5880071
:10039800d0d580000010a000d0d58800800c2000a7
:1003a800d0968800419c200010c0b300287302003a
:1003b80001000000e0968000f1968000e00f5000f8
:1003c800e08f5800e4093a0010c0b3008cdb070046
:1003d8003c0a370020082a00750a07009c0a070013
:1003e800407821008040eb000148780000fa2000a6
:1003f80001002000e0968800f1968800900e200009
:10040800d09688002f0a3700e0968000f196800089
:10041800e00f5000e08f58000500320091c68000c0
:1004280000202000008060000000e000cc093200bd
:10043800870a0700407821008040eb0001487800d7
:10044800e0d129005a0a070000fa20000100200024
:10045800e0968800f1968800a00e2000d0968800cb
:10046800180a3700e0968000f1968000e00f5000ef
:10047800e08f58000500320091c68000002020005f
:10048800008060000000e000b7093200b00e2000d4
:10049800d09688000b0a370080a9230001002000ad
:1004a800e0968800f1968800c00e2000d09688005b
:1004b800d0082a003e0a070060092a0004e4020066
:1004c800010000000000eb00f0a18800e096800029
:1004d800f1968000e00f5000e08f5800a4093a0020
:1004e800d1968000a01620000e004000811f7800e1
:1004f800910a2a00811f7800000502000000000010
:10050800e4875700a01620000e00400004e4020013
:10051800010000000000eb00f0a18800d00e2000d0
:10052800d0968800014b200010c0b3002873020049
:1005380001000000e30937000000eb00f0a188008b
:1005480040e7200010407800ea4f500005003600d0
:1005580001f4210010c0b30028730200010000005c
:100568000400370081bb200010c0b30028730200cc
:1005780001000000e00e2000d096880040e720002f
:100588008040eb0001487800ce093700b666a90024
:100598008157200010c0b30028730200010000003a
:1005a800f00e2000d0968800c6093700b666a8006d
:1005b8000000eb00d0968800c2093700b666a90093
:1005c800c00b2a0004e4020001000000419c200046
:1005d80010c0b30028730200010000009011200031
:1005e800d0968800b7093700b666a800a011200089
:1005f800d0968800017d200010c0b3002873020047
:1006080001000000d0b02000b1c0b300014878005c
:10061800ac093700d0b02000104078000004e0009a
:100628001b003200d0b02000104078008040e90064
:10063800d0b0200001487800017d200010c0b30030
:10064800287302000100000042e4020001000000db
:10065800d0b02000104078008080fb00e017200018
:100668000e004000811f7800510d2a00811f78007c
:100678000005020000000000e4875700e017200092
:100688000e00400004e40200010000008d0937005c
:10069800b0112000d09688008a093700b666a900f4
:1006a8008157200010c0b300287302000100000029
:1006b800c0112000d096880082093700b666a800cd
:1006c8000000eb00d09688007e093700e00907009b
:1006d80080ae21008040eb0001487800508821005e
:1006e800b309070010992900b109070050882100b3
:1006f8008040eb0001487800100f2000d096880059
:10070800c15d200010c0b300287302000100000082
:10071800e08a2100104078008080fb00803e2000a5
:100728000088b90000007800cf80de00e0968800dd
:10073800f196880063093700e0968000f196800002
:10074800e00f5000e08f58000900320091c6800089
:1007580000202000008060000000e00004003a0053
:1007680080ae2100104078000004e0000209320049
:10077800008b2100104078000004e00014003200d3
:10078800210e2a0010b1200072df020001000000d3
:10079800000f78009e00780010b120000080400013
:1007a8004178210072df0200010000001e0f4000a6
:1007b8000041eb0011b12000008b210060c602004f
:1007c80001000000008b21008040eb000148780008
:1007d800800c2000d0968800810c200010c0b30047
:1007e80028730200010000003609370040e72000a6
:1007f8008040eb00014878000000eb00f0a1880081
:10080800813e200010c0b3002873020001000000e0
:100818002c09370080ae21008040eb0001487800a9
:100828008b0907008038210001002000e09688002d
:10083800f1968800500e2a005d090700501020002c
:10084800d0968800a100200010c0b30028730200d1
:10085800010000001b09370091c68000002020001d
:10086800008060000000e0003100320072c0b30078
:10087800f10e2a00407821003cdf02000100000050
:100888000000e0002a003200b07821009040780093
:10089800f0c2b30080cf500025003400b0782100aa
:1008a8009040780090c3b30080cf500020003c00f7
:1008b800b0782100104078002eb702000100000037
:1008c8000126210080487800c078210090407800f7
:1008d800f0c2b30080cf500015003400c07821006a
:1008e8009040780090c3b30080cf500010003c00c7
:1008f80000262100104078006a00b9000000780046
:10090800804078000026210001487800c078210046
:10091800104078002eb702000100000001262100d7
:10092800914078008140400000262100014878006d
:1009380091c6800000202000008060000000e000d8
:1009480009003a0080ae2100104078000004e00061
:1009580005003a00e0968000f1968000e00f500014
:10096800e08f580086083a00800c2000d096880056
:100978000000eb0000748800d208370080ae210028
:100988008040eb00014878003109070080382100d9
:1009980001002000e0968800f196880050c52000ec
:1009a80010407800e44f50000d003a002019200054
:1009b8000e00400031012000811f7800710f2a00cd
:1009c800811f78000005020000000000e48757003e
:1009d80030102a0004e40200010000001000370073
:1009e80050c5200010407800e34f50000c003a003a
:1009f800201920000e00400021002000811f7800ef
:100a0800710f2a00811f7800000502000000000015
:100a1800e4875700d0112a0004e402000100000016
:100a2800201920000e004000e10807007010200087
:100a3800d09688004106200010c0b3002873020039
:100a4800010000009f08370091c6800000202000a8
:100a5800008060000000e000090032002063800090
:100a680000f0a10020638800800c2000d096880048
:100a780080a9230000748800c0d42100c0738800b6
:100a880080ae2100104078000004e00005003a0024
:100a9800e0968000f1968000e00f5000e08f58004b
:100aa80039083a00800c2000d096880080ae2100da
:100ab8008040eb000148780082083700007d200064
:100ac8002074880080ae21008040eb000148780047
:100ad800406821008040eb00014878004078210000
:100ae8008040eb0001487800d9080700007d20000d
:100af80001002000e0968800f196880070132a0013
:100b0800ab080700d0122000d096880021032000ef
:100b180010c0b30028730200010000006908370004
:100b280091c6800000202000008060000000e000e6
:100b38005b00320072c0b30011142a004078210013
:100b48003cdf0200010000000000e0005400320019
:100b5800b07821009040780000c3b30080cf5000e7
:100b680005003200b07821009040780010c3b3002f
:100b780080cf50004a003a00b07821001040780039
:100b88008040780000cdb30000c04000804078006d
:100b980060e820000148780000c420001040780078
:100ba8000080fb00640060000000e00025003200c7
:100bb80070e8200010407800e14f500021003a0012
:100bc800b07821009040780000c3b30080cf500077
:100bd8000e003a009e080700803e20000100200019
:100be800e0968800f196880090142a0070080700a3
:100bf800f0122000d09688002103200010c0b30016
:100c08002873020001000000250037009008070043
:100c1800803e200001002000e0968800f1968800c0
:100c280040152a0062080700f0122000d0968800bc
:100c38002103200010c0b300287302000100000047
:100c480017003700b07821009040780010c3b30037
:100c580080cf50000e003a007d080700803e20003b
:100c680001002000e0968800f196880010b629005f
:100c78004f080700f0122000d096880021032000ba
:100c880010c0b30028730200010000000400370000
:100c980000ee220020748800800c2000d096880086
:100ca800e0968000f1968000e00f5000e08f580039
:100cb800b7073a0020162a0004e4020001000000e9
:100cc800800c2000d0968800fe07370091c680006f
:100cd80000202000008060000000e0000d003200cd
:100ce8005b080700803e200001002000e096880095
:100cf800f1968800c0172a002d080700f01220007e
:100d0800d09688002103200010c0b3002873020089
:100d180001000000e0968000f1968000e00f50008e
:100d2800e08f580002003a00800c200018e307000a
:100d380091c6800000202000008060000000e000d4
:100d480005003a00e0968000f1968000e00f500020
:100d5800e08f580090073a00800c2000d096880059
:100d6800d807370030802000104078000004e000e9
:100d78008b073a00a0182a0004e4020001000000d2
:100d8800800c2000d0968800ce07370050802000c5
:100d98008040eb000148780080ae21008040eb00e5
:100da800014878002a08070080a9230001002000d4
:100db800e0968800f1968800501a2a00fc07070080
:100dc800f01f2000d0968800be07370091c680002b
:100dd80000202000008060000000e00006003200d3
:100de8008038210001002000e0968800f1968800f4
:100df80000202000d096880080ae210010407800a6
:100e08000004e00005003a00e0968000f1968000ba
:100e1800e00f5000e08f580063073a0000202000e0
:100e2800d0968800a707370001b080000010200086
:100e3800008060000000e0001000320091c68000d1
:100e480000202000008060000000e0002200320046
:100e5800ff070700a01a2a00d507070000b0800086
:100e68000080a10000b0880000e2240001002000fa
:100e7800e0968800f196880017003700e1b38000fb
:100e880000102000008060000000e0001000320028
:100e980091c6800000202000008060000000e00073
:100ea8000d003200ea070700901b2a00c007070060
:100eb800e0b380000080a100e0b3880000e22400d5
:100ec80001002000e0968800f196880002003700b3
:100ed80010202000d096880080ae210010407800b5
:100ee8000004e00005003a00e0968000f1968000da
:100ef800e00f5000e08f580002003a000020200068
:100f0800d0968800e0968000f1968000e00f5000af
:100f1800e08f580026073a0010002000d09688007d
:100f280068073700ca070700801c2a00a0070700c7
:100f380000e2240001002000e0968800f196880075
:100f4800401b2000d09688005e07370091c68000bd
:100f580000202000008060000000e0000c0032004b
:100f680000b0800000b0a10000b08800b8070700fa
:100f7800601d2a008e07070000e2240001002000ff
:100f8800e0968800f1968800801b2000d0968800a3
:100f9800e0968000f1968000e00f5000e08f580046
:100fa80005073a00800c200079e207004507370062
:100fb80091c6800000202000008060000000e00052
:100fc800ff063200a2070700501e2a007807070014
:100fd80000e2240001002000e0968800f1968800d5
:100fe800901b2000d0968800411f200010c0b3003d
:100ff80028730200010000003207370080ae21008c
:10100800104078000004e00008003200d0af8000f3
:101018000000a100d0af8800d0af80000010a00071
:10102800d0af8800800c2000d096880091c6800040
:1010380000202000008060000000e000070032006f
:1010480001b0800000102000008060000000e00077
:1010580002003200a01b2000d0968800e096800095
:10106800f1968000e00f5000e08f5800d6063a0055
:10107800801b200046e2070012073700e1af80001e
:10108800602220000e004000811f7800915d210041
:10109800811f7800211f2a00811f780000050200a7
:1010a80000000000e687570069070700602220005b
:1010b8000e0040003007070000e224000100200075
:1010c800e0968800f1968800b01b2000d096880032
:1010d800fc06370091c680000020200000806000d8
:1010e8000000e000ba06320001b0800000202000b5
:1010f800008060000000e000b7063200800c20008d
:10110800d0968800ef063700e1c3b30070c68000b0
:10111800740707004e0707008050210096b70200a9
:101128000100000080007800c01920000e00400077
:10113800811f7800a1202a00811f78000005020085
:1011480000000000e4875700c01920000e0040008e
:101158001707070000e2240001002000e09688003d
:10116800f1968800d01b2000d0968800d50637005d
:1011780071c6800000202000008060000000e000b0
:101188000a00320080502100090707001099290041
:101198000707070000a62e0001002000e09688003f
:1011a800f1968800e01b2000d096880080ae2100d0
:1011b800104078000004e0000b00320000b080000e
:1011c80000c0a10000b08800d0af80000010a000cf
:1011d800d0af8800d0af80000000a100d0af880059
:1011e800800c2000d0968800e0968000f196800060
:1011f800e00f5000e08f580079063a00c01b20002d
:10120800e3e10700af0637008042eb000002eb0085
:101218008001eb00925b21008150210040e529000c
:10122800c052020000000000f0af80000000e8009b
:10123800f0af880000b0800000c0a10000b08800b6
:10124800800c2000d09688009e0637000007070013
:10125800b0212a00d606070000e224000100200081
:10126800e0968800f1968800001c2000d09688003f
:101278009406370091c6800000202000008060009e
:101288000000e0000f003200001b20000e004000ac
:10129800110a2000811f780051222a00811f78003e
:1012a8000005020000000000e4875700e806070078
:1012b800001b20000e004000bd060700101c200087
:1012c800d09688004106200010c0b30028730200a1
:1012d800010000007b06370091c680000020200036
:1012e800008060000000e0003f06320001b080008e
:1012f80000002400008060000000e0003c0632008e
:1013080000b0800000d0a10000b0880000b08000cc
:1013180000e0a00000b08800800c2000d096880073
:1013280068063700ca060700a01a2a00a0060700a8
:1013380000e2240001002000e0968800f196880071
:10134800301c2000d09688005e06370091c68000c9
:1013580000202000008060000000e0000e00320045
:1013680001b0800000202000008060000000e00044
:1013780009003a00b606070060232a007e06070027
:1013880000e2240001002000e0968800f196880021
:10139800401c2000d0968800e0968000f1968000de
:1013a800e00f5000e08f580013063a00800c200030
:1013b80077e107004306370091c68000002020002f
:1013c800008060000000e0001200320001b08000e0
:1013d80000102000008060000000e0000d003a00ce
:1013e8009b060700801c2a007106070000e2240003
:1013f80001002000e0968800f19688002103200073
:1014080010c0b3002873020001000000501c200027
:10141800d0968800e0968000f1968000e00f50009a
:10142800e08f5800f6053a00800c200058e10700cc
:101438002406370091c6800000202000008060004c
:101448000000e0000c00320000b0800000b0a000f6
:1014580000b088007e060700601d2a0054060700b9
:1014680000e2240001002000e0968800f196880040
:10147800601c2000d0968800e0968000f1968000dd
:10148800e00f5000e08f5800df053a00800c200084
:101498003fe107000b06370091c6800000202000be
:1014a800008060000000e0000900320068060700c4
:1014b800501e2a003006070000e224000100200028
:1014c800e0968800f1968800701c2000d09688006d
:1014d800e0968000f1968000e00f5000e08f580001
:1014e800cb053a00800c200029e10700f5053700fc
:1014f80091c6800000202000008060000000e0000d
:101508000c00320000b080000080a00000b088000d
:101518004f06070020242a002506070000e22400c1
:1015280001002000e0968800f1968800801c2000c9
:10153800d0968800e0968000f1968000e00f500079
:10154800e08f5800b4053a00800c200010e1070035
:10155800dc05370091c68000002020000080600074
:101568000000e00015003200e1af8000602220009a
:101578000e004000811f7800915d2100811f7800d6
:10158800211f2a00811f78000005020000000000ca
:10159800e68757002e060700602220000e00400054
:1015a800f505070000e2240001002000e09688000d
:1015b800f1968800001d2100d0968800e0968000f2
:1015c800f1968000e00f5000e08f580094053a0033
:1015d800800c2000eee00700ba05370091c68000b5
:1015e80000202000008060000000e0008e0532002e
:1015f80000b080000090a00000b08800800c20009f
:10160800d0968800af05370091c6800000202000e2
:10161800008060000000e000090032000c060700ae
:1016280030252a00e205070000e22400010020001e
:10163800e0968800f1968800800c2000d0968800fb
:10164800e0968000f1968000e00f5000e08f58008f
:1016580077053a00800c2000cde007009905370097
:1016680091c6800000202000008060000000e0009b
:1016780071053200f6050700501e2a00cc05070048
:1016880000e2240001002000e0968800f19688001e
:10169800f01e2100d0968800411f200010c0b30022
:1016a80028730200010000008605370080ae210083
:1016b800104078000004e00008003200d0af80003d
:1016c8000000a100d0af8800d0af80000010a000bb
:1016d800d0af8800800c2000d096880091c680008a
:1016e80000202000008060000000e00007003200b9
:1016f80001b0800000102000008060000000e000c1
:1017080002003200c01c2000d0968800e0968000bd
:10171800f1968000e00f5000e08f580048053a002d
:10172800800c20009ae007006605370091c680000b
:1017380000202000008060000000e0004205320028
:1017480000262a0004e4020001000000c00507008a
:1017580050272a009605070000ee2200010020000d
:10176800e0968800f1968800d01c2000d09688006a
:101778004106200010c0b3002873020001000000d9
:101788005005370091c680000020200000806000ce
:101798000000e00009003200e0b380000080a000f3
:1017a800e0b38800c0202100d096880041062000c0
:1017b80010c0b300287302000100000080ae2100b1
:1017c800104078000004e0000b003200e0b3800015
:1017d8000080a100e0b38800d0af80000010a00016
:1017e800d0af8800d0af80000000a100d0af880043
:1017f800800c2000d0968800e0968000f19680004a
:10180800e00f5000e08f580011053a00800c2000ce
:101818005fe007002b05370020282a0004e40200b7
:101828000100000010b080000000e0000e0032004f
:1018380011b08000602220000e004000811f780057
:1018480051602100811f7800915d2100811f78007f
:1018580021292a00811f78000005020000000000ed
:10186800e88757000b003700602220000e00400078
:1018780051602100811f7800915d2100811f78004f
:10188800812b2a00811f780000050200000000005b
:10189800e6875700602220000e00400004e40200a2
:1018a800010000006a050700602220000e004000c9
:1018b8003f05070000e2240001002000e0968800b0
:1018c800f1968800d0202100d0968800410620009b
:1018d80010c0b3002873020001000000f9043700ab
:1018e80091c6800000202000008060000000e00019
:1018f8000d00320056050700b02d2a002c05070000
:1019080000e2240001002000e0968800f19688009b
:10191800f0202100d09688004106200010c0b300b6
:10192800287302000100000080ae210010407800fa
:101938000004e0001c003200e1b380000010200029
:10194800008060000000e00009003a0090c68000b6
:101958000090a00090c68800d0af80000010a000c2
:10196800d0af8800800c2000d09688000e00370089
:10197800e1b38000f0ff28008080600000002600ae
:1019880001007000e0b38800e0b380000090a1007f
:10199800e0b3880090c680000090a00090c6880040
:1019a800401d2000d0968800e0968000f1968000c7
:1019b800e00f5000e08f5800a7043a00c020210033
:1019c800f3df0700bf04370091c680000020200025
:1019d800008060000000e000110032001c050700d4
:1019e800302f2a00f204070020e92000f004070045
:1019f80010832900ee04070000e224000100200003
:101a0800e0968800f1968800f0202100d0968800a2
:101a18004106200010c0b300287302000100000036
:101a280080ae2100104078000004e0000d00320074
:101a3800e1b3800000102000008060000000e0009a
:101a480008003a0090c680000090a00090c6880068
:101a5800d0af80000010a000d0af8800800c20001c
:101a6800d0968800e0968000f1968000e00f500044
:101a7800e08f58007a043a00c0202100c4df070034
:101a88009004370091c6800000202000008060008c
:101a98000000e0001200320000e2240001002000f3
:101aa800e0968800f1968800e1b38000008020006d
:101ab800008060000000e00003003200f01c2000fd
:101ac800d096880002003700101d2000d0968800ac
:101ad8004106200010c0b300287302000100000076
:101ae80080ae2100104078000004e0000d003200b4
:101af800e1b3800000102000008060000000e000da
:101b080008003a0090c680000090a00090c68800a7
:101b1800d0af80000010a000d0af8800800c20005b
:101b2800d0968800e0968000f1968000e00f500083
:101b3800e08f58004c043a00c020210094df0700d1
:101b48006004370091c680000020200000806000fb
:101b58000000e000170032008050210096b7020014
:101b68000100000080007800401c20000e004000aa
:101b7800811f780061302a00811f7800000502006b
:101b880000000000e4875700b104070000e22400c9
:101b980001002000e0968800f1968800001d2000d2
:101ba800d09688004106200010c0b30028730200b8
:101bb8000100000080ae2100104078000004e00021
:101bc8000d003200e1b380000010200000806000aa
:101bd8000000e00008003a0090c680000090a000d5
:101be80090c68800d0af80000010a000d0af880059
:101bf800800c2000d0968800e0968000f196800046
:101c0800e00f5000e08f580019043a00c02021006e
:101c18005fdf07002b043700407821001040780070
:101c28000004e0000f00320082c0b30091312a00a6
:101c3800407821003cdf0200010000000000e000c5
:101c4800080032008050210059040700101d2000b0
:101c5800d09688004106200010c0b3002873020007
:101c68000100000080ae2100104078000004e00070
:101c78000d003200e1b380000010200000806000f9
:101c88000000e00008003a0090c680000090a00024
:101c980090c68800d0af80000010a000d0af8800a8
:101ca800800c2000d0968800e0968000f196800095
:101cb800e00f5000e08f5800ef033a00f0202100b9
:101cc80033df0700ff03370091c6800000202000a3
:101cd800008060000000e0001c00320020322a0072
:101ce80004e4020001000000406021001040780078
:101cf800e34f500004003a0055040700c0322a00a0
:101d08002b040700070037004060210010407800ce
:101d1800e44f500003003a004d04070090332a00b6
:101d28002304070000e2240001002000e096880058
:101d3800f1968800b0222100d09688004106200044
:101d480010c0b300287302000100000080ae21001b
:101d5800104078000004e0000d003200e1b380007c
:101d680000102000008060000000e00008003a0039
:101d780090c680000090a00090c68800d0af800078
:101d88000010a000d0af8800800c2000d0968800fa
:101d9800e0968000f1968000e00f5000e08f580038
:101da800b7033a00f0202100f9de0700c503370029
:101db80091c6800000202000008060000000e00044
:101dc8004b0032004060210010407800e24f500084
:101dd8000e003e001e040700602220000e00400096
:101de80091662100811f780061342a00811f7800e4
:101df8000005020000000000e48757006022200070
:101e08000e004000ea0307002f0037004060210061
:101e180010407800e34f500011003a0090352a0036
:101e280004e4020001000000090407006022200009
:101e38000e00400091662100811f780021372a009a
:101e4800811f78000005020000000000e4875700a9
:101e5800602220000e004000d50307001a0037005a
:101e68004060210010407800e44f500016003a000e
:101e780010382a0004e402000100000090662100e6
:101e880004e40200010000005041290004e40200bb
:101e980001000000ee030700602220000e00400051
:101ea800c1662100811f780021372a00811f780030
:101eb8000005020000000000e487570060222000af
:101ec8000e004000ba03070000e2240001002000d1
:101ed800e0968800f1968800201d2000d0968800a2
:101ee8004106200010c0b300287302000100000062
:101ef800e0968000f1968000e00f5000e08f5800d7
:101f080061033a00f0202100a1de07006d033700cd
:101f180091c6800000202000008060000000e000e2
:101f280015003200ca030700e1b3800000802000da
:101f3800008060000000e00003003200e0382a0062
:101f48009b03070002003700f0392a0098030700b6
:101f580000a62e0001002000e0968800f196880077
:101f6800017d200010c0b3002873020001000000aa
:101f7800301d2000d096880080ae210010407800e7
:101f88000004e0000e003200e1b3800000102000e1
:101f9800008060000000e00009003a0090c6800060
:101fa8000090a00090c68800d0af80000010a0006c
:101fb800d0af8800800c2000d09688000c00370035
:101fc80080ae2100104078000004e00008003200d4
:101fd80090c680000090a00090c6880080ae2100c6
:101fe8008040eb0001487800201d2000d096880032
:101ff800e0968000f1968000e00f5000e08f5800d6
:1020080023033a00f020210061de07002d0337008a
:1020180091c6800000202000008060000000e000e1
:102028004e003200e1b3800000002700808060008d
:1020380000002100808f500048003a008403070008
:10204800e1b3800000802000008060000000e00014
:102058002f003a004060210010407800e24f500005
:102068000a003e00602220000e0040009166210018
:10207800811f7800013b2a00811f780000050200bb
:1020880000000000e48757001b0037004060210073
:1020980010407800e34f50000a003a006022200008
:1020a8000e00400091662100811f7800813c2a00c3
:1020b800811f78000005020000000000e487570037
:1020c8000d0037004060210010407800e44f5000b8
:1020d80009003a00602220000e00400091662100ad
:1020e800811f7800013e2a00811f78000005020048
:1020f80000000000e4875700e0b3800000f0a10072
:10210800e0b38800602220000e004000280307008a
:1021180000e2240001002000e0968800f196880083
:102128004060210010407800e34f500004003a005e
:1021380000a62e0001002000e0968800f196880095
:10214800f0232100d09688004106200010c0b3007b
:102158002873020001000000da02370091c68000ef
:1021680000202000008060000000e0000f00320026
:10217800e0b380004c00de00674060000080fb0098
:10218800e10f500009003400803f2a0004e40200f7
:1021980001000000e0b380000090a100e0b38800d7
:1021a800401d2000d0968800c602370080ae21006e
:1021b800104078000004e0000e003200e1b3800017
:1021c80000102000008060000000e00009003a00d4
:1021d80090c680000090a00090c68800d0af800014
:1021e8000010a000d0af8800800c2000d096880096
:1021f8000c00370080ae2100104078000004e00099
:102208000800320090c680000090a00090c68800a8
:10221800e0b380000090a100e0b38800401d2000da
:10222800d0968800e0968000f1968000e00f50007c
:10223800e08f580098023a00f0202100d4dd070012
:10224800a0023700e1b38000000028000080600091
:102258000000e00002003200401d2000d0968800f7
:1022680080ae2100104078000004e0000e0032002b
:10227800e1b38000f0ff28008080600000002500a6
:1022880001007000e0b3880090c680000090a000b4
:1022980090c68800e0b380000090a100e0b38800f9
:1022a800401d2000d0968800e0968000f1968000be
:1022b800e00f5000e08f580079023a00401d2000de
:1022c800b3dd07007f023700e1b380000080200003
:1022d800008060000000e00015003a0091c6800010
:1022e80000202000008060000000e00010003200a4
:1022f800e0b380000090a100e0b38800d40207009a
:1023080080402a00aa02070000e224000100200001
:10231800e0968800f19688004106200010c0b300be
:102328002873020001000000501d2000d09688008c
:1023380080ae2100104078000004e0000d0032005b
:10234800e1b3800000102000008060000000e00081
:1023580008003a0090c680000090a00090c688004f
:10236800d0af80000010a000d0af8800800c200003
:10237800d0968800e0968000f1968000e00f50002b
:10238800e08f580048023a00800c200080dd0700ea
:102398004c02370091c680000020200000806000b9
:1023a8000000e00010003200e0b380000080a100cf
:1023b800e0b38800a602070060232a007c02070019
:1023c80000e2240001002000e0968800f1968800d1
:1023d80030252100d09688004106200010c0b300a7
:1023e800287302000100000080ae21001040780030
:1023f8000004e0000d003200e1b38000001020006e
:10240800008060000000e00008003a0090c68000ec
:102418000090a00090c68800d0af80000010a000f7
:10242800d0af8800800c2000d0968800e09680000d
:10243800f1968000e00f5000e08f58001c023a002f
:10244800401d200052dd07001e02370091c68000a3
:1024580000202000008060000000e00005003a0035
:10246800e0968000f1968000e00f5000e08f580061
:1024780011023a00800c2000d09688001102370023
:1024880091c6800000202000008060000000e0006d
:1024980033013200a0fc80006f4060000080fb0028
:1024a800e20f500022003200e20f500005003c000d
:1024b8000000e00008003200e10f50000f00320079
:1024c80021013700e30f50004e003200e40f5000a6
:1024d8007f0032001c0137005d02070050412a00ce
:1024e80033020700a1fc800000ff2f00008060007d
:1024f8000000a000a0fc8800130137005402070068
:1025080010422a002a020700d0422a0028020700a7
:102518001099290026020700a1fc800000ff2f0067
:10252800008060000010a000a0fc880006013700b1
:1025380040782100104078000004e00028003200b4
:10254800a2c0b300f1432a00407821003cdf02001a
:10255800010000000000e0001e003200801d200085
:102568000e0040008300200000017800f1432a009b
:1025780040782100acaf020000000000801d200060
:102588000e00400088b50200010000003096880067
:10259800419688003096800041968000021e2000f7
:1025a8000e014100809fbe00a0442a00801f7800d1
:1025b800020078000005020000000000e6875700ce
:1025c800001e20000e00400004e40200010000008c
:1025d800030037006000b8003096880041968800f4
:1025e8006000b80060d8880071d88800a1fc80001d
:1025f80000ff2f00008060003000b300a0fc8800be
:10260800d10037003096800041968000e00f5000de
:10261800e08f5800240032000c9d020001000000e9
:102628006000b80060d8880071d8880060d8800041
:1026380071d88000a21e20000e014100030c20006a
:10264800831f7800809fbe0050452a00801f7800b5
:10265800020078000005020000000000e88757002b
:10266800fb010700e0452a00d1010700d0422a00fb
:10267800cf010700f0462a00cd010700a01e200068
:102688000e004000ca0107000071220040f08800d7
:10269800a1fc800000ff2f00008060000020a00047
:1026a800a0fc8800a800370090b021008040eb0013
:1026b80001487800a1fc800000ff2f000080600026
:1026c800a0fc88003000200070fe88009e003700c3
:1026d800a1fc800000042000008060000000e000f1
:1026e8000d00320010472a0004e402000100000037
:1026f80090b021008040eb0001487800a1fc8000e8
:1027080000ff2f0000806000a0fc8800400020002f
:1027180070fe88008c00370000b12100104078005e
:102728000004e0008500320000b121008040eb0089
:102738000148780062d8800073d880003096800005
:1027480041968000800f5100818f59007d00310033
:1027580020f0800031f0800060d8880071d88800af
:1027680060d8800071d88000420620000289b90034
:10277800020178006002b900840178000301410079
:10278800430620000300b8000101410082007800e0
:102798003296800043968000a604020000000000e4
:1027a8004007980051079800e21f20000e014100e1
:1027b8004e009000de009000809fbe0070482a0006
:1027c800801f780002007800000502000000000069
:1027d800e6875700e01f20000e00400004e40200d6
:1027e8000100000062d8800073d880003096800015
:1027f80041968000800f5100818f59001f003100e1
:102808009301070060d8800071d880002221200041
:102818000e014100030c2000831f7800809fbe003a
:1028280050452a00801f7800020078000005020049
:1028380000000000e887570085010700e0452a00ee
:102848005b010700d0422a0059010700f0462a0020
:1028580057010700202120000e0040005401070006
:102868000071220040f088002103200010c0b3004e
:10287800287302000100000033003700a0492a0035
:1028880004e402000100000090b021008040eb0049
:1028980001487800a1fc800000ff2f000080600044
:1028a8005000b300a0fc8800a1fc800000042000b8
:1028b800008060000000e00005003a00a1fc8000f4
:1028c80000022000008060000000e00007003a00dd
:1028d800a1fc800000ff2f0000806000a0fc8800a1
:1028e8004000200070fe88001700370042a1020057
:1028f800010000000000e00006003200404a2a0003
:1029080004e40200010000002000200070fe88009e
:102918000d003700704b2a0004e40200010000009b
:102928004000200070fe8800a1fc800000ff2f00fe
:1029380000806000a0fc8800030037000000000051
:102948000100370000000000800c2000d0968800ad
:1029580000e2240001002000e0968800f19688003b
:10296800e0968000f1968000e00f5000e08f58005c
:10297800d3003a00800c200005dc0700d1003700a6
:1029880000000000cf00370000000000cd00370035
:1029980000000000cb00370000000000c90037002d
:1029a80000000000c700370000000000c500370025
:1029b80000000000c300370000000000c10037001d
:1029c80000000000bf00370000000000bd00370015
:1029d80000000000bb00370000000000b90037000d
:1029e80000000000b700370000000000b500370005
:1029f80000000000b300370000000000b1003700fd
:102a080000000000af00370000000000ad003700f4
:102a180000000000ab00370000000000a9003700ec
:102a280000000000a700370000000000a5003700e4
:102a380000000000a300370000000000a1003700dc
:102a4800000000009f003700000000009d003700d4
:102a5800000000009b0037000000000099003700cc
:102a680000000000970037000000000095003700c4
:102a780000000000930037000000000091003700bc
:102a8800000000008f003700000000008d003700b4
:102a9800000000008b0037000000000089003700ac
:102aa80000000000870037000000000085003700a4
:102ab800000000008300370000000000810037009c
:102ac800000000007f003700000000007d00370094
:102ad800000000007b00370000000000790037008c
:102ae8000000000077003700000000007500370084
:102af800000000007300370000000000710037007c
:102b0800000000006f003700000000006d00370073
:102b1800000000006b00370000000000690037006b
:102b28000000000067003700000000006500370063
:102b3800000000006300370000000000610037005b
:102b4800000000005f003700000000005d00370053
:102b5800000000005b00370000000000590037004b
:102b68000000000057003700000000005500370043
:102b7800000000005300370000000000510037003b
:102b8800000000004f003700000000004d00370033
:102b9800000000004b00370000000000490037002b
:102ba8000000000047003700000000004500370023
:102bb800000000004300370000000000410037001b
:102bc800000000003f003700000000003d00370013
:102bd800000000003b00370000000000390037000b
:102be8000000000037003700000000003500370003
:102bf80000000000330037000000000031003700fb
:102c0800000000002f003700000000002d003700f2
:102c1800000000002b0037000000000029003700ea
:102c280000000000270037000000000025003700e2
:102c380000000000230037000000000021003700da
:102c4800000000001f003700000000001d003700d2
:102c5800000000001b0037000000000019003700ca
:102c680000000000170037000000000015003700c2
:102c780000000000130037000000000011003700ba
:102c8800000000000f003700000000000d003700b2
:102c9800000000000b0037000000000009003700aa
:102ca80000000000070037000000000005003700a2
:102cb800000000000300370000000000010037009a
:102cc800000000000080fa00000006000000fa0082
:102cd80080002000c01c88009a23ef0020022000fa
:102ce800001d8800a223ef009960a80099e3a800be
:102cf8009b43a8009b83a8000080fa000000060000
:102d08000000fa00d0802000104078000080fb000e
:102d1800f11c800001417800e18020008270780079
:102d2800d0802000104078008040e800d08020004b
:102d380001487800d01c8000620060000000e000bc
:102d4800010032009a23a900d01c800064006000b2
:102d58000000e000010032009a23a900d01c800086
:102d6800680060000000e000010032009a63a900da
:102d78000080fa00000006000200fa00000f780048
:102d88001e0078000a000700420120009e0078001b
:102d9800a0ae2100aa06020000000000e0af21005a
:102da8008040eb00014878000080fa00000006002f
:102db8000200fa00000f78001e007800104078002a
:102dc8000004e0001a003200000000000100370093
:102dd80000000000d11c800000102000008060006e
:102de8000000e000fbff32001e0078001040780071
:102df8000000fb00e01c88001e00780010407800ee
:102e080067d107001e0fe8001e0078001040780008
:102e18000004e000eeff3a0000000000d11c800032
:102e280000102000008060000000e000fbff32007e
:102e3800a0ae21008040eb000148780090ae210050
:102e48008040eb00014878000080fa00000006008e
:102e58000000fa00208d21008040eb000148780036
:102e680090c680000090a10090c6880090c680009f
:102e78000080a00090c688000080fa0000000600cc
:102e88000200fa00004f7800a099210090407800d5
:102e9800e03122001040780080cf50000400390053
:102ea800e0312200104078000004e00002003a00ff
:102eb80010c0b300090037001e4078000004e0008d
:102ec8000500320042e4020001000000c04c2a0064
:102ed80004e40200010000000040eb000080fa005a
:102ee800000006000400fa00000f7800214798004f
:102ef800ae409000014f78001e0078000080a000ce
:102f0800000f78001e0078000090a100000f7800e4
:102f18000080fa00000006006a00fa00889fbe00e0
:102f28008a9fbe008c9fbe00101f9800211f98002a
:102f380072004700020220008000eb0050050200ea
:102f4800000000001e18900096b702000100000063
:102f58004300dd00400798004e0090004800de0066
:102f68000040780000d798004e009000004078009c
:102f780010d798009e18900072004700b0df02003a
:102f88000100000070662e0091a02600100f980026
:102f9800210f980050e82a0071b62b00300f9800d6
:102fa800410f980020372f00e1c62300500f9800ea
:102fb800610f9800a0532f00f1542a00700f980059
:102fc80001179800f0272500e11025001017980038
:102fd80021179800c088260051b0290030179800a2
:102fe80041179800b09a2d0031f821005017980029
:102ff8006117980090d12c0001be25007017980029
:10300800011f98000000eb00000f78004d0037000a
:103018001e0078004200dd000000470020509000ac
:103028000081fb008001eb001e0078004200dd00fb
:1030380000004700720040000288be001e007800b1
:10304800c200dd0072004700010040001002be000f
:103058001e0078004200dd000000e8000000470084
:10306800205090000080fb008000eb004809dd0044
:10307800c801de00830171004801dd000401410040
:10308800858149001e0078004200dd0000004700ed
:10309800720040000288be001e007800c200dd00f9
:1030a80072004700010040001001be001e007800b9
:1030b8004200dd000080e80000004700205090003a
:1030c8000080fb008000eb00c000dd000000200055
:1030d80002014000838148001e0078004200dd00a4
:1030e80000004700720040000288be001e00780001
:1030f800c200dd0072004700010040001001be0060
:103108001e0078004200dd00630040000000470018
:10311800205090000080fb008000eb00c800dd001c
:103128000000200002014000838148001e00780052
:103138004200dd0000004700720040000288be0027
:103148001e0fe8001e007800ef0f5000b0ff34009b
:103158000001200010079800750037001e0090003d
:10316800c200dd0072004700010040001003be00ed
:103178001e00900070005000c200dd007200470081
:10318800010040001002be001e0090006f005000b9
:10319800c200dd0072004700010040001000be00c0
:1031a800c901dd004709de00830471004909dd001b
:1031b8004700de00020470001e0090006f005000ff
:1031c800c200dd0072004700010040001000be0090
:1031d800c201de004e09dd00830571004209de00f0
:1031e8004e00dd00020570000a016c008b816c0046
:1031f8001e0090006f005000c200dd007200470002
:10320800010040001000be004d0edd004300de004e
:1032180000007600c308de000000690081806900b4
:1032280004014000858148001e009000670050009e
:10323800c200dd0072004700010040001000be001f
:1032480002024000838248001e0090000080e900ce
:10325800c200dd0072004700010040001000be00ff
:103268008001d1004f09dd00830671000101d10002
:103278004f00dd00020670001e0090000080e9008b
:10328800c200dd0072004700010040001000be00cf
:10329800c301de004d09dd0003017100421f9800e3
:1032a8004309de004d00dd0002007000301f980069
:1032b8003e189000ce18900000006e0081806e00cd
:1032c80030379800413798001e0090000080e900d0
:1032d800c200dd0072004700010040001000be007f
:1032e8004609dd004a00de0000007100ca08de0061
:1032f8003e319000ce319000000069008180690065
:10330800040040008580480006014000878148008d
:103318001e0090004200dd000000470072004000df
:103328000288be001e0090000000e8001007980008
:103338009e009000f0032000808f500087ff34002b
:103348000000eb0020079800f00037007e13900083
:103358008e1b90001e109000ae109000ca01dd0078
:103368004609de0003017100621f98004a09dd006a
:103378004600de0002007000501f98001e109000ea
:10338800ae109000c501dd004b09de00030171009d
:10339800022798004509dd004b00de00020070009e
:1033a800701f98005e1c9000ee1c90007e18900024
:1033b8008e20900000026c0081826c001e1090002c
:1033c800ae109000c901de004709dd00030171005d
:1033d800222798004909de004700dd00020070003e
:1033e800102798001e219000ae21900002006a006c
:1033f80083806a0006044000878448001e109000fd
:10340800ae1090003e119000ce119000800278001e
:103418000102780082007800030078008180620051
:1034280000006200202f9800112f98001e2b90009a
:10343800ae2b90001e109000ae1090000080ea00a5
:103448008180ea005e119000ee1190008002780001
:103458000102780082007800030078008180620011
:1034680000006200402f9800312f98003e289000fd
:10347800ce28900000006b0081806b00080140009e
:10348800898148002e009000c200dd00a0492b0071
:10349800008040001000be00020140008381480007
:1034a8002e009000c200dd007200470001004000bd
:1034b8001000be00020040008380480050079800ba
:1034c800610798001e089000ae089000ce01dd004c
:1034d8004209de0003017100422798004e09dd0011
:1034e8004200de0002007000302798001e0890009d
:1034f800ae089000c301dd004d09de000301710034
:10350800622798004309dd004d00de0002007000cc
:10351800502798003e239000ce2390005e24900010
:10352800ee24900008026b0089826b001e08900050
:10353800ae089000c601de004a09dd0003017100f3
:10354800022f98004609de004a00dd0002007000e4
:10355800702798007e2090008e28900000046a0052
:1035680081846a001e089000ae0890003e09900011
:10357800ce0990008002780001027800820078006d
:10358800030078008180620000006200602f9800cc
:10359800512f98005e2b9000ee2b90001e08900093
:1035a800ae0890005e099000ee0990008002780055
:1035b80001027800820078000300780081806200b0
:1035c8000000620000379800712f98007e28900054
:1035d8008e30900000036b0081836b003e089000e2
:1035e800ce0890005e099000ee09900080027800f5
:1035f8000102780082007800030078008180620070
:103608000000620020379800113798001e309000a3
:10361800ae30900000006b0081806b000800400015
:103628008980480070079800010f980070002000fa
:10363800300798002f0037003e0090000000e0009f
:1036480012003200e40f50001c003a003e009000c7
:103658000000e900c200dd007200470001004000e0
:103668001001be005e009000ee00900002014000d4
:10367800838148003e0090004200dd0000004700c2
:10368800720040000288be00170037005e019000fb
:10369800ee0190007e0090008e089000020140002c
:1036a800838148003e0090004200dd000000470092
:1036b800720040000288be000b0037003e009000f8
:1036c8000000e900c200dd00720047000100400070
:1036d8001001be003e0090004200dd0000004700df
:1036e800720040000288be003e0090000000e90021
:1036f800300798003e0090000000e000ceff3d003b
:103708002e0090000000e80020079800ae0090000e
:10371800e0032000808f50000cff34007200470047
:1037280002022000800078002e1890004205020056
:10373800000000004f06be004f05be004f04be004b
:103748000080fa00000006000400fa001007980044
:1037580010f1200010407800004f780020f1200080
:10376800104078001047980000f0200010417800c1
:103778001e80fb00c200dd00a0492b000080400035
:103788001000be00c809dd004800de00008071009e
:10379800c808de00004078000040690080407800da
:1037a8001e009000014878001e0090000001e8000b
:1037b80010f02000904178001e4090000080fb002f
:1037c800c200dd00a0492b00008040001000be00b0
:1037d8004008de000040780000c069000049780019
:1037e8001e0090000081e80020f020009041780041
:1037f8001e80fb00c200dd00a0492b0000804000b5
:103808001000be004808de000040780000c06900d3
:10381800004978001e0090006300400001f020007d
:103828009140780001417800810c80008140780047
:1038380081406900014878001e0090006400400043
:1038480011f020009140780001417800810c80003f
:10385800c808de008140780081406900014878008e
:103868001e0090006500400021f020009140780083
:1038780001417800810c8000814078008140690016
:10388800014878001e009000660140001e4090002c
:103898000080fb00c200dd00a0492b000080400032
:1038a8001000be004008de0080407800800c8000d8
:1038b8000040780000c06800004978001e009000b1
:1038c80067014000800c80004800de0080417800dd
:1038d8001e80fb00c200dd00a0492b0000804000d4
:1038e8001000be00480add004800de00000072003b
:1038f800c808de000040780000c069000049780070
:103908001e00900068014000800c80004800de0026
:10391800804178001e4090000080fb00c200dd005e
:10392800a0492b00008040001000be000040780035
:1039380000c06900004978000080fa000000060015
:103948000600fa002007980000f1200010407800d7
:10395800004f780010f120001040780010479800c0
:1039680020f12000104078002047980000f0200047
:10397800104178001e4090000080fb00c200dd006e
:10398800a0492b00008040001000be00c809dd00df
:103998004800de0000807100c808de0000407800a2
:1039a80000406900804078002e00900001487800af
:1039b8002e0090000001e80010f0200090417800ef
:1039c8002e4090000080fb00c200dd00a0492b00c3
:1039d800008040001000be004008de000040780073
:1039e80000c06900004978002e0090000081e800be
:1039f80020f02000904178001e4090000080fb00dd
:103a0800c200dd00a0492b00008040001000be006d
:103a18004808de000040780000c0690000497800ce
:103a28002e0090006300400001f0200091407800d3
:103a380001417800810c8000814078008140690054
:103a4800014878002e0090006400400011f020002a
:103a58009140780001417800810c8000c808de00a0
:103a68008140780081406900014878002e0090006c
:103a78006500400021f02000914078000141780065
:103a8800810c8000814078008140690001487800fd
:103a98002e009000660140002e4090000080fb0040
:103aa800c200dd00a0492b00008040001000be00cd
:103ab8004008de0080407800800c800000407800dc
:103ac80000c06800004978002e009000670140009f
:103ad800800c80004800de00804178001e40900085
:103ae8000080fb00c200dd00a0492b0000804000e0
:103af8001000be00480add004800de000000720029
:103b0800c808de000040780000c06900004978005d
:103b18002e00900068014000800c80004800de0004
:103b2800804178002e4090000080fb00c200dd003c
:103b3800a0492b00008040001000be000040780023
:103b480000c069000049780000e080000000e8003b
:103b580000e088002e00900069014000800c800081
:103b68004800de00804178001e80fb00c200dd00b6
:103b7800a0492b00008040001000be0000407800e3
:103b880000c06900004978002e0090006a004000db
:103b980001e08000c808de00814078000148780014
:103ba8002e0090006b00400001e08000814078000a
:103bb800014878002e0090006c004000810c8000c5
:103bc800c808de0081407800014878002e00900087
:103bd8006d004000810c8000814078000148780029
:103be8002e0090006e01400001e08000f0032000ec
:103bf80000806000c200dd00a0492b00008040006a
:103c08001000be00c809dd004800de000080710019
:103c1800c808de0080407800800c800000407800f2
:103c280000c06800004978002e0090006f01400035
:103c380001e08000f003200000806000c200dd0089
:103c4800a0492b00008040001000be008040780092
:103c5800800c80004800de000040780000c068004a
:103c6800004978000080fa00000006001e00fa00f3
:103c7800500f9800610f98005e08900061c1b30072
:103c8800114098005e08900001c1b3000148780017
:103c98005e089000104078000080fb004300de00c2
:103ca800604798005e089000104078000080fb0094
:103cb8000104200000017800110009008200d800ea
:103cc800400798006000b8006011b800100f980015
:103cd800210f9800320f9800430f98000080eb00e6
:103ce8005007980070c0b300404f980020c0b30040
:103cf800504f98000000eb00000f780010003700cc
:103d08006e4090000081fb006e4090008080fb00b8
:103d18001e0078000088b90000007800ee089000c6
:103d2800808040001e00780000004000f20147003b
:103d38000080410042050200000000001e0fe8005c
:103d48009e0078004e009000808f5000ecff3900f4
:103d58006e4090000081fb005e0890000080e80043
:103d6800f200470042050200000000000000eb00de
:103d78001007980061003700ae0890005e089000b8
:103d8800104078000081fb004e4890000080fb0046
:103d9800000051008008dd002e0990004e48900078
:103da8000080fb000010de00810070005e009000c3
:103db80000806000700798009e0890007e009000c8
:103dc800808040005e0090000080600070079800ce
:103dd800fe0090001e0090000080680070079800a8
:103de8009e0890005e089000104078000081fb005b
:103df8005e4890000080fb00000051008008de0053
:103e08001e0990005e4890000080fb000010dd0055
:103e1800810070005e00900000806000000f980034
:103e28008e0890007e00900000806800000f9800c7
:103e38008e089000110f98004e009000e20f50007d
:103e48001600320010002000200798000e003700ee
:103e58002e0090000000e80000004000f20047003b
:103e680000804000900078002e0090000000400084
:103e78000000470072004000010878002e00900002
:103e88000000e80020079800ae0090004e00900067
:103e98000000e900808f5000edff39004e009000cf
:103ea8000000e900000040000000470072004000e8
:103eb8007e019000020878006e4090000081fb00af
:103ec8005e0890008081e8006e4090008080fb00d2
:103ed8001e0090000000e8000088b900000078008b
:103ee80000804100f2004700420502000000000087
:103ef8001e0090000000e800100798005e0890007f
:103f0800104090000080fb000000e900800078006d
:103f18001e009000808f500097ff3e000040eb008d
:103f28000080fa00000006001e00fa00500f9800fa
:103f3800610f9800c0fc2f000e0040000080e800d0
:103f4800400798000000eb00200798009500370014
:103f58002e009000de08900000804000104078009d
:103f68008080fb006a004700811f7800ae00900047
:103f7800811f7800a1592b00811f78001a050200c3
:103f880000000000e68757006a00470004e40200ca
:103f9800010000002e009000de0890000080400024
:103fa800104078000080fb00000f78002e00900081
:103fb8000000e800de089000008040001040780013
:103fc8000004e000090032002e0090000000e80024
:103fd800de08900000804000104078000080fb0060
:103fe8004800dd001e0f700002003700f00f2000af
:103ff8001e0f60002e0090000080e800de08900090
:1040080000804000104078000004e0000800320002
:104018002e0090000080e800de089000008040003c
:10402800104078000080fb0010079800020037005d
:104038000000eb00100798002e009000630040007d
:10404800de08900000804000104078000004e00086
:104058000b0032002e00900063004000de08900044
:1040680000804000104078000080fb004800dd0020
:104078009e009000010070001007980004003700af
:104088009e009000f00f200000806000100798004c
:104098000000eb00300798001d0037004ec897005d
:1040a8000080fb00670050009e0090008008dd0043
:1040b8001e0090004700de00010070009e004000d6
:1040c8003e009000000040004e01900000004100ba
:1040d8001000780000806800100798004ec897000c
:1040e8000080fb000080e9009e0078008008de0068
:1040f8001e0078004200dd00810070001e00900064
:10410800008f68003e0090000000e800300798002b
:104118005ec897008080fb003e009000808f5000b2
:10412800deff3c002e009000ee089000008040006a
:104138009e00780081407800014878002e009000a9
:104148000000e800ee089000008040009e00780023
:10415800c808de0081407800014878002e009000f1
:104168000080e800ee089000008040009e0090006b
:1041780081407800014878002e00900063004000dc
:10418800ee089000008040009e009000c808de0005
:1041980081407800014878002e00900064004000bb
:1041a800200798002e009000de0890000080400054
:1041b800104078000004e00065ff3a006a004700fc
:1041c800ae009000811f7800915a2b00811f780063
:1041d8001a05020000000000e48757006a00470043
:1041e80004e40200010000002e009000ee08900098
:1041f800008040008040eb00014878000080fa0011
:10420800000006000e00fa005007980061079800a9
:10421800c0fc2f000e0040000080e8004007980016
:104228000000eb00200798006a0037002e0090007d
:10423800de00900000804000104078008080fb0085
:104248002e0090000000e8005e0190000000410090
:10425800104078000080fb004800dd00010070007d
:10426800000f78002e0090000080e800de0090002b
:1042780000804000104078008080fb002e009000f5
:10428800630040005e01900000004100104078008b
:104298000080fb004800dd00010070001007980056
:1042a8005ec897000040e900604798002600370084
:1042b8001e0090009e0068004ec897000080fb001a
:1042c8000080e9008008dd001e0090001e006800e4
:1042d8004200de00008f70006e4090000000fb007e
:1042e80000004000ce009000008040009000780060
:1042f8001e009000008068009e0050004ec8970085
:104308000080fb00670050008008de006e409000cf
:104318000000fb00000040004e019000000041003a
:10432800100178001e009000000069001e00500077
:104338004700dd0001007000100798006e409000f3
:104348000040e900604798006e4090000004e000db
:10435800d7ff3d002e009000ee0090000080400046
:104368009e00780081407800014878002e00900077
:104378000000e800ee009000008040009e007800f9
:10438800c808de0081407800014878002e009000bf
:104398000080e800ee009000008040009e00900041
:1043a80081407800014878002e00900063004000aa
:1043b800ee009000008040009e009000c808de00db
:1043c80081407800014878002e0090006400400089
:1043d800200798002e009000de009000008040002a
:1043e800104078000004e00090ff3a002e00900092
:1043f800ee009000008040008040eb00014878000b
:104408000080fa00000006001000fa00600798001b
:10441800710798000000eb00000f78002f003700ac
:104428001e0078004200dd00ee0090000080400091
:104438009e007800c208dd007e01900081004100e6
:1044480091407800014878001e0078004200dd00a5
:104458000000e800ee009000008040009e00780018
:10446800c208dd008100e8007e0190008100410063
:1044780091407800014878001e0078004200dd0075
:104488000080e800ee009000008040009e00780068
:10449800c208dd008180e8007e01900081004100b3
:1044a80091407800014878001e0078004200dd0045
:1044b80063004000ee009000008040009e007800fd
:1044c800c208dd00e38040007e01900081004100c9
:1044d80091407800014878001e0fe8001e0078001f
:1044e800e30f5000ceff360040002000000f780098
:1044f8007a003700f0ff23001e0040004200dd0074
:1045080010079800ee0090001e0090000080400008
:1045180010407800004f98001e0090000000e8004e
:10452800ee0090000080400010407800104f980086
:104538001e0090000080e800ee009000008040001f
:1045480010407800204f98001e0090006300400043
:10455800ee0090000080400010407800304f980036
:104568009e007800638060000000e00025003a00ab
:104578008e489000414798001e489000004f9800d0
:104588002e489000104f98003e489000204f980009
:10459800ce409000314f98000e4890000080fb00fc
:1045a800815b2b0061407800004f98001e48900006
:1045b8000080fb00815b2b0061407800104f980061
:1045c8002e4890000080fb00815b2b006140780042
:1045d800204f98003e4890000080fb00815b2b0034
:1045e80061407800304f98008e4890001e00780097
:1045f8004200de00827b2b006240780000c0680029
:10460800004f98001e0078004200dd003007980037
:10461800c0ff23001e0040004200dd001007980084
:10462800ee0090003e009000008040006e01900077
:104638009e00900081004100114178008e48900052
:1046480081406900014878003e0090000000e800c1
:10465800ee009000008040009e0090008100e8007d
:104668006e01900081004100114178009e48900041
:1046780081406900014878003e0090000080e80011
:10468800ee009000008040009e0090008180e800cd
:104698006e0190008100410011417800ae48900001
:1046a80081406900014878003e00900063004000a6
:1046b800ee009000008040009e009000e3804000e3
:1046c8006e0190008100410011417800be489000c1
:1046d80081406900014878001e0fe800b002200000
:1046e8009e007800808f500082ff36000080fa001c
:1046f800000006000400fa00000f78001107980077
:104708001e0078009e0090003fff07000080fa001e
:10471800000006000600fa00000f78001107980054
:10472800220798001e0078009e00900036ff0700c0
:10473800010b20001e80400002012000ae00900006
:1047480042050200000000000080fa000000060098
:104758000400fa00000f780011079800010b2000f0
:104768001e804000020120009e00900042050200c9
:10477800000000000080fa00000006000800fa00af
:104788002047980021079800320798000040eb0066
:10479800004f7800260037000040eb0010479800d3
:1047a8001f0037009e81fb001e4090000080fb0028
:1047b8001e82fb009e4090008180fb002e0190002d
:1047c8004222dd008100420062c17800ae409000c4
:1047d8008180fb00420add009e80fb0081004200d0
:1047e800420add009e4090008180fb00810042006b
:1047f8003e029000810042009140780081406900ab
:104808002e019000c219dd00008041000000410027
:10481800014878001e4090000040e80010479800ca
:104828001e409000e34f5000deff36001e4fe800a8
:104838001e407800e34f5000d7ff36000080fa0092
:10484800000006000400fa00100798000040eb0082
:10485800004f78001c0037000040eb00104798001c
:10486800150037001e4090008081fb001e80fb0071
:104878009e4090000182fb009e80fb001e0190007c
:104888004222dd0081004200e2c078008180fb0006
:10489800825b2b00e2c078001e019000c219dd0087
:1048a8000080410000004100014878001e4090004f
:1048b8000040e800104798001e409000e34f500069
:1048c800e8ff36001e4fe8001e407800e34f500016
:1048d800e1ff36000080fa00000006000400fa003c
:1048e800100798001e00900090409000014f78003b
:1048f8001e009000d04090001e00900011409800cb
:104908001e009000904890001e00900051409800b2
:104918001e009000d04890001e009000114898009a
:104928001e0090009e407800514898001e0090009c
:10493800a0409000014f78001e009000a048900011
:104948001e009000214098001e0090009e407800b4
:10495800214898001e009000e0409000014f780028
:104968001e009000e04890001e00900061409800f2
:104978001e0090009e407800614898001e0090003c
:10498800b0409000014f78001e009000f048900061
:104998001e009000314098001e009000b048900022
:1049a8001e009000714898001e009000f040900092
:1049b8001e009000314898001e0090009e4078002c
:1049c800714098000080fa00000006000200fa001a
:1049d800004f78001e80fb00000040000041780076
:1049e8001e80fb004700de00004078007b00b90015
:1049f8000000780000407800004069000080fa005c
:104a0800000006000600fa00200798000040eb00ae
:104a1800004f78008e0037001e80fb00ae0090002b
:104a28004200dd0061417800124798001e80fb00bb
:104a3800ae0090004200dd00e14078001e80fb00df
:104a48002e0190004200dd000000e800624078007e
:104a580080c068001e80fb002e0190004200dd002f
:104a68000080e8006240780080c068001e80fb007b
:104a78002e0190004200dd00630040006240780093
:104a880000c06800204798001e80fb00ae00900020
:104a98004200dd00e14078001e80fb002e019000fe
:104aa8004200dd000000e8006240780000c06800b5
:104ab800304798003e409000c4ff070030479800f8
:104ac8001e80fb009e80fb002e019000c208dd00c6
:104ad80062c17800be419000ae40900081c069007c
:104ae800814069002e0190004200dd000000410075
:104af800014878001e80fb00ae0090004200dd00f7
:104b08000000e800e14078001e80fb002e019000c4
:104b18004200dd000080e8006240780000c06800c4
:104b2800304798003e409000a8ff070030479800a3
:104b38001e80fb009e80fb002e019000c208dd0055
:104b48008100e80062c17800be419000ae4090004c
:104b580081c06900814069002e0190004200dd009b
:104b6800000041000000e800014878001e80fb00ba
:104b7800ae0090004200dd000080e800e1407800cf
:104b88001e80fb002e0190004200dd006300400003
:104b98006240780000c06800304798003e409000ae
:104ba8008aff0700304798001e80fb009e80fb00ac
:104bb8002e019000c208dd008180e80062c1780003
:104bc800be419000ae40900081c0690081406900fc
:104bd8002e0190004200dd00000041000080e80046
:104be800014878001e80fb00ae0090004200dd0006
:104bf80063004000e14078001e40900000c068005b
:104c0800304798003e40900070ff070030479800fa
:104c18001e80fb009e80fb002e019000c208dd0074
:104c2800e380400062c17800be419000ae40900031
:104c380081c06900814069002e0190004200dd00ba
:104c48000000410063004000014878001e4fe80062
:104c58001e407800e34f50006fff36000080fa00d6
:104c6800000006000800fa00889fbe003007980080
:104c78000000eb00000f780073013700be009000c1
:104c88001e0078004200dd0061417800224798004c
:104c9800be0090001e0078004200dd000000e80021
:104ca8006141780032479800be0090001e007800ed
:104cb8004200dd000080e80061417800424798002a
:104cc800be0090001e0078004200dd006300400036
:104cd80061417800524798002e4090003bff070042
:104ce8003aff070039ff070038ff07003e409000f1
:104cf80036ff070035ff07003e40900033ff0700ee
:104d080032ff070031ff070030ff07004e409000d8
:104d18002eff07004e4090002cff07002bff0700d6
:104d28002aff070029ff07005e40900027ff0700c1
:104d38005e40900025ff070024ff07005e409000ba
:104d480022ff070021ff070020ff07001fff0700c1
:104d58002e4090001dff07000084fb002e409000ad
:104d68001aff070019ff07000080fb0000046c0011
:104d78002e40900015ff070014ff070013ff0700df
:104d88000080fb0000046c003e4090008084fb0023
:104d98003e4090000dff07000080fb0080846c00ff
:104da8003e40900009ff070008ff070007ff0700c3
:104db8000080fb0000806c0000046c004e409000f6
:104dc8008084fb004e40900000ff0700fffe0700b4
:104dd8000080fb0080846c004e409000fbfe0700c2
:104de800fafe0700f9fe07000080fb0000806c0057
:104df80000046c005e4090008084fb005e409000e0
:104e0800f2fe0700f1fe0700f0fe07000080fb003d
:104e180000806c0000006c00804078003e0190002b
:104e28001e0078004200dd000000410001487800c3
:104e38002e409000e5fe07002e409000e3fe07009c
:104e4800e2fe07002e409000e0fe0700dffe0700ac
:104e5800defe0700ddfe07003e409000dbfe070097
:104e6800dafe0700d9fe0700d8fe07004e40900082
:104e7800d6fe0700d5fe07004e409000d3fe07007f
:104e8800d2fe0700d1fe0700d0fe07005e4090006a
:104e9800cefe07005e409000ccfe0700cbfe070068
:104ea800cafe0700c9fe07002e4090000084fb00e0
:104eb8002e409000c5fe0700c4fe0700c3fe070091
:104ec8000080fb0000046c003e409000bffe07001d
:104ed8008084fb003e409000bcfe0700bbfe07003c
:104ee8000080fb0080846c003e409000b7fe070005
:104ef800b6fe0700b5fe07000080fb0000806c00ce
:104f080000046c004e4090008084fb004e409000ee
:104f1800aefe07000080fb0080846c004e409000cd
:104f2800aafe0700a9fe0700a8fe07000080fb00f4
:104f380000806c0000046c005e4090008084fb00e0
:104f48005e409000a1fe0700a0fe07000080fb0065
:104f580080846c005e4090009cfe07009bfe07006a
:104f68009afe07000080fb0000806c0000006c00c7
:104f7800804078003e0190001e0078004200dd006d
:104f8800000041000000e800014878002e40900031
:104f98008efe07002e4090008cfe07008bfe070057
:104fa8008afe070089fe07003e40900087fe070042
:104fb8003e40900085fe070084fe07003e409000ba
:104fc80082fe070081fe070080fe07007ffe0700c3
:104fd8004e4090007dfe07007cfe07007bfe070028
:104fe8007afe07005e40900078fe070077fe070013
:104ff8005e40900075fe070074fe070073fe070010
:1050080072fe07002e4090000084fb002e409000a6
:105018006efe07006dfe07000080fb0000046c00b8
:105028002e40900069fe070068fe070067fe070033
:105038000080fb0000046c003e4090008084fb0070
:105048003e40900061fe070060fe07005ffe07001b
:105058000080fb0000806c0000046c004e40900053
:105068005afe07008084fb004e40900057fe070060
:1050780056fe07000080fb0080846c004e409000c4
:1050880052fe070051fe070050fe07000080fb009b
:1050980000806c0000046c005e4090008084fb007f
:1050a8005e40900049fe07000080fb0080846c0091
:1050b8005e40900045fe070044fe070043fe0700df
:1050c8000080fb0000806c0000006c0080407800cd
:1050d8003e0190001e0078004200dd000000410003
:1050e8000080e800014878002e40900037fe070055
:1050f80036fe07002e40900034fe070033fe0700fe
:1051080032fe070031fe07003e4090002ffe0700e8
:105118003e4090002dfe07002cfe07002bfe0700e6
:105128002afe07004e40900028fe07004e409000df
:1051380026fe070025fe07004e40900023fe0700cc
:1051480022fe070021fe070020fe07005e409000b7
:105158001efe07001dfe07001cfe07001bfe0700c1
:105168002e4090000084fb002e40900017fe0700a0
:105178000080fb0000046c002e40900013fe070026
:1051880012fe070011fe07000080fb0000046c00ff
:105198003e4090008084fb003e4090000bfe0700dc
:1051a8000afe07000080fb0080846c003e409000ef
:1051b80006fe070005fe070004fe07000080fb004e
:1051c80000806c0000046c004e4090008084fb005e
:1051d8004e409000fdfd0700fcfd0700fbfd0700a9
:1051e8000080fb0000806c0000046c005e409000b2
:1051f800f6fd07008084fb005e409000f3fd070089
:10520800f2fd07000080fb0080846c005e40900087
:10521800eefd0700edfd0700ecfd07000080fb0038
:1052280000806c0000006c00804078003e01900017
:105238001e0078004200dd000000410063004000cd
:10524800014878001e0fe8001e007800e30f5000a8
:105258008afe34004f04be000080fa0000000600f9
:105268000400fa00100798000040eb00004f780097
:105278001c0037000040eb0010479800150037006d
:105288001e4090008081fb001e80fb009e40900025
:105298000182fb009e80fb001e0190004222dd007f
:1052a80081004200e2c078008180fb00826b2b0005
:1052b800e2c078001e019000c219dd0000804100a4
:1052c80000004100014878001e4090000040e800be
:1052d800104798001e409000e34f5000e8ff36004a
:1052e8001e4fe8001e407800e34f5000e1ff3600f3
:1052f8000080fa00000006000400fa001007980079
:105308001e009000d0489000014f78001e009000c9
:10531800904890001e009000514898001e00900090
:10532800d04090001e009000114898001e00900088
:10533800904090001e009000514098001e00900080
:105348009e407800114098001e009000a0409000f8
:10535800014f78001e009000a04890001e009000a9
:10536800214098001e0090009e4078002148980037
:105378001e009000e0409000014f78001e00900051
:10538800e04890001e009000614098001e009000c8
:105398009e407800614898001e009000b040900040
:1053a800014f78001e009000f04090001e00900011
:1053b800314098001e009000b04890001e009000f8
:1053c800714098001e009000f04890001e00900068
:1053d800314898001e0090009e407800714898005f
:1053e8000080fa00000006000600fa001007980086
:1053f800210798000040eb00004f78002e01900034
:105408009e0090000040eb00dcfc070010c0b300d9
:10541800004f78001e0090000afd07001e00900053
:105428002efd07001e407800ea4f500006003a00a3
:105438002e0190009e009000a0c0b300cffc070092
:105448000080fa00000006001e0090006dfd0700b5
:105458002e0190009e0090001e407800c7fc0700b7
:105468001e4fe800ebff37000600fa00100798000f
:10547800210798000040eb00004f78002e019000b3
:105488009e009000a0c0b300bcfc070090c0b30011
:10549800004f78001e00900097ff07001e00900044
:1054a8006fff07002e0190009e0090001e407800bc
:1054b800b2fc07001e4078000004e000040032003f
:1054c8001e009000e7fd07001e4fe900f1ff3700be
:1054d800000000000080fa00000006000600fa0044
:1054e80010079800210798000040eb00004f780053
:1054f8000e0037001e80fb009e00900000804000d8
:105508009e80fb001e01900081004100114178003f
:105518009e80fb00ae0190008180410091407800a0
:1055280081406900014878001e4fe8001e4078005d
:10553800ef4f5000efff36000080fa000000060031
:105548000a00fa00200798003107980042079800df
:105558002e009000000bb000100798000000eb0030
:10556800000f78000d0037009e0090003e0090006c
:10557800daff0700ae0090003e0090009aff070097
:10558800be009000110798003e0090007000400097
:10559800300798009e007800708f40004e00900001
:1055a8009e007800808f5000efff39002e00900099
:1055b800000bb000020120009e009000420502008e
:1055c800000000000080fa00000006001800fa0041
:1055d800100f9800210f9800320f98000000eb0080
:1055e800000f78001b003700307c2b0004e4020019
:1055f800010000000e80e80002012000ae089000c3
:1056080042050200000000009e0890002e0890004d
:1056180095ff07001e089000000bb000800078007e
:105628002e089000adff07001e089000000bb00088
:105638008e80e80002012000420502000000000000
:105648002e08900070004000200f98009e007800ff
:10565800708f40003e0890009e007800808f5000b8
:10566800e1ff39000080fa00000006001e00fa0081
:10567800400f9800510f9800620f9800de089000c4
:105688006e089000808f500002003a005e0890007b
:10569800290037005e0890006f006000700010005d
:1056a80010079800640047009e009000811f780052
:1056b800d17c2b00811f78001a0502000000000031
:1056c800e48757006400470004e40200010000007a
:1056d800de0890001e009000808040006e08900058
:1056e800808f5000020036000000eb0012003700e7
:1056f8000000eb00000f7800080037005e089000fb
:105708001e004000ce089000008040009e009000df
:1057180081407800014878001e0fe8001e009000c4
:105728009e007800808f5000f4ff3900de0890005a
:105738001e009000008040000080fa000000060073
:105748000800fa0020079800310798003e009000f2
:105758000000e000040032003e0090006f0060008e
:105768000000e000020032000000eb0024003700d7
:105778003e0090000000e900ae009000008040006c
:1057880090407800214798002e4090000004e000e7
:10579800030032002e409000f04f50000200360007
:1057a8000000eb00160037002e4090000080fb0040
:1057b800be009000008f5000090037002e009000b6
:1057c8001e004000904078002e40900080cf50008e
:1057d800020032000000eb00090037001e0fe8004d
:1057e8003e0090009e007800808f5000f3ff390043
:1057f8002e4090000080fb00be009000008050000a
:105808000080fa00000006001e00fa00889fbe0013
:105818008a9fbe008c9fbe00400f9800510f9800d1
:10582800620f98005e0890008080e800b0aa2a0005
:105838000008b8000100d1004200dd0020079800f0
:105848000000eb00000f78000000eb001007980044
:10585800a20037005e0890009e007800808f5000fc
:10586800070031004e0890001e00400010407800ec
:105878000080fb008000eb001e0fe80001003700ed
:105888006000b80030079800410798005e08900053
:105898009e007800808f5000070031004e0890006d
:1058a8001e004000104078000080fb008000eb00e4
:1058b8001e0fe800010037006000b800500798008c
:1058c800610798005e0890009e007800808f500065
:1058d800070031004e0890001e004000104078007c
:1058e8000080fb008000eb001e0fe800010037007d
:1058f8006000b80070079800010f98003e00900003
:10590800ce009000c001dd00020020005e0690007d
:10591800ee0690004868dd00c860de008100700077
:105928004860dd0002014000838148007e0090004d
:105938008e0890000200400083804800100f9800f5
:10594800210f9800ee0890001e009000008640008d
:105958001e089000ae0890004209de0003002000f7
:10596800f00320000100200082067800030178007f
:105978008001780081007800038066008100610062
:1059880081027800000278000400be00b27d2b007e
:105998000000410010407800004e78001e00900082
:1059a8000000e80010079800ee0890001e00900024
:1059b800008640001e089000ae089000cc09de006a
:1059c800440bdd004c01de0002017300f0032000ef
:1059d8000100200082067800030178008001780029
:1059e80081007800038066008100610081037800ef
:1059f800000378000600be00b27d2b0000004100c5
:105a080010407800004e78001e0090000000e8006a
:105a180010079800ee0890001e00900000864000d5
:105a28001e089000ae089000c609de004a0cdd0092
:105a38004601de0002017400f0032000010020008e
:105a480082067800030178008001780081007800e0
:105a580003806600810061008104780000047800fa
:105a68000800be00b27d2b00000041001040780005
:105a7800004e78001e0090000000e8001007980013
:105a8800ee0890001e009000008640001e0990005d
:105a9800ae099000f0032000010020008206780083
:105aa8000301780080017800810078000380660097
:105ab8008100610081057800000578000a00be00b9
:105ac800b27d2b000000410010407800004e7800a5
:105ad8001e0090000000e800100798005e08900083
:105ae8009e007800808f50005aff39005e099000b0
:105af800b0aa2a000010b8000100d1006300b90064
:105b08000000780000005100300f98003e08900017
:105b1800e10f50000d003a002e0090000000e9004f
:105b2800ee08900000804000d1c3b300014878001f
:105b38002e0090000080e900ee08900000804000f0
:105b4800d1c3b30001487800090037003e0890002f
:105b5800e20f500006003a002e0090000000e90015
:105b6800ee08900000804000d1c3b30001487800df
:105b7800ee0890002e009000008040008040eb006e
:105b8800014878002e0090004f06be004f05be0069
:105b98004f04be000080fa00000006000600fa006c
:105ba80010f080000000e00027003a000000eb0041
:105bb800000f7800070037001e00780080004000c2
:105bc80020c02100008040008080eb0001087800a0
:105bd8001e0fe800f00f20009e007800808f500014
:105be800f5ff3400c0812b00200798000000eb006f
:105bf800100798000d0037001e009000ae009000be
:105c080000804000104078000080fb0080004000c9
:105c180020c02100008040009e009000010878000c
:105c28001e0090000000e800100798009e009000f9
:105c3800f0032000808f5000efff34001000200098
:105c480010f0880001003700000000000080fa0012
:105c5800000006004000fa00601f9800711f9800bd
:105c6800d0852b0004e4020001000000cbff0700f0
:105c78006e189000bab702000100000030079800c3
:105c880074004700be009000811f780021872b0018
:105c9800811f78001a05020000000000e487570001
:105ca8007400470004e40200010000003e00900078
:105cb8000000e00002003a000000eb00e6003700b8
:105cc8003e009000630060000000e0000500320024
:105cd80050882b0004e40200010000000000eb00e3
:105ce800dd0037003e0090004200de006300b9008e
:105cf80000007800000f78003e0090000000e900e6
:105d0800ee1890000080400090407800d0c3b300a7
:105d180080cf500001003a001e0fe9003e009000bd
:105d28000080e900ee189000008040009040780064
:105d3800d0c3b30080cf500001003a001e0fe90025
:105d4800740047009e1f7800118a2b00811f78007d
:105d58001a05020000000000e4875700740047009d
:105d680004e40200010000000000eb0010079800a6
:105d78000000eb0020079800a5003700ee189000ff
:105d88002e00900000804000104078000080fb004a
:105d98008000400020c02100008040009001780071
:105da800430798002e0090000000e800ee189000cd
:105db80000804000104078000080fb008000400018
:105dc80020c0210000804000900078005107980012
:105dd8002e0090008080e8003e009000808f5000e8
:105de800130031002e0090000080e800ee189000ab
:105df8000080400090407800d0c3b30080cf5000ae
:105e08000b0032002e0090000080e800ee18900091
:105e180000804000104078000080fb0080004000b7
:105e280020c02100008040001000780001003700e9
:105e38000000eb00600798002e009000e30040008f
:105e48003e009000808f5000130031002e0090001b
:105e580063004000ee1890000080400090407800f9
:105e6800d0c3b30080cf50000b0032002e0090004a
:105e780063004000ee189000008040001040780059
:105e88000080fb008000400020c02100008040000e
:105e980010007800010037000000eb007007980040
:105ea8002e0090000000e00011003a007400470046
:105eb800fe019000831f7800ee009000811f78009b
:105ec800de019000831f7800ce009000811f7800cb
:105ed800618b2b00811f78001a050200000000006a
:105ee800ea8757007400470004e40200010000003c
:105ef8004e009000cf80de00c201dd0002002000cd
:105f08005e0090006102b9004c28dd00c420de006c
:105f1800810070004c20dd000201400083814800b0
:105f28006e0090006102b9004628dd00ca20de003c
:105f3800810070004620dd00020140008381480096
:105f48007e009000cf80de00020040008380480081
:105f5800000f9800110f98001e0090009e0f50002f
:105f68000b003100fe1890001e00900000814000d8
:105f78000e0890009e0890004008de00004078005f
:105f8800004978001e0090000000e8001007980003
:105f98001e0090009e0f50000e003100fe18900069
:105fa8001e009000008140000e0890009e0890009e
:105fb800c809dd004800de0000807100c808de0066
:105fc80000407800004978001e0090000000e800ba
:105fd800100798001e0090009e0f50000900310025
:105fe800fe1890001e009000008040008e0890006f
:105ff80081407800014878001e0090000000e80009
:10600800100798002e0090006400400020079800b8
:10601800ae0090003e009000808f500057ff39007e
:106028007e189000104078008080fb0074004700c4
:10603800811f7800918d2b00811f78001a050200be
:1060480000000000e48757007400470004e40200e1
:10605800010000001e0078000080fa000000060021
:106068000400fa00000f780011079800020a2000c7
:106078009e00900090a420008d07070012c0b30076
:1060880091a420001e00780020b10200000000004a
:106098000080fa00000006000600fa00000f7800f1
:1060a800110798004247980053479800030a2000b8
:1060b8004e4190009e00900090a42000d60007005a
:1060c8005e4090000004e0000500320091a420002a
:1060d8001e00780078b102000000000005003700bb
:1060e80012c0b30091a420001e00780020b1020065
:1060f800000000000080fa00000006000400fa001a
:10610800000f78002147980090a42000c1030700e1
:106118002e4090000004e0000500320091a4200009
:106128001e00780078b1020000000000050037006a
:1061380012c0b30091a420001e00780020b1020014
:10614800000000000080fa00000006000400fa00c9
:10615800000f78002147980090a42000e904070068
:106168002e4090000004e0000500320091a42000b9
:106178001e00780078b1020000000000050037001a
:1061880012c0b30091a420001e00780020b10200c4
:10619800000000000080fa00000006000400fa0079
:1061a800000f78002147980090a42000720507008e
:1061b8002e4090000004e0000500320091a4200069
:1061c8001e00780078b102000000000005003700ca
:1061d80012c0b30091a420001e00780020b1020074
:1061e800000000000080fa00000006000200fa002b
:1061f800000f780090a42000c302070012c0b3006b
:1062080091a420001e00780020b1020000000000c8
:106218000080fa00000006000200fa00000f780073
:1062280040368000700060000000e000040032008a
:106238001e00780001c3b30001487800030037004e
:106248001e00780011c3b300014878004136800071
:1062580000022000008060000000e000040032001e
:106268001e00e80001c3b3000148780003003700ae
:106278001e00e80011c3b3000148780040368000d2
:10628800680060000000e000040032001e80e800a2
:1062980001c3b30001487800030037001e80e800fe
:1062a80011c3b300014878004036800064006000e4
:1062b8000000e000050032009e0078006380400086
:1062c80001c3b30001487800040037009e0078003d
:1062d8006380400011c3b30001487800b0358000e6
:1062e800640060000000e000050032009e007800b5
:1062f8006480400001c3b3000148780004003700ff
:106308009e0078006480400011c3b3000148780003
:106318009e007800658040008040eb0001487800ce
:1063280050c0b3000080fa00000006000200fa0026
:10633800000f7800d133800000402000008060000a
:106348000000e000040032001e00780011c3b30012
:1063580001487800030037001e00780001c3b3002d
:1063680001487800d1338000008020000080600060
:106378000000e000040032001e00e80011c3b30072
:1063880001487800030037001e00e80001c3b3008d
:1063980001487800d13380000000210000806000af
:1063a8000000e000040032001e80e80011c3b300c2
:1063b80001487800030037001e80e80001c3b300dd
:1063c80001487800d133800000002200008060007e
:1063d8000000e000050032009e0078006380400065
:1063e80011c3b30001487800040037009e0078000c
:1063f8006380400001c3b300014878009e00780024
:10640800648040008040eb000148780040c0b30041
:106418000080fa00000006000c00fa00200798002f
:1064280031079800024f9800530798000e489000d3
:106438000004e0003d003200018f2b002e00900088
:1064480072df020001000000000f78004201200006
:106458008000eb0020e92000500502000000000049
:1064680020e92000a53d2200c43d220080017800db
:1064780042c1b3004100200000c5b300c659020064
:106488000100000060ea20008040eb00014878002d
:106498001e007800ae0090000080400021e9200036
:1064a80072df0200010000001e0f40001e0078008d
:1064b800ae00900000804000f18f2b0072df0200d8
:1064c800010000001e0f40001e007800ae00900082
:1064d80000804000800078003e009000ecb502008b
:1064e800010000001e0f40001e007800ae00900062
:1064f8000080400081902b0072df02000100000044
:106508001e0f40001e007800ae0090008080400002
:10651800805e2200104078000041eb00deb70200e8
:10652800010000001e0f40001c01370001912b00e4
:106538002e00900072df020001000000000f7800ba
:106548001e007800ae0090000080400080007800b7
:106558003e009000ecb50200010000001e0f400054
:106568005e0090007e0050009e0f50002d00340009
:1065780010a9210010407800e34f50000f003a00a6
:106588001e007800ae0090000080400091912b0022
:1065980072df0200010000001e0f40001e0078009c
:1065a800ae0090000080400071a7210072df020059
:1065b800010000001e0f40001a003700f0aa210059
:1065c800104078000004e0000f0032001e00780040
:1065d800ae0090000080400091912b0072df020015
:1065e800010000001e0f40001e007800ae00900061
:1065f8000080400051a9210072df02000100000064
:106608001e0f4000070037001e007800ae00900003
:1066180000804000d1912b0072df020001000000d1
:106628001e0f40005e009000690050009e0f500051
:10663800300034001e007800ae009000008040005a
:1066480021922b0072df0200010000001e0f4000a3
:10665800b0c7020001000000204798002e409000bb
:106668000080fb00e10f50000a003200e20f5000ea
:106678000e0032000000e00012003a001e00780010
:10668800ae00900000804000e1c4b30001487800eb
:10669800120037001e007800ae0090000080400015
:1066a80031c5b300014878000c0037001e0078009f
:1066b800ae00900000804000f1c4b30001487800ab
:1066c800060037001e007800ae00900000804000f1
:1066d800f1c3b30001487800000000001e0fe80075
:1066e8001e007800ae009000008040008040eb0063
:1066f800014878005e009000690050009e0f50002d
:10670800100034001e007800ae00900000804000a9
:1067180071922b0072df0200010000001e0f400082
:106728001e007800ae00900080804000f0a180003c
:106738000040780032c0b300deb70200010000005c
:106748001e0f40005e009000690050009e0f500030
:10675800100034001e007800ae0090000080400059
:10676800c1922b0072df0200010000001e0f4000e2
:106778001e007800ae00900080804000502f8100fd
:106788000040780032c0b300deb70200010000000c
:106798001e0f40005e009000690050009e0f5000e0
:1067a800100034001e007800ae0090000080400009
:1067b80011932b0072df0200010000001e0f400041
:1067c8001e007800ae0090008080400060c5200068
:1067d8001040780022c0b300deb7020001000000bc
:1067e8001e0f40002163800000002200008060002e
:1067f8000000e000140032005e00900069005000c4
:106808009e0f5000100034001e007800ae0090006b
:106818000080400061932b0072df0200010000003d
:106828001e0f40001e007800ae00900080804000df
:10683800f0c520001040780022c0b300deb7020087
:10684800010000001e0f40005e009000690050002b
:106858009e0f50000d0034001e007800ae0090001e
:1068680000804000c1932b0072df0200010000008d
:106878001e0f40001e007800ae009000008040000f
:1068880065fe07000080fb001e0f40005e009000c0
:10689800690050009e0f50000d0034001e00780063
:1068a800ae0090000080400011942b0072df0200bf
:1068b800010000001e0f40001e007800ae0090008e
:1068c8000080400099fe07000080fb001e0f40007a
:1068d8005e009000690050009e0f500010003400c8
:1068e8001e007800ae0090000080400071942b00dc
:1068f80072df0200010000001e0f40001e00780039
:10690800ae00900080804000805e22001040780039
:106918000041eb00deb70200010000001e0f40003e
:106928005e009000690050009e0f50001b0034006c
:106938001e007800ae00900000804000d1942b002b
:1069480072df0200010000001e0f400010c420008a
:1069580090407800a0c5b30080cf500008003a00ee
:106968001e007800ae0090000080400031952b009a
:1069780072df0200010000001e0f40000700370010
:106988001e007800ae0090000080400051952b005a
:1069980072df0200010000001e0f40005e00900040
:1069a800690050009e0f5000100034001e0078004f
:1069b800ae0090000080400071952b0072df02004d
:1069c800010000001e0f40001e007800ae0090007d
:1069d8008080400020c42000104078000041eb0077
:1069e800deb70200010000001e0f40000e489000b4
:1069f8000004e00050003a005e009000660050007d
:106a08009e0f50004c0034001e007800ae0090002d
:106a180000804000d1952b0072df020001000000c9
:106a28001e0f40001e007800ae00900080804000dd
:106a380050f02000104078000041eb00deb7020063
:106a4800010000001e0f40005e0090006900500029
:106a58009e0f5000100034001e007800ae00900019
:106a68000080400021962b0072df02000100000028
:106a78001e0f40001e007800ae009000808040008d
:106a880090992100104078000041eb00deb7020029
:106a9800010000001e0f40005e00900069005000d9
:106aa8009e0f5000100034001e007800ae009000c9
:106ab8000080400071962b0072df02000100000088
:106ac8001e0f40001e007800ae009000808040003d
:106ad800b0992100104078000041eb00deb70200b9
:106ae800010000001e0f40005e0090006900500089
:106af8009e0f5000100034001e007800ae00900079
:106b080000804000d1962b0072df020001000000d7
:106b18001e0f40001e007800ae00900080804000ec
:106b280050c52000104078000041eb00deb702009d
:106b3800010000001e0f40005e0090006900500038
:106b48009e0f5000130034001e007800ae00900025
:106b58000080400021972b0072df02000100000036
:106b68001e0f40001e007800ae009000008040001c
:106b780041c5200091407800014878001e0fe800c8
:106b88001e007800ae009000008040008040eb00be
:106b9800014878005e0090006b0050009e0f500086
:106ba8000e0034001e007800ae0090000080400007
:106bb80071972b0072df0200010000001e0f4000d9
:106bc8001e007800ae009000808040005093800046
:106bd800ecb50200010000001e0f40001e00780006
:106be800ae009000008040008040eb000148780033
:106bf8000080fa00000006000000fa0090628000a1
:106c0800630a20000041eb008000780010b12000ea
:106c180001fe070010b1200004e40200010000009a
:106c2800c0972b0004e402000100000010b120000e
:106c38008040eb00014878000080fa000000060060
:106c48000600fa00100798004147980091628000fa
:106c58001e009000008060000000e00003003a0081
:106c68000040eb00004f78000b0037009162800075
:106c78001e0090000080ea0000806000906288009a
:106c880010c0b300004f78004e4090000004e000b0
:106c980001003200d8ff07001e4078000080fa008b
:106ca800000006000600fa00100798004147980007
:106cb800916280001e009000808060001e0090009d
:106cc800808f500003003a000040eb00004f78002e
:106cd8000a003700916280001e00900001007000d9
:106ce8009062880010c0b300004f78004e409000ba
:106cf8000004e00001003200bfff07001e407800da
:106d08000080fa00000006003a00fa00889fbe00e2
:106d18008a9fbe008c9fbe00000f9800e0252100ce
:106d2800104078008082fb00d025210010407800b8
:106d38000082fb00c0252100104078008081fb0004
:106d480040242100104078000081fb0030242100fd
:106d5800104078008080fb0020242100104078003b
:106d68000080fb00851f7800841f7800831f78004f
:106d7800821f7800811f7800801f7800e0972b0021
:106d8800801f7800f10020000e007800e604020061
:106d980000000000ee8757000040eb00704f98009d
:106da80000f02000104078008005fb0030f0200043
:106db800104078008006fb0090f02000104078001a
:106dc8000000fb00100f980080f0200010407800b1
:106dd8000000fb00200f9800c0f020001040780051
:106de8000000fb00300f9800b0f020001040780041
:106df8000000fb00400f9800d1928000510f9800ce
:106e0800c1928000610f9800b1928000710f9800c4
:106e18000192800001179800f191800011179800e5
:106e2800e191800021179800a19280003117980005
:106e3800d1918000411798009192800051179800d5
:106e4800c1918000611798008192800071179800a5
:106e5800b1918000011f9800d0992100104078005e
:106e68000080fb00101f9800c09921001040780096
:106e78000080fb00201f98009099210010407800a6
:106e88000080fb00301f9800809921001040780096
:106e98000080fb00401f980050a721001040780098
:106ea8000086fb0040a72100104078000085fb0009
:106eb80069928000989180005792800086918000a6
:106ec800329280004392800060918000719180002e
:106ed80075928000a49180008b1f78008d1f780028
:106ee8009e0d90008b1f7800ae0d90008b1f7800d0
:106ef800be0d90008b1f7800ce0d90008b1f780080
:106f0800de0d90008b1f7800ee0d90008b1f78002f
:106f1800fe0d90008b1f78008e1590008b1f780057
:106f28009e1590008b1f7800ae1590008b1f78007f
:106f3800be1590008b1f7800ce1590008b1f78002f
:106f4800de1590008b1f7800ee1590008b1f7800df
:106f5800fe1590008b1f78008e1d90008b1f780007
:106f68009e1d90008b1f7800ae1d90008b1f78002f
:106f7800be1d90008b1f7800ce1d90008b1f7800df
:106f88008c1f78008a1f7800891f7800881f780076
:106f9800871f7800861f7800829fbe00809fbe00f2
:106fa800851f7800841f780000992b00801f7800c7
:106fb800010a20000e089000e6040200000000000c
:106fc8006f04b1000e089000000ab0008040eb008a
:106fd800014878000e0890005006020000000000ea
:106fe8008000780030092000808f500004003e00a7
:106ff8008e0078000e0890001806020000000000bd
:107008004f06be004f05be004f04be000080fa00c8
:10701800000006001000fa007007980091a32b00ea
:107028007e00900072df020001000000000f78006f
:107038001e007800fe00900080804000b02e810085
:10704800ecb50200010000001e0f40001e00780091
:10705800fe0090000080400051a42b0072df020067
:10706800010000001e0f40001e007800fe00900086
:1070780080804000c02e8100ecb5020001000000b5
:107088001e0f40001e007800fe00900000804000a7
:10709800c1a42b0072df0200010000001e0f400097
:1070a8001e007800fe0090000080400080007800fc
:1070b80040ce2000ecb50200010000001e0f400089
:1070c8001e007800fe0090000080400031a52b00d3
:1070d80072df0200010000001e0f40001e00780051
:1070e800fe00900080804000e02e8100ecb5020098
:1070f800010000001e0f40001e007800fe009000f6
:107108000080400091a52b0072df02000100000002
:107118001e0f40001e007800fe0090008080400096
:10712800002f8100ecb50200010000001e0f400096
:107138001e007800fe00900000804000f1a52b00a2
:1071480072df0200010000001e0f40001e007800e0
:10715800fe00900080804000f02e8100ecb5020017
:10716800010000001e0f40001e007800fe00900085
:107178000080400051a62b0072df020001000000d1
:107188001e0f40001e007800fe00900000804000a6
:10719800c1a62b0072df0200010000001e0f400094
:1071a8001e007800fe00900080804000102f8100b3
:1071b800ecb50200010000001e0f4000405e2200f6
:1071c80010407800e14f500008003a001e00780097
:1071d800fe0090000080400021a72b0072df020013
:1071e800010000001e0f4000070037001e00780055
:1071f800fe0090000080400081a72b0072df020093
:10720800010000001e0f4000d033800064006000c1
:107218000000e000080032001e007800fe00900028
:107228000080400051952b0072df02000100000031
:107238001e0f4000070037001e007800fe00900077
:107248000080400031952b0072df02000100000031
:107258001e0f4000d0338000680060000000e0008e
:10726800080032001e007800fe00900000804000f8
:1072780051952b0072df0200010000001e0f400034
:10728800070037001e007800fe00900000804000d4
:1072980031952b0072df0200010000001e0f400034
:1072a8001e007800fe00900000804000e1a72b003f
:1072b80072df0200010000001e0f400021668000fe
:1072c8000e80e800811f780061a82b00811f7800dc
:1072d8001a05020000000000e48757001e0078002d
:1072e800fe009000008040008e80e80072df0200ff
:1072f800010000001e0f40001e007800fe009000f4
:107308000080400091a82b0072df020001000000fd
:107318001e0f40001e007800fe0090008080400094
:10732800602f8100ecb50200010000001e0f400034
:107338001e007800fe00900000804000f1a82b009d
:1073480072df0200010000001e0f40001e007800de
:10735800fe00900080804000702f8100ecb5020094
:10736800010000001e0f40001e007800fe00900083
:107378000080400051a92b0072df020001000000cc
:107388001e0f40001e007800fe0090008080400024
:10739800802f8100ecb50200010000001e0f4000a4
:1073a8001e007800fe00900000804000c1a92b005c
:1073b80072df0200010000001e0f40001e0078006e
:1073c800fe00900080804000405f2200104078005e
:1073d80012c0b300deb70200010000001e0f40001b
:1073e8001e007800fe0090000080400011aa2b00cb
:1073f80072df0200010000001e0f40001e0078002e
:10740800fe00900080804000902f8100ecb50200c3
:10741800010000001e0f4000000920009e007800b7
:10742800808f500027003c001e007800fe0090006e
:107438000080400081aa2b0072df020001000000da
:107448001e0f40001e007800fe0090008080400063
:1074580050c220001040780022c0b300deb70200fe
:10746800010000001e0f40001e007800fe00900082
:107478000080400011ab2b0072df02000100000009
:107488001e0f40001e007800fe0090008080400023
:1074980040c220001040780022c0b300deb70200ce
:1074a800010000001e0f40001e007800fe00900042
:1074b8000080400081ab2b0072df02000100000059
:1074c8001e0f40000080fa00000006000000fa00cd
:1074d80010b12000cffe070010b1200004e4020024
:1074e80001000000c0972b0004e402000100000026
:1074f80010b120008040eb00014878000080fa00bd
:10750800000006006800fa0030379800b1ab2b0085
:107518003e30900072df020001000000000f78008a
:10752800e1b3800000802000008060000000e000df
:10753800080032001e007800be3090000080400035
:1075480041ac2b0072df0200010000001e0f40005a
:10755800070037001e007800be3090000080400011
:10756800a1ac2b0072df0200010000001e0f4000da
:10757800e0b380004c00de00674060000080fb0044
:10758800e30f50001e003200e30f500005003c00de
:10759800e10f50000a003200e20f500010003200e4
:1075a80037003700e50f500025003200e50f500086
:1075b8001b003500e60f500029003200300037006c
:1075c8001e007800be30900000804000f1ac2b0017
:1075d80072df0200010000001e0f40002800370083
:1075e8001e007800be3090000080400071ad2b0076
:1075f80072df0200010000001e0f4000200037006b
:107608001e007800be3090000080400051ae2b0074
:1076180072df0200010000001e0f40001800370052
:107628001e007800be3090000080400021af2b0083
:1076380072df0200010000001e0f4000100037003a
:107648001e007800be3090000080400011b02b0072
:1076580072df0200010000001e0f40000800370022
:107668001e007800be3090000080400001b12b0061
:1076780072df0200010000001e0f40000000000041
:107688001e007800be30900000804000d1b12b0071
:1076980072df0200010000001e0f40001e0078008b
:1076a800be30900080804000f0b38000ecb502004e
:1076b800010000001e0f40001e007800be30900040
:1076c80000804000f1b12b0072df020001000000d1
:1076d8001e0f400010b080000000e0000b003a00d0
:1076e8000e80e80051602100811f7800915d210023
:1076f800811f780051b22b00811f7800000502001d
:1077080000000000e68757000c00370011b0800029
:107718000e80e800811f780051602100811f7800e9
:10772800915d2100811f780031b32b00811f780003
:107738000005020000000000e88757001e007800de
:10774800be309000008040008e80e80072df0200aa
:10775800010000001e0f40001e0fe8001e00780008
:10776800be309000008040008040eb000148780067
:107778000080fa00000006000400fa0010079800d4
:1077880041b42b001e00900072df020001000000cf
:10779800000f78001e0078009e00900000804000d6
:1077a800e1b42b0072df0200010000001e0f400050
:1077b800420120008000eb0020e920005005020073
:1077c8000000000020e92000a53d2200c43d220061
:1077d8008001780042c1b3004100200000c5b30019
:1077e800c65902000100000060ea20008040eb005a
:1077f800014878001e0078009e009000008040003c
:1078080021e9200072df0200010000001e0f400085
:1078180070fe8000e30f50000c003200e40f5000af
:1078280012003200e20f500018003a001e007800e3
:107838009e0090000080400041b52b0072df0200de
:10784800010000001e0f40001a0037001e007800db
:107858009e00900000804000d1b52b0072df02002e
:10786800010000001e0f4000120037001e007800c3
:107878009e00900000804000d1b52b0072df02000e
:10788800010000001e0f40000a0037001e007800ab
:107898009e0090008080400070fe800000407800cc
:1078a80022c0b300deb70200010000001e0f400036
:1078b800000000001e0fe8001e0078009e009000e7
:1078c800008040008040eb00014878000080fa000a
:1078d800000006000200fa00004f780040c52000b2
:1078e800104078009e4f50000300320040c5200031
:1078f8001e487800c0fc07000080fa00000006005f
:107908000400fa002047980042e402000100000049
:1079180040b62b0004e4020001000000ae409000d5
:1079280060c5200001487800ae40900030c6b30022
:1079380080cf500002003a000040eb00204798003a
:10794800206380004800de006f4060008080fb00fc
:1079580060c5200000804000ae40900011409800b3
:10796800206380004800de006f4060000040e800af
:107978006f4060000080fb006f0060004800dd0081
:1079880022638000f10f2f00810061000100700068
:107998002063880042e402000100000020638000a8
:1079a8004d00de00614060008080fb0020638000a5
:1079b8004800de006f4060000080fb00811f7800f7
:1079c800801f780010b72b00801f7800e0bc2000d3
:1079d8000005020000000000e6875700e0bc200018
:1079e80004e4020001000000206380004800de007b
:1079f8006f4060000080fb00e70f500005003c006e
:107a08002163800000002200008060000000e00088
:107a18005b003200f0c520008040eb000148780090
:107a28000040eb00004f78000b003700f0c5200045
:107a3800904078001e80fb006401400020c52000b3
:107a4800000041001040900080c04000f0c52000b8
:107a5800014878001e4fe8001e407800e74f5000ac
:107a6800f2ff3600f0c52000104078000080fb00cf
:107a78004300de0080407800f0c52000014878000f
:107a8800206380004800de006f4060000080fb003b
:107a9800e70f50000700340021638000f00f2f002b
:107aa80000806000206388002063800000d0a00070
:107ab80020638800216380000000220000806000ad
:107ac8000000e0002e003200f0c5200010407800d1
:107ad800e84f500004003600f0c520001040780040
:107ae800ff4f50000c003600216380000000240086
:107af800008060000000e000030032008040eb00de
:107b08001000200067fc07002063800000e0a00050
:107b1800206388001a003700f0c5200090407800e4
:107b280030c6b30080cf500007003a008040eb0019
:107b3800100020005bfc070030b92b0004e40200b1
:107b4800010000000e003700f0c52000104078004a
:107b5800ee4f500007003600f0c5200010407800b6
:107b6800ff4f500003003e008040eb001000200053
:107b780033fc07002063800000e0a1002063880038
:107b880060c5200010407800e54f50001c0034000c
:107b980060c520009040780020c6b30080cf500018
:107ba80017003c0021638000000021000080600075
:107bb8000000e00012003a008080200010407800a9
:107bc8000004e0000e003a002063800000c0a0001e
:107bd800206388008080200031c8b3000148780005
:107be800a080200041c0b3000148780042e40200b0
:107bf8000100000030bb2b0004e40200010000007b
:107c08000080fa00000006000200fa00004f780029
:107c180000c620001e48780050c52000104078009b
:107c2800e44f500002003a00702621001e487800f8
:107c380050c5200010407800e44f500006003a007c
:107c480000c62000904078001026210010407800df
:107c580080cf50000a00310050c520001040780045
:107c6800e34f500022003a0000c620009040780000
:107c7800402621001040780080cf50001c003900b9
:107c880000c6200010407800e94f5000180032006c
:107c980050c5200010407800e44f500004003a001e
:107ca8002063800000f0a0002063880003003700f4
:107cb80020bc2b0004e402000100000021638000c6
:107cc80000002800008060000000e000040032008e
:107cd80050be2b0004e4020001000000040037003d
:107ce80020bf2b0004e40200010000000000370060
:107cf8000080fa00000006000200fa00004f780039
:107d080020c620001e487800802621001e487800e2
:107d180050c5200010407800e44f500018003a0089
:107d280020c62000904078003026210010407800be
:107d380080cf5000120031002063800000f0a000c6
:107d480020638800f0bf2b0004e40200010000005b
:107d58002163800000002800008060000000e0002f
:107d68000400320050be2b0004e4020001000000b1
:107d78000300370020bf2b0004e4020001000000cc
:107d88000080fa00000006000200fa00004f7800a8
:107d980010c620001e487800902621001e48780052
:107da80050c5200010407800e44f500018003a00f9
:107db80010c620009040780020262100104078004e
:107dc80080cf5000120031002063800000f0a00036
:107dd8002063880050c12b0004e402000100000069
:107de8002163800000002800008060000000e0009f
:107df8000400320050be2b0004e402000100000021
:107e08000300370020bf2b0004e40200010000003b
:107e18000080fa00000006000200fa00004f780017
:107e280040c620001e48780050c520001040780049
:107e3800e34f500009003a0040c620009040780007
:107e4800602621001040780080cf500003003100e8
:107e5800b0c22b0004e40200010000000080fa0018
:107e6800000006000200fa00004f780030c620002b
:107e78001e48780050c5200010407800e34f50009d
:107e880009003a0030c620009040780050262100b2
:107e98001040780080cf500003003100b0c22b00a2
:107ea80004e40200010000000080fa00000006005f
:107eb8001400fa0070079800010f9800120f98003c
:107ec80011c42b007e00900072df02000100000048
:107ed800000f78001e007800fe009000008040002f
:107ee800800078000e089000ecb502000100000048
:107ef8001e0f40001e007800fe0090000080400029
:107f080081c42b0072df0200010000001e0f400038
:107f18001e0890007e0050009e0f50001f00340085
:107f280010a9210010407800e34f500008003a00e3
:107f38001e007800fe0090000080400071a721001c
:107f480072df0200010000001e0f4000130037001e
:107f5800f0aa2100104078000004e0000800320078
:107f68001e007800fe0090000080400051a921000a
:107f780072df0200010000001e0f400007003700fa
:107f88001e007800fe00900000804000a1c42b0075
:107f980072df0200010000001e0f40001e08900062
:107fa800690050009e0f5000300034001e00780019
:107fb800fe0090000080400081c42b0072df0200a8
:107fc800010000001e0f4000b0c7020001000000c1
:107fd800204798002e4090000000fb00e10f500061
:107fe8000a003200e20f50000e0032000000e000ec
:107ff80012003a001e007800fe0090000080400049
:10800800e1c4b30001487800120037001e00780070
:10801800fe0090000080400031c5b30001487800a0
:108028000c0037001e007800fe0090000080400021
:10803800f1c4b30001487800060037001e0078003c
:10804800fe00900000804000f1c3b30001487800b2
:10805800000000001e0fe8001e007800fe009000df
:10806800008040008040eb00014878001e08900026
:10807800690050009e0f5000100034001e00780068
:10808800fe0090000080400081c42b0072df0200d7
:10809800010000001e0f40001e007800fe00900046
:1080a80080804000f0a180000040780032c0b3001a
:1080b800deb70200010000001e0f40001e089000fd
:1080c800690050009e0f5000100034001e00780018
:1080d800fe0090000080400081c42b0072df020087
:1080e800010000001e0f40001e007800fe009000f6
:1080f80080804000502f81000040780032c0b300db
:10810800deb70200010000001e0f40001e089000ac
:10811800690050009e0f5000100034001e007800c7
:10812800fe0090000080400081c42b0072df020036
:10813800010000001e0f40001e007800fe009000a5
:108148008080400060c520001040780022c0b30045
:10815800deb70200010000001e0f4000216380000e
:1081680000002200008060000000e00015003200de
:108178001e089000690050009e0f50001100340046
:108188001e007800fe0090000080400081c42b0093
:1081980072df0200010000001e0f40001e00780080
:1081a800fe00900080804000f0c52000104078005c
:1081b80022c0b300deb70200010000001e0f40001d
:1081c800070037001e007800fe0090000080400085
:1081d800c1c42b0072df0200010000001e0f400026
:1081e8001e089000690050009e0f50000d003400da
:1081f8001e007800fe0090000080400081c42b0023
:1082080072df0200010000001e0f40001e0078000f
:10821800fe00900000804000fff707000080fb0090
:108228001e0f40001e089000690050009e0f50006d
:108238000d0034001e007800fe0090000080400011
:1082480081c42b0072df0200010000001e0f4000f5
:108258001e007800fe0090000080400033f8070000
:108268000080fb001e0f40001e08900069005000af
:108278009e0f5000100034001e007800fe00900091
:108288000080400081c42b0072df02000100000062
:108298001e0f40001e007800fe0090008080400005
:1082a800805e2200104078000041eb00deb702003b
:1082b800010000001e0f40001e08900069005000d9
:1082c8009e0f50001b0034001e007800fe00900036
:1082d8000080400081c42b0072df02000100000012
:1082e8001e0f400010c4200090407800a0c5b300c5
:1082f80080cf500008003a001e007800fe00900071
:108308000080400031952b0072df02000100000060
:108318001e0f4000070037001e007800fe00900086
:108328000080400051952b0072df02000100000020
:108338001e0f40001e089000690050009e0f50005c
:10834800100034001e007800fe00900000804000fd
:1083580081c42b0072df0200010000001e0f4000e4
:108368001e007800fe0090008080400020c420009d
:10837800104078000041eb00deb702000100000069
:108388001e0f40001e007800fe0090000080400094
:1083980081c42b0072df0200010000001e0f4000a4
:1083a8001e007800fe0090008080400050f0200001
:1083b800104078000041eb00deb702000100000029
:1083c8001e0f40001e089000690050009e0f5000cc
:1083d800100034001e007800fe009000008040006d
:1083e80081c42b0072df0200010000001e0f400054
:1083f8001e007800fe0090008080400090992100c7
:10840800104078000041eb00deb7020001000000d8
:108418001e0f40001e089000690050009e0f50007b
:10842800100034001e007800fe009000008040001c
:1084380081c42b0072df0200010000001e0f400003
:108448001e007800fe00900080804000b099210056
:10845800104078000041eb00deb702000100000088
:108468001e0f40001e089000690050009e0f50002b
:10847800100034001e007800fe00900000804000cc
:1084880081c42b0072df0200010000001e0f4000b3
:108498001e007800fe0090008080400050c520003b
:1084a800104078000041eb00deb702000100000038
:1084b8001e0f40001e089000690050009e0f5000db
:1084c800130034001e007800fe0090000080400079
:1084d80081c42b0072df0200010000001e0f400063
:1084e8001e007800fe0090000080400041c520007a
:1084f80091407800014878001e0fe8001e007800bf
:10850800fe009000008040008040eb0001487800a9
:108518001e0890006b0050009e0f50000e003400a3
:108528001e007800fe0090000080400081c42b00ef
:1085380072df0200010000001e0f40001e007800dc
:10854800fe0090008080400050938000ecb502004f
:10855800010000001e0f40001e0890006a00500035
:108568009e0f50004c0135001e007800fe00900060
:108578000080400081c42b0072df0200010000006f
:108588001e0f40001e007800fe0090008080400012
:10859800b02e8100ecb50200010000001e0f400063
:1085a8001e0890006a0050009e0f50003c013500e4
:1085b8001e007800fe0090000080400081c42b005f
:1085c80072df0200010000001e0f40001e0078004c
:1085d800fe00900080804000c02e8100ecb50200b3
:1085e800010000001e0f40001e0890006a005000a5
:1085f8009e0f50002c0135001e007800fe009000f0
:108608000080400081c42b0072df020001000000de
:108618001e0f40001e007800fe0090000080400001
:108628008000780040ce2000ecb502000100000078
:108638001e0f40001e0890006a0050009e0f500058
:108648001b0135001e007800fe00900000804000ed
:1086580081c42b0072df0200010000001e0f4000e1
:108668001e007800fe00900080804000e02e81000f
:10867800ecb50200010000001e0f40001e0890002b
:108688006a0050009e0f50000b0135001e00780054
:10869800fe0090000080400081c42b0072df0200c1
:1086a800010000001e0f40001e007800fe00900030
:1086b80080804000002f8100ecb50200010000001e
:1086c8001e0f40001e0890006a0050009e0f5000c8
:1086d800fb0035001e007800fe009000008040007e
:1086e80081c42b0072df0200010000001e0f400051
:1086f8001e007800fe00900080804000f02e81006f
:10870800ecb50200010000001e0f40001e0890009a
:108718006a0050009e0f5000eb0035001e007800e4
:10872800fe00900000804000c1c42b0072df0200f0
:10873800010000001e0f40001e007800fe0090009f
:108748000080400081c42b0072df0200010000009d
:108758001e0f40001e007800fe0090008080400040
:10876800102f8100ecb50200010000001e0f400030
:108778001e0890006a0050009e0f5000d40035007b
:10878800405e220010407800e14f500008003a0097
:108798001e007800fe00900000804000f1c42b000d
:1087a80072df0200010000001e0f400007003700c2
:1087b8001e007800fe00900000804000c1c42b001d
:1087c80072df0200010000001e0f4000d03380005d
:1087d800640060000000e000080032001e0078001d
:1087e800fe0090000080400051952b0072df0200cf
:1087f800010000001e0f4000070037001e0078002f
:10880800fe0090000080400031952b0072df0200ce
:10881800010000001e0f4000d03380006800600097
:108828000000e000080032001e007800fe00900002
:108838000080400051952b0072df0200010000000b
:108848001e0f4000070037001e007800fe00900051
:108858000080400031952b0072df0200010000000b
:108868001e0f40001e0890006a0050009e0f500026
:10887800990035001e007800fe009000008040003e
:1088880081c42b0072df0200010000001e0f4000af
:10889800216680000e80e800811f780061a82b0007
:1088a800811f78000005020000000000e4875700df
:1088b8001e007800fe009000008040008e80e800d6
:1088c80072df0200010000001e0f40001e08900029
:1088d8006a0050009e0f5000810035001e0078008d
:1088e800fe0090000080400081c42b0072df02006f
:1088f800010000001e0f40001e007800fe009000de
:1089080080804000602f8100ecb50200010000006b
:108918001e0f40001e0890006a0050009e0f500075
:10892800710035001e007800fe00900000804000b5
:1089380081c42b0072df0200010000001e0f4000fe
:108948001e007800fe00900080804000702f81009b
:10895800ecb50200010000001e0f40001e08900048
:108968006a0050009e0f5000610035001e0078001c
:10897800fe0090000080400081c42b0072df0200de
:10898800010000001e0f40001e007800fe0090004d
:1089980080804000802f8100ecb5020001000000bb
:1089a8001e0f40001e0890006a0050009e0f5000e5
:1089b800510035001e007800fe0090000080400045
:1089c80081c42b0072df0200010000001e0f40006e
:1089d8001e007800fe00900080804000405f22006a
:1089e8001040780012c0b300deb70200010000009a
:1089f8001e0f40001e0890006a0050009e0f500095
:108a08003f0035001e007800fe0090000080400006
:108a180081c42b0072df0200010000001e0f40001d
:108a28001e007800fe0090008080400050c22000a8
:108a38001040780022c0b300deb702000100000039
:108a48001e0f40001e0890006a0050009e0f500044
:108a58002d0035001e007800fe00900000804000c8
:108a680081c42b0072df0200010000001e0f4000cd
:108a78001e007800fe0090008080400040c2200068
:108a88001040780022c0b300deb7020001000000e9
:108a98001e0f40001d003700000000001b003700bb
:108aa8000000000019003700000000001700370020
:108ab8000000000015003700000000001300370018
:108ac8000000000011003700000000000f00370010
:108ad800000000000d003700000000000b00370008
:108ae8000000000009003700000000000700370000
:108af80000000000050037000000000003003700f8
:108b08000000000001003700000000000080fa00ab
:108b1800000006000600fa001007980021079800d8
:108b28000040eb00004f78001e0090009040780055
:108b380040c2b30080cf500003003a0010c0b30019
:108b4800104798000c0037000040eb0010479800d1
:108b5800090037001e4090000080fb009e00900036
:108b680000804000104078001e4f68001e409000b2
:108b78000040e800104798001e4090000080fb006d
:108b88009e00900000804000104078000004e00043
:108b9800080032001e4090000080fb009e009000fc
:108ba8000080400090407800a0c2b30080cf500001
:108bb800e8ff3a002e0090000000e0000f003200ad
:108bc8001e4090000080fb009e0090000080400046
:108bd80090407800a0c2b30080cf500004003a0053
:108be8002e0090009e409000014878000300370056
:108bf8002e0090008040eb00014878001e4078006d
:108c08000080fa00000006000800fa00300798000b
:108c18000040eb00004f78006500470080007800b6
:108c28003e009000bbff0700104798005e40900090
:108c38000004e000230032000e80e8008000780085
:108c48001e40900064b90200010000000040eb00e3
:108c5800404798005e4090000040e8005047980068
:108c68002e4090008000fb005e4090000080fb00da
:108c78003e01900000004100104078000080fb0099
:108c8800808f50000f003a005e4090000040e800de
:108c9800504798003e4090008000fb005e409000e6
:108ca8000080fb003e019000000041001040780069
:108cb8000080fb00808f500002003a0010c0b30013
:108cc800004f78001e4078000080fa00000006007f
:108cd8000200fa00004f780000c42000104078001d
:108ce8000080fb00640060000000e0002300320008
:108cf800805e2200104078008080fb000002200087
:108d0800008060000000e00016003a0042e4020023
:108d180001000000004d2c0004e4020001000000e6
:108d280032c0b300e1bc20001e407800deb702006c
:108d380001000000e0bc200004e402000100000083
:108d4800304e2c0004e4020001000000805e220086
:108d580010407800804078000154a000805e220016
:108d680001487800c03c220090407800203722005b
:108d78000148780010c0b300010037000040eb0044
:108d88000080fa00000006000800fa0010079800aa
:108d98002107980062479800734798000040eb004d
:108da800004f78002e0190006000b8000089be00d6
:108db8001f0037006e4090009e40780080cf500022
:108dc8001a0031002e0090001000be006a09b90098
:108dd800020178006002b9008401780003014100b3
:108de800a30020000300b8000101410082007800c0
:108df8002e0190000089be002e0090001001be00d8
:108e08001e80fb009e00900000804000104078000b
:108e18000000fb000003b100cf80de00020040002c
:108e2800838048002e0190000089be001e4fe80094
:108e38001e80fb009e00900000804000904078005b
:108e4800f0c2b30080cf5000070034001e80fb0042
:108e58009e009000008040009040780090c3b300ce
:108e680080cf5000d3ff34009e407800114798000f
:108e78000e0037002e0090001000be006a09b900ed
:108e8800020178006002b900840178000301410002
:108e9800a30020000300b80001014100820078000f
:108ea8002e0190000089be001e4fe8007e40900011
:108eb8009e40780080cf5000eeff39001e409000a1
:108ec8000080fa00000006000800fa002007980059
:108ed800310798002e009000be0090004206200046
:108ee80003002000a604020000000000008fbe005e
:108ef8009e009000c00320000088b900000178009f
:108f08001e0078006000b9000000780000014100f0
:108f18009e007800c00320000008b800010141004d
:108f280082007800008fbe00008fbe002e009000e7
:108f3800be0090004206200003002000c604020084
:108f4800000000001e0f40005e9748001e00be0093
:108f58000080fa00000006000800fa00008fbe003a
:108f680022079800330798002e009000be0090005a
:108f78001e01be00800f5100818f59000600360087
:108f88002e009000be0090003e011000ae81180037
:108f98000200be00050037002e009000be009000c1
:108fa8003e015000ae8158000200be000080fa0069
:108fb800000006001200fa00889fbe004047980093
:108fc80032079800430798005407980065079800ef
:108fd80076079800070f98006000b800008fbe0061
:108fe8004e4090000004e000620032003e01900014
:108ff800ce0190005e009000ee009000800f5100be
:10900800818f59000a003a006000b800601d89008d
:10901800711d89007e0190008e0990003eb897006e
:10902800ceb89700ccff0700008fbe007400370051
:109038003e019000ce0190005e009000ee0090008e
:10904800800f5100818f59001c0036003e009000af
:10905800ce0090009cff07000004be005e00900058
:10906800ee00900098ff07000000540081805c002b
:10907800601d8900711d8900601d8100711d8100be
:1090880061005000e0805800601d8900711d890052
:109098007e0190008e0990003eb89700ceb89700e8
:1090a8000001510081815900006a28001100200048
:1090b800001f4100019749001b0037005e00900027
:1090c800ee00900080ff07000004be003e00900004
:1090d800ce0090007cff07000000540081805c00f7
:1090e800601d8900711d8900601d8100711d81004e
:1090f80061005000e0805800601d8900711d8900e2
:109108003eb99700ceb997007e0090008e08900077
:109118000001510081815900006a280011002000d7
:10912800001f410001974900601d8100711d8100e9
:10913800026a28000289b900020178006102b900b8
:109148008401780003014100036a28000300b80085
:109158000101410082007800601d8900711d8900ad
:10916800601d8100711d81001e0f40005e97480040
:10917800230037003e009000ce00900052ff070009
:109188000004be005e009000ee0090004eff070055
:109198000800400089804800601d8900711d890011
:1091a8003eb99700ceb997007e0090008e089000d7
:1091b800001f410001974900601d8100711d810059
:1091c800026a28000289b900020178006102b90028
:1091d8008401780003014100036a28000300b800f5
:1091e8000101410082007800601d8900711d89001d
:1091f800601d8100711d81001e0f40005e974800b0
:109208001e00be004f04be000080fa0000000600e9
:109218005400fa00889fbe00102f98006000b80024
:10922800a01b8900b11b89006000b800e01b890001
:10923800f11b89006000b800c01b8900d11b8900a0
:109248006000b800001c8900111c89000000eb00b8
:1092580020079800805e2200104078008040780047
:109268000134a000805e2200014878009e2890000a
:10927800010f7800010037001e0fe8001e0078007b
:10928800104078000004e0000d0032001e00780055
:109298009040780000c2b30080cf50000a0032002e
:1092a8001e00780090407800c0c2b30080cf500004
:1092b800f1ff3a00050037001e0fe80003003700f1
:1092c8000000000001003700000000001e007800c8
:1092d800104078000004e000050032001e0078000d
:1092e80090407800c0c2b30080cf5000f2ff3a002f
:1092f8001e0fe800600420000e00400023c0b300e9
:1093080022c0b300800078001e0078009efe07008f
:10931800010037001e0fe8001e007800104078009a
:109328000004e0000a0032001e0078009040780037
:10933800e0c2b30080cf5000050032001e00780064
:1093480090407800c0c2b30080cf5000f1ff3a00cf
:109358001e0fe800a00420000e00400023c0b30048
:1093680022c0b300800078001e00780086fe070047
:10937800010037001e0fe8001e007800104078003a
:109388000004e000050032001e00780090407800dc
:10939800c0c2b30080cf5000f6ff3a001e0fe800ad
:1093a800e00420000e00400023c0b30022c0b30038
:1093b800800078001e00780073fe07000100370067
:1093c8001e0fe8001e007800104078000004e0003e
:1093d800050032001e00780090407800c0c2b3003b
:1093e80080cf5000f6ff3a001e0fe8000000eb00a7
:1093f800300798003e219000ce2190005e2090001a
:10940800ee209000800f5100818f59001600360021
:109418005e219000ee2190007e2090008e28900022
:10942800800f5100818f5900040036003e209000c3
:10943800ce209000300798000e0037007e21900063
:109448008e2990003e209000ce209000800f510081
:10945800818f5900070036007e2090008e289000ea
:1094680030079800030037003e209000ce2090007f
:10947800300798008041eb0052c0b300413722000a
:109488001e00780040fe0700010037001e0fe800ac
:109498001e007800104078000004e0000a00320046
:1094a8001e00780090407800e0c2b30080cf5000e2
:1094b800050032001e00780090407800c0c2b3005a
:1094c80080cf5000f1ff3a001e00780090407800ed
:1094d800e0c2b30080cf500020003a001e0fe80021
:1094e80063c0b30062c0b300c13722001e00780019
:1094f80025fe0700204798002e4090000004e00059
:109508000c0032002e4090000080fb000000e800b4
:109518001e0f40001e007800104078008040780040
:109528005038220001487800030037001e0fe80079
:1095380001003700000000001e007800104078008d
:109548000004e000050032001e007800904078001a
:10955800c0c2b30080cf5000f4ff3a001e0078006c
:1095680090407800c0c2b30080cf500035033a0065
:109578001e0fe8008041eb0052c0b3008137220083
:109588001e00780000fe0700010037001e0fe800eb
:109598001e007800104078000004e0000a00320045
:1095a8001e00780090407800e0c2b30080cf5000e1
:1095b800050032001e00780090407800c0c2b30059
:1095c80080cf5000f1ff3a001e00780090407800ec
:1095d800e0c2b30080cf500020003a001e0fe80020
:1095e80063c0b30062c0b300013822001e007800d7
:1095f800e5fd0700204798002e4090000004e00099
:109608000c0032002e4090000080fb000000e800b3
:109618001e0f40001e00780010407800804078003f
:109628004038220001487800030037001e0fe80088
:1096380001003700000000001e007800104078008c
:109648000004e000050032001e0078009040780019
:10965800c0c2b30080cf5000f4ff3a001e0078006b
:1096680090407800c0c2b30080cf5000f7023a00a3
:109678001e0fe8000040eb00204798000b00370061
:109688002e4090000080fb009e00780091407800fa
:1096980001417800d1382200827078001e0fe8005e
:1096a8002e4090000040e800204798002e4090008f
:1096b800e54f500005003e001e00780090407800fd
:1096c800c0c2b30080cf5000edff3a002e4090009a
:1096d8000080fb00d13822000041eb008270780046
:1096e8001e00780090407800c0c2b30080cf5000c0
:1096f800d8023a001e0fe8001e007800904078005b
:1097080000c2b30080cf500026003a001e0fe800c8
:109718000040eb00204798000b0037002e409000d7
:109728000080fb009e00780091407800014178009d
:1097380061382200827078001e0fe8002e409000e9
:109748000040e800204798002e409000e54f500068
:109758000f003e001e0078009040780000c2b30061
:1097680080cf50000a0032001e0078009040780038
:10977800c0c2b30080cf5000050032001e00780040
:1097880090407800e0c2b30080cf5000e3ff3a0079
:109798002e4090000080fb00613822000041eb0061
:1097a800827078001e00780090407800e0c2b30014
:1097b80080cf50000b003a00010037001e0fe80070
:1097c8001e007800104078000004e0000500320018
:1097d8001e00780090407800c0c2b30080cf5000cf
:1097e800f6ff3a001e00780090407800c0c2b3002f
:1097f80080cf500099023a001e0fe8000000eb00ed
:10980800200798000c0037002e0090006a00b9006d
:1098180000007800200798001e00780010407800ab
:109828000000fb000003b100ae0090000080400083
:10983800200798001e0fe8001e00780010407800ee
:109848000004e0000a0032001e0078009040780012
:10985800c0c2b30080cf5000050032001e0078005f
:1098680090407800e0c2b30080cf5000e6ff3a0095
:109878001e00780090407800e0c2b30080cf50000e
:109888000c003a001e0fe800010037001e0fe80028
:109898001e007800104078000004e0000500320047
:1098a8001e00780090407800c0c2b30080cf5000fe
:1098b800f6ff3a001e00780090407800c0c2b3005e
:1098c80080cf500067023a001e0fe80080e82000b1
:1098d8008040eb0001487800805e2200104078004c
:1098e8000080fb0061006000004078000004e00098
:1098f8000c003200805e2200104078008040780022
:109908000104a100805e220001487800803d220009
:109918008040eb0001487800e03c22008040eb00ea
:1099280001487800a01b8100b11b8100e00f5000a6
:10993800e08f58004e023200e01b8100f11b8100cd
:10994800e00f5000e08f580049023200805e22008c
:1099580010407800804078000134a100805e220029
:1099680001487800803d220010407800e44f500004
:109978000b003e00805e2200104078008080fb00d3
:1099880000022000008060000000e00004003200b7
:10999800d03c22009040780020372200014878000f
:1099a800e03c2200104078008040e800e03c2200c3
:1099b80001487800e03c220010407800e14f500058
:1099c8000e003600803d220090407800d03c2200f6
:1099d8001040780080cf500005003100803d220003
:1099e800104078008040e800803d2200014878005f
:1099f800e03c22008040eb0001487800803d2200d6
:109a080090407800d03c22001040780080cf500071
:109a18009601390060f0200090407800603d2200f7
:109a28000148780040f0200090407800403d220036
:109a38000148780030f0200090407800303d220046
:109a48000148780000f0200090407800003d220096
:109a58000148780010f0200090407800103d220066
:109a68000148780020f0200090407800203d220036
:109a780001487800a01b8100b11b8100c01d89002e
:109a8800d11d8900e01b8100f11b8100001e8900a7
:109a9800111e89005038220090407800e0262100ed
:109aa80001487800c01b8100d11b8100e01d89009e
:109ab800f11d8900001c8100111c8100201e8900f5
:109ac800311e89004038220090407800d0262100bd
:109ad800014878003e00900080407800803c2200d9
:109ae800014878002e009000501e8900805e2200f8
:109af80090407800f0ccb30080c06000805e220007
:109b080001487800805e2200104078000080fb0049
:109b1800620060000000e0000e003200805e22005b
:109b280010407800804078000114a100805e220077
:109b380001487800805e22008040eb0001487800f0
:109b480042e4020001000000504e2c0004e4020030
:109b58000100000040392200104078000004e000b5
:109b6800880032004039220010407800e24f50004f
:109b780014003a00a21b8100b31b810010002000d2
:109b880001002000800f5100818f59000700360026
:109b9800a01b8100b11b810061005000e0805800cb
:109ba800a01b8900b11b890006003700a01b81009b
:109bb800b11b810061004000e0804800a01b8900c3
:109bc800b11b890042e4020001000000804f2c0014
:109bd80004e402000100000040372200a53d2200f5
:109be800c43d22008001780042c0b300912d2000be
:109bf80000c5b3007258020001000000c0372200ff
:109c0800a53d2200c43d22008001780042c0b30077
:109c1800d12d200000c5b3007258020001000000d9
:109c2800a53d2200c43d22005338220012c0b300d3
:109c3800112e200000c5b300725802000100000078
:109c480080372200a53d2200c43d22008001780013
:109c580042c0b300212e200000c5b3007258020094
:109c68000100000000382200a53d2200c43d22006a
:109c78008001780042c0b300612e200000c5b30007
:109c88007258020001000000a53d2200c43d2200d8
:109c98004338220012c0b300a12e200000c5b30033
:109ca800725802000100000060392200a53d220020
:109cb800c43d22008001780042c0b300912d2000ed
:109cc80000c5b300c659020001000000e0392200b7
:109cd800a53d2200c43d22008001780042c0b300a7
:109ce800d12d200000c5b300c659020001000000b4
:109cf800a53d2200c43d2200733a220012c0b300e1
:109d0800112e200000c5b300c65902000100000052
:109d1800a0392200a53d2200c43d22008001780020
:109d280042c0b300212e200000c5b300c65902006e
:109d380001000000203a2200a53d2200c43d220077
:109d48008001780042c0b300612e200000c5b30036
:109d5800c659020001000000a53d2200c43d2200b2
:109d6800633a220012c0b300a12e200000c5b30040
:109d7800c659020001000000403922008040eb0073
:109d880001487800b01c8100c11c8100e00f500020
:109d9800e08f5800b5003200d01c8100e11c810022
:109da800e00f5000e08f5800b00032005039220018
:109db8008040eb0001487800181d8100291d8100b2
:109dc800061c8100171c8100d41c8100e51c810041
:109dd800c21b8100d31b81004038220090407800cc
:109de800603a22001040780000c068000080fb0044
:109df8000000e9004f00de0000407800889fbe00a8
:109e08006cfc0700e4875700401d8900511d89003c
:109e1800805e220010407800804078000164a10034
:109e2800805e220001487800421d8100531d810098
:109e3800a01d8100b11d8100800f5100818f590044
:109e4800140036005039220011c0b30001487800d0
:109e5800a01d8100b11d81004209dd00ce01de0098
:109e6800830171004201dd00401d8100511d810008
:109e7800800f5100818f590006003600805e220055
:109e880010407800804078000164a000805e2200c5
:109e980001487800f81c8100091d8100e61b81003b
:109ea800f71b8100b41c8100c51c8100a21b810026
:109eb800b31b81005038220090407800703a22008d
:109ec8001040780000c068000080fb000000e90036
:109ed8004f00de0000407800889fbe0035fc070078
:109ee800e4875700401d8900511d8900421d8100eb
:109ef800531d8100801d8100911d8100800f51003c
:109f0800818f590017003600503922001040780020
:109f1800804078000114a0005039220001487800e0
:109f2800801d8100911d81004209dd00ce01de0007
:109f3800830171004201dd00401d8100511d810037
:109f4800800f5100818f590006003600805e220084
:109f580010407800804078000164a000805e2200f4
:109f68000148780050392200104078000004e000d1
:109f780036003200703d2200104078000004e000f6
:109f880015003a00805e2200104078008080fb00b7
:109f980000042000008060000000e0000e00320095
:109fa800703d220011c0b30001487800803d2200b6
:109fb8008040eb000148780030c8b30044fb07003c
:109fc80042e402000100000070502c0004e402008a
:109fd8000100000025003700703d220011c0b300c9
:109fe80001487800805e2200104078000080fb0065
:109ff800640060000000e0001b003a00909a8000b6
:10a008000000e0000a003a00e09a80000000e0004a
:10a0180007003a0050998000e10f500004003e000c
:10a0280011c0b30010c0b300a0e502000100000099
:10a03800805e220010407800804078000124a00053
:10a04800805e22000148780008003700805e220008
:10a0580010407800804078000124a100805e220032
:10a0680001487800010037000000000000c420000b
:10a07800104078000080fb00680060000000e000ed
:10a088007a00320042e40200010000005038220049
:10a09800104078008082fb00e21b8100f31b8100e6
:10a0a800a01b8100b11b810068024700851f780052
:10a0b800829fbe00809fbe0030522c00801f780017
:10a0c800040078000005020000000000ec8757003b
:10a0d8006800470004e40200010000004038220044
:10a0e800104078008082fb00021c8100131c810054
:10a0f800c01b8100d11b810068024700851f7800c2
:10a10800829fbe00809fbe0080532c00801f780075
:10a11800040078000005020000000000ec875700ea
:10a128006800470004e402000100000068004700de
:10a13800ae009000811f780091542c00811f780098
:10a148000005020000000000e4875700680047008f
:10a1580004e402000100000068004700be0090000f
:10a16800811f780041552c00811f780000050200ee
:10a1780000000000e48757006800470004e402007c
:10a18800010000006800470061382200811f780044
:10a19800d1382200811f780011562c00811f7800c9
:10a1a8000005020000000000e6875700680047002d
:10a1b80004e4020001000000d03c220010407800b6
:10a1c8000081fb00803d2200104078008080fb0069
:10a1d80068004700821f7800811f7800d1562c0044
:10a1e800811f78000005020000000000e687570084
:10a1f8006800470004e4020001000000805e2200bd
:10a20800104078000081fb00805e2200104078003a
:10a218008080fb0068004700821f7800811f78005b
:10a22800f1572c00811f7800000502000000000093
:10a23800e68757006800470004e4020001000000b8
:10a248000b00370000000000090037000000000084
:10a25800070037000000000005003700000000007c
:10a268000300370000000000010037000000000074
:10a278004f04be000080fa00000006000200fa0049
:10a2880010c0b300004f780042e402000100000053
:10a298000040eb00004f780000c420001040780018
:10a2a8000080fb00700060000000e00027003a001a
:10a2b800805e2200104078000080fb00640060008f
:10a2c8000000e00007003200805e220010407800a5
:10a2d8000080fb0061006000004078000004e0009e
:10a2e80013003200f0582c0004e4020001000000c2
:10a2f80070e820008040eb00014878008fc6a90074
:10a30800805e22001040780080407800a140b300b1
:10a31800805e220001487800803d22008040eb00ea
:10a328000148780010c0b300004f78000d003700d6
:10a33800b0592c0004e402000100000070e820007d
:10a3480011c0b3000148780006003700505b2c00ac
:10a3580004e402000100000070e8200011c0b3000e
:10a3680001487800305d2c0004e402000100000080
:10a37800805e22001040780032c0b300e1bc2000ab
:10a38800deb7020001000000e0bc200004e4020087
:10a3980001000000304e2c0004e40200010000001f
:10a3a80040002000f0998800813e2000b0c0b30032
:10a3b80028730200010000001e4078000080fa00a7
:10a3c800000006000200fa00f0998000e20f500039
:10a3d800b7003200e20f500005003e000000e00028
:10a3e80008003200e10f5000280032003101370028
:10a3f800e30f5000b8003200e40f500006013200ad
:10a408002c0137006000b800a01b8900b11b89002f
:10a418006000b800e01b8900f11b89006000b800eb
:10a42800c01b8900d11b89006000b800001c89008e
:10a43800111c890040382200f1c3b300014878009c
:10a4480050382200f1c3b3000148780040c8b30077
:10a458001ffa0700805e22001040780080407800d4
:10a46800a140b300805e220001487800803d2200b0
:10a478008040eb000148780080e820008040eb0035
:10a488000148780010002000f099880000c42000de
:10a49800104078000080fb00640060000000e000cd
:10a4a8007500320070e8200011c0b3000148780040
:10a4b80080e820008040eb0001487800e03c220062
:10a4c8008040eb0001487800403922008040eb00d2
:10a4d80001487800003b2200a53d2200c43d22002f
:10a4e8008001780042c0b300112d200000c5b300e0
:10a4f800c659020001000000403b2200a53d220091
:10a50800c43d22008001780042c0b300512d2000d4
:10a5180000c5b300c65902000100000060392200de
:10a52800a53d2200c43d22008001780042c0b3004e
:10a53800912d200000c5b300c6590200010000009b
:10a54800e0392200a53d2200c43d220080017800a8
:10a5580042c0b300d12d200000c5b300c659020087
:10a5680001000000a53d2200c43d2200733a2200ec
:10a5780012c0b300112e200000c5b300c659020056
:10a5880001000000a0392200a53d2200c43d2200a0
:10a598008001780042c0b300212e200000c5b3001e
:10a5a800c659020001000000203a2200a53d220001
:10a5b800c43d22008001780042c0b300612e200013
:10a5c80000c5b300c659020001000000a53d2200e5
:10a5d800c43d2200633a220012c0b300a12e20001d
:10a5e80000c5b300c659020001000000703a2200fd
:10a5f80010407800e14f400012003a006000b800b7
:10a60800b01c8900c11c89006000b800f01c8900da
:10a61800011d89006000b800d01c8900e11c890078
:10a628006000b800101d8900211d8900703a2200c1
:10a63800f1c3b30001487800603a2200f1c3b300c7
:10a6480001487800805e2200104078008040780041
:10a658000174a100805e22000148780020002000db
:10a66800f0998800813e2000b0c0b3002873020032
:10a678000100000095003700813e2000b0c0b30003
:10a68800287302000100000070e820008040eb0001
:10a6980001487800805e220001c8b30001487800b4
:10a6a800203722008040eb000148780087003700ff
:10a6b80070e8200011c0b300014878003000200085
:10a6c800f0998800c15d2000b0c0b3002873020073
:10a6d800010000007d00370070e8200011c0b300c1
:10a6e8000148780060e820009040780070e8200079
:10a6f8001040780080cf500027003200411f200012
:10a70800b0c0b300287302000100000080e82000f8
:10a7180010407800e14f400009003200d1968000d7
:10a7280080022000808f50000500360080e820005d
:10a73800104078008040e80080e820000148780058
:10a7480080e8200010407800f34f500012003600d7
:10a75800805e2200104078000080fb0061006000ed
:10a768000000e0000c003a00805e220010407800f3
:10a77800804078003140b300805e220001487800b4
:10a78800803d22008040eb0001487800e03c220038
:10a798008040eb000148780000c420001040780099
:10a7a8000080fb00640060000000e00044003a0004
:10a7b80010002000f099880070e820008040eb002d
:10a7c800014878008fc6a900411f2000b0c0b3001f
:10a7d8002873020001000000805e2200104078000b
:10a7e800804078000114a000805e220001487800b3
:10a7f800803d22008040eb0001487800805e220006
:10a8080090407800b0cbb30080c06000805e22002a
:10a81800014878002d0037000040eb00004f780019
:10a8280000c42000104078000080fb007000600029
:10a838000000e00010003a00805e2200104078001e
:10a848000080fb00640060000000e00007003200a8
:10a85800805e2200104078000080fb0061006000ec
:10a86800004078000004e0000300320070e8200097
:10a878008040eb0001487800d09b8000ed0f50002d
:10a888001100320000c42000104078000080fb0056
:10a89800700060000000e00003003a000000eb00d8
:10a8a800f09988000900370010002000f09988000e
:10a8b800060037000000eb00f0998800030037001d
:10a8c800000000000100370000000000c033220033
:10a8d800104078000004e00004003a0070352200bf
:10a8e800104078000004e0009a003200805e2200e8
:10a8f800104078008080fb0000022000008060008b
:10a908000000e0000d00320000c420001040780074
:10a918000080fb00640060000000e00007003200d7
:10a92800805e2200104078000080fb00610060001b
:10a93800004078000004e00086003200c0332200a6
:10a94800104078000004e00043003200c0c68000d8
:10a95800610060000000e0003f003a0042e40200ad
:10a9680001000000805e2200104078000080fb009b
:10a97800801f7800c0332200801f7800805d2c0083
:10a98800801f7800e0bc20000005020000000000e5
:10a99800e6875700e0bc200004e402000100000044
:10a9a80060352200104078000004e0000c003200fe
:10a9b800715f2c00e0bc200072df02000100000083
:10a9c800c1332200e0bc2000589f020000000000b4
:10a9d800603522008040eb0001487800080037000d
:10a9e800e15f2c00e0bc200072df020001000000e3
:10a9f800c1332200e0bc2000929802000000000051
:10aa08000041eb0011b12000c033220020b1020048
:10aa18000000000010b120008040eb0001487800e1
:10aa2800c03322008040eb000148780070352200d6
:10aa3800104078000004e0000400320020372200b3
:10aa4800f1c0b30001487800030037002037220026
:10aa580031c0b300014878007035220010407800fa
:10aa68000004e0003b003200c0c6800061006000c6
:10aa78000000e00037003a0042e402000100000054
:10aa8800805e2200104078000080fb00801f780064
:10aa980070352200801f780020602c00801f78000d
:10aaa800e0bc20000005020000000000e687570017
:10aab800e0bc200004e4020001000000103722007e
:10aac800104078000004e0000c003200715f2c0098
:10aad800e0bc200072df0200010000007135220096
:10aae800e0bc2000589f0200000000001037220040
:10aaf8008040eb000148780008003700e15f2c0037
:10ab0800e0bc200072df0200010000007135220065
:10ab1800e0bc200092980200000000000041eb0019
:10ab280011b120007035220020b1020000000000a1
:10ab380010b120008040eb000148780070352200f9
:10ab48008040eb00014878002037220031c0b30074
:10ab5800014878000080fa00000006006800fa004a
:10ab680060e7980071e79800e32e8100c22e81000b
:10ab78007ee090008000fb006ee090000000fb008b
:10ab8800831f7800821f7800811f7800801f78005b
:10ab980020c52b00801f78000e0078001a050200df
:10aba80000000000ea8757000e00780004e4020065
:10abb800010000000080fa00000006000200fa0010
:10abc800000f78000a0037001e0078001000780097
:10abd8000000e00006003a00b0c62b0004e40200c2
:10abe80001000000ba02070010c0b3000a003700d5
:10abf800d02480007f0060000000e000f2ff3a00ef
:10ac0800f124800000002400008060000000e000c3
:10ac1800edff3a000040eb000080fa00000006005b
:10ac28000200fa00000f78001e007800e3ff07001a
:10ac3800e14f500002003a0010c0b3001100370085
:10ac48009a04a8000a0037001e0078001000780057
:10ac58000000e00006003a0050c82b0004e402009f
:10ac6800010000009a02070010c0b3000500370079
:10ac7800d0248000610060000000e000f2ff3a008c
:10ac88000040eb000080fa00000006000400fa0013
:10ac9800004f7800110798001e009000c7ff0700ba
:10aca800e14f500002003a0010c0b3000b0037001b
:10acb8009e40780061c060000080fb006100600079
:10acc8004500dd00d12480000150a1000100700082
:10acd800d02488009a84a8000040eb000080fa0085
:10ace800000006000200fa00000f78001e0078003d
:10acf800b2ff0700e14f500002003a0010c0b30055
:10ad0800030037009aa4a8009a84a8000040eb002a
:10ad18000080fa00000006000200fa00000f780028
:10ad28001e007800a5ff0700e14f500002003a001e
:10ad380010c0b300110037009a24a8000a00370099
:10ad48001e007800100078000000e00006003a00bd
:10ad580000ca2b0004e40200010000005c020700a6
:10ad680010c0b30005003700d024800062006000e6
:10ad78000000e000f2ff3a000040eb000080fa001b
:10ad8800000006002e00fa00206f9800316f98002e
:10ad9800621798006e10900088ff0700e14f50007e
:10ada80002003a0010c0b300550037003e6890001a
:10adb800e14f500026003a002e6890000080fb000a
:10adc80001052000810f5000040032001105200009
:10add800810f5000070032000d0037002e689000e8
:10ade8000080fb00000040000000a000b0248800a4
:10adf800300037002e6890000080fb000000400003
:10ae08000000a000b02488000000000029003700de
:10ae18002e6890000081fb002e6890008080fb0067
:10ae28000e00e800821f7800811f7800d1cb2b002c
:10ae3800811f78001a05020000000000e68757000d
:10ae48000e00e80004e402000100000019003700c9
:10ae58002e6890000080fb0001052000810f500043
:10ae68000400320011052000810f50000900320053
:10ae7800100037002e6890000080fb0000004000a2
:10ae880080007800f00f200000806000b024880067
:10ae9800080037002e6890000080fb00000040008a
:10aea80080007800f00f200000806000b024880047
:10aeb800000000006e10900040ff0700e14f5000b6
:10aec80002003a0010c0b3000d0037006e10900069
:10aed80046000700004f78001e4078000004e0009c
:10aee8000600320070ce2b0004e4020001000000ce
:10aef800f701070010c0b300010037000040eb0065
:10af08000080fa00000006000400fa00004f7800f4
:10af1800110798001e00900028ff0700e14f50001d
:10af280002003a0010c0b300130037001e80fb0077
:10af3800b02488001e00900020ff0700e14f500059
:10af480002003a0010c0b3000b0037001e0090004a
:10af580026000700e14f500006003a0040d02b00c1
:10af680004e4020001000000d901070010c0b3008a
:10af7800010037000040eb000080fa0000000600e6
:10af88000200fa00000f78001e0078000bff07008f
:10af9800e14f500002003a0010c0b3001100370022
:10afa8009a44a8000a0037001e00780010007800b4
:10afb8000000e00006003a00e0d12b0004e40200a3
:10afc80001000000c201070010c0b30005003700ef
:10afd800d0248000640060000000e000f2ff3a0026
:10afe8000040eb000080fa00000006000200fa00b2
:10aff800000f78001e007800f0fe0700e14f5000b7
:10b008000c003a0010c0b300110037001e00780091
:10b01800100078000000e00007003a0080d32b0001
:10b0280004e4020001000000a901070020c0b300e9
:10b038000700370000000000f1248000000028000d
:10b04800008060000000e000f0ff3a000040eb00e4
:10b058000080fa00000006000200fa00000f7800e5
:10b068001e007800d5fe0700e14f500002003a00ac
:10b0780010c0b300170037009a64a8000a00370010
:10b088001e007800100078000000e00006003a007a
:10b09800e0d52b0004e40200010000008c01070049
:10b0a80010c0b3000b003700d02480006800600097
:10b0b8000000e000f2ff3a001e007800bffe070023
:10b0c800e14f500002003a0010c0b3000100370001
:10b0d8000040eb000080fa00000006000e00fa00b5
:10b0e8002047980021079800624798004307980076
:10b0f800540798006507980000000000d04222001d
:10b10800104078000004e000fcff3a006e00900058
:10b11800810c2000010878005e00900011c0b30087
:10b12800014878006e009000a4fe0700e14f50002f
:10b1380006003a005e0090001040780080407800d9
:10b1480070c5b30085fe07008c0037005e009000d4
:10b1580021c0b300014878006e009000b0fe0700df
:10b16800e14f500006003a005e0090001040780061
:10b178008040780070c5b30078fe07007f00370074
:10b188005e00900031c0b300014878006e01900065
:10b198008040eb002e409000fafe0700e14f50007f
:10b1a80006003a005e009000104078008040780069
:10b1b80070c5b30069fe0700700037005e0090009c
:10b1c80041c0b300014878002e4090000080fb0089
:10b1d80001052000810f50000400320011052000f5
:10b1e800810f50001b003200270037002e0090000e
:10b1f8004800de00004f7800ee0090001e40780006
:10b2080041ff0700e14f500006003a005e00900041
:10b21800104078008040780070c5b3004ffe0700ea
:10b22800560037002e00900000407800ee00900095
:10b2380035ff0700e14f50001f003a005e00900004
:10b24800104078008040780070c5b30043fe0700c6
:10b258004a0037002e009000004f7800ee00900062
:10b268001e40780028ff0700e14f500014003a0004
:10b278005e009000104078008040780070c5b300f0
:10b2880036fe07003d0037002e0090000040780091
:10b29800ee0090001cff0700e14f50000a003a0042
:10b2a8005e009000104078008040780070c5b300c0
:10b2b8002afe0700310037000000000003003700b5
:10b2c8000000000001003700000000005e00900050
:10b2d80051c0b300014878000040eb00004f7800ef
:10b2e8000f0037001e80fb00ce0090000080400059
:10b2f80010407800ee00900003ff0700e14f500077
:10b3080006003a005e009000104078008040780007
:10b3180070c5b30011fe0700180037001e4fe80083
:10b328006e4090009e40780080cf5000edff3900bd
:10b338005e00900061c0b300014878006e00900084
:10b348000fff0700e14f500006003a005e00900032
:10b35800104078008040780070c5b300fffd0700fa
:10b36800060037005e0090008040eb00014878003e
:10b37800d042220051c0b300014878000080fa0092
:10b38800000006000e00fa002047980021079800e8
:10b39800624798004307980054079800650798008b
:10b3a80000000000d0422200104078000004e000b5
:10b3b800fcff3a006e009000810c20000108780024
:10b3c8005e00900011c0b300014878006e00900044
:10b3d800fafd0700e14f5000980032005e0090002f
:10b3e80021c0b300014878006e0090000cfe0700f1
:10b3f800e14f5000930032005e00900031c0b3006e
:10b40800014878006e0190008040eb002e409000cb
:10b418005cfe0700e14f50008c0032005e00900097
:10b4280041c0b300014878002e4090000080fb0026
:10b4380001052000810f5000040032001105200092
:10b44800810f50001b003200270037002e009000ab
:10b458004800de00004f7800ee0090001e407800a3
:10b46800a9fe0700e14f500006003a005e00900078
:10b47800104078008040780020c5b300b7fd070071
:10b488007d0037002e00900000407800ee0090000c
:10b498009dfe0700e14f50001f003a005e0090003b
:10b4a800104078008040780020c5b300abfd07004d
:10b4b800710037002e009000004f7800ee009000d9
:10b4c8001e40780090fe0700e14f500014003a003b
:10b4d8005e009000104078008040780020c5b300de
:10b4e8009efd0700640037002e00900000407800a1
:10b4f800ee00900084fe0700e14f50000a003a0079
:10b508005e009000104078008040780020c5b300ad
:10b5180092fd0700580037000000000003003700c4
:10b528000000000001003700000000005e009000ed
:10b5380051c0b300014878006e009000f6fd070086
:10b54800e14f5000430032005e00900061c0b3003c
:10b55800014878006e01900011c0b3002e409000a1
:10b5680008fe0700e14f50003c0032005e009000ea
:10b5780071c0b300014878000040eb00004f78002c
:10b588001c0037006e009000b3fe0700e14f50002a
:10b59800340032001e80fb00ce0090000080400086
:10b5a800a124800081407800014878001e80fb00bb
:10b5b8008000e8006e4090000080fb00808f500003
:10b5c80006003a00ee00900010c0b300affd07007f
:10b5d800e14f500006003a0027003700ee009000c7
:10b5e8000040eb00a9fd0700e14f50001f003200aa
:10b5f8001e4fe8006e4090009e40780080cf5000bb
:10b60800e0ff39005e00900081c0b3000148780077
:10b618006e0090005afe0700e14f500015003200fe
:10b628005e0090008040eb0001487800d042220084
:10b6380051c0b300014878000f0037000000000037
:10b648000d003700000000000b003700000000006c
:10b658000900370000000000070037000000000064
:10b66800050037000000000003003700000000005c
:10b6780001003700000000000080fa00000006000a
:10b688000000fa00da46a9000a003700de46a800e2
:10b69800000520000100200054e60200010000001f
:10b6a800de46a900000520000100200054e6020043
:10b6b80001000000e0368000680060000000e00043
:10b6c800f2ff3200da46a8000080fa000000060007
:10b6d8000000fa009e24ef0000002800d024880013
:10b6e800c0042000c02488000080fa000000060082
:10b6f8000000fa009be4a9000080fa0000000600a0
:10b708000400fa0020479800ae40900000cfb30034
:10b7180000cf60001e80fb004400de00004f780070
:10b728001e4078006a00b90000007800004f7800d9
:10b738002e4090006f406000204798002e409000f7
:10b748001e4f40001e4078000080fa0000000600ee
:10b758000400fa00204798002e4090008080fb00eb
:10b76800d0cc2c000008b8004308de00004f780059
:10b778001e4078004400dd00004f78002e40900005
:10b788000081fb00d0cc2c000010b8004308de007c
:10b798006a00b900000078000000510020479800b6
:10b7a8002e4090001e4f40001e4078000080fa0096
:10b7b800000006000200fa00000f78001e00780062
:10b7c800104078000080fb00e50f50002b0032008d
:10b7d800e50f50000c003c00e20f5000180032004a
:10b7e800e20f500003003c00e10f50000f00320050
:10b7f8003b003700e30f500016003200e40f500002
:10b808001900320036003700e70f500025003200db
:10b81800e70f50001e003500e80f500026003200e8
:10b82800e90f5000290032002d003700f0d82b0016
:10b8380004e402000100000010c0b3002900370032
:10b8480040da2b0004e402000100000020c0b3002d
:10b8580024003700a0db2b0004e4020001000000f4
:10b8680030c0b3001f00370080dd2b0004e4020065
:10b878000100000040c0b3001a00370010df2b00a1
:10b8880004e402000100000050c0b30015003700b6
:10b8980060e02b0004e402000100000060c0b30077
:10b8a80010003700b0e12b0004e4020001000000a2
:10b8b80070c0b3000b00370030e32b0004e4020033
:10b8c8000100000080c0b3000600370000e52b002f
:10b8d80004e402000100000090c0b300010037003a
:10b8e8000040eb000080fa00000006000400fa00a7
:10b8f80090e62b0004e40200010000000e00e800be
:10b90800a53d2200c43d22008001780012c0b3008a
:10b91800014c200000c5b3009afe07001e409000ad
:10b92800e14f40000a003a000040eb001047980041
:10b938000e00e800a53d2200c43d220080017800e9
:10b9480012c0b300014c200000c5b300e3fd07009e
:10b95800a53d2200c43d22003342220012c0b3009c
:10b968001100200010c5b30086fe070030422200f7
:10b978009040780000c8b30000cf60001e407800f7
:10b988000004e0000e0032001e4090000040e80075
:10b99800104798000e00e800a53d2200c43d220093
:10b9a8008001780012c0b300014c200000c5b3002c
:10b9b800cafd070030e72b0004e402000100000084
:10b9c8000e80e800a53d2200c43d220080017800d9
:10b9d80012c0b300a146200000c5b30069fe0700ed
:10b9e8002e4090000004e00004003a00304222009b
:10b9f800104078000004e00010003d002e40900048
:10ba08000004e0000300320030e92b0004e40200e7
:10ba1800010000000040eb00204798000e80e8007d
:10ba2800a53d2200c43d22008001780012c0b30069
:10ba3800a146200000c5b300a8fd070027000700a5
:10ba4800a53d2200c43d22000343220012c0b300da
:10ba58009102200010c5b3004afe0700c03d220035
:10ba6800104078000004e00003003200c03d2200ce
:10ba780050ff070017003700a53d2200c43d2200f3
:10ba88002343220012c0b300a102200010c5b30056
:10ba98003cfe0700c03d2200104078000004e00092
:10baa80003003200c03d220042ff070009003700b2
:10bab800a53d2200c43d22006343220012c0b3000a
:10bac8000101200010c5b3002efe0700c03d220072
:10bad80038ff07000080fa00000006000200fa00a4
:10bae80040eb2b0004e4020001000000d03d2200de
:10baf800c1c2b30001487800a53d2200c43d220020
:10bb0800d33d220012c0b300f102200010c5b300db
:10bb180072fd0700c03d2200104078000004e000dc
:10bb280003003200c03d220022ff07004a00370010
:10bb3800a02181000070a000a0218900a02181001f
:10bb48000060a100a0218900a02181000050a1006f
:10bb5800a0218900a02181000040a100a021890026
:10bb6800a121810030ff2f00008060000020a0008c
:10bb7800a0218900a1218100c0ff2f000080600062
:10bb88000010a000a0218900a53d2200c43d22008c
:10bb98004343220012c0b3007102200010c5b30055
:10bba8004efd0700c03d2200104078000004e00070
:10bbb80006003200d0eb2b0004e402000100000074
:10bbc800c03d2200fbfe070023003700004322008f
:10bbd8008040eb0001487800802181000070a000bf
:10bbe80080218900a53d2200c43d22000343220094
:10bbf80012c0b3009102200010c5b30037fd070042
:10bc0800a53d2200c43d22003342220012c0b300e9
:10bc18001100200010c5b300dafd070030422200f1
:10bc280010407800004f78001e4078000074a10092
:10bc3800004f7800a53d2200c43d22008e01780007
:10bc480012c0b3001100200010c5b30023fd070087
:10bc5800c03d2200d7fe07000080fa000000060061
:10bc68000200fa00000f7800720020008000eb004c
:10bc78001e0078005005020000000000a53d2200cb
:10bc8800c43d22003342220072c0b30011002000dc
:10bc980010c5b300bbfd0700c03d2200104078006e
:10bca8000004e00003003200c03d2200c1fe07008e
:10bcb800370037003042220010407800804078007a
:10bcc8000174a1003042220001487800304222006d
:10bcd800104078008afe0700804078001e00780037
:10bce80021409800404222001040780080407800af
:10bcf8000174a1004042220001487800404222001d
:10bd0800104078007efe0700804078001e00780012
:10bd180011409800504222001040780078fe070039
:10bd2800804078001e0078000148780060422200b8
:10bd38001040780072fe0700804078001e007800ee
:10bd48003140980070422200104078006cfe0700d5
:10bd5800804078001e007800514098008042220000
:10bd68001040780066fe0700804078001e007800ca
:10bd780041409800904222001040780060fe070081
:10bd8800804078001e007800614098000040eb0079
:10bd98000080fa00000006000200fa00000f780098
:10bda8001e0078000000e00047003200d03d22006d
:10bdb80011c0b30001487800e03d220041cab30039
:10bdc80001487800f03d22008040eb0001487800ef
:10bdd8001e007800204090005dfe0700013e220012
:10bde800804878001e0078001040900058fe070038
:10bdf800113e2200804878001e007800104078002c
:10be080053fe0700213e2200804878001e0078007b
:10be1800304090004efe0700313e220080487800f6
:10be28001e0078005040900049fe0700413e220065
:10be3800804878001e0078004040900044fe0700cb
:10be4800513e2200804878001e0078006040900033
:10be58003ffe0700613e220080487800a53d220091
:10be6800c43d2200d33d2200a2c0b300e10220005d
:10be780010c5b30099fc0700c03d220010407800af
:10be88000004e00003003200c03d220049fe070024
:10be98000e003700d03d22008040eb0001487800ba
:10bea800a53d2200c43d2200d33d220012c0b300ac
:10beb800e102200010c5b30088fc0700c03d220045
:10bec8003cfe07000100370010c0b3000080fa00f4
:10bed800000006000800fa00200798006147980053
:10bee800724798002e009000204090008040780013
:10bef8006e40900000cf40002e009000104090004f
:10bf0800804078007e40900000c0400010479800b4
:10bf18002e00900010407800204798009e80fb007b
:10bf2800908828000008b8004508de000040780026
:10bf38009e40900000c04000104798001e81fb0002
:10bf4800908828000010b800c508de00c003200053
:10bf58000088b9000000780000005100004f780008
:10bf68001e4090008080fb00908828000008b800e0
:10bf78004508de0000407800ae40900000c0400058
:10bf8800204798001e4090000081fb009088280000
:10bf98000010b800c508de00c00320000088b90002
:10bfa8000000780000005100104798002e409000d3
:10bfb8000081fb00b0aa2a000010b8004408de0087
:10bfc8007800b90000007800000051002047980070
:10bfd8001e407800defd0700d13d22008048780031
:10bfe8001e409000dafd0700e13d220080487800fd
:10bff8002e409000d6fd0700f13d220080487800d1
:10c008002e00900030409000d1fd0700013e220034
:10c01800804878002e00900040409000ccfd07003a
:10c02800113e220080487800a53d2200c43d220030
:10c03800d33d220052c0b3008100200010c5b300d8
:10c0480026fc0700c03d2200dafd07000080fa0048
:10c05800000006000600fa00004f7800114798001b
:10c068002247980033479800444798004e40900074
:10c07800b7fd0700d13d2200804878003e4090007f
:10c08800b3fd0700e13d2200804878002e40900073
:10c09800affd0700f13d2200804878001e4078007f
:10c0a800abfd0700013e2200804878001e4090004a
:10c0b800a7fd0700113e220080487800a53d220018
:10c0c800c43d2200d33d220052c0b30081002000ad
:10c0d80010c5b30001fc0700c03d2200b5fd0700f4
:10c0e8000080fa00000006000a00fa00000f78003d
:10c0f8001107980022079800330798004407980012
:10c10800a53d2200c43d22003342220052c0b300a4
:10c118008100200010c5b3009afc0700c03d220032
:10c12800104078000004e00003003200c03d220007
:10c13800a0fd07001a0037003042220010407800a6
:10c148006ffd0700ce009000804878004042220032
:10c15800104078006afd0700be0090008048780013
:10c16800504222001040780065fd0700ae009000a4
:10c1780080487800604222001040780060fd070087
:10c188009e007800804878007042220010407800b5
:10c198005bfd07009e009000804878000040eb009f
:10c1a8000080fa00000006000200fa00004f780044
:10c1b80011479800604322009040780000ceb300f9
:10c1c80080c060006043220001487800604322007c
:10c1d800104078009e4040006043220001487800eb
:10c1e800a53d2200c43d22006343220012c0b300d3
:10c1f8000101200010c5b300b8fb0700c03d2200b4
:10c20800104078000004e00003003200c03d220026
:10c2180068fd0700300037001e4090000080fb00da
:10c22800e10f50000b003200e20f50001000320006
:10c238000000e00015003a00802181000040a100c4
:10c2480080218900902181000040a100902189006f
:10c258000e003700802181000040a0008021890065
:10c26800902181000040a10090218900070037003b
:10c27800802181000040a100802189009021810057
:10c288000040a00090218900000000000043220027
:10c2980090407800d03d22000148780020432200d9
:10c2a80090407800e03d220001487800a53d22003a
:10c2b800c43d2200d33d220022c0b30091022000d9
:10c2c80010c5b30085fb0700f0cdb300de01070001
:10c2d800c03d220037fd07000080fa00000006007c
:10c2e8000400fa00000f780011079800a53d22000d
:10c2f800c43d22006343220012c0b30001012000a4
:10c3080010c5b3001ffc0700c03d22001040780094
:10c318000004e00003003200c03d220025fd0700b4
:10c328002f0037006043220010407800ff40600073
:10c338001e00780001487800a53d2200c43d220077
:10c348003342220022c0b3009102200010c5b3007e
:10c358000cfc0700c03d2200104078000004e000fb
:10c3680003003200c03d220012fd07001c00370008
:10c3780030422200904078000043220001487800b3
:10c388004042220090407800204322000148780073
:10c3980080218100700060000000e000040032008d
:10c3a8001e00900011c0b300014878000b00370050
:10c3b80090218100700060000000e000040032005d
:10c3c8001e00900021c0b300014878000300370028
:10c3d8001e0090008040eb00014878000040eb0010
:10c3e8000080fa00000006000000fa00b021810079
:10c3f8000040a100b0218900b02181000030a100d7
:10c40800b0218900b02181000020a100b02189005d
:10c41800b02181000010a100b0218900b021810065
:10c428000000a100b0218900a53d2200c43d2200e2
:10c438006343220012c0b3000101200010c5b300fd
:10c4480026fb0700c03d2200dafc07000080fa0046
:10c45800000006000600fa001007980041479800ff
:10c468001e00900010409000804078004e409000e0
:10c4780000cf40001e009000104078001047980040
:10c488009e80fb00908828000008b8004508de0060
:10c49800004078009e40900000c04000104798007f
:10c4a8001e81fb00908828000010b800c508de0037
:10c4b800c00320000088b900000078000000510087
:10c4c800004f78001e4090000081fb00b0aa2a00af
:10c4d8000010b8004408de007800b90000007800b9
:10c4e80000005100104798001e40780098fc070093
:10c4f800d13d2200804878001e40900094fc07003f
:10c50800e13d2200804878001e00900050409000d5
:10c518008ffc0700f13d220080487800a53d2200ed
:10c52800c43d2200d33d220032c0b300d100200018
:10c5380010c5b300e9fa0700c03d22009dfc0700c2
:10c548000080fa00000006000400fa00004f78009e
:10c5580011479800224798002e4090007cfc070065
:10c56800d13d2200804878001e40900078fc0700ea
:10c57800e13d2200804878001e40780074fc0700e6
:10c58800f13d220080487800a53d2200c43d2200ec
:10c59800d33d220032c0b300d100200010c5b30043
:10c5a800cefa0700c03d220082fc07000080fa0096
:10c5b800000006000600fa00000f78001107980036
:10c5c80022079800a53d2200c43d220033422200e4
:10c5d80032c0b300d100200010c5b30069fb0700ca
:10c5e800c03d2200104078000004e0000300320043
:10c5f800c03d22006ffc07001000370030422200c7
:10c60800104078003efc0700ae009000804878009b
:10c61800404222001040780039fc07009e0090003c
:10c6280080487800504222001040780034fc07000f
:10c638009e007800804878000040eb000080fa00f7
:10c64800000006000200fa00004f78001147980029
:10c6580020ed2b0004e402000100000060432200ea
:10c6680010407800ff4060006043220001487800d5
:10c6780060432200904078001e4078004500dd00ad
:10c6880080c040006043220001487800a53d220098
:10c69800c43d22006343220012c0b3000101200000
:10c6a80010c5b3008dfa0700c03d22001040780085
:10c6b8000004e00003003200c03d22003dfc0700fa
:10c6c80034003700e0ed2b0004e402000100000014
:10c6d8001e4090000080fb00e10f50000b0032006c
:10c6e800e20f5000100032000000e00015003a0090
:10c6f800802181000030a1008021890090218100e3
:10c708000030a100902189000e00370080218100af
:10c718000030a00080218900902181000030a10014
:10c728009021890007003700802181000030a10096
:10c7380080218900902181000030a000902189008b
:10c74800000000000043220090407800d03d220005
:10c75800014878002043220090407800e03d220004
:10c7680001487800a53d2200c43d2200d33d2200a7
:10c7780022c0b3009102200010c5b30057fa070089
:10c78800e0ee2b0004e4020001000000c03d22009e
:10c7980008fc07000080fa00000006000400fa0008
:10c7a800000f780011079800a53d2200c43d220023
:10c7b8006343220012c0b3000101200010c5b3007a
:10c7c800f0fa0700c03d2200104078000004e000a5
:10c7d80003003200c03d2200f6fb0700310037009d
:10c7e80060432200104078000080fb004500de0016
:10c7f800804078001e00780001487800a53d22009e
:10c80800c43d22003342220022c0b300910220001e
:10c8180010c5b300dbfa0700c03d220010407800c5
:10c828000004e00003003200c03d2200e1fb0700e5
:10c838001c0037003042220090407800004322005c
:10c8480001487800404222009040780020432200ae
:10c858000148780080218100680060000000e00045
:10c86800040032001e00900011c0b3000148780097
:10c878000b00370090218100680060000000e00094
:10c88800040032001e00900021c0b3000148780067
:10c89800030037001e0090008040eb00014878003c
:10c8a8000040eb000080fa00000006000000fa00db
:10c8b800b02181000070a100b0218900b021810061
:10c8c8000060a100b0218900b02181000050a100c2
:10c8d800b0218900a53d2200c43d22006343220007
:10c8e80012c0b3000101200010c5b300fbf9070016
:10c8f800c03d2200affb07000080fa0000000600e0
:10c908000200fa00004f7800c02181000070a100e9
:10c91800c02189009e4078007fc060000080fb0035
:10c928007f0060004200dd00c221810031f82f0045
:10c938008100610001007000c0218900c1218100cf
:10c94800c0ff2f00008060000000a000c021890007
:10c95800a53d2200c43d22008343220012c0b3003b
:10c96800d102200010c5b300dcf90700c03d220049
:10c97800104078000004e00003003200c03d2200af
:10c988008cfb0700100037009021810061006000d7
:10c998000000e0000a003a00902181000000a00099
:10c9a80090218900a53d2200c43d22002343220096
:10c9b80012c0b300a102200010c5b300c7f90700d8
:10c9c800c03d22007bfb07000080fa000000060043
:10c9d8000000fa00902181000000a1009021890048
:10c9e800a53d2200c43d22002343220012c0b3000b
:10c9f800a102200010c5b300b8f90700c03d22000d
:10ca08006cfb07000080fa00000006000000fa0036
:10ca1800d0ef2b0004e4020001000000a53d220035
:10ca2800c43d2200e342220012c0b300b10220003c
:10ca380010c5b30053fa0700c03d22005dfb070094
:10ca48000080fa00000006000200fa00004f78009b
:10ca5800b0f02b0004e4020001000000a53d220014
:10ca6800c43d2200e342220012c0b300b1022000fc
:10ca780010c5b30043fa0700c03d220010407800fb
:10ca88000004e00003003200c03d220049fb07001b
:10ca98000e003700e0422200104078009e406000ff
:10caa800e042220001487800a53d2200c43d220052
:10cab800e342220012c0b300b102200010c5b30047
:10cac80086f90700c03d22003afb07000080fa0003
:10cad800000006000000fa00402222001040780002
:10cae8000080fb00511e80000141780041122200a5
:10caf8008270780040222200104078008040e800d0
:10cb080040222200014878000080fa000000060058
:10cb18000000fa0070942000104078000080fb00ac
:10cb2800a11d800001417800819420008270780066
:10cb380070942000104078008040e8007094200035
:10cb480001487800801d8000620060000000e0005d
:10cb580001003200b023a900801d8000640060003d
:10cb68000000e00001003200b043a900801d8000f1
:10cb7800680060000000e00001003200b063a90016
:10cb88000080fa00000006000200fa00a53d22001d
:10cb9800c43d220013c1200012c0b300f1012000df
:10cba80000c5b300c65902000100000010c12000f2
:10cbb80010407800e84f50000b00360010c12000ec
:10cbc80041c0b30001487800a53d2200c43d2200c1
:10cbd80013c1200012c0b300f101200000c5b3004a
:10cbe8007258020001000000a53d2200c43d220049
:10cbf80023c1200012c0b3000102200000c5b30009
:10cc0800c65902000100000020c120001040780031
:10cc1800e84f50000b00360020c1200051c0b3007f
:10cc280001487800a53d2200c43d220023c1200010
:10cc380012c0b3000102200000c5b3007258020000
:10cc480001000000a53d2200c43d220033c12000a0
:10cc580012c0b3001102200000c5b300c65902007b
:10cc68000100000030c1200010407800e84f50005b
:10cc78000b00360030c1200041c0b30001487800e5
:10cc8800a53d2200c43d220033c1200012c0b300dc
:10cc98001102200000c5b300725802000100000014
:10cca800a53d2200c43d220043c1200012c0b300ac
:10ccb8002102200000c5b300c6590200010000008f
:10ccc80040c1200010407800e84f50000b003600ab
:10ccd80040c1200051c0b30001487800a53d2200a2
:10cce800c43d220043c1200012c0b300210220002d
:10ccf80000c5b3007258020001000000a53d2200e3
:10cd0800c43d220053c1200012c0b30031022000ec
:10cd180000c5b300c65902000100000050c1200040
:10cd280010407800e84f50000b00360050c120003a
:10cd380041c0b30001487800a53d2200c43d22004f
:10cd480053c1200012c0b300f101200000c5b30098
:10cd58007258020001000000a53d2200c43d2200d7
:10cd680063c1200012c0b3005102200000c5b30007
:10cd7800c659020001000000a53d2200c43d220062
:10cd880073c1200012c0b3008140200000c5b30069
:10cd9800c65902000100000070c120001040780050
:10cda800e84f50000b00360070c1200041c0b300ae
:10cdb80001487800a53d2200c43d220073c120002f
:10cdc80012c0b3008140200000c5b30072580200b1
:10cdd80001000000a53d2200c43d220083c12000bf
:10cde80012c0b3001141200000c5b300c6590200ab
:10cdf8000100000080c1200010407800e84f50007a
:10ce08000b00360080c1200051c0b30001487800f3
:10ce1800a53d2200c43d220083c1200012c0b300fa
:10ce28001141200000c5b300725802000100000043
:10ce3800620020008000eb00605f220050050200c5
:10ce480000000000a20120008000eb0060c220006a
:10ce58005005020000000000908020008040eb0098
:10ce6800014878000040eb00004f780004003700cc
:10ce78001e407800a06e0200000000001e4fe8006f
:10ce88001e407800e34f5000f9ff360020c5b3007c
:10ce98006e3c0200010000000000eb00602f8900da
:10cea800c05e2200a53d2200c43d2200800178001a
:10ceb80022c0b300f12e200000c5b300c6590200fd
:10cec800010000000000eb00702f8900e05e2200e6
:10ced800a53d2200c43d22008001780022c0b30095
:10cee800112f200000c5b300c65902000100000040
:10cef8000000eb00802f8900005f2200a53d220082
:10cf0800c43d22008001780022c0b300312f2000e8
:10cf180000c5b300c6590200010000000000eb0084
:10cf2800902f8900205f2200a53d2200c43d2200e9
:10cf38008001780022c0b300c12f200000c5b300d3
:10cf4800c659020001000000a53d2200c43d220090
:10cf5800435f220012c0b3004102200000c5b300a5
:10cf6800c659020001000000405f2200104078000e
:10cf7800e44f500003003600405f22008040eb0081
:10cf880001487800a53d2200c43d2200c33c220090
:10cf980012c0b300c12e200000c5b300c65902005c
:10cfa80001000000a53d2200c43d2200d33c220020
:10cfb80012c0b300d12e200000c5b300c65902002c
:10cfc80001000000003b2200a53d2200c43d2200d4
:10cfd8008001780042c0b300112d200000c5b300c5
:10cfe800c659020001000000403b2200a53d220076
:10cff800c43d22008001780042c0b300512d2000ba
:10d0080000c5b300c659020001000000a53d22007a
:10d01800c43d2200a331220012c0b300712f2000aa
:10d0280000c5b300c659020001000000a53d22005a
:10d03800c43d2200b331220012c0b300812f20006a
:10d0480000c5b300c659020001000000a53d22003a
:10d05800c43d2200c331220012c0b300912f20002a
:10d0680000c5b300c659020001000000a53d22001a
:10d07800c43d2200d331220012c0b300a12f2000ea
:10d0880000c5b300c659020001000000a0c7200077
:10d09800a53d2200c43d22008001780022c0b300d3
:10d0a800b101200000c5b300c6590200010000000c
:10d0b80020e92000a53d2200c43d2200800178001f
:10d0c80042c1b3004100200000c5b300c6590200a8
:10d0d80001000000a53d2200c43d220013c4200029
:10d0e80012c0b300b12e200000c5b300c65902001b
:10d0f80001000000a53d2200c43d220023c42000f9
:10d1080012c0b300e12e200000c5b300c6590200ca
:10d118000100000080312200a53d2200c43d22000c
:10d128008001780022c0b300512f200000c5b30051
:10d13800c659020001000000a53d2200c43d22009e
:10d14800e331220012c0b300b12f200000c5b300a4
:10d15800c6590200010000000e00e800a53d2200ab
:10d16800c43d22008001780012c0b300d101200024
:10d1780000c5b300c6590200010000001e4090001f
:10d188000080fb006060880061608000c0032000b0
:10d198000088b9000000780060608800a53d220082
:10d1a800c43d220043c2200012c0b3003141200018
:10d1b80000c5b300c659020001000000a53d2200c9
:10d1c800c43d220053c2200012c0b30041412000d8
:10d1d80000c5b300c659020001000000a53d2200a9
:10d1e800c43d220003c4200012c0b300a1032000e4
:10d1f80000c5b300c659020001000000a53d220089
:10d20800c43d22009322210012c0b300e103200094
:10d2180000c5b300c659020001000000a53d220068
:10d22800c43d2200a322210012c0b300f103200054
:10d2380000c5b300c659020001000000a022210069
:10d248009040780040c6b30080cf500003003600fd
:10d25800a0222100c1c3b3000148780000c4200007
:10d26800104078000080fb00640060000000e000cf
:10d278000400320070e8200011c0b30001487800b3
:10d288000300370070e820008040eb000148780078
:10d29800a53d2200c43d22001326210012c0b30080
:10d2a800b141200000c5b300c659020001000000ca
:10d2b800a53d2200c43d22002326210012c0b30050
:10d2c800c141200000c5b300c6590200010000009a
:10d2d800a53d2200c43d22003326210012c0b30020
:10d2e800d141200000c5b300c6590200010000006a
:10d2f800a53d2200c43d22004326210012c0b300f0
:10d30800e141200000c5b300c65902000100000039
:10d31800a53d2200c43d22005326210012c0b300bf
:10d32800f141200000c5b300c65902000100000009
:10d33800a53d2200c43d22006326210012c0b3008f
:10d348000142200000c5b300c659020001000000d8
:10d35800a53d2200c43d2200a3c1200012c0b30095
:10d368008141200000c5b300c65902000100000039
:10d37800a0c1200010407800e54f50000b00360097
:10d38800a0c1200031c0b30001487800a53d2200ab
:10d39800c43d2200a3c1200012c0b3008141200077
:10d3a80000c5b3007258020001000000a53d22002c
:10d3b800c43d2200d3c1200012c0b3006141200047
:10d3c80000c5b300c659020001000000d0c120000a
:10d3d80010407800e84f50000b003600d0c1200004
:10d3e80041c0b30001487800a53d2200c43d220099
:10d3f800d3c1200012c0b3006141200000c5b300b2
:10d408007258020001000000a53d2200c43d220020
:10d41800e3c1200012c0b3007141200000c5b30071
:10d42800c659020001000000e0c120001040780049
:10d43800e84f50000b003600e0c1200061c0b30087
:10d4480001487800a53d2200c43d2200d3c1200038
:10d4580012c0b3007141200000c5b3007258020029
:10d46800010000000080fa00000006000400fa0035
:10d47800889fbe0040b52c0004e4020001000000b3
:10d48800840407007a46a800308020008040eb0022
:10d4980001487800408020008040eb000148780077
:10d4a8000000eb00705888006080200011c0b300b5
:10d4b800014878000000eb0050938800d0802000dd
:10d4c8008040eb0001487800c08020008040eb00dd
:10d4d80001487800822120008000eb0020f2200023
:10d4e8005005020000000000420120008000eb000f
:10d4f80020c520005005020000000000620c20003a
:10d508008000eb00808d2100500502000000000023
:10d51800820d20008000eb00e099210050050200f8
:10d5280000000000720020008000eb0080f0200066
:10d538005005020000000000720020008000eb008f
:10d5480080ef20005005020000000000720020005b
:10d558008000eb0080f12000500502000000000070
:10d56800720020008000eb0000f12000500502004e
:10d5780000000000a20120008000eb0060c2200033
:10d588005005020000000000020620008000eb00a9
:10d59800c03d21005005020000000000820020006c
:10d5a8008000eb0020ab21005005020000000000c5
:10d5b800820320008000eb0080c820005005020094
:10d5c80000000000a20120008000eb00c022210022
:10d5d8005005020000000000a20120008000eb00be
:10d5e800602421005005020000000000c201200054
:10d5f8008000eb000032220050050200000000000d
:10d60800c21b20008000eb000044210050050200ee
:10d6180000000000905a2100a1c5b300014878001d
:10d62800620020008000eb00c05f2100500502006e
:10d6380000000000006021008040eb0001487800f5
:10d64800020820008000eb00206021005005020045
:10d6580000000000a21c20008000eb0040e0210038
:10d6680050050200000000000000eb0070fe88007a
:10d67800f0ff2700f091880020242100a1c5b30005
:10d688000148780030242100a1c5b3000148780082
:10d6980040242100a1c5b30001487800c02521001d
:10d6a800a1c5b30001487800d0252100a1c5b30069
:10d6b80001487800e0252100a1c5b30001487800a1
:10d6c8000000eb00000f7800090037001e0078000a
:10d6d800c200dd0080ea20000080400042002000f7
:10d6e8008000eb0050050200000000001e0fe8005b
:10d6f8001e007800f30f5000f4ff340060e82000ab
:10d708008040eb0001487800720020008000eb00a8
:10d71800003d220050050200000000006000b80033
:10d72800c01d8900d11d89006000b800001e890055
:10d73800111e8900e0262100f1c3b30001487800da
:10d748006000b800e01d8900f11d89006000b80084
:10d75800201e8900311e8900d0262100f1c3b300a4
:10d7680001487800803c22008040eb0001487800a6
:10d778000000eb00501e89006000b800a01b890063
:10d78800b11b89006000b800c01b8900d11b89004b
:10d798006000b800e01b8900f11b89006000b80038
:10d7a800001c8900111c8900403822008040eb00d1
:10d7b80001487800503822008040eb00014878008a
:10d7c80000f1200091c1b30001487800e0c02000ba
:10d7d8008040eb0001487800f0c020008040eb005a
:10d7e8000148780000c120008040eb000148780023
:10d7f80000c420008040eb0001487800602221002e
:10d808008040eb0001487800b6e302000100000008
:10d818000000eb00100798000e00370031c420000c
:10d828001e009000008040008040eb000148780016
:10d8380081c420001e0090000000400000804000cd
:10d848008000eb00010878001e0090000000e8004e
:10d85800100798001e009000e30f5000efff3400ff
:10d86800002621008040eb0001487800a0802000bd
:10d878008040eb0001487800b6e6a800b6c6a800cc
:10d88800ca06a800ca26a800c08020008040eb0075
:10d8980001487800d08020008040eb0001487800e3
:10d8a800609420008040eb000148780070942000cc
:10d8b8008040eb0001487800b0ae20008040eb00cb
:10d8c8000148780050b020008040eb000148780003
:10d8d80000c520008040eb0001487800420020008d
:10d8e8008000eb00e0c720005005020000000000a7
:10d8f800e20020008000eb00a0ab210050050200f0
:10d9080000000000020620008000eb00c03d21005e
:10d918005005020000000000d7030700210407009b
:10d92800140307006c5b020001000000c03d2200e8
:10d938008040eb000148780040012000d01e89009b
:10d9480091fc07000040eb00e883020001000000a2
:10d958008080200011c8b30001487800d0c720009b
:10d968008040eb0001487800a080200041c0b3004f
:10d97800014878000000eb00b09e880042e40200f5
:10d988000100000000b62c0004e4020001000000c1
:10d9980090da20008040eb000148780030e7200052
:10d9a8008040eb0001487800702221008040eb00a5
:10d9b8000148780010c0b3004eca02000100000000
:10d9c80000f02000345e0200010000007a5c0200d2
:10d9d800010000000040eb00286502000100000083
:10d9e80000f02000d05e02000100000000f02000de
:10d9f800345e020001000000803d210011c0b30028
:10da0800014878004c75020001000000070037004b
:10da18000000000005003700000000000300370088
:10da28000000000001003700000000000060fe0058
:10da3800803d2100104078000004e00015003a0005
:10da480010b72c0004e402000100000000f02000e0
:10da5800345e020001000000f0cdb300286502002a
:10da680001000000a2c0b3008040eb0000f02000dd
:10da78006e5f020001000000f1c0b30000f020005a
:10da88002e62020001000000803d210011c0b30099
:10da980001487800c02c2100104078000004e00004
:10daa80002003a005cd3020001000000602d210052
:10dab800104078000004e00002003a0008cd02009f
:10dac80000000000002e2100104078000004e00053
:10dad80002003a002ce5020001000000a02e2100ff
:10dae800104078000004e00002003a001ce2020046
:10daf80001000000402f2100104078000004e000e1
:10db080002003a000ebb020001000000e02f2100d5
:10db1800104078000004e00002003a0022c502002c
:10db28000100000060322100104078000004e0008d
:10db380002003a00a475020001000000a033210091
:10db4800104078000004e00002003a00e6510200ac
:10db58000100000040342100104078000004e0007b
:10db680002003a000ad70200010000002036210016
:10db7800104078000004e00002003a00dc91020046
:10db880001000000e0342100104078000004e000ab
:10db980002003a00e0840200010000008035210004
:10dba800104078000004e00002003a0086cf02002e
:10dbb8000100000060372100104078000004e000f8
:10dbc80002003a0026a602000100000000382100e9
:10dbd800104078000004e00002003a0000cc020087
:10dbe80001000000a0382100104078000004e00087
:10dbf80002003a0008da0200010000004039210062
:10dc0800104078000004e00002003a0056ae02001e
:10dc18000100000030802000104078000004e0007f
:10dc28006e00320012003700c080200010407800db
:10dc38000080fb00e1802000614078000080fb004c
:10dc4800901d8800c0802000104078000080fb00f4
:10dc5800e18020000041eb0082707800c080200045
:10dc6800104078008040e800c0802000014878001b
:10dc7800811d800000102000008060000000e0008e
:10dc880036003200c080200090407800d08020000c
:10dc98001040780080cf5000e3ff3a003000370092
:10dca80040802000104078000080fb00e1572200ef
:10dcb800e140780060942000104078000080fb006c
:10dcc800829420006240780080cf500013003a0010
:10dcd80040802000104078008040e800408020000c
:10dce8000148780040802000104078000080fb0048
:10dcf800e1572200614078000004e0000a003a0081
:10dd0800408020008040eb000148780030802000ef
:10dd180011c0b3000148780003003700408020009c
:10dd28008040eb00014878006094200010407800a3
:10dd38000080fb0081942000614078000080fb0097
:10dd4800e01c880060942000104078008040e800c3
:10dd580060942000014878000100370000000000ae
:10dd6800d11c800000102000008060000000e0004e
:10dd780034003200609420009040780070942000b5
:10dd88001040780080cf5000c5ff3a002d003700c2
:10dd9800c0802000104078000080fb00e180200057
:10dda800614078005cba020000000000c0802000da
:10ddb800104078000080fb00e18020000041eb006b
:10ddc80082707800c0802000104078008040e80011
:10ddd800c0802000014878000100370000000000e2
:10dde800c080200090407800d0802000104078004b
:10ddf80080cf5000e6ff3a000c0037006094200006
:10de0800104078000080fb00819420006140780079
:10de180050e30200010000006094200010407800e8
:10de28008040e80060942000014878006094200059
:10de380090407800709420001040780080cf500007
:10de4800eeff3a00e0c02000104078000004e00037
:10de58000c003a00f0c02000104078000004e000f8
:10de680008003a0000c12000104078000004e000db
:10de780004003a0080c32000104078000004e0004d
:10de88000400320010c0b300e88302000100000063
:10de9800030037000040eb00e883020001000000a7
:10dea800003d2100104078000004e000d8fe320058
:10deb800003d21008040eb0001487800b0738000ed
:10dec800e10f400003003200b07380000000e8005a
:10ded800b0738800c0738000e10f40000300320077
:10dee800c07380000000e800c0738800d073800011
:10def800e10f400003003200d07380000000e8000a
:10df0800d0738800e0738000e10f40000300320006
:10df1800e07380000000e800e0738800f073800080
:10df2800e10f400003003200f07380000000e800b9
:10df3800f073880000748000e10f40000300320095
:10df4800007480000000e8000074880010748000ed
:10df5800e10f400003003200107480000000e80068
:10df680010748800607480000000e0000300320034
:10df7800607480000000e9006074880040f0800050
:10df88000000e0000400320040f080000000e900da
:10df980040f088000900370040f08000e10f500091
:10dfa80006003a0040f080000000e90040f08800d8
:10dfb800f0b72c0004e40200010000002074800087
:10dfc8000000e00003003200207480000000e90037
:10dfd80020748800b09e80000000e800b09e880091
:10dfe800b19e800000192000808f5000520036003a
:10dff8000000eb00b09e8800d0c7200010407800d9
:10e008000004e0002c003200d0c720008040eb0064
:10e018000148780080802000104078000004e0006b
:10e0280006003d0080802000104078008040780085
:10e038000174a100808020000148780090802000b1
:10e04800104078000004e0003b003d009080200074
:10e05800104078008080fb000006200000806000ef
:10e068000000e00034003a00908020001040780062
:10e07800e3406000908020000148780090802000f4
:10e08800104078000004e000050032009080200075
:10e09800104078008040e800908020000148780017
:10e0a80090802000104078008040e800a080200088
:10e0b8000148780020003700d0c7200011c0b30005
:10e0c8000148780080802000104078000004e000bb
:10e0d8000900320080802000104078000004e00031
:10e0e8000500350080802000104078008040e9005d
:10e0f800808020000148780090802000104078003f
:10e108000004e0000c0032009080200010407800ed
:10e118008080fb00000e2000008060000000e0000e
:10e1280005003a0090802000104078008040e90007
:10e138009080200001487800909e80000000e80050
:10e14800909e8800919e8000803e2000808f500025
:10e1580031fe36000000eb00909e8800403d210013
:10e16800104078000004e00004003200403d210027
:10e178008040eb00014878000c003700403d21004a
:10e1880011c0b30001487800203722001040780001
:10e198000004e0000500320020372200104078001b
:10e1a8008040e900203722000148780000c12000a3
:10e1b800104078000004e0000500320000c1200093
:10e1c800104078008040e90000c120000148780034
:10e1d8006291800073918000e0ff2f00f1ff200022
:10e1e800800f5100818f590006003e006091800029
:10e1f8007191800061004000e080480060918800d3
:10e208007191880010a9210010407800e34f500058
:10e2180006003a0080918000e10f400003003200c0
:10e22800809180000000e80080918800f0aa210019
:10e2380010407800e34f500006003a0090918000ab
:10e24800e10f400003003200909180000000e800d8
:10e258009091880010a9210010407800e34f5000e9
:10e2680003003a0090d480000000e80090d48800b1
:10e27800f0aa210010407800e34f500003003a0054
:10e2880080d580000000e80080d58800e0c3200029
:10e29800104078000004e00005003200e0c32000d0
:10e2a800104078008040e900e0c320000148780071
:10e2b8002080200010407800e14f40000500320027
:10e2c80020802000104078008040e8002080200056
:10e2d80001487800c1c68000000e20000080600060
:10e2e8000000e0000d003200c0c680004500de00de
:10e2f800674060000040e900674060000080fb0064
:10e30800670060004500dd00c2c68000f1f12f0003
:10e318008100610001007000c0c68800206680008e
:10e328000000e00003003400206680000000e900df
:10e3380020668800206680000000e00003003d00a1
:10e34800206680000000e80020668800a0ae20005b
:10e35800104078000004e00005003200a0ae200064
:10e36800104078008040e900a0ae20000148780005
:10e37800b0132100104078000004e00005003200ce
:10e38800b0132100104078008040e900b01321004c
:10e3980001487800c0132100104078000004e00014
:10e3a80005003200c0132100104078008040e900c9
:10e3b800c013210001487800e013210010407800c4
:10e3c8000004e00005003200e0132100104078004e
:10e3d8008040e900e013210001487800f013210093
:10e3e800104078000004e00005003200f01321001e
:10e3f800104078008040e900f013210001487800bf
:10e40800a0802000104078000004e00005003200e1
:10e41800a0802000104078008040e900a080200003
:10e428000148780030802000104078000004e000a7
:10e438000500320030802000104078008040e9005c
:10e448003080200001487800006680000000e80065
:10e45800006688000166800000e12000808f50007f
:10e4680008003600f0b82c0004e4020001000000a7
:10e4780030cc200011c0b300014878000000eb0048
:10e48800006688006091800071918000000078002b
:10e49800670060008004eb00000478000800be00fc
:10e4a800e00f5000e08f58005dfd3a0060802000ca
:10e4b800104078000004e0005bfd3200620020009c
:10e4c800d1ba2c00e0bc2000420502000000000088
:10e4d800e1bc2000e0bc20007685020000000000be
:10e4e80010b1200004e402000100000030bb2c0041
:10e4f80004e402000100000042e402000100000000
:10e5080060e82000104078008001fb0070e82000df
:10e51800104078000001fb00805e22001040780067
:10e528008080fb0020372200104078000080fb002c
:10e53800831f7800821f7800811f7800801f780071
:10e5480050bb2c00801f7800e0bc20001a05020098
:10e5580000000000ea875700e0bc200004e4020045
:10e568000100000010b120008040eb000148780055
:10e578002efd37000200fa000000eb00000f7800c3
:10e58800160037001e0078006a00b9008000780085
:10e59800c02c2100008040008040eb00014878003a
:10e5a8001e0078006a00b90080007800e02c210085
:10e5b800008040008000eb00010878001e00780011
:10e5c8006a00b90080007800002d2100008040001a
:10e5d8008000eb00010878001e0fe8001e0078009c
:10e5e800f90f5000e7ff34000080fa000000060031
:10e5f8000200fa00004f78001e80fb006a00b90094
:10e6080080007800c02c2100008040008040eb0092
:10e61800014878000080fa00000006000200fa00b5
:10e62800004f78001e80fb006a00b9008000780067
:10e63800c02c21000080400021c0b30001487800b0
:10e648000080fa00000006000400fa00004f78007d
:10e65800110798001e80fb006a00b900800078004e
:10e66800e02c2100008040009e0090000108780006
:10e678001e80fb006a00b90080007800c02c2100d1
:10e688000080400011c0b300014878000080fa0003
:10e69800000006000000fa00303f2400b033880074
:10e6a80000002400503488009e26ef00400020001f
:10e6b80090358800c007200030368800c03420001c
:10e6c800d036880040002000d033880000002400a5
:10e6d80070348800a226ef00400c2000b035880076
:10e6e800300020005036880000182000f0368800de
:10e6f8008826ef009c26ef00b026ef00c426ef0026
:10e70800d826ef00ec26ef008626ef009a26ef00c9
:10e71800ae26ef004000200010368800d626ef0015
:10e72800ea26ef000020200050378800000420006f
:10e73800b03688007c26ef009026ef00a426ef0074
:10e74800b826ef00cc26ef00e026ef00001f2000df
:10e75800f03388009226ef00a626ef00ba26ef00d5
:10e76800e226ef0001088000f00b20000081600025
:10e778006004200071052000031020008049780003
:10e788008149780082497800813f8000f00f280095
:10e79800808060000050200001007000803f8800e9
:10e7a800b13e800000f82f0000806000b000b30088
:10e7b800b03e8800e13d800000fc2f000080600032
:10e7c8000020a000e03d8800713f800000f82f0085
:10e7d800008060003000b300703f8800a13d8000d9
:10e7e80000fc2f00008060003001b300a03d8800cd
:10e7f800b13e8000f00f28008080600000a020005b
:10e8080001007000b03e8800b13d800000fc2f0080
:10e8180000806000e000b300b03d8800913d8000ba
:10e82800f00f2c0080806000005022000100700072
:10e83800903d8800f13e8000f00f28008080600045
:10e848000030210001007000f03e880000088000c0
:10e85800000178000260a00060042000710520001b
:10e8680003102000804978008149780082497800a7
:10e878000080fa00000006000000fa004105800050
:10e88800f0ff28000080600000c0a000400588005c
:10e898009021ef00f0e72300900c8800000028008a
:10e8a800a00c88008860a9009860a8004106800034
:10e8b800f0f82f00008060000040a00040068800ab
:10e8c8007105800080ff2f00008060000000a0001c
:10e8d8007005880061058000f0ff28000080600056
:10e8e80000c0a0006005880041068000f08f2f005e
:10e8f800008060000080a00040068800b10580000c
:10e90800f0ff28000080600000c0a000b00588006b
:10e91800b1058000f08f2f00008060000080a0000b
:10e92800b005880081068000f0f82f0000806000a4
:10e938000040a0008006880081068000f0ff2800c3
:10e948000080600000c0a00080068800810680006a
:10e95800f08f2f00008060000080a00080068800f3
:10e96800e726a800e926a900d2c6a800d4c6a900af
:10e97800d246a800d446a900d266a800d466a90049
:10e98800d286a800d486a900d2a6a800d4a6a90039
:10e998005fe6a8008a60a9009a60a8000080fa00d3
:10e9a800000006000000fa0000072800303a88003e
:10e9b8004827ef0000a32000503a8800600020009c
:10e9c800603a88004e27ef005027ef005627ef00e7
:10e9d8005a27ef00f422ef000080fa00000006003a
:10e9e8000200fa00004f78001e80fb00603a8800a1
:10e9f8004627a8000080fa00000006000200fa007e
:10ea08000100370000000000303a8000610060001b
:10ea18000000e000fbff320091388000010f780011
:10ea28001e0078000080fa00000006001600fa00b8
:10ea38000e80e80021622c0072df02000100000055
:10ea4800000f78001e0078008e80e80000804000eb
:10ea580010310200010000000080fb001e0f400082
:10ea68001e0078008e80e80000804000b1622c0013
:10ea780072df0200010000001e0f40000e80e80057
:10ea880004e40200010000000080fa000000060013
:10ea98000200fa0000f02000345e020001000000cd
:10eaa80030012000000f78001e0078000000e90007
:10eab800c200dd0080ea2000808040001e0078004f
:10eac8004201dd0080ea20000000410042002000f1
:10ead80042050200000000001e0fe9001e00780039
:10eae8000000e000f0ff3c0030f02000104078000b
:10eaf80080407800b0ea20000148780000f020004b
:10eb0800104078008040780080ea200001487800b2
:10eb180010f02000104078008040780090ea200033
:10eb28000148780020f020001040780080407800ec
:10eb3800a0ea2000014878000080fa0000000600e2
:10eb48006800fa00509980008000eb00a20c2000b9
:10eb580003002000820f5000838f5800b6063e0045
:10eb680000600100ca0037000e013700ce013700ef
:10eb7800040237006a023700af063700ae063700d6
:10eb8800ad063700ac063700ab063700d9023700b0
:10eb98004c0337005a033700c0033700ff03370020
:10eba800c6043700fa043700a30637000705370004
:10ebb8002a053700380537007805370090053700f3
:10ebc800980537009c0637009b0637009a063700e1
:10ebd80099063700980637009706370096063700db
:10ebe80095063700940637009306370092063700db
:10ebf80040023700900637008f0637008e06370030
:10ec08008d0637008c0637008b0637008a063700da
:10ec180089063700880637008706370086063700da
:10ec280085063700840637008306370082063700da
:10ec380081063700800637007f0637007e063700da
:10ec48007d0637007c0637007b0637007a063700da
:10ec580079063700780637007706370076063700da
:10ec680075063700740637007306370072063700da
:10ec780071063700700637006f0637006e063700da
:10ec88006d0637006c0637006b0637006a063700da
:10ec980069063700680637006706370066063700da
:10eca80065063700640637006306370062063700da
:10ecb80061063700600637005f0637005e063700da
:10ecc8005d0637005c0637005b06370068053700cd
:10ecd80059063700580637005706370056063700da
:10ece80055063700540637005306370052063700da
:10ecf800510637007e053700af053700bd053700e0
:10ed0800010637003a0637004b0637004a06370037
:10ed18004906370045063700470637009e02370088
:10ed2800c9023700e10237004306370042063700c0
:10ed3800d203370008043700160437004d043700a3
:10ed48003d0637003c0637003b0637003a063700d9
:10ed580039063700380637003706370036063700d9
:10ed680035063700340637003306370032063700d9
:10ed780031063700300637002f0637002e063700d9
:10ed88002d0637002c0637002b0637002a063700d9
:10ed980029063700280637002706370026063700d9
:10eda80025063700240637002306370022063700d9
:10edb80021063700200637001f0637001e063700d9
:10edc8001d0637001c0637001b0637001a063700d9
:10edd80019063700180637001706370016063700d9
:10ede80015063700140637001306370012063700d9
:10edf80011063700100637000f0637000e063700d9
:10ee08000d0637000c0637000b0637000a063700d8
:10ee180009063700080637000706370006063700d8
:10ee280005063700040637000306370002063700d8
:10ee38000106370000063700ff053700fe053700da
:10ee4800fd053700fc053700fb053700fa053700dc
:10ee5800f9053700f8053700f7053700f6053700dc
:10ee6800f5053700f4053700f3053700f2053700dc
:10ee7800f1053700f0053700ef053700ee053700dc
:10ee8800ed053700ec0537001d0237002602370074
:10ee9800a0c72000a53d2200c43d220080017800c3
:10eea80022c0b300b101200000c5b300c65902005a
:10eeb80001000000c0c720008040eb000148780036
:10eec800804e22008040eb0001487800904e2200de
:10eed8008040eb000148780042e402000100000095
:10eee800d0622c0004e4020001000000a0c720004a
:10eef800104078000041eb00e1bc2000deb70200c2
:10ef080001000000e0bc200004e402000100000051
:10ef1800a0632c0004e4020001000000b0c7200038
:10ef2800104078000041eb00e1bc2000deb7020091
:10ef380001000000e0bc200004e402000100000021
:10ef4800b0622c0004e4020001000000b0f02000d0
:10ef5800104078000004e0000b003a00c0f02000e8
:10ef6800104078000004e00007003a00e0f02000bc
:10ef7800104078000004e00003003a0080f0200010
:10ef8800345e02000100000080f02000104078008c
:10ef980080407800105122000148780010002000bd
:10efa8005099880000f02000345e02000100000043
:10efb80010512200104078008080fb0000f02000f3
:10efc800104078000000fb00808f50000b003200da
:10efd80000f0200010407800804078001051220096
:10efe8000148780050938000e10f40000300320090
:10eff800509380000000e8005093880000f0200043
:10f0080010407800e14f500039003c0000512200c8
:10f01800104078000004e00038003a0040a72100c2
:10f028009040780050a721000148780040a72100af
:10f038008040eb00014878008099210090407800da
:10f048009099210001487800809921008040eb00c8
:10f0580001487800a099210090407800b0992100db
:10f0680001487800a09921008040eb000148780011
:10f07800c099210090407800d0992100014878007b
:10f08800c09921008040eb0001487800a2012000cf
:10f09800c122210060242100420502000000000076
:10f0a800a20120008000eb00c022210050050200d0
:10f0b80000000000f0ff2700f091880020242100c4
:10f0c800a1c5b3000148780030242100a1c5b300d0
:10f0d8000148780040242100a1c5b3000148780008
:10f0e8000051220011c0b300014878000300370026
:10f0f800005122008040eb00014878009022210056
:10f10800104078000080fb00620060000000e00012
:10f118001e003200b0c72000104078000002fb003b
:10f12800a0c72000104078008001fb0010f02000ec
:10f13800104078000001fb0000f02000104078002b
:10f148008000fb000e80e800841f7800831f780091
:10f15800821f7800811f7800c1632c00811f78000e
:10f1680091642c00811f780041062000cc04020025
:10f1780000000000ec8757000040eb0060e79800b3
:10f188000e80e80004e402000100000000f0200006
:10f1980090407800a0c720001040780080cf500031
:10f1a8001e003a0010f0200090407800b0c7200000
:10f1b8001040780080cf50001800350010f0200073
:10f1c800104078008000fb00b0c720001040780095
:10f1d8000000fb0063004000808f50000f003c00df
:10f1e800804e2200104078000004e0001e003a0023
:10f1f800c0c720008040eb000148780042e40200cc
:10f208000100000080662c0004e4020001000000f8
:10f21800200020005099880013003700804e2200fb
:10f22800104078000004e0000f003200804e2200f9
:10f238008040eb000148780000c4200010407800ae
:10f248000004e00008003d00a08c210090407800f8
:10f2580050c3b30080cf500003003a00f0312200c1
:10f2680021c0b30001487800c0c7200010407800d2
:10f278000080fb00630060000000e0000200320034
:10f28800200020005099880050998000e10f50001c
:10f29800f1043a00017d200090c0b30028730200f9
:10f2a8000100000025053700a03d2100104078002e
:10f2b800e14f50002e003a006022210010407800f3
:10f2c8000004e0002a003a00e09a80000000e00014
:10f2d80027003a00909a80000000e00024003a00dd
:10f2e800309b80000000e00021003a0070c220003e
:10f2f800104078000004e0001d003a0070c32000b0
:10f30800104078000004e00019003a0040c5b3003e
:10f31800f8c8020001000000b08020008040eb0027
:10f3280001487800804e220011c0b30001487800df
:10f33800f0c0200011c0b300014878009080200080
:10f3480001c6b3000148780040c5b3006e3c020016
:10f3580001000000a0cc8000b1cc800020278900eb
:10f36800312789003000200050998800f3043700c5
:10f37800813e200090c0b300287302000100000005
:10f38800ee043700a03d210010407800e14f500006
:10f3980046003a00e09a80000000e00043003a008e
:10f3a800909a80000000e00040003a00309b800006
:10f3b8000000e0003d003a0070c2200010407800d4
:10f3c8000004e00039003a0070c3200010407800c3
:10f3d8000004e00035003a0020ab2100100078005e
:10f3e800610060000000e00030003a0020ab21001e
:10f3f80010007800620060000000e0002b0032007e
:10f4080020ab2100b040900040c5b30080cf500031
:10f4180026003a0040c5b3006e3c0200010000001f
:10f42800d0672c0004e4020001000000f0c02000b6
:10f4380011c0b30001487800e0c7200011c0b30034
:10f4480001487800f0c720008040eb0001487800b0
:10f45800c05d200000648800a05022008040eb00be
:10f4680001487800b05022008040eb000148780045
:10f478009062800070288900c0c720001040780082
:10f488000080fb00680060000000e000010032001e
:10f4980066fd07003002200050998800b013210053
:10f4a80021c3b30001487800a4043700c15d2000df
:10f4b80090c0b300287302000100000020ab2100b7
:10f4c80010007800610060000000e00064043a0069
:10f4d80020ab2100b040900040c5b30080cf500061
:10f4e8006104320040c5b300f8c802000100000002
:10f4f80092043700f0c72000104078000004e000b4
:10f5080004003a00b0132100104078000004e00025
:10f5180057043a00400020005099880087043700bb
:10f52800a0502200104078008040e800a05022003f
:10f53800014878002103200090c0b300287302001e
:10f5480001000000b0358000640060000000e000a9
:10f5580005003a0090502200104078008040e800f2
:10f568009050220001487800905022001040780006
:10f57800e94f500004003e0090c120001040780080
:10f58800e14f50001a003a00905022008040eb00f2
:10f598000148780042e4020001000000c0682c0025
:10f5a80004e4020001000000a00020005099880037
:10f5b80011c0b30000022000243602000100000040
:10f5c8009080200010407800804078000104a0005e
:10f5d800908020000148780090802000104078003a
:10f5e800804078000164a1009080200001487800e4
:10f5f800a050220010407800e64f40001e0436005c
:10f60800804e220010407800e24f50000c003e006f
:10f6180042e402000100000060692c0004e40200da
:10f6280001000000017d200090c0b3002873020093
:10f6380001000000300020005099880027003700a2
:10f64800406a2c0004e402000100000090c1200080
:10f6580010407800e14f500011003a0011c0b3008b
:10f6680000022000243602000100000090802000e3
:10f6780010407800804078000104a00090802000ad
:10f688000148780090802000104078008040780081
:10f698000164a10090802000014878000d00370027
:10f6a800e06a2c0004e402000100000011c0b3006d
:10f6b8000002200056360200010000009080200061
:10f6c80010407800804078000164a10090802000fc
:10f6d80001487800a000200050998800804e220040
:10f6e800104078008040e800804e220001487800f1
:10f6f80012043700900c2000509988000f0437003e
:10f70800709780000000e0000400320071978000cc
:10f71800900f2000808f5000d9033600a00c2000e5
:10f72800509988000504370020c5b3006e3c0200dc
:10f7380001000000f0c020008040eb000148780084
:10f74800d0c3b3006c460200010000009080200086
:10f7580010407800804078000174a000908020005c
:10f768000148780000322200104078000004e000d0
:10f7780003003200e006200050998800020037009c
:10f78800f006200050998800b013210021c3b3006f
:10f7980001487800e9033700c0c6800061006000b6
:10f7a8000000e00021003a00b03322001040780049
:10f7b8000004e00009003200d06b2c0004e40200d1
:10f7c8000100000090628000800078000032220072
:10f7d80034300200010000000d003700506c2c008e
:10f7e80004e4020001000000a03322001040780069
:10f7f80080407800906280008041eb0001417800f1
:10f808008000780000322200503002000100000021
:10f81800c20120008000eb000032220050050200e7
:10f8280000000000f006200050998800b013210065
:10f83800104078000004e00093033a00f00620002e
:10f8480050998800bd033700c0c7200010407800d9
:10f858000080fb00620060000000e000030032004e
:10f86800100020005099880005003700a04e2200a3
:10f878008040eb000148780000072000509988007c
:10f88800c0c72000104078000080fb0068006000be
:10f898000000e0000100320064fc0700c0c720003f
:10f8a8008040eb0001487800a4033700a04e2200f6
:10f8b8008040eb0001487800c00020005099880083
:10f8c8009e033700a04e2200104078008040e800d8
:10f8d800a04e220001487800a04e22001040780077
:10f8e800e94f50000300360020012000509988009d
:10f8f80092033700c0002000509988008f0337001a
:10f90800a04e2200104078000080fb0030288900bb
:10f91800302881004600dd00302889003028810029
:10f928001004b00030288900302881000080e800e9
:10f93800a53d2200c43d2200d350220012c0b300ce
:10f948008000780000c5b300c6590200010000001d
:10f95800d05022009040780000c8b30080c06000fa
:10f968008050220001487800b0002000509988009b
:10f97800d0502200104078000080fb00700060002a
:10f988000000e00042033200020120008000eb008a
:10f99800c01f21005005020000000000c11f210007
:10f9a8003028810072004000a53d2200c43d22009d
:10f9b80081017800f2c0b3008000780000c5b30070
:10f9c800c659020001000000b14e2200c01f2100ec
:10f9d800cadd020001000000b04e2200104078008d
:10f9e8000004e0002c033200b04e220064e0020064
:10f9f800010000000000e00029033200b0132100dc
:10fa080021c3b3000148780091628000702881000a
:10fa1800808f50000b0032009162800070288100b6
:10fa2800808f50001a003200d05022001040780019
:10fa38008080fb0000042000008060000000e000df
:10fa480013003a00b0312200104078008080fb009b
:10fa580050f02000104078000000fb000088de0015
:10fa680061006000004078000004e00008003200f7
:10fa780010c0b30044170200010000000004e000b9
:10fa880003003200d0002000509988002b03370073
:10fa9800300720005099880028033700b04e220014
:10faa800104078000004e00033003200c0c6800037
:10fab800610060000000e00031003a00b03122002f
:10fac800104078008080fb0050f020001040780043
:10fad8000000fb000088de00610060000040780044
:10fae8000004e0001000320080502200104078002e
:10faf80080407800906280008041eb0001417800ee
:10fb080080007800b04e2200503002000100000052
:10fb1800e000200050998800b013210021c3b300f1
:10fb28000148780016003700b013210021c3b30044
:10fb380001487800b0312200104078000004e0004d
:10fb480003003d0030072000509988000c00370062
:10fb5800a0312200104078000004e00003003d00be
:10fb6800500720005099880005003700f000200059
:10fb78005099880002003700b00020005099880092
:10fb8800b0132100104078000004e000c6023a00db
:10fb9800b000200050998800e8023700c0c68000f5
:10fba800614060000080fb00610060000000e00030
:10fbb8002b003a00b013210021c3b300014878009c
:10fbc80080502200104078000004e0000a003a004b
:10fbd800d0312200104078008080fb0050f02000d7
:10fbe800104078000000fb000088de006100600023
:10fbf8000000e00003003a00b0002000509988009f
:10fc080017003700b013210021c3b3000148780062
:10fc1800b0312200104078000004e00003003d00ed
:10fc2800300720005099880009003700a0312200d1
:10fc3800104078000004e00003003d005007200059
:10fc48005099880002003700f00020005099880081
:10fc5800813e200090c0b30028730200010000001c
:10fc6800b0132100104078000004e00090023a0030
:10fc7800b000200050998800b0023700b04e220032
:10fc8800104078000004e0002a003200b031220061
:10fc9800104078000004e00026003d0010c0b300ca
:10fca80044170200010000000004e00021003200b7
:10fcb800c0c68000610060000000e0001f003a003c
:10fcc80042e4020001000000106d2c0004e4020070
:10fcd80001000000b04e2200fa30020001000000ce
:10fce8000004e00006003200400720005099880018
:10fcf800b013210021c3b300014878000f0037007a
:10fd0800a0312200104078000004e00003003d000c
:10fd1800500720005099880002003700f0002000aa
:10fd280050998800b013210021c3b300014878001e
:10fd3800020037005007200050998800b0132100b6
:10fd4800104078000004e0005b023a0050072000f1
:10fd58005099880079023700c0c680006140600071
:10fd68000080fb00610060000000e00002003a0033
:10fd78005007200050998800b013210010407800e7
:10fd88000004e0004e023a00b000200050998800bc
:10fd98006a023700b04e2200104078000004e000ec
:10fda80025003200a0312200104078000004e00055
:10fdb80021003d0010c0b3004417020001000000fc
:10fdc8000004e0001c003200c0c680006100600032
:10fdd8000000e0001d003a0042e4020001000000bb
:10fde800a06d2c0004e40200010000009062800075
:10fdf80080007800b04e220034300200010000007c
:10fe08000004e000060032006007200050998800d6
:10fe1800b013210021c3b300014878000b0037005c
:10fe2800f000200050998800b013210021c3b300ce
:10fe38000148780005003700f0002000509988003c
:10fe4800b013210021c3b30001487800b01321008a
:10fe5800104078000004e0001b023a00f000200087
:10fe680050998800b013210021c3b30001487800dd
:10fe780032023700c0c68000614060000080fb008d
:10fe8800610060000000e00005003a00f00020007a
:10fe980050998800b013210021c3b30001487800ad
:10fea800b0132100104078000004e00008023a0076
:10feb800b00020005099880020023700b04e220080
:10fec800104078000004e00028003200d031220001
:10fed800104078008080fb0050f02000104078002f
:10fee8000000fb000088de00610060000040780030
:10fef8000004e0001d00320010c0b30044170200e7
:10ff0800010000000004e00018003200c0c68000b4
:10ff1800610060000000e00016003a0042e40200c0
:10ff280001000000306e2c0004e402000100000013
:10ff38008040eb00b04e2200823002000100000039
:10ff48000004e000060032000001200050998800fb
:10ff5800b013210021c3b300014878000500370021
:10ff6800b00020005099880002003700b00020003f
:10ff780050998800b0132100104078000004e00078
:10ff8800d5013a00b000200050998800eb013700f5
:10ff9800c0c68000614060000080fb006100600016
:10ffa8000000e00002003a00b000200050998800ec
:10ffb800b0132100104078000004e000c8013a00a6
:10ffc800b000200050998800dc0137003200200082
:10ffd8008000eb0060c62000500502000000000011
:10ffe80060c62000a53d2200c43d220080017800a3
:10fff80032c0b3008101200000c5b300c659020019
:020000040003f7
:100008000100000090c620008040eb000148780005
:1000180060c6200090407800f0c2b30080cf500046
:100028000b00340060c620009040780090c3b300f5
:1000380080cf500006003c00400120005099880005
:10004800a04e22008040eb0001487800bb01370039
:10005800a005200050998800b8013700a04e220062
:10006800104078008040e800a04e22000148780047
:10007800a04e220010407800e94f500003003600df
:10008800a005200050998800ac01370040012000ed
:1000980050998800a9013700a04e2200104078002e
:1000a8000080fb0030288900302881004600dd00f0
:1000b80030288900302881001004b00030288900d9
:1000c80030288100a53d2200c43d22008e01780021
:1000d80012c0b3008000780000c5b300c659020002
:1000e8000100000030012000509988001e4078006f
:1000f8000080fb0061006000004078000004e00020
:1001080079013200020120008000eb00c01f2100ad
:100118005005020000000000c11f210030288100a6
:1001280063004000a53d2200c43d22008101780003
:10013800f2c0b3008000780000c5b300c6590200c1
:1001480001000000b14e2200c01f2100cadd0200dc
:1001580001000000b04e220064e00200010000002f
:100168000000e00062013200302881000000e80051
:10017800a53d2200c43d2200c350220012c0b30096
:100188008000780000c5b300c659020001000000d5
:100198005001200050998800680137000080200035
:1001a800104078000080fb0061006000004078008b
:1001b8000004e00050013200a04e220010407800f8
:1001c8008040e800c0502200104078008043eb00d7
:1001d80036c0b3008042eb00014278008041eb005a
:1001e8000041780021c0b300b04e220020840200f4
:1001f8000100000060012000509988004f0137007d
:1002080000802000104078000080fb006200600041
:100218000000e0003a013200700120005099880087
:100228004601370000802000104078008080fb00e5
:1002380000022000008060000000e00002003200a0
:10024800300120005099880000802000104078007c
:100258008080fb0000042000008060000000e000b7
:1002680029013200300120005099880033013700fd
:100278004006200050998800a031220010407800e4
:100288008080fb0050f02000104078000000fb0048
:100298000088de0061006000004078000004e00093
:1002a8000d00320010c0b300441702000100000026
:1002b8000004e0001601320050b0200021c0b30055
:1002c80001487800419c200090c0b30028730200c8
:1002d800010000001901370042e40200010000009b
:1002e800d06e2c0004e40200010000001301370066
:1002f80000c42000104078000080fb00640060000b
:100308000000e00029003200203722001040780069
:100318000004e00025003200c031220010407800bf
:100328008080fb0050f02000104078000000fb00a7
:100338000088de0061006000004078000004e000f2
:100348001a00320010c0b300441702000100000078
:100358000004e00015003200805e220010407800a2
:100368008080fb0000022000008060000000e000a8
:1003780007003200805e2200104078000080fb00f9
:1003880061006000004078000004e00005003200d1
:100398006006200050998800a04e22008040eb00a3
:1003a8000148780000000000e40037001000200039
:1003b80050998800e1003700a04e220010407800d4
:1003c8008040e800a04e220001487800a04e22009c
:1003d80010407800e94f500003003600c0062000a6
:1003e80050998800d5003700600620005099880091
:1003f800d2003700a04e2200104078000080fb0099
:1004080030288900302881004600dd003028890026
:10041800302881001004b00030288900302881007d
:100428000080e800a53d2200c43d2200d3502200f0
:1004380012c0b3008000780000c5b300c65902009e
:1004480001000000d05022009040780000c8b3009e
:1004580080c06000805022000148780050062000cb
:1004680050998800d0502200104078000080fb008e
:10047800700060000000e000a700320002012000c8
:100488008000eb00c01f21005005020000000000a2
:10049800c11f21003028810072004000a53d2200c4
:1004a800c43d220081017800f2c0b30080007800ca
:1004b80000c5b300c659020001000000b14e220079
:1004c800c01f2100cadd020001000000b04e22005a
:1004d800104078000004e00091003200b04e220085
:1004e80064e00200010000000000e0008e0032001d
:1004f800b013210021c3b300014878007006200022
:10050800509988008d003700b04e220010407800c6
:100518000004e0002d00320000c4200010407800e4
:100528000080fb00640060000000e000270032004b
:10053800c0c68000610060000000e00025003a00ad
:1005480080502200104078000004e00009003200ca
:1005580011702c00e0bc200072df020001000000d6
:10056800b14e2200e0bc2000589f020000000000ad
:100578000800370081702c00e0bc200072df020008
:1005880001000000b14e2200e0bc20009298020059
:100598000000000012c0b30011b12000b04e2200cc
:1005a80020b1020000000000b013210021c3b300f5
:1005b8000148780010b120008040eb000148780025
:1005c800800620005099880002003700500620005d
:1005d80050998800b0132100104078000004e00012
:1005e80053003a0050062000509988005300370005
:1005f800c0c68000614060000080fb0061006000b0
:100608000000e00002003a005006200050998800df
:10061800b0132100104078000004e00046003a00c2
:100628005006200050998800440037001000200030
:10063800509988004100370042e4020001000000a0
:10064800c0702c0004e40200010000000000eb0070
:100658005099880039003700000000003700370043
:1006680000000000350037000000000033003700ac
:100678000000000031003700000000002f003700a4
:10068800000000002d003700000000002b0037009c
:100698000000000029003700000000002700370094
:1006a800000000002500370000000000230037008c
:1006b8000000000021003700000000001f00370084
:1006c800000000001d003700000000001b0037007c
:1006d8000000000019003700000000001700370074
:1006e800000000001500370000000000130037006c
:1006f8000000000011003700000000000f00370064
:10070800000000000d003700000000000b0037005b
:100718000000000009003700000000000700370053
:10072800000000000500370000000000030037004b
:10073800000000000100370000000000c0c72000d2
:10074800104078000080fb00680060000000e000b6
:100758001b003200b0358000640060000000e0003b
:100768000c003a00c0c72000104078000004e000e8
:1007780013003500c0c72000104078008040780082
:100788000174a000c0c7200001487800a7f807003e
:100798000b003700c0c72000104078000004e000bc
:1007a80007003d00c0c72000104078008040780056
:1007b8000174a100c0c72000014878009bf8070019
:1007c8000080fa00000006000200fa00004f7800de
:1007d8001e80fb000000e00003003200e10f500023
:1007e8000a00320012003700a03580006200600065
:1007f8000000e00003003200e0712c0004e4020075
:1008080001000000b426a90009003700a0358000c7
:10081800620060000000e00003003a0070722c00e3
:1008280004e4020001000000b426a8000000000053
:100838000080fa00000006000e00fa002007980069
:100848006147980072479800034f9800144f98002a
:10085800254f9800364f9800474f98000040eb000e
:10086800004f78007e4090000004e00002003a004b
:10087800c0c3b300704798002e0090001040780065
:100888000004e00045003200f0a18000e30f5000b2
:1008980042003a0020c8020001000000e14f500069
:1008a80020003a00909a80000000e0001d003a0005
:1008b80042e4020001000000ee4090001080200099
:1008c80001487800ae009000b043220072df0200b9
:1008d8000100000050452200fe40900001487800c9
:1008e800f04822009e489000014878000049220004
:1008f800ae4890000148780010492200be48900098
:100908000148780030492200ce489000014878001c
:1009180010002000909a880010c0b300004f7800a3
:100928001e0037000e4890000004e0001b00320053
:1009380042e4020001000000c0f12b0004e40200c0
:1009480001000000d0c8020001000000ee40900045
:100958000047220001487800ae0090006045220060
:1009680072df02000100000010472200fe409000e4
:1009780001487800304922008040eb0001487800a7
:10098800909a80000000e00002003a000005200074
:10099800909a880010c0b300004f7800a0f22b0096
:1009a8001007980000f32b00100798001e407800ed
:1009b8000080fa00000006000200fa00881f780094
:1009c800909a80008000eb0062082000030020005d
:1009d800820f5000838f580029063e0000600100f6
:1009e80086003700a7003700da003700e800370034
:1009f80024013700460137004e0137002006370032
:100a08001f0637001e0637001d0637005c01370039
:100a18001b0637008d0137007f03370018063700a3
:100a2800d0033700da033700f4033700ff03370039
:100a38000704370012063700110637001006370082
:100a48000f0637000e0637000d0637000c06370074
:100a58000b0637000a063700090637000806370074
:100a68000706370006063700050637000406370074
:100a78000306370002063700010637000006370074
:100a88000e0437002504370033043700710437009b
:100a980097043700fa053700f9053700f8053700dd
:100aa800f70537009b043700a7043700f405370023
:100ab800f3053700f2053700f1053700f005370078
:100ac800ef053700ee053700ed053700ec05370078
:100ad800b4043700c8043700d60437001f053700b0
:100ae80061053700e6053700e5053700e4053700fe
:100af800e30537006a0537007c053700e005370055
:100b0800df053700de053700dd053700dc05370077
:100b1800db053700da053700d9053700d805370077
:100b280096053700a0053700d5053700d4053700ee
:100b3800d3053700d2053700d1053700d005370077
:100b4800cf053700ce053700cd053700cc05370077
:100b5800cb053700ca053700c9053700c805370077
:100b6800c7053700c6053700c5053700c405370077
:100b7800c3053700c2053700c1053700c005370077
:100b8800bf053700be053700bd053700bc05370077
:100b9800bb053700ba053700b9053700b805370077
:100ba800b7053700b6053700b5053700b405370077
:100bb800b3053700b2053700b1053700b005370077
:100bc800af053700ae053700ad053700ac05370077
:100bd800ab053700aa053700a9053700a805370077
:100be800a7053700d7013700f4013700690237003d
:100bf800d0023700da023700e1023700b0432200a2
:100c08008040eb0001487800604522008040eb00fe
:100c180001487800108020008040eb0001487800ef
:100c2800008020008040eb000148780020c80200c6
:100c380001000000e14f500007003a00008020004a
:100c480010407800804078000104a0000080200057
:100c58000148780006003700008020001040780026
:100c6800804078000104a10000802000014878003d
:100c780041012000d0c0b300287302000100000029
:100c8800be0537002049220011c0b3000148780092
:100c98000080200010407800804078000104a10006
:100ca8000080200001487800008020001040780073
:100cb800804078000114a0000080200001487800de
:100cc8000080200010407800804078000124a100b6
:100cd8000080200001487800008020001040780043
:100ce800804078000134a10000802000014878008d
:100cf8000080200010407800804078000154a10056
:100d08000080200001487800008020001040780012
:100d1800804078000164a10000802000014878002c
:100d28001080200010407800e24f500003003a0085
:100d3800b0002000909a880090053700a043220058
:100d48008040eb000148780030002000909a88002d
:100d58008a053700a0432200104078008040e80050
:100d6800a043220001487800a043220010407800e8
:100d7800e94f500003003600b0002000909a880028
:100d88007e05370030002000909a88007b053700e8
:100d9800a0432200104078000080fb0060248900f6
:100da800602481004600dd00602489006024810001
:100db8001004b000602489002147220060248100cb
:100dc8000080e800a53d2200c43d22008101780092
:100dd80012c0b3008000780000c5b300c6590200f5
:100de8000100000020002000909a8800204722007f
:100df800104078000000fb006100600000407800af
:100e08000004e00024053200020120008000eb000d
:100e1800c01f21005005020000000000c11f210072
:100e28006024810072004000a53d2200c43d2200dc
:100e380081017800f2c0b3008000780000c5b300db
:100e4800c65902000100000021472200c01f2100ee
:100e5800cadd0200010000002047220064e0020011
:100e6800010000000000e0000d053200c013210061
:100e780041c1b3000148780040002000909a8800e2
:100e88003e05370020472200104078000004e000ab
:100e980016003200c0c68000610060000000e0005b
:100ea80014003a00a0432200104078008041eb0073
:100eb800b24322002147220088b40200000000004b
:100ec8000004e0000600320050002000909a8800dc
:100ed800c0132100a1c0b300014878000500370005
:100ee80020002000909a880002003700200020008f
:100ef800909a8800c0132100104078000004e00098
:100f0800e9043a0020002000909a88001b05370069
:100f1800c0c68000614060000080fb006100600086
:100f28000000e000e2043a0020002000909a8800c7
:100f380012053700c0c68000610060000000e000b4
:100f4800dd043a0001b0800000002100008060004c
:100f58000000e000da043a00905d21008041eb00d7
:100f6800b2432200800078000040eb0088b4020001
:100f780000000000b0002000909a8800ff043700ad
:100f880020c8020001000000e14f500027003a008d
:100f980010c4b3006e3c020001000000504522005e
:100fa8001040780080407800b043220042c8020018
:100fb80001000000e14f500014003a0042e4020032
:100fc8000100000010f32b0004e4020001000000ff
:100fd800d0f42b0004e402000100000050a9210015
:100fe80004e402000100000070f52b0004e4020094
:100ff80001000000208020008040eb0001487800bc
:10100800d0002000909a8800dc04370042e40200f7
:101018000100000090f52b0004e40200010000002c
:10102800c0032000909a8800d404370042e40200ec
:101038000100000070f72b0004e40200010000002a
:10104800c0032000909a8800cc043700108020004c
:1010580010407800e24f500013003200a0d4800006
:10106800620060000000e000090032005313200015
:10107800d20020008040eb00c0f82b0050b80200de
:1010880000000000a0d480000010a100a0d48800b7
:101098000080200010407800804078000114a000f3
:1010a80000802000014878002080200090407800cf
:1010b800504522001040780080cf500013003900be
:1010c80042e402000100000090f92b0004e4020051
:1010d800010000002049220021c0b3000148780027
:1010e800d0c802000100000030012000909a88005a
:1010f8001080200010407800e24f500003003200ba
:1011080010e9200011c0b30001487800f0aa2100be
:1011180010407800e14f50006b043200f0aa210023
:1011280010407800e34f500064003a00008020002f
:1011380010407800804078000114a1000080200051
:101148000148780000802000104078008040780036
:101158000124a000008020000148780011c0b300dd
:101168000004200024360200010000001080200046
:10117800104078000004e000370032003200200000
:101188008000eb0060c6200050050200000000004f
:1011980060c62000a53d2200c43d220080017800e1
:1011a80032c0b3008101200000c5b300c659020057
:1011b8000100000090c620008040eb000148780044
:1011c800a53d2200c43d220003f2200012c0b30056
:1011d800c103200000c5b300c65902000100000089
:1011e80000f22000104078000004e0000400320003
:1011f80000f2200010407800f44f50000300360041
:1012080000f2200051c0b30001487800a53d22003b
:10121800c43d220013f2200012c0b300d103200005
:1012280000c5b300c65902000100000010f22000fa
:10123800104078000004e0000400320010f22000a2
:1012480010407800e64f40000300360010f22000fe
:1012580001c5b300014878001080200010407800d4
:101268000004e0000d00320060c620001040780045
:101278000004e0000900320040c4b3006e3c0200e4
:101288000100000020082000909a880050452200a4
:1012980031c0b300014878000800370000c5b3002a
:1012a800f8c8020001000000e0002000909a8800c1
:1012b800f0c4b3006e3c020001000000f0aa210057
:1012c800104078000004e00004003200f0aa210079
:1012d80010407800e64f5000fd033a0042e4020057
:1012e80001000000c0fa2b0004e402000100000025
:1012f800f0aa21001040780032c0b300e1bc200001
:10130800deb7020001000000e0bc200004e4020097
:101318000100000050fc2b0004e402000100000062
:10132800b043220004e402000100000070f52b0025
:1013380004e4020001000000c0032000909a880025
:101348000e043700c0f82b0096b702000100000019
:101358000040780000417800c1f82b0070c22000de
:101368003cdf0200010000000000e00003003a003a
:1013780040c4b3006e3c020001000000410120009f
:10138800d0c0b3002873020001000000e04822002a
:10139800104078008040e900e048220001487800c9
:1013a800e0482200104078000004e000ca033a0038
:1013b80020082000909a8800f00337001080200051
:1013c80010407800e24f500009003200c0f82b00ae
:1013d80096b7020001000000004078000041780044
:1013e800c1f82b0070c220003cdf020001000000a1
:1013f80040c4b3006e3c02000100000010802000d1
:1014080010407800e14f500026003a00008020008c
:1014180010407800804078000134a000008020004f
:101428000148780042e402000100000070fc2b0033
:1014380004e402000100000060c6200004e4020089
:101448000100000040fd2b0004e402000100000040
:1014580000f220001044780060c6200096b7020011
:1014680001000000004078000841780080407800c2
:1014780060c620008eca0200010000000004e000df
:1014880005003a0042e402000100000070fd2b0054
:1014980004e402000100000030082000909a88004f
:1014a800b603370061c62000e0bc200072df0200ee
:1014b80001000000000f7800e0bc20001e00400082
:1014c800a1c2b300014878001e0fe8009e00780012
:1014d800e0bc2000808040009062800000407800de
:1014e80032c0b300deb70200010000001e0f40004a
:1014f800e0bc20001e00400031c2b3000148780063
:101508001e0fe800e0bc20001e0040008040eb00f9
:101518000148780042e402000100000040fe2b0070
:1015280004e4020001000000e0bc200004e4020022
:101538000100000040fd2b0004e40200010000004f
:1015480000f2200010447800e0bc200096b70200aa
:1015580001000000004078000841780080407800d1
:10156800e0bc20008eca0200010000000004e00078
:1015780005003a0042e402000100000070fd2b0063
:1015880004e402000100000040082000909a88004e
:101598007a033700d0d58000610060000000e000c9
:1015a8004f033a001080200010407800e14f5000af
:1015b80031003a0050452200104078008040e90090
:1015c800504522000148780050452200104078001c
:1015d8000004e0000b00320010f220009040780078
:1015e800e04822000148780010082000909a8800fe
:1015f80041012000d0c0b3002873020001000000a0
:101608005e03370020ff2b00801f7800f0ff2b00bf
:10161800801f7800e0bc20003405020000000000b4
:10162800e4875700e0bc200004e402000100000049
:10163800e0c0200011c0b3000148780000c5b30025
:10164800f8c8020001000000e0002000909a88001d
:10165800f0c4b3006e3c02000100000000802000ce
:1016680010407800804078000134a10000802000fc
:101678000148780041033700e0bc2000a1c2b30054
:1016880001487800906280000040780032c0b300c2
:10169800f1bc2000deb702000100000020bd2000e0
:1016a80031c2b3000148780030bd20008040eb0013
:1016b8000148780042e402000100000010012c00fb
:1016c80004e4020001000000e0bc200004e4020081
:1016d8000100000070f52b0004e402000100000086
:1016e80000f2200010447800e0bc200096b7020009
:1016f8000100000000407800084178008040780030
:10170800e0bc20008eca0200010000000004e000d6
:1017180005003a0042e402000100000070fd2b00c1
:1017280004e402000100000040082000909a8800ac
:1017380012033700d0d58000610060000000e0008f
:10174800e9023a0050082000909a880001fa200027
:10175800d0c0b3002873020001000000070337005f
:10176800d0c802000100000060082000909a88009c
:10177800c013210031c0b30001487800ff023700d0
:10178800f0aa2100104078000004e00018003a0098
:101798000000eb00909a880000802000104078003c
:1017a800804078000154a0000080200001487800a3
:1017b8000080200010407800804078000114a100cb
:1017c8000080200001487800008020001040780048
:1017d800804078000124a1000080200001487800a2
:1017e80020c5b3006e3c020001000000e302370090
:1017f800c0132100104078000004e000bc023a0049
:10180800c013210031c0b30001487800d0c80200dd
:1018180001000000d9023700f0c4b3006e3c02009a
:101828000100000010e920008040eb00014878002a
:10183800606080000000e0000e00320086ca0200ee
:101848000100000061608000810f5000090036002f
:1018580042e402000100000020022c0004e402001f
:1018680001000000d0c802000100000000012000b3
:10187800909a880060452200104078000004e0003b
:101888000900320042e4020001000000b0032c000d
:1018980004e4020001000000d0c8020001000000ba
:1018a80000012000909a8800f0aa210010407800da
:1018b8000004e0001d003a0020012000909a8800f2
:1018c80086ca0200010000000000e0000c003a0097
:1018d80042e4020001000000d0052c0004e40200ec
:1018e8000100000053222000d20020008040eb00bd
:1018f80070072c0050b80200000000000b003700f1
:1019080042e402000100000040082c0004e4020048
:101918000100000093222000d20020008040eb004c
:10192800300c2c0050b802000000000030492200a2
:10193800104078000004e0006f02320042e4020028
:1019480001000000000d2c0004e40200010000006a
:10195800d0c802000100000000012000909a880011
:1019680086023700c013210031c0b3000148780057
:1019780070ea20008040eb0001487800d0c80200df
:101988000100000010012000909a88007b023700b7
:10199800f0aa2100104078000004e00008003a0096
:1019a80020012000909a880042e402000100000013
:1019b800800f2c0004e40200010000006f023700d1
:1019c800c0132100104078000004e0004c023a00e7
:1019d800c013210031c0b30001487800d0c802000c
:1019e8000100000070ea2000104078008040e80004
:1019f80070ea20000148780060023700d0c4b300c4
:101a08006e3c020001000000e0c020008040eb00b6
:101a18000148780070ea20008040eb000148780017
:101a280080022000909a880054023700c0132100d9
:101a380031c0b3000148780070ea20008040eb0014
:101a48000148780040012000909a88004b02370036
:101a5800f0aa2100104078000004e00008003a00d5
:101a6800c0032000909a880042e4020001000000b0
:101a780030112c0004e40200010000003f0237008e
:101a8800c0132100104078000004e0001e023a0054
:101a9800c013210031c0b30001487800d0c802004b
:101aa8000100000070ea2000104078008040e80043
:101ab80070ea2000014878003002370000802000da
:101ac80010407800804078000154a0000080200079
:101ad800014878000080200010407800804078009d
:101ae8000114a10000802000014878000080200037
:101af80010407800804078000124a1000080200078
:101b080001487800a04322008040eb00014878009b
:101b1800a0022000909a880018023700a0432200f3
:101b2800104078008040e800a04322000148780077
:101b3800a043220010407800e94f5000030036000f
:101b480010032000909a88000c023700a0022000a1
:101b5800909a880009023700d0c4b3006e3c020096
:101b680001000000a0432200104078000080fb0024
:101b780060248900602481004600dd00602489001b
:101b8800602481001004b0006024890021472200ed
:101b9800602481000080e800a53d2200c43d2200a9
:101ba8008101780012c0b3008000780000c5b3003e
:101bb800c65902000100000090022000909a880097
:101bc80020472200104078000000fb0062006000ff
:101bd8000000e000ce013200020120008000eb008e
:101be800c01f21005005020000000000c11f210095
:101bf8006024810072004000a53d2200c43d2200ff
:101c080081017800f2c0b3008000780000c5b300fd
:101c1800c65902000100000021472200c01f210010
:101c2800cadd0200010000002047220064e0020033
:101c3800010000000000e000b7013200b0022000ff
:101c4800909a8800c013210041c1b3000148780070
:101c5800ca01370020472200104078000004e00045
:101c68001a003200c0c68000610060000000e00079
:101c780018003a0086ca02000100000080007800bf
:101c8800a0432200104078000042eb008101780058
:101c9800b243220021472200b4b302000000000032
:101ca8000004e00006003200c0022000909a88007c
:101cb800c0132100a1c0b300014878000500370017
:101cc80090022000909a88000200370090022000bd
:101cd800909a8800c0132100104078000004e000aa
:101ce8008f013a0090022000909a8800a3013700e3
:101cf800c0c68000614060000080fb006100600099
:101d08000000e00088013a0090022000909a8800c4
:101d18009a01370060452200104078000004e00076
:101d28000300320000052000909a880093013700d4
:101d38000000eb00909a880020c5b3006e3c0200ba
:101d4800010000008d013700c0c6800061006000fe
:101d58000000e00076013a0001b080000000210098
:101d6800008060000000e00073013a0086ca0200ab
:101d78000100000080007800905d210014c0b300cd
:101d880081017800b2432200800078000040eb0017
:101d9800b4b302000000000010032000909a8800ed
:101da8007601370010e9200011c0b300014878001f
:101db8000080200010407800804078000114a100c5
:101dc8000080200001487800008020001040780042
:101dd800804078000124a10000802000014878009c
:101de800a04322008040eb0001487800e003200077
:101df800909a880061013700a043220010407800c3
:101e08008040e800a043220001487800a043220057
:101e180010407800e94f50000300360050042000bd
:101e2800909a880055013700e0032000909a8800b6
:101e380052013700d0c4b3006e3c0200010000001c
:101e4800a0432200104078000080fb006024890035
:101e5800602481004600dd00602489006024810040
:101e68001004b0006024890021472200602481000a
:101e78000080e800a53d2200c43d220081017800d1
:101e880012c0b3008000780000c5b300c659020034
:101e980001000000204722001040780080407800b0
:101ea80000c8b30080c060004049220001487800a3
:101eb800d0032000909a8800204722001040780024
:101ec8000000fb00640060000000e0001c0132001c
:101ed800020120008000eb00c01f21005005020015
:101ee80000000000c11f2100602481007200400032
:101ef800a53d2200c43d220081017800f2c0b30054
:101f08008000780000c5b300c65902000100000037
:101f180021472200c01f2100cadd02000100000085
:101f280020472200104078000004e000060132003b
:101f38002047220064e00200010000000000e000e9
:101f480003013200f0032000909a8800c01321009a
:101f580041c1b3000148780008013700204722003a
:101f6800104078000004e00036003200c0c680004f
:101f7800610060000000e00034003a00f0482200f0
:101f880090407800004922001040780080cf50002f
:101f980009003a0010c4200090407800a0c5b300a2
:101fa80080cf50000400320011c0b30000042000ac
:101fb8005636020001000000404922009040780097
:101fc80010492200904278002049220010427800ef
:101fd8000049220090417800f04822001041780022
:101fe800a0432200104078000043eb00861f7800d1
:101ff80081437800054378008442780003427800e2
:1020080082417800b2432200214722003cb50200f9
:10201800000000008f87e9000004e000060032009d
:1020280000042000909a8800c0132100a1c0b300ca
:102038000148780005003700d0032000909a8800f6
:1020480002003700d0032000909a8800c0132100b6
:10205800104078000004e000bf003a00d0032000e0
:10206800909a8800c5003700c0c6800061406000b3
:102078000080fb00610060000000e00002003a0000
:10208800d0032000909a8800c2c0b300c1f82b008a
:1020980070c220003cdf020001000000b7003700da
:1020a8000080200010407800804078000164a00083
:1020b8000080200001487800604522001040780028
:1020c8000004e0000300320000052000909a880018
:1020d800aa0037000000eb00909a880020c5b300e2
:1020e8006e3c020001000000a4003700c0c680005a
:1020f800610060000000e00099003a0001b0800033
:1021080000002100008060000000e00096003a0016
:1021180040492200904078001049220090427800ff
:10212800204922001042780000492200904178009e
:10213800f048220010417800905d210016c0b300dd
:10214800861f780081437800054378008442780030
:102158000342780082417800b24322008000780070
:102168000040eb003cb50200000000008f87e9004a
:1021780050042000909a880080003700d0c80200e0
:1021880001000000c013210031c0b30001487800ed
:1021980070ea20008040eb0001487800100520001c
:1021a800909a880075003700f0aa21001040780046
:1021b8000004e00023003a00604522001040780047
:1021c8000004e0001900320020c8020001000000ed
:1021d800e14f500066003a00004722009040780026
:1021e8001080200001487800304922008040eb0030
:1021f8000148780061452200b043220072df0200e6
:10220800010000001047220090407800504522004d
:102218000148780010002000909a8800604522004c
:102228008040eb0001487800540037000000eb00c4
:10223800909a880020c5b3006e3c0200010000009f
:102248004e003700c0132100104078000004e00061
:1022580049003a00c013210031c0b300014878009a
:10226800d0c802000100000070ea20001040780089
:102278008040e80070ea2000014878003f003700fd
:102288000000eb00909a880020c5b3006e3c020065
:102298000100000039003700000000003700370057
:1022a8000000000035003700000000003300370050
:1022b8000000000031003700000000002f00370048
:1022c800000000002d003700000000002b00370040
:1022d8000000000029003700000000002700370038
:1022e8000000000025003700000000002300370030
:1022f8000000000021003700000000001f00370028
:10230800000000001d003700000000001b0037001f
:102318000000000019003700000000001700370017
:10232800000000001500370000000000130037000f
:102338000000000011003700000000000f00370007
:10234800000000000d003700000000000b003700ff
:1023580000000000090037000000000007003700f7
:1023680000000000050037000000000003003700ef
:1023780000000000010037000000000070ea2000a3
:1023880010407800e34f50000600360042e4020097
:1023980001000000e0122c0004e40200010000002b
:1023a800ffff37004f0478000080fa0000000600a5
:1023b8000000fa00403680004400de006140600002
:1023c8000080fb0061006000216480000100a10022
:1023d8000100700020648800403680004500de005f
:1023e800614060000080fb00610060000000400068
:1023f800216480000110a1000100700020648800a1
:10240800403680004300de00614060000080fb0031
:10241800610060004200dd00216480000120a1000d
:102428000100700020648800403680004200de0011
:10243800614060000080fb00610060004300dd0037
:10244800216480000130a100010070002064880030
:10245800106480004800de00614060008040780021
:102468000040eb0024c3020001000000614060004e
:102478000080fb00610060004800dd0021648000ee
:102488000180a100010070002064880010648000b1
:102498004900de00614060008040780010c0b30051
:1024a80024c3020001000000614060000080fb00be
:1024b800610060004900dd00216480000190a100f6
:1024c8000100700020648800106480004a00de006b
:1024d800614060008040780020c0b30024c302003f
:1024e80001000000614060000080fb0061006000a6
:1024f8004a00dd002164800001a0a10001007000f5
:1025080020648800106480004b00de006140600099
:102518008040780030c0b30024c3020001000000ee
:10252800614060000080fb00610060004b00dd003e
:102538002164800001b0a1000100700020648800bf
:10254800d196800000192000808f500004003200ce
:10255800d1968000a0112000808f50000f003a0013
:10256800d0b02000104078006140600061406000f9
:10257800614060000080fb00610060004800dd00f1
:10258800216480000180a10001007000206488009f
:10259800a080200061c0b30001487800206480005a
:1025a8004800de00614060000080fb0061006000c0
:1025b8004a00dd00d133800001a0a10001007000b5
:1025c800d0338800206480004900de00614060004c
:1025d8000080fb00610060004b00dd00d13380000b
:1025e80001b0a10001007000d03388002064800091
:1025f8004a00de00614060000080fb00610060006e
:102608004c00dd00d133800001c0a1000100700042
:10261800d0338800206480004b00de0061406000f9
:102628000080fb00610060004d00dd00d1338000b8
:1026380001d0a10001007000d03388001064800030
:10264800e1406000206480006140600080cf50005d
:1026580038003a00106480000000d100e1406000ba
:10266800206480000000d1006140600080cf5000ed
:1026780030003a00106480004200de00e140600053
:10268800206480004200de006140600080cf50007e
:1026980028003a00106480004300de00e14060003a
:1026a800206480004300de006140600080cf50005d
:1026b80020003a00106480004800de00e14060001d
:1026c800206480004800de006140600080cf500038
:1026d80018003a00106480004900de00e140600004
:1026e800206480004900de006140600080cf500017
:1026f80010003a00106480004a00de00e1406000eb
:10270800206480004a00de006140600080cf5000f5
:1027180008003a00106480004b00de00e1406000d1
:10272800206480004b00de006140600080cf5000d4
:102738005e003200a0ae2000104078000004e000e7
:102748000200320000360200010000002064800010
:10275800614060000080fb0061006000116480003f
:102768000100a1000100700010648800206480004e
:102778000000d100614060000080fb006100600043
:1027880000004000116480000110a10001007000e9
:1027980010648800206480004200de006140600010
:1027a8000080fb00610060004200dd0011648000d1
:1027b8000120a100010070001064880020648000de
:1027c8004300de00614060000080fb0061006000a3
:1027d8004300dd00116480000130a1000100700099
:1027e80010648800206480004400de0061406000be
:1027f8000080fb00610060004400dd00116480007f
:102808000140a1000100700010648800206480006d
:102818004800de00614060000080fb00610060004d
:102828004800dd00116480000180a10001007000f3
:1028380010648800206480004900de006140600068
:102848000080fb00610060004900dd001164800029
:102858000190a100010070001064880020648000cd
:102868004a00de00614060000080fb0061006000fb
:102878004a00dd001164800001a0a1000100700081
:1028880010648800206480004b00de006140600016
:102898000080fb00610060004b00dd0011648000d7
:1028a80001b0a1000100700010648800309b800016
:1028b80081072000810f5000c702320081072000e5
:1028c800810f500019003e00ea0f5000c801320085
:1028d800ea0f50000c003e00e40f50002f013200b8
:1028e800e40f500003003e000000e0003300320017
:1028f80021043700e50f50003a013200e60f50007e
:102908000b0132001c043700ec0f50003c0232006f
:10291800ec0f500016023900f40f50005d0232002f
:10292800f50f50007602320013043700d10720005b
:10293800810f50006a033200d1072000810f500038
:102948000d003e00a1072000810f50003303320024
:10295800a1072000810f5000b0023900b107200004
:10296800810f50003c033200c1072000810f500046
:102978004c03320000043700e10b2000810f5000a7
:10298800a0033200e10b2000810f500004003e003c
:10299800e1072000810f500090033200f603370052
:1029a800f10b2000810f5000a7033200a10f200077
:1029b800810f5000b9033200ef033700a0802000d8
:1029c800104078000004e0000700320030c4200006
:1029d80010407800e24f500003003a00b080200019
:1029e80011c0b3000148780074ca02000100000059
:1029f8000004e000b8003a00f0aa21001040780076
:102a08000004e000b4003a0000c520008040eb005c
:102a18000148780000b120008040eb0001487800b0
:102a280030c4200010407800e24f50000800320007
:102a380000c5200010407800e14f50001b003a000c
:102a4800c0c68000610060000000e00017003a0086
:102a5800a0802000104078000004e0000d003a003b
:102a6800c0812c0004e402000100000000b1200035
:102a780010407800804078000114a00000b12000c8
:102a88000148780030c4200031c0b3000148780004
:102a980006003700b080200011c0b300014878005c
:102aa80030c4200041c0b3000148780040c4200071
:102ab80010407800e24f50000800320000c52000a6
:102ac80010407800e24f50000d003a00c0c6800068
:102ad800610060000000e00009003a0000b1200039
:102ae80010407800804078000124a00000b1200048
:102af8000148780040c4200031c0b3000148780084
:102b080050c4200010407800e24f50000800320006
:102b180000c5200010407800e34f50000d003a0037
:102b2800c0c68000610060000000e00009003a00b3
:102b380000b1200010407800804078000134a000e7
:102b480000b120000148780050c4200031c0b30013
:102b58000148780060c4200010407800e24f50001f
:102b68000800320000c5200010407800e44f5000f3
:102b78000d003a00c0c68000610060000000e0005f
:102b880009003a0000b12000104078008040780029
:102b98000144a00000b120000148780060c4200072
:102ba80031c0b3000148780000c52000104078000b
:102bb8000004e00007003200c0c680006100600029
:102bc8000000e00003003a0000c520008040eb0050
:102bd8000148780000b12000104078000004e000af
:102be8003b00320010e9200011c0b3000148780012
:102bf80010c4200090407800a0c5b30080cf5000da
:102c08002f003200a08c21009040780010c3b30040
:102c180080cf500005003200a08c21009040780041
:102c280050c3b30080cf500025003a00204e220048
:102c38008040eb0001487800b04d22008040eb0056
:102c480001487800104e220080c0eb00014878004f
:102c5800e013210081c2b300014878008080200081
:102c680011c8b30001487800a0822c0004e40200d7
:102c78000100000050002000309b8800805e220088
:102c8800104078000080fb00640060000000e00055
:102c98000f00320000c42000104078000080fb00c4
:102ca800640060000000e0000800320011c0b300ba
:102cb80010c0b300a0e502000100000004003700c6
:102cc800e00b2000309b8800010037000000000066
:102cd800000000004c03370010a9210010407800c4
:102ce800e24f500027033a00b0d380006200600032
:102cf8000000e0002503320030c4200010407800b6
:102d0800e24f50000400320000c520001040780057
:102d1800e14f50001f033a0080832c0004e40200b6
:102d28000100000060002000309b88003603370057
:102d380030c4200010407800e34f500003003a00f0
:102d480030c4200041c0b3000148780030c42000de
:102d580010407800e24f500003003a0030c42000d1
:102d680031c0b3000148780030c42000104078001a
:102d78000004e00009033a0060c8200011c0b30055
:102d880001487800a00f2000309b8800e0852c00c7
:102d980004e40200010000001b033700204e22005b
:102da800104078008040e800204e2200014878005a
:102db800204e220010407800e94f500006003600ef
:102dc80040012000309b8800204e22008040eb000c
:102dd800014878000c03370050002000309b880021
:102de80009033700204e2200104078000004e0005c
:102df8004f003a00004b22008040eb000148780069
:102e08000060fe00204e2200104078000080fb0089
:102e1800c0268900c02681004600dd00c026890042
:102e2800c02681001004b000c0268900c026810099
:102e3800a53d2200c43d2200d34d220012c0b3009c
:102e48008000780000c5b300c659020001000000e8
:102e5800d04d22009040780000b12000104078004a
:102e680000c060000004e0002500320002012000dc
:102e78008000eb00c01f2100500502000000000088
:102e8800c11f2100c026810063004000a53d22002b
:102e9800c43d220081017800f2c0b30080007800b0
:102ea80000c5b300c65902000100000061492200b4
:102eb800c01f2100cadd0200010000006049220095
:102ec800104078000004e0000d0032006049220044
:102ed80064e00200010000000000e0000800320089
:102ee800004b2200104078008040e800004b220090
:102ef8000148780000872c0004e40200010000006b
:102f0800204e2200104078008040e800204e220029
:102f180001487800204e220010407800e94f500008
:102f2800b8ff3600204e22008040eb0001487800b0
:102f3800004b2200104078000004e0000c00320032
:102f480000c42000104078000080fb00640060008e
:102f58000000e00006003200a053220011c0b300b8
:102f680001487800a0c5b3006c46020001000000cb
:102f7800204e2200104078000080fb00c026890007
:102f8800c02681004600dd00c0268900c0268100d9
:102f98001004b000c0268900c0268100a53d22008b
:102fa800c43d2200d34d220012c0b3008000780037
:102fb80000c5b300c659020001000000d04d220030
:102fc8009040780000b120001040780000c06000f8
:102fd8000004e00003003200a0002000309b8800bd
:102fe8008902370040002000309b880086023700a5
:102ff800020120008000eb00c01f210050050200e4
:1030080000000000c11f2100c0268100720040009e
:10301800a53d2200c43d220081017800f2c0b30022
:103028008000780000c5b300c65902000100000006
:10303800114b2200c01f2100cadd02000100000060
:10304800104b2200104078000004e0001d00320000
:10305800c02681000080e800a53d2200c43d220072
:10306800a34d220012c0b3008000780000c5b30051
:10307800c659020001000000c20020008000eb00d9
:10308800b04c22005005020000000000b14c2200a4
:10309800c02681001002b000a53d2200c43d2200d8
:1030a80081017800c2c0b3008000780000c5b30079
:1030b800c659020001000000704d22008040eb005c
:1030c80001487800104e220010407800e14f40007f
:1030d80021003a00020120008000eb00c01f2100ff
:1030e8005005020000000000c11f2100c026810019
:1030f80063004000a53d2200c43d22008101780004
:10310800f2c0b3008000780000c5b300c6590200c1
:103118000100000061492200c01f2100cadd020031
:103128000100000060492200104078000004e0001f
:10313800090032006049220064e00200010000003a
:103148000000e00004003200204e22009040780089
:10315800104e220001487800b0002000309b880003
:10316800e013210041c1b30001487800260237006e
:10317800104b2200104078000004e00014003200d8
:10318800b04c2200104078000004e000100032002b
:10319800c0c68000610060000000e0000e003a0038
:1031a800204e220010407800b24c2200114b220021
:1031b800b2b1020000000000c0002000309b88006f
:1031c800e013210041c1b300014878000200370034
:1031d800c0002000309b8800e013210010407800d8
:1031e8000004e000ef013a00c0002000309b880096
:1031f800e013210041c1b300014878000202370002
:10320800104b2200104078000004e0001800320043
:10321800a04d2200104078008080fb0000022000b2
:10322800008060000000e00011003200c0c680008d
:10323800610060000000e0000f003a00204e22000c
:1032480010407800114b2200c6b6020000000000b2
:103258000004e00003003200b04d220011c0b300aa
:103268000148780040002000309b880002003700a9
:1032780040002000309b8800e013210010407800b7
:103288000004e000c9013a0040002000309b88009b
:10329800dd01370000e92000104078000004e0005c
:1032a800c4013a00b04d2200104078000004e0004c
:1032b8000d00320050012000309b880070c5b3001b
:1032c8006e3c020001000000c04d2200c1c3b300e3
:1032d80001487800813e2000f0c0b3002873020046
:1032e80001000000c8013700e0872c0004e4020058
:1032f8000100000080072000309b8800c2013700d1
:1033080070c5b3006e3c020001000000c04d2200f1
:10331800104078008040e900c04d22000148780044
:10332800c04d2200104078000004e0001600320072
:1033380042e402000100000020892c0004e402009d
:1033480001000000c04d2200104078000041eb0051
:10335800e1bc2000deb7020001000000e0bc200054
:1033680004e4020001000000e0892c0004e40200eb
:1033780001000000813e2000f0c0b3002873020065
:10338800010000000700370080072000309b8800fc
:1033980042e4020001000000008a2c0004e402005c
:1033a8000100000074ca020001000000e34f500051
:1033b80008003a00a00f2000309b880042e4020079
:1033c80001000000f08b2c0004e402000100000062
:1033d8008d0137008c013700104e22009040780094
:1033e800204e220001487800104e2200104078003c
:1033f800e14f40000600320090072000309b880013
:10340800e0132100e1c1b300014878007e013700d4
:10341800a00f2000309b88007b01370010a92100f5
:10342800104078000004e0000b003a00f0aa2100e8
:10343800104078000004e00007003a00a0d48000a3
:10344800620060000000e00003003200a0d48000a9
:103458000010a100a0d4880000802000104078004f
:103468000080fb0061006000004078000004e0007c
:1034780063003200204e2200104078000080fb00dc
:10348800c0268900c02681004600dd00c0268900cc
:10349800c02681001004b000c0268900c026810023
:1034a8000000e800a53d2200c43d2200e34d2200b3
:1034b80012c0b3008000780000c5b300c6590200ee
:1034c80001000000204e2200104078000080fb0020
:1034d800c0268900c02681004600dd00c02689007c
:1034e800c02681001004b000c0268900c0268100d3
:1034f800a53d2200c43d2200d34d220012c0b300d6
:103508008000780000c5b300c65902000100000021
:10351800d04d2200104078008080fb00000420007d
:10352800008060000000e00004003200004e22002d
:1035380011c0b3000148780003003700004e220094
:103548008040eb0001487800d04d22001040780000
:103558008080fb0000022000008060000000e00086
:1035680004003200f04d220011c0b3000148780079
:1035780003003700f04d22008040eb00014878003e
:10358800e08c2c0004e4020001000000e0c02000f0
:1035980011c0b30001487800004e220010427800a4
:1035a800004b220090417800204e22001040780005
:1035b8000041e800e04d220090407800f04d2200e4
:1035c800104078008043eb00044378008342780081
:1035d800024278008041eb00014178008040780089
:1035e800604922002084020001000000e01321004d
:1035f80041c1b30001487800a0072000309b880033
:10360800e0132100104078000004e000eb003a00cd
:10361800e00b2000309b8800fb0037000080200072
:10362800104078000080fb00620060000000e000ad
:1036380002003200b0072000309b8800e013210010
:10364800104078000004e000de003a00e00b2000a3
:10365800309b8800ec003700008020001040780084
:103668008080fb0000022000008060000000e00075
:1036780002003200a00f2000309b8800008020004c
:10368800104078008080fb0000042000008060006b
:103698000000e000cd003200c0072000309b880009
:1036a800d9003700204e2200104078008040e80002
:1036b800204e220001487800204e22001040780059
:1036c800e94f500003003600e00b2000309b8800d3
:1036d800cd003700d0072000309b8800ca00370093
:1036e800204e2200104078000080fb00c026890090
:1036f800c02681004600dd00c0268900c026810062
:103708001004b000c0268900c0268100a53d220013
:10371800c43d2200d34d220012c0b30080007800bf
:1037280000c5b300c659020001000000c007200010
:10373800309b8800d04d22009040780000b12000d6
:103748001040780000c060000004e000a1003200d2
:10375800020120008000eb00c01f2100500502007c
:1037680000000000c11f2100c02681006300400046
:10377800a53d2200c43d220081017800f2c0b300bb
:103788008000780000c5b300c6590200010000009f
:1037980061492200c01f2100cadd020001000000ab
:1037a80060492200104078000004e0008b003200dd
:1037b8006049220064e00200010000000000e0000f
:1037c80088003200e0072000309b8800e0132100c9
:1037d80041c0b300014878008b003700e013210096
:1037e800104078000004e00080003a0090072000b4
:1037f800309b8800e013210021c3b3000148780002
:1038080081003700f00b2000309b8800e013210076
:1038180031c0b30001487800d0b8020000000000b1
:1038280010c4200090407800a0c5b30080cf50009d
:103838007000320011c0b3000004200056360200a8
:103848000100000070003700e013210010407800ec
:103858000004e0000400320070c32000104078002b
:103868000004e00065003a00a00f2000309b8800ab
:1038780010e92000104078000004e00061003200e8
:10388800032b2000f20020008040eb00208e2c004b
:1038980050b80200000000005b00370030c4200070
:1038a80010407800e34f500009003a0000b12000b2
:1038b800104078000080fb00620060000000e0001b
:1038c8000300320030c4200041c0b3000148780032
:1038d80040c4200010407800e34f500009003a002f
:1038e80000b12000104078000080fb0064006000f8
:1038f8000000e0000300320040c4200041c0b300d3
:103908000148780050c4200010407800e34f500070
:1039180009003a0000b12000104078000080fb0048
:10392800680060000000e0000300320050c420007e
:1039380041c0b3000148780060c4200010407800fe
:10394800e34f500009003a0000b120001040780011
:103958000080fb00700060000000e00003003200ff
:1039680060c4200041c0b300014878000000eb00ab
:10397800309b880024003700a00f2000309b88006f
:1039880021003700000000001f0037000000000081
:103998001d003700000000001b0037000000000079
:1039a8001900370000000000170037000000000071
:1039b8001500370000000000130037000000000069
:1039c80011003700000000000f0037000000000061
:1039d8000d003700000000000b0037000000000059
:1039e8000900370000000000070037000000000051
:1039f8000500370000000000030037000000000049
:103a080001003700000000000080fa0000000600f6
:103a18000000fa006000b80020f0880031f088004b
:103a28000000eb0040f088006000b80050f088000b
:103a380061f088000080eb008080eb0070f0880067
:103a480081f088000000eb0090f08800a0fc800066
:103a58000070a100a0fc8800a0fc80000050a1001c
:103a6800a0fc8800a0fc80000060a100a0fc8800e9
:103a780050f921008040eb00014878006000b80050
:103a8800b0fc8800c1fc8800a0f921008040eb0050
:103a9800014878000080eb008080eb00003089004e
:103aa800113089000080fa00000006000600fa00c4
:103ab800008fbe00220798001e00be00c001dd0076
:103ac800020020002e0090008000eb000000710032
:103ad800818071000080fa00000006000200fa00f0
:103ae800004f7800f0c2b3009e40780080cf5000ad
:103af8000700360090c3b3009e40780080cf500086
:103b080003003e0000cdb3001e4040001700370000
:103b180000c4b3009e40780080cf500007003600f4
:103b280060c4b3009e40780080cf500003003e0080
:103b380090ccb3001e4040000c00370000c6b30014
:103b48009e40780080cf50000700360060c6b30062
:103b58009e40780080cf500003003e0090cab3001a
:103b68001e4040000100370000c0eb000080fa0052
:103b7800000006000400fa00100798001e009000dc
:103b880010407800d5ff0700004f78001e00900015
:103b98000000e80010407800d0ff070010479800a8
:103ba8001e407800e14f4000030032001e409000a4
:103bb800e14f400002003a0000c0eb00050037006a
:103bc8001e80fb004400dd00804078001e4090000d
:103bd80000c070000080fa00000006000a00fa0029
:103be80030079800410798003e029000ce029000ee
:103bf80000802f00f1ff2f000403780005027800f1
:103c0800800278008100780005006300810062006e
:103c18008101780000017800028fbe000030810029
:103c2800113081001e01be00800f5100818f5900a4
:103c380002003a000040eb002d003700300024005d
:103c4800003b88001e007800103b88001e00be0064
:103c58004008de0080007800f00720000080600047
:103c6800203b8800110480002107980083e0a90008
:103c7800000000000000000050052000303b8800d4
:103c8800a00a2000303b880061e7a800000000007f
:103c98000000000000000000013b80000000280038
:103ca800008060000000e000fbff3a0083e0a8000d
:103cb80000000000000000002e019000120488009f
:103cc800013b800000002200008060000000e0004e
:103cd8000300320061a7a90010c0b3000400370038
:103ce8001e01be0002308900133089000040eb003d
:103cf8000080fa00000006001400fa00881f78000f
:103d0800000f9800110f98000e0990009e0990006e
:103d1800028fbe00a3028000230798000000200045
:103d2800f10720001e03be00060478000703780090
:103d38008003780081007800070064008100630038
:103d480081027800000278000400be004008de000e
:103d580000007800a00288009e00780031079800d3
:103d68003e0090001000ba00400798003e00900006
:103d78001080ba00500798002e019000a202880017
:103d88004e0090008000eb006007980071079800d3
:103d98005e0090006102b800f00f200001002000d2
:103da800040378000502780080027800810078001a
:103db800050063008100620081017800000178003d
:103dc8000200be00c000dd00000020006e0190006f
:103dd800fe0190000000710081807100600798006a
:103de800710798006e009000fe0090004f04780064
:103df8000080fa00000006004200fa00501f9800f8
:103e0800611f9800721f9800032798005e199000a0
:103e1800ee199000c0ff2f00f1ff2f000203780079
:103e280003017800800178008100780003006300b6
:103e3800810061008102780000027800048fbe00d2
:103e48001e01be00220798003307980022002000b8
:103e5800030020003e004100ae8049004007980062
:103e6800510798002e009000be009000a2ff0700a6
:103e780060079800710798007c0147006e00900069
:103e8800fe009000809fbe00008f2c00801f7800ed
:103e9800020078001a05020000000000e6875700bb
:103ea8007c00470004e40200010000007e19900035
:103eb8008e21900062079800730798001000240074
:103ec800003b88001e007800103b88001e00be00e2
:103ed8004008de0080007800f007200000806000c5
:103ee800203b8800a3028000030f9800a00f200049
:103ef800a0028800ee009000110f98006e0090005c
:103f0800fe0090004008de0080007800f00f2000de
:103f180000806000200f98000000eb009e089000d1
:103f28000108bb000000eb00ae0890000188bb0050
:103f38000e099000a202880013048000330f980035
:103f480083e0a900000000000000000050052000e8
:103f5800303b8800a00a2000303b880061e7a800b9
:103f6800000000000000000000000000013b80008d
:103f780000002800008060000000e000fbff3a001d
:103f880083e0a8000000000000000000be089000c8
:103f980011048800013b80000000220000806000be
:103fa8000000e0000600320000902c0004e402004b
:103fb8000100000061a7a9000000eb001300370012
:103fc8002e009000be0090004bff0700400f9800a5
:103fd800510f98007c0147004e089000de089000c1
:103fe800809fbe00c0902c00801f780002007800df
:103ff8001a05020000000000e68757007c00470011
:1040080004e4020001000000100020000080fa0013
:10401800000006001000fa00500798006107980099
:1040280072079800a0f921008040eb000148780051
:104038007e0090000000e00005003a00a0f9210091
:1040480011c0b3000148780010c0b3006e003700fb
:104058005e009000ee009000e0fe07000004e00023
:1040680005003200a0f9210021c0b3000148780002
:1040780020c0b3006400370020002400003b880003
:10408800a102800011079800a00f2000a00288005c
:104098005e009000103b88005e009000ee009000eb
:1040a8004008de0080007800f007200000806000f3
:1040b800203b88000000eb00000f78002600370046
:1040c8001e0078006300b90000007800fe00900030
:1040d80000804000104078000080fb002007980016
:1040e8001e0078006300b900000078000000e800b6
:1040f800fe00900000804000104078000080fb0027
:104108004800dd00ae009000010070002007980014
:104118001e0078006300b900000078000080e80005
:10412800fe00900000804000104078000080fb00f6
:10413800300798001e00780000004000ae00900094
:104148000108bb001e00780000004000be0090007f
:104158000188bb001e0fe8009e007800f0072000d1
:10416800808f5000d6ff36009e009000a102880084
:10417800110480004107980083e0a90000000000b6
:104188000000000050052000303b8800a00a2000f5
:10419800303b880061e7a800000000000000000034
:1041a80000000000013b8000000028000080600043
:1041b8000000e000fbff3a0083e0a80000000000d8
:1041c80000000000ce00900011048800013b800030
:1041d80000002200008060000000e00006003200bd
:1041e80061a7a900a0f9210031c0b30001487800f7
:1041f80030c0b30004003700a0f921008040eb0074
:10420800014878000040eb000080fa00000006003a
:104218000a00fa00400798006000b800008fbe004e
:10422800ce009000f0ff200000806000200798007a
:104238002e0090008080ea00f0ff200000806000df
:10424800300798002e0090008000eb00008fbe0021
:104258003e0090006101b8004c18dd00c410de007b
:10426800810070004c10dd001e1f70001e9770004a
:104278001e00be000080fa00000006001000fa00d0
:1042880000922c0004e4020001000000013b8000c1
:1042980000402000008060000000e0000b003200b9
:1042a80080932c0004e4020001000000c0ff2500f8
:1042b80051042000008fbe00c0ff250051002000df
:1042c80020079800310798000a00370070942c00e6
:1042d80004e4020001000000c0ff25005100200096
:1042e800008fbe00c0ff2500510420002007980061
:1042f800310798000000eb00c5ff07004007980051
:104308005107980010002000c1ff070060079800bf
:10431800710798004e019000de0190002e00900079
:10432800be009000b4fe07000000e00002003a0062
:104338000000eb00090037006e019000fe019000bc
:104348001e00be00acfe07000000e00002003a00bc
:104358000000eb0001003700100020000080fa0088
:10436800000006000600fa00200798002e009000c2
:1043780090407800a0c3b30080cf50000200320004
:1043880010c0b3002a00370010002000000f78008a
:10439800200037001e007800ae009000008040002a
:1043a8001040780020479800ae409000f0c2b3005b
:1043b80080cf500004003400ae40900090c3b3009a
:1043c80080cf500012003400ae40900000c4b3000b
:1043d80080cf500004003400ae40900060c4b300a9
:1043e80080cf50000a003400ae40900000c6b300f1
:1043f80080cf500004003400ae40900060c6b30087
:1044080080cf50000200340010c0b300080037000d
:104418001e0fe8001e007800ae00900000804000eb
:10442800104078000004e000daff3a000040eb009a
:104438000080fa00000006000e00fa00881f7800cd
:10444800600798006e00900090407800a0c3b30009
:1044580080cf50000200320010c0b3007d0037004a
:104468006e0090000000e800c2fd07004047980079
:10447800ce40900000c2b30080cf5000020036004a
:1044880010c0b300730037006e0090006700400052
:10449800b8fd0700504798005e409000e54f500077
:1044a8000200360010c0b3006a0037006e009000aa
:1044b80063004000affd07000080fb004804dd00fa
:1044c8006e00900065004000aafd07000080fb0018
:1044d80008007000300798000040eb00004f78009b
:1044e8004e4090001e4f40003e0090004800de0005
:1044f800004078001e4f40003e00900000407800c9
:104508001e4f40005e4090001e4f40000000eb0030
:10451800100798001c0037001e00900000004000a3
:1045280069004000ee0090000080400091fd070007
:10453800004f98009e009000300028000080600026
:104548000000e00004003d000000e900c1ff2f006a
:10455800008070000000e800e30f500005003a00fa
:104568000e4890000004e0000200320010c0b300c2
:10457800380037000e4890001e4f40001e00900083
:104588000000e800100798004e4090008080fb0073
:104598001e009000808f5000dfff3c004e409000ce
:1045a8000080fb000000400069004000ee00900021
:1045b800008040006ffd0700104f98001e40ea0081
:1045c800204f9800ae4890001e48900080cf5000c1
:1045d8000200320010c0b3001e0037004e409000a9
:1045e8000080fb00000040006b004000ee009000df
:1045f8000080400010407800ea4f5000140032005c
:104608004e4090000080fb00000040006b0040001e
:10461800ee0090000080400010407800ed4f500000
:104628000b0032004e4090000080fb00000040006c
:104638006b004000ee0090000080400010407800c1
:104648000004e0000200320010c0b300010037008f
:104658000040eb004f0478000080fa0000000600dc
:104668000800fa0020079800614798006e40900003
:10467800e24f5000250036002e0090000000e800b0
:104688003cfd0700004f780000c2b3009e40780050
:1046980080cf50000200360010c0b3001c00370065
:1046a8001e407800004040006b40400010479800d2
:1046b800ee4090001e40900080cf50000e00390060
:1046c8002e0090005cff07000004e00005003200a7
:1046d80060952c0004e402000100000020c0b30033
:1046e8000b0037002e0090000b00070020479800b1
:1046f8002e4090000600370060962c0004e402006b
:104708000100000010c0b3000100370010c0b30062
:104718000080fa00000006005600fa00889fbe00dc
:104728008a1f7800202f98000040eb00204f980047
:104738002e2890000000e8000efd0700304f98007a
:104748002e289000630040000afd07000080fb004f
:104758004805dd002e2890006500400005fd070093
:104768000080fb000a007000600798002e28900067
:1047780067004000fffc0700604f98006e489000fb
:104788000004e000c2003a00a1fc800000082000fc
:10479800008060000000e000bd003a0050f080009a
:1047a80061f080006e019000c0fc0700000f9800c7
:1047b800110f98000e0890009e0890008100d1000b
:1047c8000080d300000f9800110f98000e09900088
:1047d8009e09900000002000010420000200400013
:1047e80083804800200f9800310f980072f08000f5
:1047f80083f080000080eb008080eb00800f510088
:10480800818f590041003200b2fc8000c3fc800057
:1048180050f92100104078000080fb000000d10012
:10482800004078000080fb008000eb00020140009f
:10483800838148002e089000be089000800f510028
:10484800818f590031003200d0972c0004e4020017
:1048580001000000b0fc8000c1fc800022022000a2
:104868000e014100809fbe002e089000be089000f7
:10487800809fbe0070992c00801f7800020078008d
:104888001a05020000000000ea87570020022000f5
:104898000e00400004e40200010000002e09900010
:1048a800be099000f0ef250001042000800f5100a0
:1048b800818f590004003e0030c0b300204f98009b
:1048c8002e489000db00370090f080000000e000e8
:1048d8000a00320070f0800081f0800042e121007f
:1048e800ccfd07000004e0000400320090c0b300d3
:1048f800204f98002e489000ce003700a0fc800082
:104908000070a000a0fc8800610037002e0990000c
:10491800be099000b2fc8800c3fc880050f9210051
:10492800be499000034878000000eb00000f7800b3
:10493800530037009e00780063806000e30f50004a
:104948004d00320090f080000000e0002c003a009a
:1049580072f0800083f080000080eb008080eb0024
:10496800800f5100818f590010003a002e099000e5
:10497800be09900000f02f00f1ff2f00020278001e
:10498800030178008001780081007800030062004c
:104998008100610081047800000478000800be00ee
:1049a80070f0880081f088000600370070f0800001
:1049b80081f080000010b0000180b00070f0880025
:1049c80081f088000000eb0010079800080037000d
:1049d8009e00900040e121000080400080c0eb0074
:1049e800014878001e0090000000e80010079800b9
:1049f8009e009000f0172000808f5000f4ff3600d2
:104a08009af080001e007800000040006900400015
:104a1800ae2890000080400056fc070041e12100cc
:104a2800810045008048780090f080000000e80090
:104a380090f0880091f0800000182000808f5000ce
:104a48000e003a0070f0800081f0800042e1210001
:104a580070fd07000004e0000400320080c0b300cd
:104a6800204f98002e489000720037000000eb009d
:104a780090f0880001003700000000001e0fe800d9
:104a88003e4890000080fb009e0f5000a9ff3e00aa
:104a98006e4890000004e0004a003a00a1fc800043
:104aa80000082000008060000000e000450032009f
:104ab80050f0800061f080006e019000fbfb070061
:104ac800400f9800510f98004e089000de089000a3
:104ad8008100d1000080d300400f9800510f98004a
:104ae8004e099000de09900000002000010420001b
:104af8000200400083804800600f9800710f980002
:104b08006e099000fe099000c0ff250051042000a6
:104b1800800f5100818f5900020036000040eb00e1
:104b2800440037006000b80020079800310798005b
:104b38000000eb0040079800140037004e0090007a
:104b48000000400069004000ae289000008040004e
:104b580008fc07008080fb004e0090004300dd0049
:104b68000008dd00cf80de002e019000be0190001d
:104b780000007100818071002007980031079800bb
:104b88004e0090000000e800400798003e48900062
:104b98008080fb004e009000808f5000e7ff3c00b3
:104ba8002e019000be0190006e089000fe08900053
:104bb80091fc07000000e0001c003a0010c0b300a0
:104bc8001c0037006e489000e44f500010003a0077
:104bd8002e28900069004000e6fb07000080fb00db
:104be8004804dd002e2890006b004000e1fb070020
:104bf8000080fb0008007000001798000e1090005d
:104c08008000eb0050f0880061f088000800370051
:104c18006e489000e14f500005003a00a0fc80006b
:104c28000050a000a0fc8800010037000000000030
:104c38000040eb004f0578004f04be000080fa00ea
:104c4800000006000400fa0000c4200010407800ac
:104c58000080fb0061006000004078000004e00074
:104c680004003a0060802000104078000004e00052
:104c780013003200d19b800020308100808f5000cb
:104c88000f00320021308100d09b8000811f780006
:104c9800801f780020342c00801f7800e0bc2000a2
:104ca8001a05020000000000e6875700e0bc20005b
:104cb80004e4020001000000d09b8000203089003d
:104cc800d09b8000ec0f500004003e00411f2000e4
:104cd80010c1b3002873020001000000d09b8000bf
:104ce800eb0f50005f003200eb0f50000e003e004b
:104cf800e50f500040003200e50f500005003e006f
:104d08000000e0001a003200e10f500024003200d9
:104d180044033700e60f50003d003200ea0f500010
:104d2800470032003f033700ee0f5000f202320016
:104d3800ee0f500005003e00ec0f5000ab003200b3
:104d4800ed0f5000ee003200360337004106200018
:104d5800810f50001b033200810c2000810f50008e
:104d680023033200ef0f5000ef0232002d0337000b
:104d7800102f22008040eb000148780060222200ba
:104d880001c5b3000148780080a420008040eb00f2
:104d98000148780010002000d09b880036033700b7
:104da80060222200104078000004e0000500320074
:104db80060222200104078008040e9006022220032
:104dc8000148780060222200104078000004e000ca
:104dd80002003a00a0002000d09b880080a4200098
:104de800104078000004e00012033200a000200008
:104df800d09b8800200337006022220081c2b300c4
:104e08000148780060002000d09b88001a03370012
:104e180060222200104078008040e90060222200d1
:104e28000148780060222200104078000004e00069
:104e380002033a00a0002000d09b88000e03370030
:104e48000f0307000004e000fe023200b00020005b
:104e5800d09b880060222200a1c0b30001487800de
:104e680005033700060307000004e0005500320080
:104e780060222200104078000004e0004b003a0055
:104e8800a0ae2000104078000004e000ef023a00d5
:104e9800b6e6a800b6c6a800ca06a800ca26a80092
:104ea80042e402000100000000352c0004e4020086
:104eb8000100000010c0b30070c70200010000002c
:104ec800aee3a80040d680000000d1006140600039
:104ed8000080fb00801f780000362c00801f7800bf
:104ee800e0bc20001a05020000000000e48757001b
:104ef800e0bc200004e4020001000000f0cc8000c7
:104f08000000d100614060008081fb00f0cc80008f
:104f1800614060000081fb00f0aa21001040780089
:104f28008080fb0010a92100104078000080fb0061
:104f3800831f7800821f7800811f7800801f780007
:104f480060372c00801f7800e0bc20001a050200a2
:104f580000000000ea875700e0bc200004e40200db
:104f68000100000062002000c1392c00e0bc2000d4
:104f78004205020000000000e1bc2000e0bc200067
:104f8800768502000000000010b1200004e4020051
:104f980001000000203a2c0004e402000100000097
:104fa800c0002000d09b8800b30237006022220096
:104fb800104078008040e900602222000148780013
:104fc800ad02370050002000d09b8800b0c7020017
:104fd800010000000004e0009e0232000040eb00e7
:104fe80070c7020001000000a3023700a4020700f6
:104ff8000004e00004003200a0ae20001040780059
:105008000004e0000f00320042e40200010000004a
:10501800403a2c0004e4020001000000b0c702007e
:10502800010000000004e000030032000040eb0033
:1050380070c702000100000050002000d09b8800cb
:105048008d023700b0c7020001000000e14f500098
:105058000300320010c0b30070c702000100000056
:10506800f0a180000000e00006003200f0a18000fe
:10507800e50f500003003200f0a18000e60f500059
:1050880076023a006022220041c0b300014878004d
:1050980062002000c1392c00e0bc2000420502005b
:1050a80000000000e1bc2000e0bc20007685020082
:1050b8000000000010b1200004e40200010000001c
:1050c800203a2c0004e402000100000042510200d2
:1050d800010000008040780070222200014878001a
:1050e800d0002000d09b880070fe8000e50f5000a3
:1050f8005c023a00800c2000d09b88005e023700da
:105108005f0207000004e00004003200a0ae2000a7
:10511800104078000004e0000f00320042e4020072
:1051280001000000603b2c0004e4020001000000c4
:10513800b0c70200010000000004e00003003200d4
:105148000040eb0070c70200010000005000200082
:10515800d09b880048023700f0a180000000e000e2
:1051680006003200f0a18000e50f50000300320075
:10517800f0a18000e60f50003c023a0060222200b5
:10518800104078000004e000d5013a00e00020005b
:10519800d09b880000f02000345e0200010000006f
:1051a80000f0200090407800a0c720001040780050
:1051b80080cf500008003400a0c7200010407800bd
:1051c8008040780000f020001040780000c05000b7
:1051d800784f400006003700a0c720001040780034
:1051e8008040780000f020001040780000cf500088
:1051f8009e407800c00320000088b90000007800b5
:1052080080407800b0c72000104078000041780046
:1052180010f02000104078000040510000c040000d
:10522800204798000040eb00104798002e4090005f
:105238000004e00003003a0010c0b30010479800d3
:10524800080037002e409000fd4f500003003e003c
:10525800ae4090001147980002003700e0c1b3004b
:10526800104798001e4090000080fb00801f7800c7
:10527800803c2c00801f7800e0bc20001a0502004a
:1052880000000000e4875700e0bc200004e40200ae
:10529800010000001e4190008040eb0000f020005b
:1052a8006e5f02000100000011c0b30070c0b300bf
:1052b800d8600200010000001e4090006f404000ce
:1052c8008040780000f020002e62020001000000fb
:1052d80021c0b30070c0b3002663020001000000c3
:1052e80000c120008040eb0001487800e0c02000a9
:1052f8008040eb0001487800f0c020008040eb00bf
:10530800014878000040eb00e8830200010000003b
:105318006a3a0200010000000036020001000000a5
:10532800b6e6a800b6c6a800ca06a800ca26a800fd
:105338001100200010c1b300287302000100000012
:105348000000eb00e0738800a20120008000eb0061
:1053580060c2200050050200000000000060fe004e
:105368008000eb00703d2c007685020000000000f4
:1053780010b1200004e402000100000010b1200078
:105388008040eb00014878006022210011c0b30082
:10539800014878000000eb00e0738800a0132100aa
:1053a800f1c3b30001487800a08020008040eb00e2
:1053b8000148780000000000d11c80000010200087
:1053c800008060000000e000fbff3200811d8000cb
:1053d80000102000008060000000e000f6ff3200ae
:1053e8008fa6a800a2c6a800a2e6a900001920005e
:1053f8007058880030c420008040eb0001487800d5
:1054080000b1200010407800804078000114a1000d
:1054180000b1200001487800803d2c0004e402001f
:105428000100000000000000d11c800000102000d6
:10543800008060000000e000fbff3200811d80005a
:1054480000102000008060000000e000f6ff32003d
:105458000060fe000100370000000000d11c800041
:1054680000102000008060000000e000faff320019
:10547800811d800000102000008060000000e00016
:10548800f5ff3200410480000080200000806000a9
:105498000000e000f0ff3a00510480000000240002
:1054a800008060000000e000ebff3a00500480003c
:1054b800680060000000e000e7ff3a00000000001c
:1054c80098e3a800aee3a80000000000c026210071
:1054d8008040eb0001487800d11c800000102000bb
:1054e800008060000000e00063003200811d800041
:1054f80000102000008060000000e0005e00320024
:105508004104800000802000008060000000e0006e
:1055180059003a0051048000000024000080600017
:105528000000e00054003a00500480006800600069
:105538000000e00050003a004137800000202000c1
:10554800008060000000e0004b003a00a1368000b7
:1055580000042000008060000000e00046003a00df
:10556800000000000040fe00603e2c0004e4020041
:1055780001000000500480004300de00614060002c
:105588000082fb00500480004e00de006140600095
:105598008081fb00400480004b00de006140600019
:1055a8000081fb00801d80004800de006140600033
:1055b8008080fb00d01c80004800de006140600055
:1055c8000080fb00841f7800831f7800821f78000a
:1055d800811f7800801f7800503f2c00801f7800c2
:1055e800e0bc20001a05020000000000ec8757000c
:1055f80000000000e0bc200004e4020001000000fc
:10560800c0262100104078008001fb00a0368000f1
:105618004200de00614060000081fb00a03680008f
:105628004600de00614060008080fb00403780005b
:105638004900de00614060000080fb00831f7800a5
:10564800821f7800811f7800801f780040422c005c
:10565800801f7800e0bc20001a050200000000004e
:10566800ea87570000000000e0bc200004e40200c4
:10567800010000003a00370020452c0004e4020035
:1056880001000000500480004e00de006140600010
:105698008081fb00400480004b00de006140600018
:1056a8000081fb00801d80004800de006140600032
:1056b8008080fb00d01c80004800de006140600054
:1056c8000080fb00831f7800821f7800811f78000c
:1056d800801f780010462c00801f7800e0bc200056
:1056e8001a05020000000000ea87570000000000c9
:1056f800e0bc200004e4020001000000a0368000a5
:105708004600de00614060000081fb0040378000f9
:105718004900de00614060008080fb00500480008a
:105728004300de00614060000080fb00821f7800bb
:10573800811f7800801f780070482c00801f780037
:10574800e0bc20001a05020000000000e8875700ae
:1057580000000000e0bc200004e40200010000009a
:10576800c0262100104078000004e0000300320049
:1057780050e7200011c0b300014878000060fe0027
:10578800d6740200010000006c5b020001000000fa
:1057980000f02000345e0200010000000040eb0031
:1057a8002865020001000000f86102000100000005
:1057b8005a64020001000000a0918000e10f40003f
:1057c80003003200a09180000000e800a09188004a
:1057d800d0338000680060000000e000060032005e
:1057e800b0918000e10f400003003200b0918000ca
:1057f8000000e800b091880040368000700060002a
:105808000000e00006003a00c0918000e10f40006f
:1058180003003200c09180000000e800c0918800b9
:105828004136800000022000008060000000e00097
:105838000c00320040368000680060000000e00084
:105848000800320040368000640060000000e0007c
:1058580004003200b0358000640060000000e00001
:1058680006003a00d0918000e10f400003003200aa
:10587800d09180000000e800d09188008000eb0003
:10588800703d2c00768502000000000010b1200059
:1058980004e4020001000000203a2c0004e40200a5
:1058a8000100000010b120008040eb0001487800a2
:1058b80030cc200011c0b300014878004006200019
:1058c800c0978800d1968000f00f2000808f50008c
:1058d80068003a00e01f2000d09688006600370074
:1058e80060222200104078008040e90060222200f7
:1058f8000148780060003700b0c7020001000000ce
:105908000004e000030032000040eb0070c7020012
:10591800010000000000eb00e0738800f0002000a8
:10592800d09b88005400370030cc200011c0b30051
:10593800014878000000eb00e07388007022220024
:10594800104078000004e00003003200703d22009f
:105958008040eb000148780042e4020001000000aa
:10596800d0968000801f7800504a2c00801f780055
:10597800e0bc20001a05020000000000e487570080
:10598800e0bc200004e4020001000000d196800081
:10599800b00c2000808f500004003a00007d2000e9
:1059a80001002000e0968800f196880000f02000b1
:1059b800345e02000100000050002000d09b8800e7
:1059c8002d0037000000000000000000000000006b
:1059d80000000000000000000000000098e3a9009b
:1059e800aee3a9000000eb00d09b8800220037003e
:1059f800104c2c0004e40200010000004e73020069
:105a08000100000083e0a900000000000000000081
:105a18000000000000000000000000000000fe0080
:105a2800150037000000eb00d09b88000000000044
:105a380011003700000000000f00370000000000d0
:105a48000d003700000000000b00370000000000c8
:105a580009003700000000000700370000000000c0
:105a680005003700000000000300370000000000b8
:105a780001003700000000000080fa000000060066
:105a88000200fa0070fe8000e10f500002003a00a8
:105a98000040eb0081003700d1968000f00f200015
:105aa800808f500002003a0010c0b3007b0037001e
:105ab800d1968000700e2000808f500006003600be
:105ac800d1968000d00e2000808f500002003e004a
:105ad8000040eb0071003700d1968000d01f2000f5
:105ae800808f500006003600d196800000202000ec
:105af800808f500002003e000040eb006700370036
:105b0800d1968000100f2000808f500002003a00cc
:105b18000040eb0061003700d1968000b003200000
:105b2800808f500006003600d196800000042000c7
:105b3800808f500002003e000040eb005700370005
:105b4800c1c68000000e2000008060000000e00058
:105b5800020032000040eb00500037003080200087
:105b6800104078000004e000020032000040eb0022
:105b78004a00370070c32000104078000004e0009d
:105b8800020032000040eb0044003700a03d210035
:105b9800104078000004e00002003a000040eb00ea
:105ba8003e00370050998000e20f50000200360096
:105bb8000040eb0039003700409a80000000e00008
:105bc800020032000040eb0034003700909a800059
:105bd8000000e000020032000040eb002f00370018
:105be800e09a80000000e000020032000040eb0074
:105bf8002a003700309b80000000e00002003200dd
:105c08000040eb0025003700809680000000e0008f
:105c1800020032000040eb0020003700209c80008a
:105c2800e10f5000020032000040eb001b0037007b
:105c38000000eb00000f78000800370030c4200097
:105c48001e00400010407800e54f500002003a0066
:105c58000040eb00110037001e0fe8001e0078001e
:105c6800e30f5000f5ff3400203722001040780081
:105c78000004e0000800320000c420001040780052
:105c88000080fb00640060000000e00002003200b9
:105c98000040eb000100370010c0b3000080fa009c
:105ca800000006000200fa00c09c8000f00f5000bf
:105cb80008023200f00f500010003e00ec0f5000b8
:105cc80000013200ec0f500007003e00e10f5000c9
:105cd8003c003200e10f500020003900eb0f50006b
:105ce800e900320010033700ee0f5000a201320025
:105cf800ee0f5000bc013e005e013700910c200001
:105d0800810f50006f023200910c2000810f50006b
:105d180008003e00f50f500052023200810c2000ae
:105d2800810f500058023200f40f5000f201320087
:105d3800fd023700b10c2000810f5000e202320052
:105d4800b10c2000810f5000a4023900a10f2000df
:105d5800810f5000f1023200f30237000080eb009f
:105d68009029890010c420009040780070532200c8
:105d78000148780020c42000904078009053220009
:105d880001487800405e220090407800805322004d
:105d980001487800805e220010407800e5406000ed
:105da80060532200014878000171220040c1b3000d
:105db800287302000100000010002000c09c880029
:105dc800f8023700a02c2100104078000004e00001
:105dd80009003200a02c21008040eb000148780027
:105de800205122008040eb0001487800900c2000f0
:105df800c09c8800eb023700b05322008040eb00c3
:105e080001487800805e220010407800654f6000ed
:105e180060532200104078009e4f50000b00320063
:105e28000040eb004417020001000000e14f500061
:105e380006003a00b05322001040780080407800f5
:105e48000124a000b053220001487800a05322008a
:105e5800104078000004e0001c003200805e220040
:105e6800104078000080fb00640060000000e00043
:105e780016003200805e2200104078008080fb000f
:105e880000032000008060000000e0000f003a00de
:105e9800a05322008040eb0001487800b053220054
:105ea80010407800804078000124a000b053220000
:105eb80001487800b05322001040780080407800f4
:105ec8000134a000b053220001487800705322002a
:105ed8009040780010c420001040780080cf500017
:105ee8000c003a00905322009040780020c4200013
:105ef8001040780080cf500006003a009162800080
:105f0800c01881008080600090298100808f500037
:105f18000b0032000040eb004417020001000000b3
:105f2800e14f500006003a00b053220010407800bc
:105f3800804078000104a000b05322000148780096
:105f48008053220090407800405e22001040780084
:105f580080cf500014003200d03122001040780069
:105f68000004e00010003d000040eb004417020070
:105f780001000000e14f50000b003a00b05322002e
:105f880010407800804078000114a000b05322002f
:105f98000148780042e4020001000000c0da2c0049
:105fa80004e4020001000000b05322001040780011
:105fb8000004e0002f00320050998000e10f5000eb
:105fc8002c003a00f0a18000e30f500029003a00ad
:105fd80060c52000104078000004e000250034006f
:105fe80074ca0200010000000004e00021003a0029
:105ff800f0aa2100104078000004e0001d003a00db
:1060080090628000a0298900a1298100c018810020
:106018000080600090298900405e2200904078004e
:10602800805322000148780020c420009040780066
:10603800905322000148780010c420009040780056
:106048007053220001487800805e220010407800da
:10605800e54060006053220001487800205122008a
:106068008040eb0001487800c0002000c09c8800f8
:106078004c023700a10f200040c1b3002873020072
:10608800010000004702370020512200104078002c
:106098008040e80020512200014878002051220069
:1060a80010407800e94f500003003600a00f200090
:1060b800c09c88003b023700c0002000c09c8800bc
:1060c8003802370020512200104078000080fb0081
:1060d80070298900702981004600dd007029890037
:1060e800702981001004b000702989003151220004
:1060f800702981000080e800a53d2200c43d2200ef
:106108008101780012c0b3008000780000c5b30098
:10611800c6590200010000003051220010407800ea
:10612800804078000053220001487800b000200029
:10613800c09c880000532200104078008080fb003b
:1061480000042000008060000000e000230032000e
:10615800020120008000eb00c01f21005005020052
:1061680000000000c11f210070298100720040005a
:10617800a53d2200c43d220081017800f2c0b30091
:106188008000780000c5b300c65902000100000075
:1061980031512200c01f2100cadd020001000000a9
:1061a80030512200104078000004e000e201320083
:1061b8003051220064e00200010000000000e0000d
:1061c800df013200d0002000c09c8800f0132100bd
:1061d80041c1b30001487800f2013700b0532200f2
:1061e800104078000080fb00680060000000e000bc
:1061f800d5013200020120008000eb00c01f210001
:106208005005020000000000c11f21007029810014
:1062180072004000a53d2200c43d220081017800a3
:10622800f2c0b3008000780000c5b300c659020070
:106238000100000031512200c01f2100cadd020008
:106248000100000030512200104078000004e000f6
:10625800bf0132003051220064e00200010000005a
:106268000000e000bc01320040012000c09c880012
:10627800cc01370030512200104078000004e000c3
:1062880034003200c0c68000610060000000e000f9
:1062980032003a0010a92100104078000004e00004
:1062a8000400320010a9210010407800e34f50008c
:1062b8002a003a00f0aa2100104078000004e0000b
:1062c80004003200f0aa210010407800e34f50008b
:1062d80022003a00b0532200104078000080fb00f2
:1062e80061006000004078000004e0001600320001
:1062f80000532200104078008040780000c8b300a6
:1063080080c06000a02981008041eb000141780035
:106318008000780030512200503002000100000057
:10632800411f200040c1b300287302000100000093
:10633800e0002000c09c8800f0132100a1c0b30039
:106348000148780005003700f0002000c09c880054
:1063580002003700b0002000c09c8800f013210024
:10636800104078000004e0007d013a00b0002000f1
:10637800c09c88008b013700c0c680006140600067
:106388000080fb00610060000000e00011003a009e
:10639800f013210041c1b3000148780000532200e6
:1063a800104078000004e00003003d004001200098
:1063b800c09c880002003700f0002000c09c8800c4
:1063c800411f200040c1b3002873020001000000f3
:1063d800740137002103200040c1b3002873020074
:1063e800010000006f013700305122001040780092
:1063f8000004e0002e003200c0c68000610060008a
:106408000000e0002c003a0010a92100104078009c
:106418000004e0000400320010a9210010407800b8
:10642800e34f500024003a00f0aa21001040780001
:106438000004e00004003200f0aa210010407800b7
:10644800e34f50001c003a00b0532200104078007f
:106458000080fb00620060000000e00011003200d4
:1064680090dc2c0004e40200010000008040eb00f6
:10647800305122008230020001000000411f20003c
:1064880040c1b30028730200010000000001200091
:10649800c09c8800f0132100a1c0b3000148780017
:1064a8000500370040012000c09c8800020037002a
:1064b800b0002000c09c8800f01321001040780034
:1064c8000004e00028013a00b0002000c09c8800c9
:1064d80034013700c0c68000614060000080fb00c6
:1064e800610060000000e00021013a004001200046
:1064f800c09c88002b0137003051220010407800e2
:106508000004e0004a00320000c420001040780077
:106518000080fb00640060000000e00044003200de
:10652800b0532200104078000080fb006c0060002f
:106538000000e0003e003200805e2200104078003b
:106548000080fb00700060000000e00038003a00a6
:10655800c0c68000610060000000e0003a003a0018
:1065680010a92100104078000004e0000400320067
:1065780010a9210010407800e34f50002f003a0086
:10658800f0aa2100104078000004e0000400320066
:10659800f0aa210010407800e34f500029003a008b
:1065a80000532200104078000004e00009003d007c
:1065b80091dd2c00e0bc200072df02000100000029
:1065c80031512200e0bc2000589f0200000000006a
:1065d8000800370001de2c00e0bc200072df02005a
:1065e8000100000031512200e0bc20009298020016
:1065f8000000000012c0b30011b120003051220089
:1066080020b1020000000000411f200040c1b3007b
:10661800287302000100000050012000c09c88007f
:10662800f0132100a1c0b30001487800060037002c
:10663800b0002000c09c8800030037000000000064
:106648000100370000000000f0132100104078001e
:106658000004e000c8003a00b0002000c09c880098
:10666800d0003700c0c68000614060000080fb0099
:10667800610060000000e000c1003a00b0002000a6
:10668800c09c8800c70037002051220010407800c5
:106698008040e80020512200014878002051220063
:1066a80010407800e94f500003003600a00f20008a
:1066b800c09c8800bb003700900c2000c09c88005c
:1066c800b800370020512200104078000080fb00fd
:1066d80070298900702981004600dd007029890031
:1066e800702981001004b0007029890031512200fe
:1066f800702981000080e800a53d2200c43d2200e9
:106708008101780012c0b3008000780000c5b30092
:10671800c6590200010000003051220010407800e4
:10672800804078000053220001487800800c200047
:10673800c09c880000532200104078008080fb0035
:1067480000042000008060000000e0008e0032009d
:10675800020120008000eb00c01f2100500502004c
:1067680000000000c11f2100702981007200400054
:10677800a53d2200c43d220081017800f2c0b3008b
:106788008000780000c5b300c6590200010000006f
:1067980031512200c01f2100cadd020001000000a3
:1067a80030512200104078000004e00078003200e8
:1067b8003051220064e00200010000000000e00007
:1067c80075003200a00c2000c09c8800f013210046
:1067d80041c1b300014878007200370030512200ef
:1067e800104078000004e0002e003200c0c680008f
:1067f800610060000000e0002c003a0010a92100b0
:10680800104078000004e0000400320010a92100c4
:1068180010407800e34f500024003a00f0aa21000d
:10682800104078000004e00004003200f0aa2100c3
:1068380010407800e34f50001c003a00b05322008b
:10684800104078000080fb00610060000040780084
:106858000004e000150032003151220040de2c0017
:10686800aca402000000000012c0b30011b1200067
:106878003051220020b1020000000000411f20001a
:1068880040c1b3002873020001000000b00c2000d2
:10689800c09c8800f0132100a1c0b3000148780013
:1068a80002003700800c2000c09c8800f0132100f3
:1068b800104078000004e00039003a00800c200005
:1068c800c09c880037003700c0c680006140600067
:1068d8000080fb00610060000000e0000a003a0050
:1068e800f013210041c1b30001487800800c20005a
:1068f800c09c8800411f200040c1b30028730200db
:1069080001000000270037002103200040c1b30028
:106918002873020001000000220037001000200048
:10692800c09c88001f00370010002000c09c880011
:10693800000000001b0037000000000019003700ad
:1069480000000000170037000000000015003700a5
:10695800000000001300370000000000110037009d
:10696800000000000f003700000000000d00370095
:10697800000000000b00370000000000090037008d
:106988000000000007003700000000000500370085
:10699800000000000300370000000000010037007d
:1069a800000000000080fa00000006000600fa005f
:1069b800200798000040eb0020479800ae009000a8
:1069c800010f78000d0037002e4090006a00b900d2
:1069d80000007800204798001e00780010407800da
:1069e800804078002e40900080c0400000cdb30069
:1069f80000c04000204798001e0fe8001e007800e5
:106a080090407800f0c2b30080cf500005003400f9
:106a18001e0078009040780090c3b30080cf5000eb
:106a2800e9ff34002e4090000080fa0000000600c4
:106a38000800fa0030079800be009000110798007f
:106a48001e00900090407800d0c2b30080cf500064
:106a580006003a001e0090000000e80010079800a9
:106a680000c0eb00004f78000200370010c0b300f0
:106a7800004f78000040eb004047980010003700b6
:106a88004e4090006a00b90000007800004078008d
:106a9800404798001e009000104078008040780021
:106aa8004e40900080c0400000cdb30000c04000c0
:106ab800404798001e0090000000e800100798006a
:106ac8001e00900090407800f0c2b30080cf5000c4
:106ad800050034001e0090009040780090c3b30079
:106ae80080cf5000e6ff34001e407800ce40900072
:106af8008180fb000088b900000078000040780021
:106b08000080fa00000006000800fa00300798002c
:106b18006000b8001007980021079800be00900098
:106b2800010f78001c0037002e0090006a00b900a1
:106b3800000178001e0090006000b9000000780095
:106b4800000141009e009000a00020000008b8004d
:106b58000101410082007800100798002107980081
:106b680010079800210798001e0078001040780050
:106b78000000fb000003b100cf80de001e01900082
:106b8800ae01900002004000838048001007980082
:106b9800210798001e0fe8001e007800904078003a
:106ba800f0c2b30080cf5000050034001e0078000a
:106bb8009040780090c3b30080cf5000daff3400d3
:106bc8001e009000ae0090000080fa000000060051
:106bd8000800fa002007980031079800be009000ce
:106be800010f7800ae009000f0702200808f5000f6
:106bf800170036002e009000c400de00703420001c
:106c08000008b8004308de00004078000043b000e8
:106c1800804078003e009000014878003e009000d7
:106c28000000e800300798002e019000c410de0034
:106c3800703420000008b800c308de00007122008c
:106c48000088b90000007800000051002007980073
:106c5800ae009000703e2000808f50001800360073
:106c68002e009000c300de00500c22000008b8007f
:106c78004408de00004078000043b00080407800ff
:106c88003e009000014878003e0090000000e800b7
:106c9800300798002e019000c310de00500c22002f
:106ca8000008b800c408de00803e20000088b90053
:106cb8000000780000005100200798000a00370003
:106cc8003e0090009e007800808f50000600320041
:106cd8003e00900001c3b300014878003e009000d8
:106ce8000000e80030079800ae0090003006200051
:106cf800808f5000180036002e009000c200de0081
:106d0800b04721000008b8000100d1000040780019
:106d18000043b000804078003e00900001487800b1
:106d28003e0090000000e800300798002e01900017
:106d3800c210de00b04721000008b8008100d10071
:106d4800400620000088b9000000780000005100cb
:106d5800200798000a0037003e0090009e00780047
:106d6800808f5000060032003e00900001c3b3003f
:106d7800014878003e0090000000e80030079800c5
:106d88002e009000e90f50000d003600ae00900074
:106d9800d0cc2c000008b8004308de000040780082
:106da8000043b000804078003e0090000148780021
:106db8003e0090000000e800300798000a00370005
:106dc8003e0090009e007800808f50000600320040
:106dd8003e00900001c3b300014878003e009000d7
:106de8000000e800300798002e019000d0cc2c005d
:106df8000010b8004308de006a00b90000007800ff
:106e080000005100200798002e00900000407800f4
:106e18000043b000804078003e00900001487800b0
:106e28003e0090000000e800300798003e00900007
:106e38008040eb0001487800be0090001e007800fa
:106e480000805000100798001e0090000080fa0093
:106e5800000006000200fa00004f7800f0c2b300fc
:106e68009e40780080cf50000800340090c3b300e3
:106e78009e40780080cf500004003c009e4078007f
:106e880000cdb30000c040000d00370000c4b300bf
:106e98009e40780080cf50000800340060c4b300e2
:106ea8009e40780080cf500004003c009e4078004f
:106eb80090ccb30000c04000010037000040eb0058
:106ec8000080fa00000006000200fa00004f780077
:106ed8001e4078000004e000060035001e407800df
:106ee800e94f500003003c001e4078000043b0000a
:106ef8000a0037001e407800e94f500006003400b1
:106f08001e407800ef4f500003003c001e40780000
:106f18007043b0000100370000c3b3000080fa00de
:106f2800000006000400fa00100798000000eb00bb
:106f3800000f78001e0090000000e00008003200fa
:106f4800010037001e0fe8001e0078009e00900028
:106f580000804000104078000004e000f9ff3a008b
:106f68001e0078000080fa00000006000400fa0005
:106f7800100798000000eb00000f78001e0090003a
:106f88000000e00008003200010037001e0fe80092
:106f98001e0078009e00900000804000104078009d
:106fa8000004e000f9ff3a001e0078000080fa00b3
:106fb800000006000a00fa004047980031079800d0
:106fc800024f9800be009000010f7800ce4090005c
:106fd80030c6b30080cf500003003e000e4890003a
:106fe800e24f5000190036004e4090000080fb0030
:106ff800c200de00b04721000008b8000100d1003f
:10700800004078000043b000804078003e009000c7
:10701800014878003e0090000000e8003007980022
:107028004e4090000081fb00c210de00b0472100f6
:107038000008b8008100d100400620000088b9008f
:107048000000780000005100404798004e40900032
:10705800e94f50000e0036004e4090008080fb0043
:10706800d0cc2c000008b8004308de0000407800af
:107078000043b000804078003e009000014878004e
:107088003e0090000000e800300798000d0037002f
:107098003e0090009e007800808f500003003a0068
:1070a8000e489000e14f5000060036003e00900068
:1070b80001c3b300014878003e0090000000e800da
:1070c800300798004e4090000081fb00d0cc2c0087
:1070d8000010b8004308de006a00b900000078001c
:1070e80000005100404798004e4090000043b00017
:1070f800804078003e009000014878003e009000f3
:107108000000e800300798003e0090008040eb0047
:10711800014878003e009000804078001e0078000a
:107128000040780000c05000204798002e40900092
:107138000080fb000080fa00000006000e00fa0044
:10714800300798004107980052079800434f98006d
:107158003e009000ce009000e00f5000e08f5800f5
:107168004d0032004e489000004fe9001e80fb00a1
:10717800de009000008040008040eb00014878006d
:10718800180037001e4fe9003e009000ce00900026
:10719800a200200003002000c60402000000000036
:1071a80010079800210798001e80fb00de00900061
:1071b800008040009e009000814078000143b000ac
:1071c800014878003e009000ce009000a200200008
:1071d80003002000a6040200000000003007980009
:1071e800410798001e4078000004e00005003200c6
:1071f8003e009000ce009000e00f5000e08f580055
:10720800e0ff3a001e4078000004e0001f00320052
:107218000040eb00104798000d0037001e4090001a
:107228000080fb00de009000008040009e80fb0094
:107238005e0190008100410091407800014878008b
:107248001e4090000040e800104798001e4fe800dc
:107258001e80fb00de009000008040001040780097
:107268000004e000edff3a001e4090000080fb00a3
:10727800de009000008040008040eb00014878006c
:107288001e4090000080fb000b0037004e48900025
:107298000080fb00080037005e00900001c3b300c7
:1072a800014878005e0090000000e8008040eb0094
:1072b80001487800100020000080fa000000060055
:1072c8000600fa00881f78002047980021079800d8
:1072d8002e4090006f4f6000ae40900000cfb3008a
:1072e80000c06000104798001e4090000080fb001e
:1072f8004400de00104798001e409000f2fe070090
:10730800804078002e009000014878002e00900000
:107318000004e8001e407800ebfe0700004c7800ef
:107328002e0090000080e8008040eb0001487800c3
:10733800200020004f0478000080fa0000000600ba
:107348000600fa00200798000000eb0010079800dc
:10735800ae009000010f78000c0037001e0090006e
:107368006a00b90000007800100798001e00780035
:10737800104078008000fb001e0090000080400054
:107388000003b100100798001e0fe8001e007800e7
:1073980090407800f0c2b30080cf50000500340060
:1073a8001e0078009040780090c3b30080cf500052
:1073b800eaff34001e0090000080fa00000006007a
:1073c8000800fa00604798006e4090008080fb003b
:1073d8000e007800811f7800a1df2c00811f780043
:1073e8001a05020000000000e48757000e0078002c
:1073f800dc160200010000000080fa000000060010
:107408000c00fa0050079800de009000811f7800f9
:10741800a0df2c00801f78000e0078001a050200fb
:1074280000000000e48757000e007800dc16020018
:10743800010000000080fa00000006000600fa00c3
:1074480020079800ae00900011079800030037004d
:107458001e0090000000e800100798001e00900031
:107468009040780000c2b30080cf5000f8ff32008f
:1074780022002000d1df2c001e00900080060200b0
:10748800000000000000e00015003200220020008b
:1074980001e02c001e0090008006020000000000a1
:1074a8000000e0000e0032001e00900090407800be
:1074b80080c7b30080cf5000090032001e00900042
:1074c8009040780080c5b30080cf5000040032009f
:1074d8001e00900035fd0700004f78004a00370075
:1074e8001e0090009040780080c7b30080cf500005
:1074f800050032001e0090009040780080c5b3005f
:1075080080cf500004003a001e0090000000e80000
:1075180010079800030037001e0090000080e80064
:10752800100798000040eb00004f78002d0037004e
:107538001e4078004400dd00004f78001e009000d7
:1075480090407800f0c2b30080cf50000b003400a8
:107558001e0090009040780090c3b30080cf500088
:1075680006003c001e009000104078009e4040003d
:1075780000cdb30000cf4000170037001e00900078
:107588009040780000c6b30080cf50000d00340052
:107598001e0090009040780060c6b30080cf500075
:1075a80008003c001e0090001040780080407800e1
:1075b80000ceb30000c04000804078001e0090005c
:1075c800014878001e009000104078009e4040005e
:1075d80090ccb30000cf40001e0090000000e800ef
:1075e800100798001e009000104078000004e0008a
:1075f800050032001e0090009040780000c2b300e1
:1076080080cf5000caff3a001e4078000080fa0080
:10761800000006000000fa007a46a800c097800023
:107628008000eb004206200003002000820f50007b
:10763800838f5800ce023e000060010064003700ce
:10764800850037008e003700ab003700b4003700e4
:10765800d1003700df003700f8003700010137009c
:107668002a013700330137008e01370099013700ae
:10767800b3013700be023700bd023700bc02370035
:10768800bb023700ba023700b9023700b802370028
:10769800b7023700b6023700b5023700b402370028
:1076a800b3023700b2023700b1023700b002370028
:1076b800af023700ae023700ad023700ac02370028
:1076c800ab023700aa023700a9023700a802370028
:1076d800a7023700a6023700a5023700a402370028
:1076e800a3023700a2023700a1023700a002370028
:1076f8009f0237009e0237009d0237009c02370028
:107708009b0237009a023700990237009802370027
:107718009702370096023700950237009402370027
:107728009302370092023700910237009002370027
:107738008f0237008e0237008d0237008c02370027
:107748008b0237008a023700890237008802370027
:107758008702370086023700850237008402370027
:107768008302370082023700810237008002370027
:107778007f0237007e0237007d0237007c02370027
:107788007b0237007a023700790237007802370027
:107798007702370076023700750237007402370027
:1077a8007302370072023700710237007002370027
:1077b8006f0237006e0237006d0237006c02370027
:1077c8006b0237006a02370069023700610237002e
:1077d800405d22008040eb0001487800e200200074
:1077e8008000eb00605d22005005020000000000f0
:1077f80020cc20008040eb0001487800405e220049
:107808008040eb000148780030cc20008040eb003d
:10781800014878000000eb00006688000000eb00db
:107828002066880060cc20008040eb00014878008a
:107838007a66a900b6e6a800b6c6a900411f2000ce
:1078480040c0b300287302000100000010002000af
:10785800c09788004902370060c0b300f474020082
:107868000100000020002000c0978800a10020002f
:1078780040c0b30028730200010000003f02370037
:107888000275020001000000302f8900312f8100ad
:10789800400220000088b90000007800b02e89005e
:1078a800b12e810080a92300808f500004003c0085
:1078b800b12e810030902200808f500004003c00df
:1078c800a02e81000000a100a02e8900030037002f
:1078d800a02e81000000a000a02e8900a100200099
:1078e80040c0b300287302000100000030002000ef
:1078f800c09788002102370070c0b300f4740200fa
:107908000100000040002000c0978800a10020006e
:1079180040c0b300287302000100000017023700be
:107928000275020001000000302f8900312f81000c
:10793800400220000088b90000007800c02e8900ad
:10794800c12e8100c00c2100808f500004003c0033
:10795800c12e810070bb2000808f500004003c00c5
:10796800a02e81000010a100a02e8900030037007e
:10797800a02e81000010a000a02e8900a1002000e8
:1079880040c0b3002873020001000000500020002e
:10799800c0978800f9013700a02e81000020a000c0
:1079a800a02e890030002000d02e890080c0b300ae
:1079b800f47402000100000060002000c0978800f5
:1079c800a100200040c0b30028730200010000009d
:1079d800ea0137000275020001000000302f89001b
:1079e800312f8100400220000088b9000000780093
:1079f800e02e8900e12e8100c0762000808f5000a3
:107a080004003c00e12e8100306a2000808f500085
:107a180004003c00a02e81000030a100a02e8900a7
:107a280003003700a02e81000030a000a02e89009e
:107a380070002000c0978800d001370050c0b30004
:107a4800f47402000100000080002000c097880044
:107a5800a100200040c0b30028730200010000000c
:107a6800c60137000275020001000000302f8900ae
:107a7800312f8100400220000088b9000000780002
:107a8800f02e8900d0338000680060000000e0001c
:107a98000b003a00f02e8100102f890030cc200016
:107aa80010407800e14f500003003a0030cc20002d
:107ab80021c0b300014878000000eb000066880090
:107ac80001928000f02e8100808f500008003d0058
:107ad800f02e81000092880000f02000104078000d
:107ae80012c4b300824040004024210001487800bd
:107af80090002000c0978800a100200040c0b3007b
:107b080028730200010000009c01370040c0b30048
:107b1800f474020001000000a0002000c097880053
:107b2800a100200040c0b30028730200010000003b
:107b3800920137000275020001000000302f890011
:107b4800312f8100400220000088b9000000780031
:107b5800002f8900e1918000002f8100808f500064
:107b680008003d00002f8100e091880000f020000f
:107b78001040780012c4b300824040002024210045
:107b880001487800f1918000002f8100808f50001b
:107b980008003400002f8100f091880000f02000d8
:107ba8001040780012c4b300824040003024210005
:107bb80001487800002f810080007800902f810014
:107bc800401fb000808f50000500360011c0b30080
:107bd80020002000243602000100000009003700c0
:107be800002f810080007800902f8100808f500046
:107bf8000400310011c0b3002000200056360200f6
:107c080001000000f12e810080af2200808f50001b
:107c18000500340011c0b3008000200024360200a3
:107c28000100000018003700f12e8100f07c2000d0
:107c3800808f500014003c0000f0200010407800b5
:107c48008000fb0040c22000104078000080fb004c
:107c5800808f50000c00350000f0200010407800a4
:107c68008000fb0050c22000104078000080fb001c
:107c7800808f500004003d0011c0b3008000200038
:107c88005636020001000000b0002000c0978800ae
:107c9800a100200040c0b3002873020001000000ca
:107ca8003601370030cc200010407800e24f5000f9
:107cb8000800360030cc20008040eb0001487800f6
:107cc8000000eb0000668800c0002000c097880014
:107cd8002a01370060cc2000104078000004e00042
:107ce8001400320042e4020001000000e0a72c006a
:107cf80004e402000100000061cc200020a92c004f
:107d080008960200000000000041eb0011b12000bd
:107d180060cc200020b102000000000010b120005b
:107d28008040eb000148780060cc20008040eb00e8
:107d380001487800d0002000c09788000f01370064
:107d480030cc200010407800e24f500003003a0089
:107d580030cc200031c0b30001487800612f810089
:107d6800702f8100808f500021003900400d2300c2
:107d7800602f8900c05e2200a53d2200c43d22007c
:107d88008001780022c0b300f12e200000c5b300a6
:107d98007258020001000000006b2300702f890058
:107da800e05e2200a53d2200c43d2200800178004b
:107db80022c0b300112f200000c5b3007258020082
:107dc80001000000401f2000802f8900005f220072
:107dd800a53d2200c43d22008001780022c0b300e6
:107de800312f200000c5b3007258020001000000c6
:107df80020cc2000104078000080fb00e10f5000ec
:107e08004b003200e20f5000a90032000000e000f1
:107e1800c0003a00002f810080007800602f8100a8
:107e2800808f50000b003100f02e81008000780018
:107e3800002f810000017800802f810000004100a0
:107e4800808f500003003600206680000000e000ac
:107e580003003d00206680000000e0001b003400a5
:107e6800405e220011c0b300014878007a66a8007d
:107e7800b6e6a900b6c6a80020cc200011c0b30001
:107e880001487800405f2200104078000081fb0024
:107e9800f12e8100002f8100821f7800811f780059
:107ea800801f780070a92c00801f7800e0bc20009b
:107eb8001a05020000000000e8875700e0bc200017
:107ec80004e4020001000000060037007a66a900f9
:107ed800b6e6a800b6c6a900405e22008040eb00c6
:107ee8000148780030cc2000104078000004e00001
:107ef8008c0032007a66a900b6e6a800b6c6a900ca
:107f080020cc200021c0b30001487800b201200035
:107f1800b1ab2c00e0bc20004205020000000000cc
:107f2800e0bc200004e402000100000082003700e9
:107f38007a66a800b6e6a900b6c6a8002066800042
:107f48000000e0002b003500206680000000e00003
:107f580044003a00405f2200104078000080fb0097
:107f6800610060000000e0003e003a00002f810040
:107f780080007800702f8100808f500004003e0040
:107f8800f12e8100002f8100808f500006003c00f8
:107f9800405f2200104078000080fb006200600013
:107fa8000000e00013003200002f810080007800fc
:107fb800702f8100808f500008003e00112f810033
:107fc800002f8100808f500004003400f12e8100c2
:107fd80080382100808f500022003c00405f220042
:107fe800104078000080fb00620060000000e000a4
:107ff8001c003200405e22008040eb0001487800ff
:108008007a66a900b6e6a800b6c6a90020cc20006a
:108018008040eb0001487800405f22001040780063
:108028008081fb00122f8100f12e8100002f81003a
:10803800831f7800821f7800811f7800801f7800d6
:1080480060ad2c00801f7800e0bc20001a050200fb
:1080580000000000ea875700e0bc200004e40200aa
:108068000100000030cc2000104078000004e0003f
:108078002e0032007a66a900b6e6a800b6c6a900a6
:1080880020cc200021c0b30001487800b2012000b4
:1080980011b02c00e0bc20004205020000000000e6
:1080a800e0bc200004e402000100000022003700c8
:1080b8007a66a900b6e6a800b6c6a90030cc2000aa
:1080c800104078000004e0001a003a007a66a80020
:1080d800b6e6a900b6c6a80020cc20008040eb0078
:1080e80001487800102f8100801f7800c0b12c0053
:1080f800801f7800e0bc20001a0502000000000084
:10810800e4875700e0bc200004e4020001000000fe
:108118000900370020cc20008040eb00014878009f
:1081280005003700000000000300370000000000d1
:10813800010037000000000010002000c0978800f0
:10814800813e200040c0b3002873020001000000f7
:108158000a00370010002000c0978800a100200006
:1081680040c0b3002873020001000000030037007c
:108178000000eb00c0978800000000000080fa00b3
:10818800000006000400fa002047980031479800d4
:108198002e4090000080fb0031c420006140780030
:1081a8000080fb00e40f500060003200e40f500034
:1081b8000c003c00e10f500029003200e10f500094
:1081c80003003c000000e0000f003200f800370018
:1081d800e20f500033003200e30f50003a00320043
:1081e800f3003700e60f5000a4003200e60f5000fd
:1081f8005a003500e70f5000c5003200e80f500064
:10820800d7003200ea0037003e4090000004e0004a
:1082180006003a002e4090000080fb0031c4200088
:1082280012c0b30082707800030137002e4090001e
:10823800e34f5000eb003a009162800000082000f4
:10824800008060000000e000e800320011c0b300c8
:10825800000820002436020001000000f600370064
:108268003e4090000004e00005003a002e409000d7
:108278000080fb0031c4200022c0b3008270780067
:108288003e409000e14f5000da003a002e40900046
:108298000080fb0031c420000041eb0082707800b0
:1082a800e50037003e409000e14f5000d3003a000f
:1082b8002e4090000080fb0031c420000041eb00fc
:1082c80082707800dc0037002e409000e34f5000a9
:1082d80009003a00916280000008200000806000d8
:1082e8000000e00004003a0011c0b30000082000bc
:1082f80056360200010000002e409000e24f500068
:10830800c0003a00916280000040200000806000b8
:108318000000e000bd003a0011c0b300004020009a
:108328005636020001000000c30037002e409000be
:108338000080fb0081c42000000040000080400055
:108348008000eb00010878002e4090000080fb00c0
:1083580031c4200052c0b300827078003e409000c3
:10836800e14f50000d003a002e4090000080fb00c5
:1083780031c420000041eb00827078002e4090004c
:108388000080fb0081c42000000040000080400005
:108398008000eb0001087800a70037002e4090000d
:1083a800e34f50000a003a0011c0b3000008200053
:1083b80056360200010000002e4090000080fb00ad
:1083c80031c4200072c0b300827078009a00370070
:1083d8002e409000e24f50000a003a0011c0b3004e
:1083e8000040200056360200010000002e40900098
:1083f8000080fb0031c4200082c0b3008270780086
:108408008d0037002e4090000080fb0082c42000c1
:108418008000400081004100910078008100e80060
:1084280082c42000000040000000410001087800dc
:108438002e4090000080fb0081c420000000400016
:108448000080400090007800007d2000808f500060
:10845800700036002e4090000080fb0031c42000e0
:1084680062c0b3008270780011c0b30040002000e1
:1084780056360200010000006f0037003e409000b1
:10848800e14f500065003a002e4090000080fb004c
:1084980031c420000041eb00827078002e4090002b
:1084a8000080fb0081c420000000400000804000e4
:1084b8008000eb00010878000040eb00004f7800d6
:1084c800080037001e80fb0031c42000614078009e
:1084d800e64f500002003a0060c0b300004f780039
:1084e8001e4fe8001e407800e34f5000f5ff3600ad
:1084f8001e407800e44f50004a003a0011c0b30013
:108508004000200024360200010000004a00370025
:108518003e409000e14f500044003a002e40900049
:108528000080fb0031c420000041eb00827078001d
:108538002e4090000080fb0081c420000000400015
:10854800008040008000eb000108780011c0b300f3
:108558000008200024360200010000003600370021
:108568003e409000e14f500032003a002e4090000b
:108578000080fb0031c420000041eb0082707800cd
:108588002e4090000080fb0081c4200000004000c5
:10859800008040008000eb000108780011c0b300a3
:1085a80000402000243602000100000022003700ad
:1085b8002e4090000080fb0031c420000041eb00f9
:1085c800827078002e4090000080fb0081c420005b
:1085d80000004000008040008000eb0001087800a7
:1085e80015003700000000001300370000000000ed
:1085f80011003700000000000f00370000000000e5
:108608000d003700000000000b00370000000000dc
:1086180009003700000000000700370000000000d4
:1086280005003700000000000300370000000000cc
:1086380001003700000000000080fa00000006007a
:108648000400fa0020479800314798000040eb00ea
:10865800004f78002e409000e34f5000f4003e0099
:10866800c05f220081c0b30001487800906280009a
:108678000000e00007003a00805e22001040780009
:108688000080fb0061006000004078000004e0000a
:1086980006003200c05f2200104078008040780059
:1086a8000124a000c05f220001487800008020005b
:1086b800104078000080fb006a0060000000e000c5
:1086c800040032001080200010407800e24f500073
:1086d80006003a00e09a80000000e000090032003d
:1086e800e09a8000e80f500006003e00c05f2200bc
:1086f80010407800804078000104a000c05f22008c
:108708000148780000802000104078000080fb00bd
:10871800640060000000e0001000320000802000cb
:10872800104078000080fb00680060000000e00056
:108738000a003a001080200010407800e24f5000f4
:1087480006003200c05f22001040780080407800a8
:108758000114a000c05f220001487800e09a800060
:10876800e60f500012003a00c05f22001040780067
:10877800804078000114a000c05f22000148780002
:108788002e4090000080fb004200dd000080e800e1
:10879800b1c6200061407800e14f500007003a0060
:1087a800d05f220011c0b3000148780003003700f1
:1087b800d05f22008040eb0001487800805e2200f4
:1087c800104078000080fb00640060000000e000ba
:1087d80006003200c05f2200104078008040780018
:1087e8000144a000c05f2200014878007097800013
:1087f8000000e0000900320070978000e30f50008d
:1088080006003e00c05f22001040780080407800db
:108818000154a000c05f22000148780050998000f0
:10882800e20f500006003600c05f220010407800ba
:10883800804078000174a000c05f220001487800e1
:1088480090802000104078000080fb0063006000ea
:108858000000e0000d0032009080200010407800f9
:108868008080fb00000e2000008060000000e00017
:1088780006003a00c05f220010407800804078006f
:108888000164a000c05f2200014878002e409000db
:108898000080fb004200dd00a1c62000e140780016
:1088a800c05f22001040780000c060000004e000b3
:1088b8001700320010c0b300004f7800c05f2200dc
:1088c800104078008080fb000002200000806000db
:1088d8000000e000270032002e4090000080fb00de
:1088e8004200dd00a1c62000614078008080fb00c6
:1088f80000022000008060000000e0001d0032003f
:10890800a080200061c0b30001487800190037003a
:10891800d0c72000104078000004e00015003200a5
:108928002e4090000080fb004200dd00b1c6200010
:10893800e1407800c05f22001040780000c060006d
:108948000004e0000200320010c0b300004f7800bd
:108958002e4090000004e00006003a0080802000cd
:10896800104078000004e0000200320010c0b3009c
:10897800004f78002e4090000080fb004200dd0090
:108988000080e800a1c62000614078000004e000f3
:10899800080032001e4078000004e00003003200a6
:1089a8000040eb00004f78000200370010c0b30011
:1089b800004f78003e4090009e40780080cf5000e5
:1089c8000d0032002e4090000080fb004200dd00c8
:1089d800a1c62000614078008080fb0000022000d2
:1089e800008060000000e00003003200a08020004a
:1089f80061c0b300014878002e4090000080fb0061
:108a08004200dd000080e800b1c620006140780027
:108a18000004e00006003200d05f22001040780019
:108a2800e14f500002003a0010c0b300004f780038
:108a38001e4078000080fa00000006009c00fa0042
:108a4800889fbe008a1f7800a0222100104078006d
:108a58000080fb00000f78001e007800e40f500033
:108a680002003e0050002000000f78009e007800b1
:108a780050c0b30028730200010000007058800045
:108a88000000e00018003a00403680004400de0094
:108a980061406000804078000040eb00b9fd0700ad
:108aa800403680004500de0061406000804078006c
:108ab80010c0b300b3fd0700403680004300de005d
:108ac800614060008040780020c0b300adfd070021
:108ad800403680004200de0061406000804078003f
:108ae80030c0b300a7fd0700109880000000e80020
:108af8001098880090222100104078000080fb0028
:108b0800620060000000e0006700320010988000fa
:108b1800e10f500003003200e40f50002100320042
:108b280053003700f0cc80000000d10061406000a5
:108b38008082fb00f0cc8000614060000082fb0076
:108b4800f3a18000c0c68000614060000081fb0086
:108b5800d19680000e80e800851f7800841f780079
:108b6800831f7800821f7800811f780001c72c00be
:108b7800811f780061092000e6040200000000005f
:108b8800ec8757000040eb00005f990042e40200c8
:108b9800010000000e80e80004e40200010000006b
:108ba80041003700a0132100104078000085fb0029
:108bb80079978000d89680005799800040368000c9
:108bc8004500de00614060000083fb004036800005
:108bd8004400de00614060008082fb00a08020002d
:108be800104078000082fb00b08020001040780020
:108bf8008081fb0040c42000104078000081fb0009
:108c080030c42000104078008080fb000e80e8000f
:108c18008a1f7800891f7800881f7800871f7800ce
:108c2800861f7800851f7800841f7800831f7800ce
:108c3800821f7800811f7800e1ca2c00811f78000c
:108c480061092000e604020000000000f6875700d2
:108c58000040eb00005f990042e4020001000000c0
:108c68000e80e80004e40200010000000e00370056
:108c780011988000518f9800027d20001e00780016
:108c880080017800110009000381d800de88900077
:108c9800808f5000030039000000eb001098880016
:108ca80001003700000000004f0578004f04be00a7
:108cb8000080fa00000006000800fa00100798007b
:108cc80021079800624798000000eb00000f780029
:108cd800c0c68000610060000000e00008003a00a3
:108ce8001e009000104078000004e00004003200ec
:108cf8002e009000104078000004e00002003a00c6
:108d08000040eb00410037000000eb00000f780046
:108d1800080037001e0078009e0090000080400088
:108d280090407800a09721001e004000014878007c
:108d38001e0fe8001e0078009e0090000080400092
:108d4800104078000004e000030032001e007800a4
:108d5800f80f5000efff3400a09721001e004000dc
:108d68008040eb00014878000000eb00000f78001d
:108d7800080037001e007800ae0090000080400018
:108d880090407800808d21001e004000114098001e
:108d98001e0fe8001e007800ae0090000080400022
:108da800104078000004e00004003200f0092000c0
:108db8009e007800808f5000eeff3400808d2100e7
:108dc8001e0040008040eb0011409800c0c68000a3
:108dd8000010a100c0c68800c0c680000000a00026
:108de800c0c688006e409000614060000080fb00b3
:108df800610060004400dd00c1c680000140a100a0
:108e080001007000c0c6880010c0b3000080fa00de
:108e1800000006000600fa001007980021079800d5
:108e280001b0800000002100008060000000e00028
:108e380008003a001e009000104078000004e0008e
:108e4800040032002e009000104078000004e0007a
:108e580002003a000040eb001d0037000000eb0064
:108e6800000f7800080037001e007800ae00900060
:108e78000080400090407800805021001e00400093
:108e8800014878001e0fe8001e007800ae00900030
:108e980000804000104078000004e0000400320028
:108ea800f00920009e007800808f5000eeff34000b
:108eb800004421001e0040008040eb00014878007b
:108ec80000b0800000c0a00000b0880010c0b3004f
:108ed8000080fa00000006000200fa00004f780047
:108ee8001e80fb00e10f50000b003200e20f500023
:108ef800100032000000e00015003a0040d6800063
:108f08000010a10040d6880040d680000000a100d3
:108f180040d688000e00370040d680000010a00020
:108f280040d6880040d680000000a10040d68800c6
:108f38000700370040d680000010a10040d6880006
:108f480040d680000000a00040d688000000000045
:108f58000080fa00000006000000fa0040d68000f9
:108f6800620060000000e00006003a0040d6800081
:108f7800610060000000e00002003a000040eb00e1
:108f88002100370040d68000620060000000e00049
:108f980006003a0040d68000610060000000e00052
:108fa8000200320020c0b3001700370040d680000e
:108fb800620060000000e0000600320040d6800039
:108fc800610060000000e00002003a0010c0b30039
:108fd8000d00370040d68000620060000000e0000d
:108fe8000800320040d68000610060000000e00008
:108ff8000400320010c0b300b7ff070010c0b30070
:1090080001003700c0c0b3000080fa00000006006d
:109018000000fa00f0a18000004078000080fa000b
:10902800000006000000fa00502f81000040780080
:109038000080fa00000006000000fa0010a92100d4
:10904800104078000004e00009003a00f0aa21006e
:10905800104078000004e00005003a00f0a180000c
:10906800e30f500002003a0010c0b30001003700bf
:109078000040eb000080fa00000006000800fa003b
:1090880020079800614798000000eb00000f780067
:109098002e00900096b7020001000000100798000b
:1090a800e5ff07000004e0000b0032001e009000fe
:1090b800f90f500008003c001e0090000000e0007e
:1090c800050032002e00900064e00200010000005c
:1090d8000000e00002003a000040eb001e003700ec
:1090e800a0d480000010a100a0d4880020be2c00cd
:1090f80004e4020001000000f0aa210011c0b3003e
:1091080001487800920120008000eb0050a921005e
:1091180050050200000000000000eb00000f78007e
:10912800080037001e007800ae0090000080400064
:109138009040780040a921001e004000114098008e
:109148001e0fe8001e0090009e007800808f5000df
:10915800f4ff350010c0b3000080fa0000000600dc
:109168000000fa0010a92100104078000004e00077
:1091780004003a00f0aa2100104078000004e00042
:109188000200320010c0b300010037000040eb00bd
:109198000080fa00000006000000fa006eff0700d9
:1091a8000004e0000d003a0042e402000100000063
:1091b80020c12c0004e4020001000000b0d38000ac
:1091c8000000a000b0d38800a0d480000000a00058
:1091d800a0d4880010c0b300010037000040eb00a5
:1091e8000080fa00000006000200fa00004f780034
:1091f80042e402000100000080c22c0004e40200e6
:109208000100000020ab2100900078000160a1005f
:10921800010878001e80fb00d1042000810f500057
:1092280039003200d1042000810f500004003c00b6
:1092380041042000810f5000080032006c00370004
:1092480001052000810f500019003200410520005f
:10925800810f5000460032006500370050c12000e1
:109268009040780020ab21001140980050c12000a8
:109278009040780020ab21004140980020ab2100ad
:109288008040eb005140980020ab21008040eb006b
:109298006140980020ab21008040eb0071409800ad
:1092a80060c32c0004e402000100000055003700f0
:1092b80010c120009040780020ab21001140980098
:1092c80010c120009040780020ab21004140980058
:1092d80020c120009040780020ab21005140980028
:1092e80020ab21008040eb006140980020ab2100ba
:1092f8008040eb007140980010c42c0004e4020088
:10930800010000003f00370030c120009040780085
:1093180020ab21001140980030c120009040780017
:1093280020ab21004140980040c1200090407800c7
:1093380020ab21005140980020ab21008040eb0079
:109348006140980020ab21008040eb0071409800fc
:1093580060c42c0004e402000100000020ab2100de
:10936800900078000160a00001087800250037000f
:1093780020ab21008040eb001140980020ab210079
:109388008040eb006140980020ab21008040eb005a
:109398007140980070c12000104078000004e0007f
:1093a80008003a0090c1200011c0b30001487800bd
:1093b80070c120009040780020ab21001140980037
:1093c8000700370090c120008040eb00014878007a
:1093d80070c120009040780020ab21001140980017
:1093e800e0c42c0004e4020001000000050037007e
:1093f80040c52c0004e40200010000000040eb001e
:109408001300370020ab210010409000e84f5000b7
:109418000300360020ab210041c0b3001140980082
:1094280020ab21009e4078002140980020ab21000d
:10943800900078000100a0000108780020ab21000e
:10944800900078000110a1000108780010c0b30056
:109458000080fa00000006000000fa0010a92100b0
:1094680010407800e24f500007003a00b0d3800067
:10947800620060000000e00003003200b0d380000a
:109488000020a000b0d388000040eb000080fa0064
:10949800000006000200fa00004f78009e407800a5
:1094a80061c060000080fb006100600000004000b7
:1094b800b1d380000110a10001007000b0d3880072
:1094c8000080fa00000006000000fa00b0d3800017
:1094d8000000d100614060000080fa000000060032
:1094e8000000fa0010a92100104078000080fa005e
:1094f800000006000000fa0090d480000080fa0006
:10950800000006000000fa0080d580000080fa0004
:10951800000006000600fa0010079800414798006e
:10952800524798000040eb00004f78004e409000f2
:10953800ea4f500009003e004e4090000004e00051
:10954800060032005e409000f44f500003003e00d9
:109558005e4090000004e00002003a000040eb008a
:10956800360037000040eb00004f7800220037003b
:109578001e80fb009e009000008040001040780094
:109588000000fb0091032000810f50000a003c00fe
:1095980001032000810f50000a003d003102200025
:1095a800810f500007003200a1022000810f5000f7
:1095b800040032000e0037001004b100e30f500021
:1095c8000b003e001e81fb001e80fb009e009000e9
:1095d800008040001040780080407800a0ab210057
:1095e80000004100114098001e4fe80002003700bb
:1095f8000040eb00110037004e4090009e4078007c
:1096080080cf5000daff390070ac2100ce409000c6
:109618000148780060ac2100de40900001487800e5
:10962800d0d580000010a100d0d58800d0d580000a
:109638000000a000d0d5880010c0b3000080fa0058
:10964800000006000000fa00d0d5800061406000ec
:109658000080fa00000006000000fa00d0d5800063
:109668000000d100614060000080fa0000000600a0
:109678000200fa000040eb00004f7800d0cb200039
:10968800104078000080fb00e10f50001300350007
:10969800e20f500005003400e30f50000f003a00bd
:1096a80010c0b300004f780012003700c0c6800019
:1096b800610060000000e0000b003a00c1c68000b5
:1096c800000e2000008060000000e00008003a0062
:1096d80010c0b300004f7800060037000000eb0010
:1096e800209c8800030037000000000001003700bc
:1096f800000000001e4078000080fa00000006000c
:109708000200fa00000f7800d0cb2000104078004b
:109718000080fb00e20f50001f003200e30f5000f2
:1097280003003200e10f500008003200300037001b
:109738008001eb000001eb008000eb001e007800c8
:109748002ea9020000000000290037008001eb006c
:109758000001eb0081c820001e0078002ea902003d
:109768000000000010b12000104078000004e00064
:109778001c0032000041eb0011b1200080c820001d
:1097880020b102000000000010b120008040eb0072
:1097980001487800160037008001eb000001eb005b
:1097a80021ca20001e0078002ea902000000000037
:1097b80010b12000104078000004e0000b003200d7
:1097c8000041eb0011b1200020ca200020b10200a6
:1097d8000000000010b120008040eb000148780034
:1097e80003003700000000000100370000000000ff
:1097f8000080fa00000006001600fa00209c800095
:10980800e70f5000f2003200e70f500010003e0052
:10981800e20f500071003200e20f500005003e00d8
:109828000000e0001b003200e10f50002800320069
:10983800af013700e50f50009a003200e50f5000e5
:10984800b4003e00e30f50007d003200a80137004d
:10985800ea0f50003c013200ea0f500005003e00bc
:10986800e80f500006013200e90f50001d013200d8
:109878009f013700ec0f500065013200ec0f5000db
:109888004a013900810c2000810f50007901320013
:1098980097013700c0cb20008040eb0001487800da
:1098a800d0cb20008040eb000148780080c8200021
:1098b8008040eb000148780020ca20008040eb007f
:1098c8000148780010002000209c88008b01370098
:1098d800c0cb2000104078000004e00008003a00e7
:1098e80080c82000104078000004e00004003a001e
:1098f80020ca2000104078000004e0003200320046
:10990800c0cb2000104078000004e0000c003200ba
:10991800d0cb200031c0b30001487800c0cb200074
:1099280010407800e14f500003003a00200020006a
:10993800209c88000200370090002000209c8800ae
:1099480080c82000104078000004e0000c003200bd
:10995800d0cb200011c0b30001487800e0cb200034
:1099680010407800e14f500003003a00200020002a
:10997800209c88000200370090002000209c88006e
:1099880020ca2000104078000004e0000c003200db
:10999800d0cb200021c0b30001487800f0cb2000d4
:1099a80010407800e14f500003003a0020002000ea
:1099b800209c88000200370090002000209c88002e
:1099c800000000004d013700411f200020c1b300f6
:1099d80028730200010000004801370024ff070037
:1099e8000004e000080032000e80e800c1d62c0018
:1099f80072df0200010000000e80e80040ff07004f
:109a080030002000209c8800d0cb20001040780037
:109a1800e34f500005003a00810c200020c1b3003c
:109a2800287302000100000034013700813e200045
:109a380020c1b30028730200010000002f01370085
:109a48000bff07000004e000080032000e80e80069
:109a580021d72c0072df0200010000000e80e80010
:109a680027ff070050002000209c8800d0cb200052
:109a780010407800e34f500005003a00810c2000a8
:109a880020c1b30028730200010000001b01370049
:109a9800813e200020c1b3002873020001000000ad
:109aa80016013700f2fe07000004e0000b00320048
:109ab8000e80e80081d72c0072df02000100000050
:109ac8000e80e8000eff0700606022008040eb0077
:109ad8000148780060002000209c8800d0cb20003e
:109ae80010407800e34f500005003a00810c200038
:109af80020c1b3002873020001000000ff003700f6
:109b0800813e200020c1b30028730200010000003c
:109b1800fa003700d6fe07000004e0001e003200fd
:109b28000e80e800d1d72c0072df0200010000008f
:109b3800000f78001e0078008e80e80080804000ca
:109b480060602200104078000041eb00deb70200a0
:109b5800010000001e0f40000e80e800e8fe07002c
:109b680060602200104078008040e80060602200b9
:109b7800014878006060220010407800e94f5000ea
:109b88000500360070002000209c880060602200dc
:109b980011c0b30001487800d0cb200010407800f5
:109ba800e34f500005003a00810c200020c1b300ab
:109bb8002873020001000000d0003700813e200019
:109bc80020c1b3002873020001000000cb00370059
:109bd800a7fe07000004e0001b0032000e80e8002a
:109be80041d82c0072df020001000000000f78004d
:109bf8001e0078008e80e8008080400060602200af
:109c0800104078000041eb00deb7020001000000c0
:109c18001e0f40000e80e800b9fe070060602200b9
:109c2800104078008040e800606022000148780019
:109c38006060220010407800e44f500002003600b7
:109c480080002000209c8800d0cb200010407800a5
:109c5800e34f500005003a00810c200020c1b300fa
:109c68002873020001000000a4003700813e200094
:109c780020c1b30028730200010000009f003700d4
:109c88007bfe07000004e000080032000e80e800b8
:109c9800b1d82c0072df0200010000000e80e8003d
:109ca80097fe070090002000209c8800d0cb200061
:109cb80010407800e34f500005003a00810c200066
:109cc80020c1b30028730200010000008b00370098
:109cd800813e200020c1b30028730200010000006b
:109ce8008600370062fe07000004e000080032002a
:109cf8000e80e80031d92c0072df0200010000005c
:109d08000e80e8007efe0700a0002000209c88004e
:109d1800d0cb200010407800e34f500005003a00f7
:109d2800810c200020c1b30028730200010000004c
:109d380072003700813e200020c1b3002873020062
:109d4800010000006d00370049fe07000004e00034
:109d5800080032000e80e80061d92c0072df020092
:109d6800010000000e80e80065fe0700b00020003a
:109d7800209c8800d0cb200010407800e34f500092
:109d880005003a00810c200020c1b30028730200ae
:109d98000100000059003700813e200020c1b300b7
:109da80028730200010000005400370030fe07004d
:109db8000004e000080032000e80e800b1d92c0051
:109dc80072df0200010000000e80e8004cfe070070
:109dd800c0002000209c8800d0cb200010407800d4
:109de800e34f500005003a00810c200020c1b30069
:109df800287302000100000040003700813e200067
:109e080020c1b30028730200010000003b003700a6
:109e180017fe07000004e000080032000e80e8008a
:109e280001da2c0072df0200010000000e80e80059
:109e380033fe0700800c2000209c8800d0cb200037
:109e480010407800e34f500005003a00810c2000d4
:109e580020c1b3002873020001000000270037006a
:109e6800813e200020c1b3002873020001000000d9
:109e78002200370040da2c0004e402000100000050
:109e8800d0cb2000104078000080fb00e20f50008b
:109e98000d003200e30f500003003200e10f5000c4
:109ea800050032000c003700c0cb20008040eb00da
:109eb800014878000800370080c820008040eb0087
:109ec800014878000400370020ca20008040eb00d9
:109ed8000148780000000000d0cb20008040eb0053
:109ee8000148780010002000209c880003003700fb
:109ef8000000eb00209c8800000000000080fa00b1
:109f0800000006000000fa00881f7800e09a800030
:109f18008000eb00e201200003002000820f5000c7
:109f2800838f5800c1013e00006001001e00370009
:109f3800be0137008a003700bc013700bb0137007b
:109f4800ba013700cb003700b8013700ed00370001
:109f5800fc003700140137001901370027013700ca
:109f68006901370090013700b0013700af013700b1
:109f7800ae013700ad013700ac013700930137005f
:109f8800aa013700a9013700a8013700a701370047
:109f9800a6013700a5013700a4013700a301370047
:109fa800a20137009b01370074ca020001000000bb
:109fb800e34f50001d003a0050c4b3006e3c02004d
:109fc8000100000042e402000100000020162c00fd
:109fd80004e402000100000070192c0004e40200ef
:109fe8000100000070a7210004e402000100000045
:109ff800101a2c0004e4020001000000e0c0200058
:10a0080011c0b3000148780000c5b300f8c80200c9
:10a018000100000011c0b300000420002436020033
:10a028000100000060002000e09a880074ca020065
:10a0380001000000e24f50007f013a0068ca0200a8
:10a0480001000000e14f50007d013a0050c4b30008
:10a058006e3c02000100000042e402000100000022
:10a06800301a2c0004e402000100000070192c00d2
:10a0780004e402000100000070a7210004e40200cb
:10a0880001000000101a2c0004e402000100000086
:10a0980060c820008040eb0001487800e0c0200044
:10a0a80011c0b30001487800a53d2200c43d22003c
:10a0b8009322210012c0b300e103200000c5b300c1
:10a0c800c6590200010000009022210010407800cb
:10a0d8000080fb00700060000000e0000600320015
:10a0e80073052000e200200011c0b300301d2c00d1
:10a0f80050b802000000000011c0b30000042000a6
:10a10800243602000100000020002000e09a8800a8
:10a11800a53d2200c43d2200d357220012c0b3003f
:10a12800e12f200000c5b300c6590200010000005d
:10a13800d0572200104078008080fb0000a62e0037
:10a148000088b90080007800005327000080400094
:10a15800cf80de00f09a8800019b88004701370015
:10a1680050c4b3006e3c020001000000f09a800069
:10a17800019b8000e00f5000e08f58000b003a0070
:10a18800d0c8020001000000d0b8020000000000a2
:10a1980080002000e09a880042e4020001000000ec
:10a1a800f01d2c0004e402000100000060c820003b
:10a1b80010407800e14f500020003a00d0b802006b
:10a1c8000000000060c820008040eb0001487800d3
:10a1d800e0c0200011c0b3000148780000c5b300fa
:10a1e800f8c802000100000042e40200010000007b
:10a1f80060608000801f780030232c00801f78006a
:10a20800e0bc20001a05020000000000e4875700a7
:10a21800e0bc200004e4020001000000600020000f
:10a22800e09a880030ca020001000000411f2000a7
:10a23800e0c0b300287302000100000074ca0200e5
:10a24800010000000004e000ff003a00d0b802005e
:10a258000000000080002000e09a880042e402002c
:10a268000100000070242c0004e40200010000003a
:10a278000201370090c4b3006e3c020001000000e8
:10a28800606080000000e000120032007eca020018
:10a298000100000061608000810f50000d00360051
:10a2a80042e402000100000000282c0004e402003f
:10a2b80001000000d0c8020001000000800020005a
:10a2c800e09a8800c15d2000e0c0b3002873020056
:10a2d8000100000074ca0200010000000004e00050
:10a2e800db003a0080002000e09a880042e4020087
:10a2f80001000000802a2c0004e402000100000094
:10a30800de00370070ea20008040eb00014878004a
:10a31800a30b2000e20020008040eb00102e2c0050
:10a3280050b802000000000090002000e09a880069
:10a3380081382100e0c0b30028730200010000004a
:10a34800ce003700e0c020008040eb0001487800d4
:10a35800d0c4b3006e3c02000100000074ca0200c1
:10a36800010000000004e00003003a00a000200003
:10a37800e09a8800c1003700d0c802000100000040
:10a3880070ea2000104078008040e80070ea200061
:10a3980001487800c15d2000e0c0b30028730200c6
:10a3a80001000000b5003700e05522008040eb00b6
:10a3b80001487800c0002000e09a8800af0037000c
:10a3c800e0552200104078008040e800e055220067
:10a3d80001487800e055220010407800e94f50000d
:10a3e8000300360040012000e09a8800a3003700ef
:10a3f800c0002000e09a8800a0003700e055220045
:10a40800104078000080fb00d02b8900d02b810001
:10a418004600dd00d02b8900d02b81001004b0004d
:10a42800d02b8900f1552200d02b81000080e80054
:10a43800a53d2200c43d22008101780012c0b3006e
:10a448008000780000c5b300c65902000100000072
:10a45800f0552200104078008040780000c8b30012
:10a4680080c06000c057220001487800b00020007a
:10a47800e09a8800f0552200104078000000fb00a8
:10a48800680060000000e000730032000201200054
:10a498008000eb00c01f21005005020000000000f2
:10a4a800c11f2100d02b810072004000a53d220071
:10a4b800c43d220081017800f2c0b300800078001a
:10a4c80000c5b300c659020001000000f155220082
:10a4d800c01f2100cadd020001000000f055220063
:10a4e800104078000004e0005d003200d000200039
:10a4f800e09a880000e2240001002000f09a880019
:10a50800019b88005d003700f0552200104078005c
:10a518000004e0001a003200c0c68000610060003c
:10a528000000e00018003a00c057220010447800ec
:10a538007eca02000100000080007800e055220079
:10a54800104078008042eb000842780081017800d2
:10a5580072a72100f155220074b202000000000029
:10a568000004e00003003200e0002000e09a8800c8
:10a5780005003700b0002000e09a8800020037008c
:10a58800b0002000e09a8800f09a8000019b8000cb
:10a59800e00f5000e08f580033003a00b000200070
:10a5a800e09a880035003700c0c68000614060002e
:10a5b8000080fb00610060000000e0002c003a0011
:10a5c800b0002000e09a88002c0037000000eb0063
:10a5d800e09a880020c5b3006e3c0200010000002c
:10a5e80000c42000104078008080fb00000220009a
:10a5f800008060000000e0001f003a0042e4020012
:10a6080001000000e02e2c0004e40200010000001c
:10a618001a0037000000eb00e09a8800c0c720004d
:10a6280011c0b30001487800140037000000eb00a7
:10a63800e09a880011003700000000000f00370082
:10a64800000000000d003700000000000b0037007c
:10a658000000000009003700000000000700370074
:10a66800000000000500370000000000030037006c
:10a6780000000000010037000000000070ea200020
:10a6880010407800e34f50000600360042e4020014
:10a6980001000000e0302c0004e40200010000008a
:10a6a800ffff37004f0478000080fa000000060022
:10a6b8000000fa0080968000e60f50001a01320070
:10a6c800e60f500009003e00e10f50007a0032000a
:10a6d800e10f50000e003900e20f5000a6003200d2
:10a6e800e30f5000fa003200b1013700e80f5000c4
:10a6f8006d013200e80f50001e013900ef0f5000c5
:10a7080092013200f00f50009e013200a80137007c
:10a7180070222100104078000004e0002a00320076
:10a728000040eb0044170200010000000004e000b4
:10a7380025003200a013210090407800f0c3b30038
:10a7480080cf5000200032006022210010407800a5
:10a758000004e0001c003a00a03d210010407800f1
:10a76800e14f500018003a00a08c2100904078007a
:10a7780010c3b30080cf500005003200a08c210028
:10a788009040780050c3b30080cf50000e003a00cc
:10a7980042e402000100000000732c0004e40200ff
:10a7a80001000000702221008040eb000148780081
:10a7b800c05322008040eb000148780020002000b0
:10a7c800809688003b003700e1b380000000270036
:10a7d800008060000000e00018003200e1b3800053
:10a7e80000202000008060000000e00013003a0014
:10a7f800a10020000040eb002873020001000000c7
:10a8080042e402000100000000742c0004e402008d
:10a8180001000000c05322008040eb00014878008e
:10a82800005327000100200090968800a196880018
:10a8380080002000809688001e00370070fe80008f
:10a84800e10f50001600360070fe8000e40f500043
:10a8580013003e00a10020000040eb002873020016
:10a868000100000042e402000100000090752c0085
:10a8780004e4020001000000c05322008040eb0005
:10a8880001487800f00020008096880000532700d7
:10a898000100200090968800a196880005003700e6
:10a8a800017d20000040eb00287302000100000039
:10a8b8005401370053013700c0532200104078007c
:10a8c8008040e800c053220001487800c0532200ad
:10a8d80010407800e94f50000b00360042e40200b7
:10a8e8000100000050772c0004e402000100000081
:10a8f800702221008040eb00014878000000eb0046
:10a908008096880007003700200020008096880085
:10a9180042e4020001000000c0782c0004e40200b8
:10a9280001000000a08c21009040780010c3b30003
:10a9380080cf500022013200a08c21009040780086
:10a9480050c3b30080cf50001f01320042e4020020
:10a9580001000000c0792c0004e40200010000009e
:10a96800702221008040eb00014878000000eb00d5
:10a978008096880023013700c053220010407800d9
:10a988000080fb00c02a8900c02a81004600dd0043
:10a99800c02a8900c02a81001004b000c02a89009a
:10a9a800d1532200c02a81000080e800a53d220082
:10a9b800c43d22008101780012c0b30080007800f5
:10a9c80000c5b300c659020001000000d0532200a0
:10a9d8001040780080407800a05522000148780097
:10a9e8001000200080968800a055220010407800b2
:10a9f8008080fb0000042000008060000000e00070
:10aa0800f3003200a0552200104078000004e00056
:10aa1800f1003500020120008000eb00c01f21007a
:10aa28005005020000000000c11f2100c02a81005b
:10aa380072004000a53d2200c43d2200810178003b
:10aa4800f2c0b3008000780000c5b300c659020008
:10aa580001000000d1532200c01f2100cadd0200fe
:10aa680001000000d0532200104078000004e000ec
:10aa7800db003200d053220064e002000100000035
:10aa88000000e000d80032003000200080968800e6
:10aa9800005327000100200090968800a1968800a6
:10aaa80042e4020001000000f07b2c0004e40200f4
:10aab80001000000d053220004e40200010000005d
:10aac800107d2c0004e4020001000000cd003700d6
:10aad800c0c68000610060000000e0000a003a0083
:10aae80010b120006c550200000000000041eb008e
:10aaf80011b12000d053220020b102000000000054
:10ab0800100020008096880090968000a196800012
:10ab1800e00f5000e08f5800b5003a001000200008
:10ab280080968800b7003700c05322001040780094
:10ab38008040e800c053220001487800c05322003a
:10ab480010407800e94f5000070036000000eb0085
:10ab580080968800e1b38000f0ff28000080600044
:10ab6800e0b38800a70037007000200080968800b6
:10ab7800a4003700c0532200104078000080fb007a
:10ab8800c02a8900c02a81004600dd00c02a890049
:10ab9800c02a81001004b000c02a8900c0552200d4
:10aba800a53d2200c43d22008001780022c0b300e8
:10abb8005141200000c5b300c65902000100000041
:10abc8006000200080968800c05322001040780062
:10abd8000080fb00110020000008dd0080007800e4
:10abe800e02a8100008060000000e0002e003200b2
:10abf800020120008000eb00c01f21005005020068
:10ac080000000000c11f2100c02a8100720040001e
:10ac1800a53d2200c43d220081017800f2c0b300a6
:10ac28008000780000c5b300c6590200010000008a
:10ac3800d1532200c01f2100cadd0200010000001c
:10ac4800d0532200104078000004e00016003200c3
:10ac5800d053220064e00200010000000000e00080
:10ac680011003200800020008096880000532700e1
:10ac78000100200090968800a196880042e4020016
:10ac880001000000f07b2c0004e402000100000039
:10ac9800d053220004e4020001000000107d2c00c3
:10aca80004e4020001000000c0c6800061006000ea
:10acb8000000e00050003a00102921001040780000
:10acc8000004e000110032001029210064e00200b5
:10acd800010000000000e0000c003200307d2c0074
:10ace80004e40200010000008040eb00102921006c
:10acf800aa30020001000000e1b38000f0ff280044
:10ad080000806000e0b388000d003700a07e2c00b2
:10ad180004e402000100000090a42000863a02002a
:10ad28000100000090a4200004e4020001000000db
:10ad3800e1b38000f0ff280000806000e0b38800e5
:10ad48000000eb00809688002e003700c0c6800007
:10ad5800610060000000e00029003a0000802c003b
:10ad680004e40200010000008040eb00b02a21004a
:10ad7800d230020001000000000120008096880007
:10ad88002000370070fe8000e20f500003003a00f8
:10ad98005000200070fe8800020037000000eb0021
:10ada80070fe88000000eb008096880015003700d0
:10adb8000000eb00809688000000000011003700ba
:10adc800000000000f003700000000000d003700f1
:10add800000000000b0037000000000009003700e9
:10ade80000000000070037000000000005003700e1
:10adf80000000000030037000000000001003700d9
:10ae0800000000000080fa00000006000400fa00bc
:10ae1800409a8000e10f500045013200e10f5000d8
:10ae280003003900e20f50005d0132006d01370068
:10ae3800c0c68000610060000000e0003b003a00ee
:10ae4800f0cc8000610060000000e00037003a00ac
:10ae5800f0cc8000620060000000e00033003a009f
:10ae6800f0cc8000640060000000e0002f003a0091
:10ae7800f0312200104078000004e0002b0032007e
:10ae8800f0312200104078000080fb00e10f5000f4
:10ae980003003200e20f5000080032001e003700a5
:10aea80042e4020001000000a0cf2c0004e40200ec
:10aeb800010000000000fe00170037002163800039
:10aec800f00f2f000080600020638800206380005e
:10aed80000d0a10020638800a0ac2100f1c3b3001a
:10aee80001487800b0ac21008040eb0001487800b0
:10aef800a08c2100f1c3b30001487800a08c210088
:10af080090407800a013210001487800800e2000ae
:10af1800d096880000000000f03122008040eb004d
:10af280001487800800e2000d0968800f0cc800080
:10af3800614060000080fb00610060000040780014
:10af48000004e000f2003200f0cc800062006000f3
:10af58000000e000ee003a0042e4020001000000b8
:10af6800a0d02c0004e402000100000000a421008d
:10af780004e402000100000080d12c0004e4020077
:10af880001000000a0a5210004e402000100000067
:10af9800f0d12c0004e402000100000030a62100da
:10afa80004e402000100000070d22c0004e4020056
:10afb8000100000060d38000801f7800d0d22c00f0
:10afc800801f7800e0bc20001a0502000000000085
:10afd800e4875700e0bc200004e402000100000000
:10afe80000d32c0004e4020001000000f0992100c5
:10aff80004e402000100000080d32c0004e40200f5
:10b0080001000000b1d32c0010b1200072df020053
:10b0180001000000100798009e00900010b1200069
:10b0280000804000a1a5210072df0200010000009d
:10b038009e00900000804000100798009e0090003d
:10b0480010b1200000804000f1d32c0072df020014
:10b05800010000009e00900000804000100798004a
:10b068009e00900010b120000080400031a6210011
:10b0780072df0200010000009e0090000080400086
:10b088001007980012c0b3008000eb0010b1200038
:10b09800b8770200000000000000eb00000f780005
:10b0a80082c0b30011d42c00f09921003cdf0200cb
:10b0b800010000000000e00024003a0072c0b30064
:10b0c800a1d42c00f09921003cdf0200010000000f
:10b0d8000000e0001d003a0017003700e099210049
:10b0e8001e0040009040900000c6b30080cf500082
:10b0f80010003400e09921001e00400090409000ac
:10b10800a0c7b30080cf50000a003c00e09921009e
:10b118001e004000104090008040780000ceb30030
:10b1280000c0400080407800e09921001e004000e7
:10b13800114098001e0fe800e09921001e00400011
:10b14800104090000004e000e4ff3a00f0cc8000da
:10b158000000a100f0cc8800f0cc80000010a00016
:10b16800f0cc8800f09921009040780020c5b30009
:10b1780080cf500005003a00009a210090407800e6
:10b1880000c2b30080cf500014003200f0992100b3
:10b198009040780090c4b30080cf500018003a0067
:10b1a800009a21009040780000c5b30080cf50007d
:10b1b80013003a00109a21009040780010c4b300a0
:10b1c80080cf50000e003a00209a2100904078006d
:10b1d80050c5b30080cf500009003a008042eb0010
:10b1e80034a62100a3a5210002a42100f199210081
:10b1f80020d52c00c0520200000000004400370097
:10b208008042eb0034a62100a3a5210002a421005e
:10b21800f1992100a0d52c00c052020000000000c6
:10b2280020d62c0004e4020001000000f09921005f
:10b2380004e402000100000090d62c0004e402009f
:10b248000100000010b120008040eb0001487800a8
:10b2580000a4210064e00200010000000000e000fa
:10b268002b00320033a62100a2a5210001a4210051
:10b27800f09921002ea902000000000010b1200062
:10b28800104078000004e00021003200c0c68000b1
:10b29800610060000000e00008003a000041eb0097
:10b2a80011b1200000a4210020b10200000000001c
:10b2b80020002000409a88000a00370011b12000c1
:10b2c8001014210072df02000100000001a4210017
:10b2d800a05b220072df02000100000010002000c5
:10b2e800409a880000e2240001002000509a88005b
:10b2f800619a880010b120008040eb000148780076
:10b3080011c0b30000012000243602000100000033
:10b31800409a80000000e00036003a002103200037
:10b32800c0c0b300287302000100000034003700d9
:10b33800c0c68000610060000000e0000c003a0018
:10b348000041eb0011142100a05b220020b1020093
:10b358000000000020002000409a880000e224003d
:10b3680001002000509a8800619a88000400370084
:10b3780021032000c0c0b3002873020001000000b0
:10b38800509a8000619a8000e00f5000e08f5800ca
:10b398001a003a000000eb00409a880018003700b5
:10b3a800c0c68000610060000000e00005003200b7
:10b3b800509a8000619a8000e00f5000e08f58009a
:10b3c80003003a000000eb00409a88000c003700a8
:10b3d80021032000c0c0b300287302000100000050
:10b3e800070037000000eb00409a880000000000ca
:10b3f80003003700000000000100370000000000d3
:10b408000080fa00000006002600fa00709c800008
:10b41800e10f50001d003200e10f50000300390019
:10b42800e20f5000ba0032004301370050b020004c
:10b4380010407800e14f50000400320050b0200066
:10b4480010407800e24f50000b003a00d19680007f
:10b45800f00f2000808f50000700320050b020000d
:10b468009040780080602200014878001000200099
:10b47800709c88003c013700411f200030c1b30098
:10b48800287302000100000037013700c0c68000a1
:10b49800610060000000e0002e013a00a03d21009c
:10b4a80010407800e14f50002c013a006022210042
:10b4b800104078000004e0002a013a000201200050
:10b4c8008000eb00c01f21005005020000000000b2
:10b4d800c01f2100a53d2200c43d22008001780044
:10b4e800f2c0b3006102200000c5b300c6590200d3
:10b4f800010000000e80e80080007800c01f2100d5
:10b50800cadd0200010000000e80e80064e00200cd
:10b51800010000000000e0006e003200809b2c005b
:10b5280004e40200010000007e004700345e0200cf
:10b53800010000000000eb00000f78009e0078007a
:10b5480060b02000808040006e58900022c0b30098
:10b55800deb70200010000001e0f40009e007800c8
:10b5680060b02000808040007e58900022c0b30068
:10b57800deb70200010000001e0f40009e007800a8
:10b5880060b02000808040000e60900022c0b300b0
:10b59800deb70200010000001e0f4000e19b2c00f6
:10b5a80010b1200072df020001000000000f7800d7
:10b5b8009e00780010b1200000804000e19c2c0023
:10b5c80072df0200010000001e0f40009e0078009c
:10b5d80010b12000008040008e80e80072df020079
:10b5e800010000001e0f40009e00780010b12000ee
:10b5f80000804000419d2c0072df02000100000025
:10b608001e0f40009e00780010b12000008040000e
:10b6180061b0200072df0200010000001e0f400030
:10b628000e80e80012c0b30011b1200020b1020062
:10b638000000000010b120008040eb0001487800b5
:10b6480050b0200031c0b30001487800200020002d
:10b65800709c8800813e200030c1b300287302002e
:10b6680001000000906022008040eb000148780053
:10b6780050b0200031c0b3000148780042e4020015
:10b6880001000000909d2c0004e40200010000006d
:10b6980080602200104078000080fb00e10f50001d
:10b6a80003003200e20f500005003200ae00370000
:10b6b800a09f2c0004e402000100000004003700f1
:10b6c80050a02c0004e4020001000000000000006b
:10b6d800a500370042e402000100000000a12c0090
:10b6e80004e402000100000050b020008040eb009c
:10b6f800014878008138210030c1b3002873020066
:10b70800010000000000eb00709c880096003700e4
:10b7180050b0200010407800e14f50000400320083
:10b7280050b0200010407800e24f500002003a006c
:10b7380010002000709c880050b020001040780055
:10b74800e44f50002d003a007c0047002200200002
:10b758008000eb0050050200000000007c0047005c
:10b76800a53d2200c43d22008001780012c0b3002c
:10b778005103200000c5b300c659020001000000b3
:10b78800ce58900010c3b30080cf50000d00320097
:10b798007c004700b1a32c00b0df020001000000cc
:10b7a8007c004700a53d2200c43d220080017800ae
:10b7b80012c0b3005103200000c5b3007258020044
:10b7c8000100000050b020008040eb0001487800e4
:10b7d80060b020008040eb00014878000000eb00da
:10b7e800709c880042e4020001000000d0a32c00f5
:10b7f80004e40200010000005b00370090602200b2
:10b80800104078008040e8009060220001487800ed
:10b8180090602200104078000004e00041003a00e7
:10b8280080602200104078000080fb00e10f50008b
:10b8380003003200e20f50002600320031003700ca
:10b848007c004700220020008000eb005005020029
:10b85800000000007c004700a53d2200c43d2200f6
:10b868008001780012c0b3005103200000c5b30066
:10b87800c659020001000000ce58900000c3b30072
:10b8880080cf50000d0032007c00470071a52c00cd
:10b89800b0df0200010000007c004700a53d220047
:10b8a800c43d22008001780012c0b300510320007b
:10b8b80000c5b300725802000100000042e4020013
:10b8c8000100000090a52c0004e402000100000023
:10b8d8000c003700a2cc8000b3cc80002027810068
:10b8e80031278100800f5100818f590004003a00f0
:10b8f80010a921008040eb000148780001003700c2
:10b90800000000000000eb00709c880060b0200080
:10b918008040eb000148780050b020008040eb00e8
:10b9280001487800411f200030c1b300287302008d
:10b93800010000000c0037000000eb00709c88003c
:10b9480060b020008040eb00014878000000000053
:10b958000500370000000000030037000000000069
:10b9680001003700000000000080fa000000060017
:10b978000a00fa0030079800410798000000eb0021
:10b98800000f780002012000f10f20004e00900007
:10b9980050050200000000003e00900010407800b2
:10b9a8008000fb00b0022000808f50000a003a009f
:10b9b8004e009000b1cbb300014878001000200081
:10b9c80010079800100020002007980010002000a1
:10b9d800000f7800190037003e0090009040780072
:10b9e800f0c2b30080cf50000f0034003e0090003a
:10b9f8009040780090c3b30080cf50000a003c000c
:10ba08004e009000a1cab300014878000000eb0086
:10ba18001007980010002000200798001000200050
:10ba2800000f7800050037004e009000c1cfb3002a
:10ba3800014878000000eb00000f78001e00780035
:10ba48000000e0004f0032003d0037002e0090005b
:10ba5800ce009000008040009e0090003e019000c3
:10ba680081004100914078008100fb000103b10092
:10ba7800c408dd0081407800014878001e0090006d
:10ba88000000e800100798001e009000be0090001b
:10ba98000080400090407800f0c2b30080cf500092
:10baa8001b0034001e009000be0090000080400083
:10bab8009040780090c3b30080cf500014003c0041
:10bac8002e009000ce00900000804000ae00900054
:10bad8004e01900081004100114178009e009000c5
:10bae800be0190008180410091407800814178003a
:10baf80001cdb30081c04100814071000148780048
:10bb08001e0090000000e8001007980009003700a8
:10bb18002e009000ce00900000804000ae00900003
:10bb28004e0190008100410091407800f140b3003f
:10bb3800014878002e0090000000e80020079800d7
:10bb48001e009000be0090000080400090407800e9
:10bb5800f0c2b30080cf50000a0034001e009000ed
:10bb6800be009000008040009040780090c3b30071
:10bb780080cf500003003c001e009000f80f5000da
:10bb8800b2ff34000080fa00000006000c00fa0042
:10bb980040079800510798000000eb00000f78005c
:10bba800a20120008000eb005e009000500502001a
:10bbb800000000004e009000104078000080fb005c
:10bbc800a10a2000810f50000d003200b10b2000a7
:10bbd800810f500011003a005e009000b1c2b3001e
:10bbe800014878001000200010079800100020007d
:10bbf8002007980010002000000f78000c00370084
:10bc08000000eb00100798001000200020079800a3
:10bc180010002000000f7800050037005e0090003b
:10bc2800a1c5b300014878000000eb00000f7800c0
:10bc38001e0078000000e000450032000040eb00e4
:10bc480060479800390037002e009000ce00900021
:10bc580000804000104078008000fb00000f2000aa
:10bc680080806000000f2000808f50002d0032007f
:10bc78001e009000de00900000804000ae009000a2
:10bc88004e01900081004100914078000101fb00c5
:10bc9800010f200081006100c488de008140780027
:10bca8000143b000014878001e0090000000e80041
:10bcb800100798002e009000ce00900000804000f1
:10bcc800104078000000fb006f006000ef0f50008c
:10bcd800110032001e009000de009000008040003d
:10bce800ae0090004e019000810041009140780024
:10bcf800efc060000143b000014878001e009000ca
:10bd08000000e800100798002e0090000000e800ee
:10bd1800200798000500370010c0b300604798005e
:10bd28000200370010c0b300604798001e00900062
:10bd3800f80f500006003c002e009000ee0f500057
:10bd480003003c006e4090000004e000beff32009b
:10bd58001e0078000080fa00000006000800fa00c3
:10bd680020079800310798000000eb0010079800a2
:10bd78000000eb00000f78003e00900096b702002c
:10bd880001000000100798000000eb00000f780089
:10bd98000d0037001e007800ae00900000804000c3
:10bda800904078001e0078003e019000000041009d
:10bdb8001040780080cf5000020032000000eb00f5
:10bdc800060037001e0fe8001e0090009e00780055
:10bdd800808f5000efff3500100020000080fa002f
:10bde800000006000800fa002007980031079800b4
:10bdf8000000eb00100798000000eb00000f78002f
:10be08003e009000bab70200010000001007980039
:10be18000000eb00000f78000e0037001e007800cd
:10be2800ae0090000080400010407800804078000c
:10be38001e0078003e01900000004100104078008c
:10be480080cf5000020032000000eb0006003700ef
:10be58001e0fe8001e0090009e007800808f5000a2
:10be6800eeff3500100020000080fa0000000600f8
:10be78000800fa0010079800210798006247980008
:10be88000000eb00000f78000d0037001e0078005e
:10be98009e00900000804000904078001e007800ce
:10bea8002e019000000041001040780080cf500023
:10beb800020032000000eb00060037001e0fe80009
:10bec8006e4090000080fb009e0f5000efff3c008a
:10bed800100020000080fa00000006000a00fa00a6
:10bee8003007980041079800ce009000110798008d
:10bef800be009000010f78000000eb0020079800ba
:10bf08000b0037001e009000904078001e0078005b
:10bf1800014878001e0090000000e8001007980013
:10bf28001e0fe8002e0090000000e800200798008f
:10bf38001e009000104078000004e000f1ff3a0075
:10bf48001e0078008040eb00014878002e00900029
:10bf58000080fa00000006000a00fa003007980086
:10bf680041079800ce00900011079800be0090008d
:10bf7800010f78000000eb00200798000b00370045
:10bf88001e009000904078001e007800014878005c
:10bf98001e0090000000e800100798001e0fe8003f
:10bfa8002e0090000000e800200798001e00900076
:10bfb800104078000004e000f1ff3a001e0078000d
:10bfc8008040eb00014878002e0090000080fa00c5
:10bfd800000006000e00fa0040079800510798007c
:10bfe800424f9800de00900011079800ce009000a4
:10bff800010f78000000eb00200798000040eb00dc
:10c00800604798000e0037001e00900090407800ae
:10c018001e007800014878001e0090000000e8002b
:10c02800100798001e0fe8002e0090000000e8009e
:10c03800200798006e4090000040e8006047980094
:10c048001e009000104078000004e0000700320055
:10c058006e4090008000fb004e4890000000fb00fe
:10c068000000e900808f5000e7ff35001e007800cf
:10c078008040eb00014878002e0090000080fa0014
:10c08800000006000200fa00004f7800f0c2b3007a
:10c098009e40780080cf50000600340090c3b30063
:10c0a8009e40780080cf500002003c001000200025
:10c0b800010037000000eb000080fa0000000600d5
:10c0c8000400fa00100798000000eb00000f780049
:10c0d8001e00900090407800b0c2b30080cf50009e
:10c0e80009003a001e0090000000e80010079800c0
:10c0f800060037001e0090000000e80010079800b6
:10c108001e0fe80001003700000000001e0090002c
:10c1180010407800dbff07000000e000f5ff3a0060
:10c128001e009000104078000004e0000200320079
:10c138000000eb00000f78001e0078000080fa0075
:10c14800000006000800fa00100798004147980010
:10c15800320798000040eb00004f78000f003700ce
:10c168001e80fb009e009000008040001040780078
:10c178008000fb004e4090000080fb00808f500044
:10c1880005003a009e80fb003e0090000108780000
:10c1980010002000080037001e4fe8001e80fb003a
:10c1a8009e00900000804000104078000004e000ed
:10c1b800ebff3a000000eb000080fa0000000600e8
:10c1c8000c00fa00300798004107980052079800c1
:10c1d8000000eb00000f78000000eb00200798003b
:10c1e8004e00900010407800204798001e0078000c
:10c1f800be00900000804000e40047000101780084
:10c20800ae409000cfff0700e10f50000f003a004a
:10c218002e0090001e004000be00900000804000ec
:10c22800ce009000b2de020001000000e10f5000d5
:10c2380008003a002e0090009e0040005e0090002a
:10c248000108780010002000060037000000eb000d
:10c25800040037002e0090001e0f40001e0fe8005b
:10c26800e2ff37000080fa00000006000a00fa002a
:10c278003007980041079800be0090001107980009
:10c28800030037001e0090000000e8001007980027
:10c298001e009000104078000004e000f9ff3a000a
:10c2a800ce00900021079800030037002e00900070
:10c2b8000000e800200798002e0090001040780049
:10c2c8000004e000f9ff3a000040eb00004f78005e
:10c2d800070037001e4fe8001e0090000000e9002c
:10c2e800100798002e0090000000e9002007980031
:10c2f8001e009000904078002e00900010407800ba
:10c3080080cf500008003a009e0090003e00900048
:10c31800808f500004003900ae0090004e0090005d
:10c32800808f5000ebff31001e4078000080fa003b
:10c33800000006000a00fa0010079800414798001c
:10c3480032079800430798003e0090008040eb00b9
:10c35800014878004e0090008040eb0001487800ca
:10c368001c0037003e009000104078006a00b900b9
:10c378000000780000407800804078003e0090007f
:10c38800014878003e009000104078008040780016
:10c398001e0090001040780080c0400000cdb3001f
:10c3a80000c04000804078003e00900001487800be
:10c3b8001e0090000000e800100798004e00900052
:10c3c800104078000040e800804078004e0090005f
:10c3d800014878001e0090001040780046e00200f6
:10c3e800010000000000e000deff3a001e0090009f
:10c3f800904078004e40900080cf500004003200fa
:10c408001e009000104078000004e00003003a008d
:10c4180010002000000f7800020037000000eb0039
:10c42800000f78001e0078000080fa000000060067
:10c438000400fa0070978000e30f50004c003200af
:10c44800e30f500005003e00e10f500016003200d7
:10c45800e10f50003f003e0009003700a10f200007
:10c46800810f50006b003200b10f2000810f500087
:10c4780070003200ea0f50004b003200790037009c
:10c4880050998000e20f50007a00360051998000e0
:10c49800b0122000808f500078003e00100020006d
:10c4a800709788007a0037000000eb00000f7800d2
:10c4b8000000eb00100798000e0037001e009000e7
:10c4c8004200dd00a1c62000614078008080fb00aa
:10c4d80000022000008060000000e000020032003e
:10c4e80010002000000f78001e0090000000e800f7
:10c4f800100798001e009000e30f5000efff340073
:10c508001e0078000000e0000b003a008040eb00bd
:10c51800001020002436020001000000017d2000e8
:10c5280030c0b30028730200010000000000eb00d7
:10c538007097880056003700017d200030c0b30096
:10c548002873020001000000200020007097880076
:10c558004f003700017d200030c0b300287302006f
:10c568000100000030002000709788004800370064
:10c57800a0802000104078000004e0000300320092
:10c58800a00020007097880041003700a00f20000d
:10c59800709788008040eb000010200024360200cd
:10c5a800010000003a003700b080200010407800f9
:10c5b8000004e0000c0032008040eb000010200076
:10c5c800243602000100000090802000104078000e
:10c5d800804078000114a000908020000148780075
:10c5e800a00f200070978800a080200010407800dd
:10c5f8000004e00023003a008040eb000010200017
:10c608005636020001000000a00f20007097880035
:10c618001f0037009080200010407800804078008c
:10c628000154a1009080200001487800b00f20003c
:10c638007097880050998000e10f500013003e0069
:10c648009080200010407800804078000154a100bc
:10c6580090802000014878000000eb007097880067
:10c668000b0037000000eb00709788000000000006
:10c678000700370000000000050037000000000038
:10c688000300370000000000010037000000000030
:10c698000080fa00000006000200fa00004f78004f
:10c6a80020122200104078009e4f500003003a00ec
:10c6b800100981000090a000100989001e40780030
:10c6c800ea4f5000030032001e407800ed4f500042
:10c6d80014003a0000fd2100104078000004e0003a
:10c6e8001e00320000fd2100104078000080fb0091
:10c6f80011fd21000041eb00827078008001eb0001
:10c708000001eb008000eb0010fd21002ea90200c3
:10c718000000000000fd21008040eb000148780087
:10c728000e0037001e407800ed4f50000b0032001d
:10c7380000fd2100104078000080fb001e417800b9
:10c7480011fd21008270780000fd21001040780062
:10c758008040e80000fd2100014878000080fa00d0
:10c76800000006000000fa0080002000701d88000c
:10c77800b023ef0020022000b01d8800b823ef008e
:10c788009bc0a800afe3a800b143a800b183a800ec
:10c79800b686a8000080fa00000006000200fa0031
:10c7a800000f78001e007800104078000004e000b8
:10c7b80011003200000000000100370000000000f6
:10c7c800811d800000102000008060000000e00053
:10c7d800fbff32001e007800104078000000fb00cc
:10c7e800901d88001e0fe8001e0078001040780099
:10c7f8000004e000f1ff3a000080fa0000000600a3
:10c808000200fa00000f78001e007800e3ff07001e
:10c818000080fa00000006000200fa00000f78000d
:10c828001e007800104078000004e000110032007b
:10c83800000000000100370000000000811d80009a
:10c8480000102000008060000000e000fbff3200c4
:10c858001e007800104078000080fb00901d8800c2
:10c868001e0fe8001e007800104078000004e00069
:10c87800f1ff3a000080fa00000006000000fa000c
:10c88800c0de2c00deff07000080fa000000060072
:020000040000fa
:020000040003f7
:10c898003c2500002200000080000000f625000072
:10c8a80006000000800000007223000068000000fd
:10c8b80080000000ba2500001a0000008000000077
:10c8c8003a2400005c000000800000005e250000a3
:10c8d8002000000080000000962400004e000000a8
:10c8e8008000000004260000020000008200000012
:10c8f800feff000026220000ce000000800000009d
:10c908000626000002000000800000000826000043
:10c9180002000000800000000a260000020000005b
:10c9280082000000ffff0000da1300003807000053
:10c9380080000000122500002a000000800000008e
:10c94800d42500001400000080000000fc25000031
:10c958000400000080000000da23000060000000ee
:10c968008000000024210000020100008000000077
:10c97800d01f00005401000080000000e4240000e3
:10c988002e000000800000007e2500001e00000030
:10c99800820000002346230049234e00235423002d
:10c9a80052234100234e23005323500023412300e8
:10c9b80052234500234e23005400000000080000c5
:10c9c800da0b000080000000f42200007e00000066
:10c9d80080000000e82500000e0000008000000034
:10c9e800121b0000f2020000800000000026000078
:10c9f8000400000082000000ffffff00ff000000ad
:10ca0800041e0000cc010000800000009c250000ee
:10ca18001e00000082000000286e69006c290000da
:10ca280025006800076c09004c836a009074a00018
:10ca38007ac000008068880000846c008200810051
:10ca48000c2600000200000080000000000000002a
:020000040000fa
:020000040003f7
:10ca58000000fa0020978000e10f50001e0032000d
:10ca6800e10f500003003900e20f500024003200ab
:10ca78002c003700ca06a900ca26a800a08c2100ed
:10ca88009040780010c3b30080cf500005003200fa
:10ca9800a08c21009040780050c3b30080cf500094
:10caa80005003a00419c200020c0b3002873020012
:10cab8000100000004003700411f200020c0b3001f
:10cac8002873020001000000209780000000e800a1
:10cad8002097880016003700ca06a900ca26a900b0
:10cae800411f200020c0b30028730200010000008d
:10caf800209780000000e800209788000c0037008d
:10cb0800ca06a800ca26a900411f200020c0b300f9
:10cb180028730200010000000000eb002097880045
:10cb2800030037000000eb00209788000000000099
:10cb38000080fa00000006000200fa00004f7800aa
:10cb4800114798001e407800e54f5000020036005b
:10cb580050c0b300004f7800d02f81000000e000e3
:10cb680024003a00909a80000000e00021003a007a
:10cb7800e09a80000000e0001e003a005099800012
:10cb8800e10f50001b003a001e80fb00d02f8900e7
:10cb98001e409000614060000080fb006100600062
:10cba800b12f81000100a10001007000b02f8900a1
:10cbb800b02f81000010a000b02f89001e40900007
:10cbc8000004e00003003a00800c2000c02f890018
:10cbd80002003700401f2000c02f8900f0c020004d
:10cbe80011c0b3000148780040c5b300f8c802007e
:10cbf80001000000d02f8100004078000080fa007a
:10cc0800000006000000fa00b09880000000e00074
:10cc18000c003a008fc6a900a2c6a900a2e6a90086
:10cc28000b000700a100200070c0b30028730200a9
:10cc38000100000020002000b098880000000000db
:10cc480001003700000000000080fa000000060024
:10cc58000000fa00402222008040eb0001487800e2
:10cc680080002000201e8800c623ef003019200015
:10cc7800601e8800ce23ef00a240a800c5e3a800ec
:10cc8800c743a8000080fa00000006000000fa0070
:10cc9800c5e3a900c743a9000080fa000000060008
:020000040000fa
:020000040003f7
:10cca800f03fb1000180b10006003500ee03090035
:10ccb80000000000403fb1000180b100fbff3d00d3
:10ccc8001000b000203fb0000200350000800900cd
:08ccd80000000000000006004e
:020000040000fa
:02000004000af0
:04be0000ffffff0041
:020000040000fa
:02000004000af0
:04be2000ff1f000000
:020000040000fa
:02000004000af0
:04be300009ffff0007
:020000040000fa
:02000004000af0
:04be380043ffff00c5
:020000040000fa
:02000004000af0
:04be4000bbffff0045
:020000040000fa
:02000004000af0
:04be4800ffffff00f9
:020000040000fa
:02000004000af0
:04be5000df7fff0091
:020000040000fa
:02000004000af0
:04be5800ffffff00e9
:020000040000fa
:020000040100f9
:04300000feffff00d0
:00000001FF
